proc_id,tên thủ tục,trục hỏi,#,lựa chọn,số giấy tờ,legal_codes
1.000028,"Cấp Giấy phép lưu hành xe quá tải trọng, xe quá khổ giới hạn, xe bánh",Trường hợp,1,Đối với xe đăng ký và gắn biển số Việt Nam:,4.0,12/2025/TT-BXD; 19/2026/TT-BXD
1.000028,"Cấp Giấy phép lưu hành xe quá tải trọng, xe quá khổ giới hạn, xe bánh",Trường hợp,2,Đối với xe đăng ký và gắn biển số nước ngoài,5.0,12/2025/TT-BXD; 19/2026/TT-BXD
1.000381,Điều chỉnh Giấy chứng nhận đăng ký đầu tư ra nước ngoài đối với dự án,Trường hợp,1,Trường hợp nộp trực tiếp và qua hệ thống bưu chính công ích,8.0,03/2021/TT-BKHĐT; 25/2023/TT-BKHĐT; 31/2021/NĐ-CP; 61/2020/QH14
1.000381,Điều chỉnh Giấy chứng nhận đăng ký đầu tư ra nước ngoài đối với dự án,Trường hợp,2,"Trường hợp nộp trực tuyến dưới dạng sử dụng chữ ký số hoặc không sử dụng chữ ký số, nhà đầu tư thực hiện theo quy định tại Điều 80 của Nghị định số 31/2021/NĐ-CP.",1.0,03/2021/TT-BKHĐT; 25/2023/TT-BKHĐT; 31/2021/NĐ-CP; 61/2020/QH14
1.000392,"Thủ tục mời, bảo lãnh người nước ngoài vào Việt Nam tại cơ quan có thẩ",Trường hợp,1,"Đối với người nước ngoài thuộc diện quy định tại khoản 1 và 2 Điều 8 Luật số 47/2014/QH13 ngày 16/06/2014 của Quốc hội: Luật Nhập cảnh, xuất cảnh, quá cảnh, cư trú của người nước ngoài tại Việt Nam (sau đây gọi tắt là “Luật Xuất nhập cảnh 2014”):",1.0,Không có thông tin căn cứ pháp lý trong dữ liệu gốc
1.000392,"Thủ tục mời, bảo lãnh người nước ngoài vào Việt Nam tại cơ quan có thẩ",Trường hợp,2,"Đối với người nước ngoài thuộc diện quy định tại khoản 3 và 4 Điều 8 Luật Xuất nhập cảnh 2014: Ngoài giấy tờ nêu tại khoản 3.1.1, cần bổ sung giấy tờ sau:",4.0,Không có thông tin căn cứ pháp lý trong dữ liệu gốc
1.000414,Rút tiền ký quỹ của doanh nghiệp cho thuê lại lao động,Trường hợp,1,c.1.1) Hồ sơ đề nghị Chủ tịch Ủy ban nhân dân cấp tỉnh cho rút tiền ký quỹ gửi đến Sở Nội vụ,4.0,25/2025/NĐ-CP; 45/2025/NĐ-CP; 190/2025/QH15; 145/2020/NĐ-CP; 66.18/2026/NQ-CP
1.000414,Rút tiền ký quỹ của doanh nghiệp cho thuê lại lao động,Trường hợp,2,c.1.2) Hồ sơ rút tiền ký quỹ gửi ngân hàng nhận ký quỹ,3.0,25/2025/NĐ-CP; 45/2025/NĐ-CP; 190/2025/QH15; 145/2020/NĐ-CP; 66.18/2026/NQ-CP
1.000612,Thủ tục cấp thị thực cho người nước ngoài tại các cơ quan có thẩm quyề,Trường hợp,1,3.1.1. Đối với người nước ngoài thuộc diện quy định từ khoản 1 đến 4 Điều 8 Luật Xuất nhập cảnh 2014:,6.0,264/2016/TT-BTC; 04/2015/TT-BCA; 47/2014/QH13; 04/2016/TT-BNG
1.000612,Thủ tục cấp thị thực cho người nước ngoài tại các cơ quan có thẩm quyề,Trường hợp,2,3.1.2. Đối với người nước ngoài thuộc diện quy định từ khoản 5 đến 19 Điều 8 Luật Xuất nhập cảnh 2014:,2.0,264/2016/TT-BTC; 04/2015/TT-BCA; 47/2014/QH13; 04/2016/TT-BNG
1.000612,Thủ tục cấp thị thực cho người nước ngoài tại các cơ quan có thẩm quyề,Trường hợp,3,Lưu ý:,2.0,264/2016/TT-BTC; 04/2015/TT-BCA; 47/2014/QH13; 04/2016/TT-BNG
1.000808,Thủ tục đăng ký việc nhận nuôi con nuôi giữa người nhận nuôi là công d,Trường hợp,1,Giấy tờ phải nộp (Hồ sơ của người nhận nuôi con nuôi),5.0,33/2009/QH12; 264/2016/TT-BTC; 12/2011/TT-BTP; 91/2015/QH2013
1.000808,Thủ tục đăng ký việc nhận nuôi con nuôi giữa người nhận nuôi là công d,Trường hợp,2,Giấy tờ phải nộp (Hồ sơ của người được nhận làm con nuôi),5.0,33/2009/QH12; 264/2016/TT-BTC; 12/2011/TT-BTP; 91/2015/QH2013
1.000808,Thủ tục đăng ký việc nhận nuôi con nuôi giữa người nhận nuôi là công d,Trường hợp,3,Giấy tờ phải xuất trình,1.0,33/2009/QH12; 264/2016/TT-BTC; 12/2011/TT-BTP; 91/2015/QH2013
1.001023,"Cấp, cấp lại Giấy phép liên vận giữa Việt Nam và Campuchia",Trường hợp,1,"* Trường hợp cấp lại khi bị hư hỏng, bị mất",1.0,158/2024/NĐ-CP; 144/2025/NĐ-CP
1.001023,"Cấp, cấp lại Giấy phép liên vận giữa Việt Nam và Campuchia",Trường hợp,2,* Trường hợp cấp; cấp lại khi Giấy phép liên vận giữa Việt Nam và Campuchia hết thời hạn sử dụng hoặc còn thời hạn sử dụng nhưng hết trang đóng dấu xác nhận của các cơ quan quản lý tại cửa khẩu,7.0,158/2024/NĐ-CP; 144/2025/NĐ-CP
1.001023,"Cấp, cấp lại Giấy phép liên vận giữa Việt Nam và Campuchia",Trường hợp,3,Trường hợp cấp; cấp lại khi Giấy phép liên vận giữa Việt Nam và Campuchia đối với xe thương mại hết thời hạn sử dụng hoặc còn thời hạn sử dụng nhưng hết trang đóng dấu xác nhận của các cơ quan quản lý tại cửa khẩu,2.0,158/2024/NĐ-CP; 144/2025/NĐ-CP
1.001023,"Cấp, cấp lại Giấy phép liên vận giữa Việt Nam và Campuchia",Trường hợp,4,Trường hợp cấp; cấp lại khi Giấy phép liên vận giữa Việt Nam và Campuchia đối với xe phi thương mại hết thời hạn sử dụng hoặc còn thời hạn sử dụng nhưng hết trang đóng dấu xác nhận của các cơ quan quản lý tại cửa khẩu,3.0,158/2024/NĐ-CP; 144/2025/NĐ-CP
1.001266,Chấm dứt hoạt động hộ kinh doanh,Trường hợp,1,* Thành phần hồ sơ:,2.0,85/2019/TT-BTC; 68/2025/TT-BTC; 168/2025/NĐ-CP; 59/2020/QH14; 76/2025/QH15; 296/2026/NĐ-CP
1.001266,Chấm dứt hoạt động hộ kinh doanh,Trường hợp,2,"* Trường hợp ủy quyền thực hiện thủ tục thì hồ sơ phải kèm theo một trong những giấy tờ sau: - Trường hợp ủy quyền cho cá nhân thực hiện thủ tục đăng ký hộ kinh doanh, kèm theo hồ sơ đăng ký hộ kinh doanh bao gồm:",1.0,85/2019/TT-BTC; 68/2025/TT-BTC; 168/2025/NĐ-CP; 59/2020/QH14; 76/2025/QH15; 296/2026/NĐ-CP
1.001266,Chấm dứt hoạt động hộ kinh doanh,Trường hợp,3,"- Trường hợp ủy quyền cho tổ chức thực hiện thủ tục đăng ký hộ kinh doanh, kèm theo hồ sơ bao gồm:",2.0,85/2019/TT-BTC; 68/2025/TT-BTC; 168/2025/NĐ-CP; 59/2020/QH14; 76/2025/QH15; 296/2026/NĐ-CP
1.001266,Chấm dứt hoạt động hộ kinh doanh,Trường hợp,4,"* Trường hợp ủy quyền thực hiện thủ tục thì hồ sơ phải kèm theo một trong những giấy tờ sau:- Trường hợp ủy quyền cho đơn vị cung cấp dịch vụ bưu chính công ích thực hiện thủ tục đăng ký hộ kinh doanh, hồ sơ bao gồm:",1.0,85/2019/TT-BTC; 68/2025/TT-BTC; 168/2025/NĐ-CP; 59/2020/QH14; 76/2025/QH15; 296/2026/NĐ-CP
1.001266,Chấm dứt hoạt động hộ kinh doanh,Trường hợp,5,"* Trường hợp ủy quyền thực hiện thủ tục thì hồ sơ phải kèm theo một trong những giấy tờ sau:- Trường hợp ủy quyền cho đơn vị cung cấp dịch vụ bưu chính không phải là bưu chính công ích thực hiện thủ tục đăng ký hộ kinh doanh, hồ sơ bao gồm:",2.0,85/2019/TT-BTC; 68/2025/TT-BTC; 168/2025/NĐ-CP; 59/2020/QH14; 76/2025/QH15; 296/2026/NĐ-CP
1.001308,"Thủ tục chứng nhận lãnh sự, hợp pháp hóa lãnh sự giấy tờ, tài liệu tại",Trường hợp,1,Trường hợp nộp hồ sợ trực tuyến trên Cổng Dịch vụ công quốc gia/Cổng Dịch vụ công của Bộ Ngoại giao,4.0,157/2016/TT-BTC; 111/2011/NĐ-CP; 196/2025/NĐ-CP; 11/2025/TT-BNG; 01/2012/TT-BNG
1.001308,"Thủ tục chứng nhận lãnh sự, hợp pháp hóa lãnh sự giấy tờ, tài liệu tại",Trường hợp,2,"Đối với việc chứng nhận lãnh sự giấy tờ, tài liệu của Việt Nam để được công nhận và sử dụng ở nước ngoài",5.0,157/2016/TT-BTC; 111/2011/NĐ-CP; 196/2025/NĐ-CP; 11/2025/TT-BNG; 01/2012/TT-BNG
1.001308,"Thủ tục chứng nhận lãnh sự, hợp pháp hóa lãnh sự giấy tờ, tài liệu tại",Trường hợp,3,"Đối với việc hợp pháp hóa lãnh sự giấy tờ, tài liệu của nước ngoài để được công nhận và sử dụng ở Việt Nam",8.0,157/2016/TT-BTC; 111/2011/NĐ-CP; 196/2025/NĐ-CP; 11/2025/TT-BNG; 01/2012/TT-BNG
1.001521,"Giải quyết hưởng chế độ TNLĐ, BNN do thương tật, bệnh tật tái phát",Trường hợp,1,"Theo quy định tại Điều 7 Nghị định số 88/2020/NĐ-CP ngày 28/7/2020 của Chính phủ; Điều 22 Nghị định số 143/2024/NĐ-CP ngày 01/11/2024 của Chính phủ và khoản 2 Điều 27 Thông tư số 25/2025/TT-BYT ngày 30/6/2025 của Bộ Y tế, gồm:",0.0,2222/QĐ-BHXH; 25/2025/TT-BYT; 88/2020/NĐ-CP; 164/2025/NĐ-CP; 28/2021/TT-BLĐTBXH; 143/2024/NĐ-CP; 313/QĐ-BHXH; 366/QĐ-BHXH; 84/2015/QH13
1.001521,"Giải quyết hưởng chế độ TNLĐ, BNN do thương tật, bệnh tật tái phát",Trường hợp,2,1. Trường hợp hưởng chế độ TNLĐ do thương tật tái phát,7.0,2222/QĐ-BHXH; 25/2025/TT-BYT; 88/2020/NĐ-CP; 164/2025/NĐ-CP; 28/2021/TT-BLĐTBXH; 143/2024/NĐ-CP; 313/QĐ-BHXH; 366/QĐ-BHXH; 84/2015/QH13
1.001521,"Giải quyết hưởng chế độ TNLĐ, BNN do thương tật, bệnh tật tái phát",Trường hợp,3,2. Trường hợp hưởng chế độ BNN do bệnh tật tái phát,7.0,2222/QĐ-BHXH; 25/2025/TT-BYT; 88/2020/NĐ-CP; 164/2025/NĐ-CP; 28/2021/TT-BLĐTBXH; 143/2024/NĐ-CP; 313/QĐ-BHXH; 366/QĐ-BHXH; 84/2015/QH13
1.001521,"Giải quyết hưởng chế độ TNLĐ, BNN do thương tật, bệnh tật tái phát",Trường hợp,4,3. Đối với người hưởng chế độ bảo hiểm TNLĐ theo hình thức tự nguyện giám định lại có kết quả tăng mức suy giảm KNLĐ so với mức suy giảm KNLĐ đã được hưởng trợ cấp,3.0,2222/QĐ-BHXH; 25/2025/TT-BYT; 88/2020/NĐ-CP; 164/2025/NĐ-CP; 28/2021/TT-BLĐTBXH; 143/2024/NĐ-CP; 313/QĐ-BHXH; 366/QĐ-BHXH; 84/2015/QH13
1.001521,"Giải quyết hưởng chế độ TNLĐ, BNN do thương tật, bệnh tật tái phát",Trường hợp,5,"Ghi chú: - Hồ sơ thay thế tại Bảng này được thực hiện khi đã có trong cơ sở dữ liệu cơ quan BHXH đang quản lý, cơ sở dữ liệu quốc gia, cơ sở dữ liệu chuyên ngành được kết nối, chia sẻ đủ điều kiện khai thác, sử dụng, đảm bảo tính pháp lý theo quy định. Hồ sơ đã có dữ liệu thay thế thì đơn vị SDLĐ, NLĐ không phải cung cấp cho cơ quan BHXH. - Không yêu cầu NLĐ nộp lại sổ BHXH bản giấy. - Thành phần hồ sơ nếu không ghi là bản chính thì có thể nộp bản chính hoặc bản sao hợp lệ. Các thành phần hồ sơ là mẫu do cơ quan BHXH ban hành là bản chính. - Trường hợp ủy quyền nhận các chế độ BHXH: Hồ sơ kèm theo Văn bản uỷ quyền (được chứng thực) theo quy định của pháp luật và Văn bản đề nghị Mẫu số 14-HSB",0.0,2222/QĐ-BHXH; 25/2025/TT-BYT; 88/2020/NĐ-CP; 164/2025/NĐ-CP; 28/2021/TT-BLĐTBXH; 143/2024/NĐ-CP; 313/QĐ-BHXH; 366/QĐ-BHXH; 84/2015/QH13
1.001570,"Tạm ngừng kinh doanh, tiếp tục kinh doanh trước thời hạn đã đăng ký củ",Trường hợp,1,* Thành phần hồ sơ:,2.0,85/2019/TT-BTC; 68/2025/TT-BTC; 168/2025/NĐ-CP; 76/2025/QH15; 296/2026/NĐ-CP; 59/2020/QH14
1.001570,"Tạm ngừng kinh doanh, tiếp tục kinh doanh trước thời hạn đã đăng ký củ",Trường hợp,2,"* Trường hợp ủy quyền thực hiện thủ tục thì hồ sơ phải kèm theo một trong những giấy tờ sau:* Trường hợp ủy quyền thực hiện thủ tục thì hồ sơ phải kèm theo một trong những giấy tờ sau: - Trường hợp ủy quyền cho cá nhân thực hiện thủ tục đăng ký hộ kinh doanh, kèm theo hồ sơ đăng ký hộ kinh doanh bao gồm:",1.0,85/2019/TT-BTC; 68/2025/TT-BTC; 168/2025/NĐ-CP; 76/2025/QH15; 296/2026/NĐ-CP; 59/2020/QH14
1.001570,"Tạm ngừng kinh doanh, tiếp tục kinh doanh trước thời hạn đã đăng ký củ",Trường hợp,3,"* Trường hợp ủy quyền thực hiện thủ tục thì hồ sơ phải kèm theo một trong những giấy tờ sau:- Trường hợp ủy quyền cho tổ chức thực hiện thủ tục đăng ký hộ kinh doanh, kèm theo hồ sơ bao gồm:",2.0,85/2019/TT-BTC; 68/2025/TT-BTC; 168/2025/NĐ-CP; 76/2025/QH15; 296/2026/NĐ-CP; 59/2020/QH14
1.001570,"Tạm ngừng kinh doanh, tiếp tục kinh doanh trước thời hạn đã đăng ký củ",Trường hợp,4,"* Trường hợp ủy quyền thực hiện thủ tục thì hồ sơ phải kèm theo một trong những giấy tờ sau:- Trường hợp ủy quyền cho đơn vị cung cấp dịch vụ bưu chính công ích thực hiện thủ tục đăng ký hộ kinh doanh, hồ sơ bao gồm:",1.0,85/2019/TT-BTC; 68/2025/TT-BTC; 168/2025/NĐ-CP; 76/2025/QH15; 296/2026/NĐ-CP; 59/2020/QH14
1.001570,"Tạm ngừng kinh doanh, tiếp tục kinh doanh trước thời hạn đã đăng ký củ",Trường hợp,5,"* Trường hợp ủy quyền thực hiện thủ tục thì hồ sơ phải kèm theo một trong những giấy tờ sau:- Trường hợp ủy quyền cho đơn vị cung cấp dịch vụ bưu chính không phải là bưu chính công ích thực hiện thủ tục đăng ký hộ kinh doanh, hồ sơ bao gồm:",2.0,85/2019/TT-BTC; 68/2025/TT-BTC; 168/2025/NĐ-CP; 76/2025/QH15; 296/2026/NĐ-CP; 59/2020/QH14
1.001612,Đăng ký thành lập hộ kinh doanh,Trường hợp,1,* Thành phần hồ sơ:,2.0,68/2025/TT-BTC; 168/2025/NĐ-CP; 85/2019/TT-BTC; 59/2020/QH14; 76/2025/QH15; 296/2026/NĐ-CP
1.001612,Đăng ký thành lập hộ kinh doanh,Trường hợp,2,"* Trường hợp ủy quyền thực hiện thủ tục thì hồ sơ phải kèm theo một trong những giấy tờ sau: - Trường hợp ủy quyền cho cá nhân thực hiện thủ tục đăng ký hộ kinh doanh, kèm theo hồ sơ đăng ký hộ kinh doanh bao gồm:",1.0,68/2025/TT-BTC; 168/2025/NĐ-CP; 85/2019/TT-BTC; 59/2020/QH14; 76/2025/QH15; 296/2026/NĐ-CP
1.001612,Đăng ký thành lập hộ kinh doanh,Trường hợp,3,"* Trường hợp ủy quyền thực hiện thủ tục thì hồ sơ phải kèm theo một trong những giấy tờ sau:Trường hợp ủy quyền cho tổ chức thực hiện thủ tục đăng ký hộ kinh doanh, kèm theo hồ sơ bao gồm:",2.0,68/2025/TT-BTC; 168/2025/NĐ-CP; 85/2019/TT-BTC; 59/2020/QH14; 76/2025/QH15; 296/2026/NĐ-CP
1.001612,Đăng ký thành lập hộ kinh doanh,Trường hợp,4,"* Trường hợp ủy quyền thực hiện thủ tục thì hồ sơ phải kèm theo một trong những giấy tờ sau:Trường hợp ủy quyền cho đơn vị cung cấp dịch vụ bưu chính công ích thực hiện thủ tục đăng ký hộ kinh doanh, hồ sơ bao gồm:",1.0,68/2025/TT-BTC; 168/2025/NĐ-CP; 85/2019/TT-BTC; 59/2020/QH14; 76/2025/QH15; 296/2026/NĐ-CP
1.001612,Đăng ký thành lập hộ kinh doanh,Trường hợp,5,"* Trường hợp ủy quyền thực hiện thủ tục thì hồ sơ phải kèm theo một trong những giấy tờ sau:Trường hợp ủy quyền cho đơn vị cung cấp dịch vụ bưu chính không phải là bưu chính công ích thực hiện thủ tục đăng ký hộ kinh doanh, hồ sơ bao gồm:",2.0,68/2025/TT-BTC; 168/2025/NĐ-CP; 85/2019/TT-BTC; 59/2020/QH14; 76/2025/QH15; 296/2026/NĐ-CP
1.001613,Giải quyết hưởng BHXH một lần,Trường hợp,1,"Theo quy định tại Điều 78, 106 Luật BHXH năm 2024, Thông tư số 136/2020/TT-BQP, gồm:",0.0,41/2024/QH15; 12/2025/TT-BNV; 25/2025/TT-BYT; 158/2025/NĐ-CP; 164/2025/NĐ-CP; 136/2020/TT-BQP; 4831/LĐTBXH-BHXH; 159/2025/NĐ-CP; 157/2025/NĐ-CP
1.001613,Giải quyết hưởng BHXH một lần,Trường hợp,2,1. Đối với người tham gia BHXH bắt buộc,8.0,41/2024/QH15; 12/2025/TT-BNV; 25/2025/TT-BYT; 158/2025/NĐ-CP; 164/2025/NĐ-CP; 136/2020/TT-BQP; 4831/LĐTBXH-BHXH; 159/2025/NĐ-CP; 157/2025/NĐ-CP
1.001613,Giải quyết hưởng BHXH một lần,Trường hợp,3,2. Trường hợp tham gia BHXH tự nguyện,7.0,41/2024/QH15; 12/2025/TT-BNV; 25/2025/TT-BYT; 158/2025/NĐ-CP; 164/2025/NĐ-CP; 136/2020/TT-BQP; 4831/LĐTBXH-BHXH; 159/2025/NĐ-CP; 157/2025/NĐ-CP
1.001613,Giải quyết hưởng BHXH một lần,Trường hợp,4,"Ghi chú: - Hồ sơ thay thế tại Bảng này được thực hiện khi đã có trong cơ sở dữ liệu cơ quan BHXH đang quản lý, cơ sở dữ liệu quốc gia, cơ sở dữ liệu chuyên ngành được kết nối, chia sẻ đủ điều kiện khai thác, sử dụng, đảm bảo tính pháp lý theo quy định. Hồ sơ đã có dữ liệu thay thế thì đơn vị SDLĐ, NLĐ không phải cung cấp cho cơ quan BHXH. - Không yêu cầu NLĐ nộp lại sổ BHXH bản giấy. - Thành phần hồ sơ nếu không ghi là bản chính thì có thể nộp bản chính hoặc bản sao hợp lệ. Các thành phần hồ sơ là mẫu do cơ quan BHXH ban hành là bản chính. - Trường hợp ủy quyền nhận chế độ BHXH: Hồ sơ kèm theo Văn bản uỷ quyền (được chứng thực) theo quy định của pháp luật",0.0,41/2024/QH15; 12/2025/TT-BNV; 25/2025/TT-BYT; 158/2025/NĐ-CP; 164/2025/NĐ-CP; 136/2020/TT-BQP; 4831/LĐTBXH-BHXH; 159/2025/NĐ-CP; 157/2025/NĐ-CP
1.001622,Hỗ trợ ăn trưa đối với trẻ em mẫu giáo,Trường hợp,1,"Đối với trẻ em không có nguồn nuôi dưỡng được quy định tại khoản 1 Điều 5 Nghị định số 136/2013/NĐ-CP ngày 21 tháng 10 năm 2013 của Chính phủ quy định chính sách trợ giúp xã hội đối với đối tượng bảo trợ xã hội thì cha mẹ hoặc người chăm sóc, nuôi dưỡng trẻ em nộp một trong số các loại giấy tờ sau:",3.0,142/2025/NĐ-CP; 104/2022/NĐ-CP; 105/2020/NĐ-CP; 66.7/2025/NQ-CP
1.001622,Hỗ trợ ăn trưa đối với trẻ em mẫu giáo,Trường hợp,2,"Đối với trẻ em thuộc đối tượng là con liệt sĩ, con Anh hùng Lực lượng vũ trang nhân dân, con thương binh, con người hưởng chính sách như thương binh, con bệnh binh; con một số đối tượng chính sách khác theo quy định tại Pháp lệnh ưu đãi người có công với cách mạng (nếu có)",1.0,142/2025/NĐ-CP; 104/2022/NĐ-CP; 105/2020/NĐ-CP; 66.7/2025/NQ-CP
1.001622,Hỗ trợ ăn trưa đối với trẻ em mẫu giáo,Trường hợp,3,"Đối với trẻ em thuộc đối tượng là nhân khẩu trong gia đình thuộc diện hộ nghèo, cận nghèo theo quy định của Thủ tướng Chính phủ",1.0,142/2025/NĐ-CP; 104/2022/NĐ-CP; 105/2020/NĐ-CP; 66.7/2025/NQ-CP
1.001622,Hỗ trợ ăn trưa đối với trẻ em mẫu giáo,Trường hợp,4,Đối với trẻ em thuộc đối tượng là trẻ em khuyết tật học hòa nhập,1.0,142/2025/NĐ-CP; 104/2022/NĐ-CP; 105/2020/NĐ-CP; 66.7/2025/NQ-CP
1.001622,Hỗ trợ ăn trưa đối với trẻ em mẫu giáo,Trường hợp,5,"Đối với trẻ em thường trú ở thôn đặc biệt khó khăn, xã có điều kiện kinh tế - xã hội đặc biệt khó khăn, xã đặc biệt khó khăn vùng bãi ngang ven biển, hải đảo theo quy định của Thủ tướng Chính phủ thì cha mẹ hoặc người chăm sốc, nuôi dưỡng trẻ em :",2.0,142/2025/NĐ-CP; 104/2022/NĐ-CP; 105/2020/NĐ-CP; 66.7/2025/NQ-CP
1.001632,"Giải quyết hưởng chế độ TNLĐ, BNN đối với trường hợp bị TNLĐ, BNN lần",Trường hợp,1,"Hồ sơ theo quy định tại khoản 1 Điều 51; khoản 2, 3, 4 Điều 57 và khoản 2, 3, 4 Điều 58 Luật ATVSLĐ; khoản 5 Điều 5 Nghị định số 88/2020/NĐ-CP ngày 28/7/2020 của Chính phủ; Điều 22 Nghị định số 143/2024/NĐ-CP ngày 01/11/2024 của Chính phủ; khoản 2 Điều 27 Thông tư số 25/2025/TT-BYT ngày 30/6/2025 của Bộ Y tế, gồm:",0.0,366/QĐ-BHXH; 2222/QĐ-BHXH; 25/2025/TT-BYT; 88/2020/NĐ-CP; 164/2025/NĐ-CP; 28/2021/TT-BLĐTBXH; 313/QĐ-BHXH; 84/2015/QH13; 143/2024/NĐ-CP
1.001632,"Giải quyết hưởng chế độ TNLĐ, BNN đối với trường hợp bị TNLĐ, BNN lần",Trường hợp,2,"1. Trường hợp bị TNLĐ lần đầu, bao gồm cả trường hợp NLĐ sau khi đã nghỉ việc hoặc đã về hưu đề nghị hưởng chế độ TNLĐ lần đầu",5.0,366/QĐ-BHXH; 2222/QĐ-BHXH; 25/2025/TT-BYT; 88/2020/NĐ-CP; 164/2025/NĐ-CP; 28/2021/TT-BLĐTBXH; 313/QĐ-BHXH; 84/2015/QH13; 143/2024/NĐ-CP
1.001632,"Giải quyết hưởng chế độ TNLĐ, BNN đối với trường hợp bị TNLĐ, BNN lần",Trường hợp,3,2. Trường hợp bị BNN lần đầu,6.0,366/QĐ-BHXH; 2222/QĐ-BHXH; 25/2025/TT-BYT; 88/2020/NĐ-CP; 164/2025/NĐ-CP; 28/2021/TT-BLĐTBXH; 313/QĐ-BHXH; 84/2015/QH13; 143/2024/NĐ-CP
1.001632,"Giải quyết hưởng chế độ TNLĐ, BNN đối với trường hợp bị TNLĐ, BNN lần",Trường hợp,4,"3. NLĐ phát hiện bị BNN khi đã nghỉ hưu, thôi việc hoặc không còn làm trong các nghề, công việc có nguy cơ bị BNN",0.0,366/QĐ-BHXH; 2222/QĐ-BHXH; 25/2025/TT-BYT; 88/2020/NĐ-CP; 164/2025/NĐ-CP; 28/2021/TT-BLĐTBXH; 313/QĐ-BHXH; 84/2015/QH13; 143/2024/NĐ-CP
1.001632,"Giải quyết hưởng chế độ TNLĐ, BNN đối với trường hợp bị TNLĐ, BNN lần",Trường hợp,5,"3.1. Trường hợp đã nghỉ hưu, thôi việc",4.0,366/QĐ-BHXH; 2222/QĐ-BHXH; 25/2025/TT-BYT; 88/2020/NĐ-CP; 164/2025/NĐ-CP; 28/2021/TT-BLĐTBXH; 313/QĐ-BHXH; 84/2015/QH13; 143/2024/NĐ-CP
1.001632,"Giải quyết hưởng chế độ TNLĐ, BNN đối với trường hợp bị TNLĐ, BNN lần",Trường hợp,6,"3.2. NLĐ phát hiện bị BNN khi chuyển đến làm việc cho người SDLĐ khác và không còn làm trong các nghề, công việc có nguy cơ bị BNN",4.0,366/QĐ-BHXH; 2222/QĐ-BHXH; 25/2025/TT-BYT; 88/2020/NĐ-CP; 164/2025/NĐ-CP; 28/2021/TT-BLĐTBXH; 313/QĐ-BHXH; 84/2015/QH13; 143/2024/NĐ-CP
1.001632,"Giải quyết hưởng chế độ TNLĐ, BNN đối với trường hợp bị TNLĐ, BNN lần",Trường hợp,7,4. Đối với người hưởng chế độ bảo hiểm TNLĐ theo hình thức tự nguyện,5.0,366/QĐ-BHXH; 2222/QĐ-BHXH; 25/2025/TT-BYT; 88/2020/NĐ-CP; 164/2025/NĐ-CP; 28/2021/TT-BLĐTBXH; 313/QĐ-BHXH; 84/2015/QH13; 143/2024/NĐ-CP
1.001632,"Giải quyết hưởng chế độ TNLĐ, BNN đối với trường hợp bị TNLĐ, BNN lần",Trường hợp,8,"Ghi chú: - Hồ sơ thay thế tại Bảng này được thực hiện khi đã có trong cơ sở dữ liệu cơ quan BHXH đang quản lý, cơ sở dữ liệu quốc gia, cơ sở dữ liệu chuyên ngành được kết nối, chia sẻ đủ điều kiện khai thác, sử dụng, đảm bảo tính pháp lý theo quy định. Hồ sơ đã có dữ liệu thay thế thì đơn vị SDLĐ, NLĐ không phải cung cấp cho cơ quan BHXH. - Thành phần hồ sơ nếu không ghi là bản chính thì có thể nộp bản chính hoặc bản sao hợp lệ. Các thành phần hồ sơ là mẫu do cơ quan BHXH ban hành là bản chính. - Trường hợp ủy quyền nhận chế độ BHXH: Hồ sơ kèm theo Văn bản uỷ quyền (được chứng thực) theo quy định của pháp luật và Văn bản đề nghị Mẫu số 14-HSB.",0.0,366/QĐ-BHXH; 2222/QĐ-BHXH; 25/2025/TT-BYT; 88/2020/NĐ-CP; 164/2025/NĐ-CP; 28/2021/TT-BLĐTBXH; 313/QĐ-BHXH; 84/2015/QH13; 143/2024/NĐ-CP
1.001643,"Giải quyết hưởng chế độ TNLĐ, BNN đối với trường hợp đã bị TNLĐ, BNN,",Trường hợp,1,Hồ sơ theo quy định tại Điều 8 Nghị định số 88/2020/NĐ-CP ngày 28/7/2020 của Chính phủ và khoản 2 Điều 27 Thông tư số 25/2025/TT-BYT ngày 30/6/2025 của Bộ Y tế; gồm:,5.0,2222/QĐ-BHXH; 366/QĐ-BHXH; 313/QĐ-BHXH; 84/2015/QH13; 25/2025/TT-BYT; 88/2020/NĐ-CP; 164/2025/NĐ-CP; 28/2021/TT-BLĐTBXH
1.001643,"Giải quyết hưởng chế độ TNLĐ, BNN đối với trường hợp đã bị TNLĐ, BNN,",Trường hợp,2,"Trường hợp bị TNLĐ điều trị xong, ra viện trước ngày 01 tháng 7 năm 2016 mà chưa được giám định mức suy giảm KNLĐ:",1.0,2222/QĐ-BHXH; 366/QĐ-BHXH; 313/QĐ-BHXH; 84/2015/QH13; 25/2025/TT-BYT; 88/2020/NĐ-CP; 164/2025/NĐ-CP; 28/2021/TT-BLĐTBXH
1.001643,"Giải quyết hưởng chế độ TNLĐ, BNN đối với trường hợp đã bị TNLĐ, BNN,",Trường hợp,3,"Trường hợp bị BNN điều trị xong, ra viện trước ngày 01 tháng 7 năm 2016 mà chưa được giám định mức suy giảm KNLĐ:",1.0,2222/QĐ-BHXH; 366/QĐ-BHXH; 313/QĐ-BHXH; 84/2015/QH13; 25/2025/TT-BYT; 88/2020/NĐ-CP; 164/2025/NĐ-CP; 28/2021/TT-BLĐTBXH
1.001643,"Giải quyết hưởng chế độ TNLĐ, BNN đối với trường hợp đã bị TNLĐ, BNN,",Trường hợp,4,"Ghi chú: - Hồ sơ thay thế tại Bảng này được thực hiện khi đã có trong cơ sở dữ liệu cơ quan BHXH đang quản lý, cơ sở dữ liệu quốc gia, cơ sở dữ liệu chuyên ngành được kết nối, chia sẻ đủ điều kiện khai thác, sử dụng, đảm bảo tính pháp lý theo quy định. Hồ sơ đã có dữ liệu thay thế thì đơn vị SDLĐ, NLĐ không phải cung cấp cho cơ quan BHXH. - Thành phần hồ sơ nếu không ghi là bản chính thì có thể nộp bản chính hoặc bản sao hợp lệ. Các thành phần hồ sơ là mẫu do cơ quan BHXH ban hành là bản chính. - Trường hợp ủy quyền nhận các chế độ BHXH: Hồ sơ kèm theo Văn bản uỷ quyền (được chứng thực) theo quy định của pháp luật và Văn bản đề nghị Mẫu số 14-HSB.",0.0,2222/QĐ-BHXH; 366/QĐ-BHXH; 313/QĐ-BHXH; 84/2015/QH13; 25/2025/TT-BYT; 88/2020/NĐ-CP; 164/2025/NĐ-CP; 28/2021/TT-BLĐTBXH
1.001646,Giải quyết hưởng trợ cấp đối với nhà giáo đã nghỉ hưu chưa được hưởng,Trường hợp,1,a) Đối với nhà giáo đang hưởng lương hưu:,1.0,2222/QĐ-BHXH; 313/QĐ-BHXH; 778/BHXH-CSXH; 14/2020/NĐ-CP
1.001646,Giải quyết hưởng trợ cấp đối với nhà giáo đã nghỉ hưu chưa được hưởng,Trường hợp,2,"b) Đối với nhà giáo đủ điều kiện hưởng trợ cấp, chưa được giải quyết chế độ mà từ trần từ ngày 01/01/2012 trở về sau, hồ sơ bao gồm:",3.0,2222/QĐ-BHXH; 313/QĐ-BHXH; 778/BHXH-CSXH; 14/2020/NĐ-CP
1.001646,Giải quyết hưởng trợ cấp đối với nhà giáo đã nghỉ hưu chưa được hưởng,Trường hợp,3,Ghi chú: - Không yêu cầu thân nhân nộp Bản sao giấy chứng tử hoặc trích lục khai tử khi cơ quan BHXH khai thác được thông tin thành phần hồ sơ này trên Cơ sở dữ liệu hộ tịch điện tử. - Trường hợp thân nhân người hưởng (người được ủy quyền) không trực tiếp nhận trợ cấp thì đề nghị các thân nhân là người ủy quyền thay đổi người được ủy quyền tại Giấy ủy quyền theo Mẫu số 03 để phù hợp với hình thức ủy quyền ban đầu theo quy định pháp luật.,0.0,2222/QĐ-BHXH; 313/QĐ-BHXH; 778/BHXH-CSXH; 14/2020/NĐ-CP
1.001667,"Giải quyết hưởng chế độ ốm đau, thai sản, trợ cấp dưỡng sức phục hồi s",Trường hợp,1,"A. Đối với chế độ ốm đau: Thành phần hồ sơ theo quy định tại Điều 47, Điều 48 Luật BHXH năm 2024; Thông tư số 25/2025/TT-BYT ngày 30/6/2025 của Bộ Y tế gồm: Danh sách Mẫu số 01B-HSB do người SDLĐ lập kèm theo hồ sơ theo các trường hợp dưới đây:",0.0,41/2024/QH15; 84/2015/QH13; 366/QĐ-BHXH; 2376/BHXH-CSXH; 12/2025/TT-BNV; 25/2025/TT-BYT; 158/2025/NĐ-CP; 164/2025/NĐ-CP; 313/QĐ-BHXH
1.001667,"Giải quyết hưởng chế độ ốm đau, thai sản, trợ cấp dưỡng sức phục hồi s",Trường hợp,2,1. Trường hợp NLĐ hoặc con của NLĐ điều trị nội trú là bản chính hoặc bản sao của một trong các giấy tờ sau:,4.0,41/2024/QH15; 84/2015/QH13; 366/QĐ-BHXH; 2376/BHXH-CSXH; 12/2025/TT-BNV; 25/2025/TT-BYT; 158/2025/NĐ-CP; 164/2025/NĐ-CP; 313/QĐ-BHXH
1.001667,"Giải quyết hưởng chế độ ốm đau, thai sản, trợ cấp dưỡng sức phục hồi s",Trường hợp,3,2. Trường hợp NLĐ hoặc con của NLĐ điều trị ngoại trú là một trong các giấy tờ sau:,3.0,41/2024/QH15; 84/2015/QH13; 366/QĐ-BHXH; 2376/BHXH-CSXH; 12/2025/TT-BNV; 25/2025/TT-BYT; 158/2025/NĐ-CP; 164/2025/NĐ-CP; 313/QĐ-BHXH
1.001667,"Giải quyết hưởng chế độ ốm đau, thai sản, trợ cấp dưỡng sức phục hồi s",Trường hợp,4,"3. Trường hợp NLĐ hoặc con của NLĐ khám bệnh, chữa bệnh ở nước ngoài: Các giấy tờ khám bệnh, chữa bệnh thể hiện tên bệnh, thời gian điều trị bệnh do cơ sở khám bệnh, chữa bệnh ở nước ngoài cấp và phải đáp ứng các yêu cầu sau đây:",2.0,41/2024/QH15; 84/2015/QH13; 366/QĐ-BHXH; 2376/BHXH-CSXH; 12/2025/TT-BNV; 25/2025/TT-BYT; 158/2025/NĐ-CP; 164/2025/NĐ-CP; 313/QĐ-BHXH
1.001667,"Giải quyết hưởng chế độ ốm đau, thai sản, trợ cấp dưỡng sức phục hồi s",Trường hợp,5,"4. Trường hợp bất khả kháng do thiên tai, thảm họa, dịch bệnh, giấy tờ thay thế các giấy tờ quy định tại khoản 1 và khoản 2 nêu trên gồm:",2.0,41/2024/QH15; 84/2015/QH13; 366/QĐ-BHXH; 2376/BHXH-CSXH; 12/2025/TT-BNV; 25/2025/TT-BYT; 158/2025/NĐ-CP; 164/2025/NĐ-CP; 313/QĐ-BHXH
1.001667,"Giải quyết hưởng chế độ ốm đau, thai sản, trợ cấp dưỡng sức phục hồi s",Trường hợp,6,"B. Đối với chế độ thai sản: Thành phần hồ sơ theo quy định tại Điều 61, Điều 62 Luật BHXH số 41/2024/QH15; Thông tư số 25/2025/TT-BYT ngày 30/6/2025 của Bộ Y tế, gồm:",0.0,41/2024/QH15; 84/2015/QH13; 366/QĐ-BHXH; 2376/BHXH-CSXH; 12/2025/TT-BNV; 25/2025/TT-BYT; 158/2025/NĐ-CP; 164/2025/NĐ-CP; 313/QĐ-BHXH
1.001667,"Giải quyết hưởng chế độ ốm đau, thai sản, trợ cấp dưỡng sức phục hồi s",Trường hợp,7,1. NLĐ đang tham gia BHXH bắt buộc Người SDLĐ lập Danh sách Mẫu số 01B-HSB đề nghị hưởng chế độ thai sản đối với NLĐ đang tham gia BHXH bắt buộc và kèm theo các trường hợp hồ sơ dưới đây:,0.0,41/2024/QH15; 84/2015/QH13; 366/QĐ-BHXH; 2376/BHXH-CSXH; 12/2025/TT-BNV; 25/2025/TT-BYT; 158/2025/NĐ-CP; 164/2025/NĐ-CP; 313/QĐ-BHXH
1.001667,"Giải quyết hưởng chế độ ốm đau, thai sản, trợ cấp dưỡng sức phục hồi s",Trường hợp,8,"1.1. Lao động nữ khi khám thai; lao động nữ sảy thai, phá thai hoặc có thai chết trong tử cung, thai chết trong khi chuyển dạ, thai ngoài tử cung; NLĐ thực hiện biện pháp tránh thai:",0.0,41/2024/QH15; 84/2015/QH13; 366/QĐ-BHXH; 2376/BHXH-CSXH; 12/2025/TT-BNV; 25/2025/TT-BYT; 158/2025/NĐ-CP; 164/2025/NĐ-CP; 313/QĐ-BHXH
1.001667,"Giải quyết hưởng chế độ ốm đau, thai sản, trợ cấp dưỡng sức phục hồi s",Trường hợp,9,a) Trường hợp điều trị nội trú là bản chính hoặc bản sao của một trong các giấy tờ sau:,4.0,41/2024/QH15; 84/2015/QH13; 366/QĐ-BHXH; 2376/BHXH-CSXH; 12/2025/TT-BNV; 25/2025/TT-BYT; 158/2025/NĐ-CP; 164/2025/NĐ-CP; 313/QĐ-BHXH
1.001667,"Giải quyết hưởng chế độ ốm đau, thai sản, trợ cấp dưỡng sức phục hồi s",Trường hợp,10,b) Trường hợp điều trị ngoại trú là một trong các giấy tờ sau:,3.0,41/2024/QH15; 84/2015/QH13; 366/QĐ-BHXH; 2376/BHXH-CSXH; 12/2025/TT-BNV; 25/2025/TT-BYT; 158/2025/NĐ-CP; 164/2025/NĐ-CP; 313/QĐ-BHXH
1.001667,"Giải quyết hưởng chế độ ốm đau, thai sản, trợ cấp dưỡng sức phục hồi s",Trường hợp,11,1.2. Lao động nữ sinh con hoặc lao động nữ mang thai hộ sinh con hoặc lao động nữ nhờ mang thai hộ nhận con là bản sao giấy khai sinh hoặc trích lục khai sinh hoặc bản sao giấy chứng sinh của con và giấy tờ khác trong các trường hợp sau đây:,0.0,41/2024/QH15; 84/2015/QH13; 366/QĐ-BHXH; 2376/BHXH-CSXH; 12/2025/TT-BNV; 25/2025/TT-BYT; 158/2025/NĐ-CP; 164/2025/NĐ-CP; 313/QĐ-BHXH
1.001667,"Giải quyết hưởng chế độ ốm đau, thai sản, trợ cấp dưỡng sức phục hồi s",Trường hợp,12,a) Giấy tờ chứng minh quá trình điều trị vô sinh của lao động nữ trong trường hợp phải điều trị vô sinh gồm bản chính hoặc bản sao của một trong các giấy tờ sau:,4.0,41/2024/QH15; 84/2015/QH13; 366/QĐ-BHXH; 2376/BHXH-CSXH; 12/2025/TT-BNV; 25/2025/TT-BYT; 158/2025/NĐ-CP; 164/2025/NĐ-CP; 313/QĐ-BHXH
1.001667,"Giải quyết hưởng chế độ ốm đau, thai sản, trợ cấp dưỡng sức phục hồi s",Trường hợp,13,b),1.0,41/2024/QH15; 84/2015/QH13; 366/QĐ-BHXH; 2376/BHXH-CSXH; 12/2025/TT-BNV; 25/2025/TT-BYT; 158/2025/NĐ-CP; 164/2025/NĐ-CP; 313/QĐ-BHXH
1.001667,"Giải quyết hưởng chế độ ốm đau, thai sản, trợ cấp dưỡng sức phục hồi s",Trường hợp,14,c),1.0,41/2024/QH15; 84/2015/QH13; 366/QĐ-BHXH; 2376/BHXH-CSXH; 12/2025/TT-BNV; 25/2025/TT-BYT; 158/2025/NĐ-CP; 164/2025/NĐ-CP; 313/QĐ-BHXH
1.001667,"Giải quyết hưởng chế độ ốm đau, thai sản, trợ cấp dưỡng sức phục hồi s",Trường hợp,15,"d) Giấy xác nhận nghỉ dưỡng thai của cơ sở khám bệnh, chữa bệnh về việc lao động nữ phải nghỉ việc để dưỡng thai trong trường hợp trong thời gian mang thai phải nghỉ việc để dưỡng thai gồm bản chính hoặc bản sao của một trong các giấy tờ sau:",5.0,41/2024/QH15; 84/2015/QH13; 366/QĐ-BHXH; 2376/BHXH-CSXH; 12/2025/TT-BNV; 25/2025/TT-BYT; 158/2025/NĐ-CP; 164/2025/NĐ-CP; 313/QĐ-BHXH
1.001667,"Giải quyết hưởng chế độ ốm đau, thai sản, trợ cấp dưỡng sức phục hồi s",Trường hợp,16,đ),1.0,41/2024/QH15; 84/2015/QH13; 366/QĐ-BHXH; 2376/BHXH-CSXH; 12/2025/TT-BNV; 25/2025/TT-BYT; 158/2025/NĐ-CP; 164/2025/NĐ-CP; 313/QĐ-BHXH
1.001667,"Giải quyết hưởng chế độ ốm đau, thai sản, trợ cấp dưỡng sức phục hồi s",Trường hợp,17,"1.3. Lao động nữ sinh con hoặc lao động nữ mang thai hộ sinh con trong trường hợp con chết ngay sau khi sinh mà chưa được cấp giấy chứng sinh; lao động nữ mang thai từ 22 tuần tuổi trở lên mà bị sảy thai, phá thai, thai chết trong tử cung, thai chết trong khi chuyển dạ đủ điều kiện hưởng chế độ thai sản khi sinh con là một trong các giấy tờ sau đây và giấy tờ khác trong các trường hợp nêu tại tiết a, d, đ điểm 1.2 khoản 1 nêu trên:",4.0,41/2024/QH15; 84/2015/QH13; 366/QĐ-BHXH; 2376/BHXH-CSXH; 12/2025/TT-BNV; 25/2025/TT-BYT; 158/2025/NĐ-CP; 164/2025/NĐ-CP; 313/QĐ-BHXH
1.001667,"Giải quyết hưởng chế độ ốm đau, thai sản, trợ cấp dưỡng sức phục hồi s",Trường hợp,18,1.4. Lao động nam đề nghị nghỉ việc hưởng chế độ thai sản hoặc hưởng trợ cấp một lần khi vợ sinh con:,1.0,41/2024/QH15; 84/2015/QH13; 366/QĐ-BHXH; 2376/BHXH-CSXH; 12/2025/TT-BNV; 25/2025/TT-BYT; 158/2025/NĐ-CP; 164/2025/NĐ-CP; 313/QĐ-BHXH
1.001667,"Giải quyết hưởng chế độ ốm đau, thai sản, trợ cấp dưỡng sức phục hồi s",Trường hợp,19,1.5.,1.0,41/2024/QH15; 84/2015/QH13; 366/QĐ-BHXH; 2376/BHXH-CSXH; 12/2025/TT-BNV; 25/2025/TT-BYT; 158/2025/NĐ-CP; 164/2025/NĐ-CP; 313/QĐ-BHXH
1.001667,"Giải quyết hưởng chế độ ốm đau, thai sản, trợ cấp dưỡng sức phục hồi s",Trường hợp,20,1.6. Người chồng của lao động nữ mang thai hộ nghỉ việc hưởng chế độ thai sản hoặc hưởng trợ cấp một lần khi lao động nữ mang thai hộ sinh con bao gồm các giấy tờ sau đây:,2.0,41/2024/QH15; 84/2015/QH13; 366/QĐ-BHXH; 2376/BHXH-CSXH; 12/2025/TT-BNV; 25/2025/TT-BYT; 158/2025/NĐ-CP; 164/2025/NĐ-CP; 313/QĐ-BHXH
1.001667,"Giải quyết hưởng chế độ ốm đau, thai sản, trợ cấp dưỡng sức phục hồi s",Trường hợp,21,"1.7. NLĐ nhận nuôi con nuôi dưới 06 tháng tuổi, hồ sơ đề nghị hưởng chế độ thai sản gồm:",1.0,41/2024/QH15; 84/2015/QH13; 366/QĐ-BHXH; 2376/BHXH-CSXH; 12/2025/TT-BNV; 25/2025/TT-BYT; 158/2025/NĐ-CP; 164/2025/NĐ-CP; 313/QĐ-BHXH
1.001667,"Giải quyết hưởng chế độ ốm đau, thai sản, trợ cấp dưỡng sức phục hồi s",Trường hợp,22,"2. NLĐ sinh con, nhận con khi nhờ mang thai hộ, nhận nuôi con nuôi dưới 06 tháng tuổi trong thời gian bảo lưu thời gian đóng BHXH do đã thôi việc, phục viên, xuất ngũ trước thời điểm sinh con, nhận con, nhận nuôi con nuôi (áp dụng cho cả trường hợp sinh con, nhận con, nhận nuôi con nuôi trong thời gian đang đóng BHXH kể từ ngày 01/01/2018 trở đi nhưng đã thôi việc tại đơn vị mà có nguyện vọng nộp hồ sơ hưởng chế độ tại cơ quan BHXH); người cha, người trực tiếp nuôi dưỡng không tham gia BHXH theo quy định tại khoản 5 Điều 53 Luật BHXH năm 2024; người lao động giải quyết hưởng chế độ thai sản khi không còn người sử dụng lao động Văn bản đề nghị Mẫu số 14-HSB và kèm theo các trường hợp hồ sơ dưới đây: Hồ sơ như nêu tại tiết 1.2, 1.3, 1.7 khoản 1 Phần B Mục 1.3 nêu trên.",1.0,41/2024/QH15; 84/2015/QH13; 366/QĐ-BHXH; 2376/BHXH-CSXH; 12/2025/TT-BNV; 25/2025/TT-BYT; 158/2025/NĐ-CP; 164/2025/NĐ-CP; 313/QĐ-BHXH
1.001667,"Giải quyết hưởng chế độ ốm đau, thai sản, trợ cấp dưỡng sức phục hồi s",Trường hợp,23,"3. Lao động nữ tham gia BHXH tự nguyện sinh con, lao động nam tham gia BHXH tự nguyện có vợ sinh con: Văn bản đề nghị Mẫu số 14-HSB kèm theo các trường hợp hồ sơ dưới đây: a)",1.0,41/2024/QH15; 84/2015/QH13; 366/QĐ-BHXH; 2376/BHXH-CSXH; 12/2025/TT-BNV; 25/2025/TT-BYT; 158/2025/NĐ-CP; 164/2025/NĐ-CP; 313/QĐ-BHXH
1.001667,"Giải quyết hưởng chế độ ốm đau, thai sản, trợ cấp dưỡng sức phục hồi s",Trường hợp,24,"b) Trường hợp thai chết trong tử cung, thai chết trong khi chuyển dạ hoặc con chết sau khi sinh mà chưa được cấp giấy chứng sinh thì hồ sơ là một trong các giấy tờ sau đây:",4.0,41/2024/QH15; 84/2015/QH13; 366/QĐ-BHXH; 2376/BHXH-CSXH; 12/2025/TT-BNV; 25/2025/TT-BYT; 158/2025/NĐ-CP; 164/2025/NĐ-CP; 313/QĐ-BHXH
1.001667,"Giải quyết hưởng chế độ ốm đau, thai sản, trợ cấp dưỡng sức phục hồi s",Trường hợp,25,"4. Trường hợp các hồ sơ quy định tại các khoản 1, 2, 3 phần B Mục 1.3 nêu trên hoặc các giấy tờ có nội dung tương tự do cơ quan, tổ chức, cá nhân có thẩm quyền của nước ngoài cấp thì phải đáp ứng được các yêu cầu sau đây:",2.0,41/2024/QH15; 84/2015/QH13; 366/QĐ-BHXH; 2376/BHXH-CSXH; 12/2025/TT-BNV; 25/2025/TT-BYT; 158/2025/NĐ-CP; 164/2025/NĐ-CP; 313/QĐ-BHXH
1.001667,"Giải quyết hưởng chế độ ốm đau, thai sản, trợ cấp dưỡng sức phục hồi s",Trường hợp,26,"5. Trường hợp bất khả kháng do thiên tai, thảm họa, dịch bệnh, giấy tờ thay thế các giấy tờ do cơ sở khám bệnh chữa bệnh cấp quy định tại tiết 1.1, 1.2, 1.3, 1.4, 1.5 khoản 1; tiết 1.2, 1.3 khoản 2; khoản 3 Phần B của Mục 1.3 này gồm:",2.0,41/2024/QH15; 84/2015/QH13; 366/QĐ-BHXH; 2376/BHXH-CSXH; 12/2025/TT-BNV; 25/2025/TT-BYT; 158/2025/NĐ-CP; 164/2025/NĐ-CP; 313/QĐ-BHXH
1.001667,"Giải quyết hưởng chế độ ốm đau, thai sản, trợ cấp dưỡng sức phục hồi s",Trường hợp,27,"C. Đối với trợ cấp dưỡng sức, phục hồi sức khỏe sau ốm đau, thai sản, TNLĐ, BNN: Thành phần hồ sơ theo quy định tại Điều 49, Điều 63 Luật BHXH năm 2024, Điều 60 Luật An toàn, vệ sinh lao động gồm:",1.0,41/2024/QH15; 84/2015/QH13; 366/QĐ-BHXH; 2376/BHXH-CSXH; 12/2025/TT-BNV; 25/2025/TT-BYT; 158/2025/NĐ-CP; 164/2025/NĐ-CP; 313/QĐ-BHXH
1.001667,"Giải quyết hưởng chế độ ốm đau, thai sản, trợ cấp dưỡng sức phục hồi s",Trường hợp,28,"Ghi chú: - Hồ sơ thay thế tại Bảng này được thực hiện khi đã có trong cơ sở dữ liệu cơ quan BHXH đang quản lý, cơ sở dữ liệu quốc gia, cơ sở dữ liệu chuyên ngành được kết nối, chia sẻ đủ điều kiện khai thác, sử dụng, đảm bảo tính pháp lý theo quy định. Hồ sơ đã có dữ liệu thay thế thì đơn vị SDLĐ, NLĐ không phải cung cấp cho cơ quan BHXH. + Đối với những thành phần hồ sơ do cơ sở khám bệnh, chữa bệnh, Hội đồng Giám định y khoa cấp: Khi tiếp nhận hồ sơ có thành phần hồ sơ là dữ liệu điện tử đã được ký số trên Cổng tiếp nhận dữ liệu Hệ thống thông tin giám định bảo hiểm y tế của BHXH Việt Nam đúng quy định, đơn vị SDLĐ, NLĐ không phải nộp hồ sơ bản giấy kèm theo. Căn cứ nội dung kê khai của đơn vị SDLĐ, NLĐ, cơ quan BHXH thực hiện kiểm tra, đối soát với dữ liệu đang quản lý, dữ liệu liên thông, chia sẻ để giải quyết chế độ. Trường hợp không khai thác được hồ sơ hoặc thông tin khai thác được không đầy đủ, không chính xác, chưa đảm bảo tính pháp lý theo quy định thì cơ quan BHXH thông báo cho đơn vị SDLĐ, NLĐ để bổ sung, hoàn thiện hồ sơ. + Người lao động, người tham gia BHXH tự nguyện và đơn vị SDLĐ không phải nộp Giấy khai sinh/bản sao Giấy khai sinh, Trích lục khai sinh; Trích lục khai tử/Giấy chứng tử/bản sao Trích lục khai tử khi cơ quan BHXH đã khai thác được thông tin thành phần hồ sơ này trên Cơ sở dữ liệu hộ tịch điện tử. Trường hợp không khai thác được hoặc thông tin khai thác được không đầy đủ, không chính xác, cơ quan BHXH có thông báo yêu cầu bổ sung, hoàn thiện hồ sơ cho cá nhân, tổ chức; đồng thời hướng dẫn cá nhân, tổ chức liên hệ với cơ quan có thẩm quyền cập nhật, điều chỉnh dữ liệu. - Thành phần hồ sơ nếu không ghi là bản chính thì có thể nộp bản chính hoặc bản sao hợp lệ. Các thành phần hồ sơ lập theo mẫu do cơ quan BHXH ban hành là bản chính. - Trường hợp ủy quyền nhận chế độ BHXH: Hồ sơ kèm theo Văn bản ủy quyền (được chứng thực) theo quy định của pháp luật và Văn bản đề nghị Mẫu số 14-HSB.",0.0,41/2024/QH15; 84/2015/QH13; 366/QĐ-BHXH; 2376/BHXH-CSXH; 12/2025/TT-BNV; 25/2025/TT-BYT; 158/2025/NĐ-CP; 164/2025/NĐ-CP; 313/QĐ-BHXH
1.001678,"Thủ tục công chứng tính xác thực, tính hợp pháp của hợp đồng, giao dịc",Trường hợp,1,"Công chứng hợp đồng, giao dịch soạn thảo theo đề nghị của người yêu cầu công chứng (1 bộ)",4.0,33/2009/QH12; 264/2016/TT-BTC; 06/2015/TT-BTP; 53/2014/QH13; 29/2015/NĐ-CP
1.001678,"Thủ tục công chứng tính xác thực, tính hợp pháp của hợp đồng, giao dịc",Trường hợp,2,"Công chứng hợp đồng, giao dịch đã được soạn thảo sẵn (1 bộ)",5.0,33/2009/QH12; 264/2016/TT-BTC; 06/2015/TT-BTP; 53/2014/QH13; 29/2015/NĐ-CP
1.001699,"Xác định, xác định lại mức độ khuyết tật và cấp Giấy xác nhận khuyết t",Trường hợp,1,Đối với trường hợp xác định lại khuyết tật,2.0,45/2025/NĐ-CP; 08/2023/TT-BLĐTBXH; 28/2012/NĐ-CP; 51/2010/QH12; 01/2019/TT-BLĐTBXH; 42/2025/NĐ-CP
1.001699,"Xác định, xác định lại mức độ khuyết tật và cấp Giấy xác nhận khuyết t",Trường hợp,2,Đối với trường hợp xác định khuyết tật,3.0,45/2025/NĐ-CP; 08/2023/TT-BLĐTBXH; 28/2012/NĐ-CP; 51/2010/QH12; 01/2019/TT-BLĐTBXH; 42/2025/NĐ-CP
1.001710,"Giải quyết điều chỉnh, tạm dừng, hủy quyết định, chấm dứt hưởng, hưởng",Trường hợp,1,"1. Trường hợp thôi hưởng trợ cấp tuất hằng tháng đối với người đang hưởng trợ cấp tuất hằng tháng chết mà thuộc đối tượng được hưởng hỗ trợ chi phí mai táng, hồ sơ gồm:",1.0,2222/QĐ-BHXH; 12/2025/TT-BNV; 158/2025/NĐ-CP; 159/2025/NĐ-CP; 41/2024/QH15; 313/QĐ-BHXH; 11/2025/TT-BNV; 366/QĐ-BHXH
1.001710,"Giải quyết điều chỉnh, tạm dừng, hủy quyết định, chấm dứt hưởng, hưởng",Trường hợp,2,"2. Trường hợp người đang hưởng BHXH hằng tháng hoặc thân nhân người hưởng BHXH hằng tháng chết đề nghị cập nhật thông tin nhân thân theo căn cước công dân, hồ sơ gồm:",1.0,2222/QĐ-BHXH; 12/2025/TT-BNV; 158/2025/NĐ-CP; 159/2025/NĐ-CP; 41/2024/QH15; 313/QĐ-BHXH; 11/2025/TT-BNV; 366/QĐ-BHXH
1.001710,"Giải quyết điều chỉnh, tạm dừng, hủy quyết định, chấm dứt hưởng, hưởng",Trường hợp,3,"3. Trường hợp điều chỉnh, hủy quyết định hưởng các chế độ BHXH, hồ sơ gồm:",2.0,2222/QĐ-BHXH; 12/2025/TT-BNV; 158/2025/NĐ-CP; 159/2025/NĐ-CP; 41/2024/QH15; 313/QĐ-BHXH; 11/2025/TT-BNV; 366/QĐ-BHXH
1.001710,"Giải quyết điều chỉnh, tạm dừng, hủy quyết định, chấm dứt hưởng, hưởng",Trường hợp,4,"4. Hồ sơ tạm dừng hưởng lương hưu, trợ cấp BHXH hằng tháng Hồ sơ theo quy định tại khoản 1 Điều 75 Luật BHXH là một trong các giấy tờ sau:",3.0,2222/QĐ-BHXH; 12/2025/TT-BNV; 158/2025/NĐ-CP; 159/2025/NĐ-CP; 41/2024/QH15; 313/QĐ-BHXH; 11/2025/TT-BNV; 366/QĐ-BHXH
1.001710,"Giải quyết điều chỉnh, tạm dừng, hủy quyết định, chấm dứt hưởng, hưởng",Trường hợp,5,"5. Hồ sơ chấm dứt hưởng lương hưu, trợ cấp BHXH hằng tháng Hồ sơ theo quy định tại khoản 2 Điều 75 Luật BHXH là một trong các giấy tờ sau:",3.0,2222/QĐ-BHXH; 12/2025/TT-BNV; 158/2025/NĐ-CP; 159/2025/NĐ-CP; 41/2024/QH15; 313/QĐ-BHXH; 11/2025/TT-BNV; 366/QĐ-BHXH
1.001710,"Giải quyết điều chỉnh, tạm dừng, hủy quyết định, chấm dứt hưởng, hưởng",Trường hợp,6,"6. Hồ sơ hưởng tiếp lương hưu, trợ cấp BHXH hằng tháng Hồ sơ theo quy định tại khoản 3 Điều 75, Điều 80 Luật BHXH gồm: Văn bản đề nghị theo Mẫu số 14-HSB thể hiện đề nghị hưởng tiếp hưởng lương hưu, trợ cấp BHXH hằng tháng và một trong các giấy tờ sau:",4.0,2222/QĐ-BHXH; 12/2025/TT-BNV; 158/2025/NĐ-CP; 159/2025/NĐ-CP; 41/2024/QH15; 313/QĐ-BHXH; 11/2025/TT-BNV; 366/QĐ-BHXH
1.001710,"Giải quyết điều chỉnh, tạm dừng, hủy quyết định, chấm dứt hưởng, hưởng",Trường hợp,7,"Ghi chú: - Hồ sơ thay thế tại Bảng này được thực hiện khi đã có trong cơ sở dữ liệu cơ quan BHXH đang quản lý, cơ sở dữ liệu quốc gia, cơ sở dữ liệu chuyên ngành được kết nối, chia sẻ đủ điều kiện khai thác, sử dụng, đảm bảo tính pháp lý theo quy định. Hồ sơ đã có dữ liệu thay thế thì đơn vị SDLĐ, NLĐ không phải cung cấp cho cơ quan BHXH. - Không yêu cầu thân nhân nộp Bản sao giấy chứng tử hoặc trích lục khai tử khi cơ quan BHXH khai thác được thông tin thành phần hồ sơ này trên Cơ sở dữ liệu hộ tịch điện tử. - Thành phần hồ sơ nếu không ghi là bản chính thì có thể nộp bản chính hoặc bản sao hợp lệ. Các thành phần hồ sơ là mẫu do cơ quan BHXH ban hành là bản chính. - Trường hợp ủy quyền nhận các chế độ BHXH: Hồ sơ kèm theo Văn bản uỷ quyền (được chứng thực) theo quy định của pháp luật và Văn bản đề nghị Mẫu số 14-HSB.",0.0,2222/QĐ-BHXH; 12/2025/TT-BNV; 158/2025/NĐ-CP; 159/2025/NĐ-CP; 41/2024/QH15; 313/QĐ-BHXH; 11/2025/TT-BNV; 366/QĐ-BHXH
1.001714,"Cấp học bổng và hỗ trợ kinh phí mua phương tiện, đồ dùng học tập dùng",Trường hợp,1,Đối với người khuyết tập học tại các cơ sở giáo dục công lập,2.0,Không có thông tin căn cứ pháp lý trong dữ liệu gốc
1.001714,"Cấp học bổng và hỗ trợ kinh phí mua phương tiện, đồ dùng học tập dùng",Trường hợp,2,Đối với người khuyết tật học tại các cơ sở giáo dục ngoài công lập,3.0,Không có thông tin căn cứ pháp lý trong dữ liệu gốc
1.001765,Cấp Giấy chứng nhận giáo viên dạy thực hành lái xe,Trường hợp,1,- Cá nhân:,4.0,94/2026/NĐ-CP
1.001765,Cấp Giấy chứng nhận giáo viên dạy thực hành lái xe,Trường hợp,2,* Hồ sơ do Cơ sở đào tạo lái xe nộp:,2.0,94/2026/NĐ-CP
1.001776,"Thực hiện, điều chỉnh, thôi hưởng trợ cấp xã hội hàng tháng, hỗ trợ ki",Trường hợp,1,Khi nộp hồ sơ trực tiếp cần xuất trình các giấy tờ sau để cán bộ tiếp nhận hồ sơ đối chiếu các thông tin kê khai trong tờ khai,5.0,42/2025/NĐ-CP; 104/2022/NĐ-CP; 20/2021/NĐ-CP; 45/2025/NĐ-CP; 147/2025/NĐ-CP
1.001776,"Thực hiện, điều chỉnh, thôi hưởng trợ cấp xã hội hàng tháng, hỗ trợ ki",Trường hợp,2,"Đối với hồ sơ đề nghị hỗ trợ kinh phí chăm sóc, nuôi dưỡng hàng tháng",3.0,42/2025/NĐ-CP; 104/2022/NĐ-CP; 20/2021/NĐ-CP; 45/2025/NĐ-CP; 147/2025/NĐ-CP
1.001776,"Thực hiện, điều chỉnh, thôi hưởng trợ cấp xã hội hàng tháng, hỗ trợ ki",Trường hợp,3,Đối với hồ sơ đề nghị trợ cấp xã hội hàng tháng,1.0,42/2025/NĐ-CP; 104/2022/NĐ-CP; 20/2021/NĐ-CP; 45/2025/NĐ-CP; 147/2025/NĐ-CP
1.001798,"Ký hợp đồng khám bệnh, chữa bệnh bảo hiểm y tế",Trường hợp,1,a) Trường hợp ký hợp đồng lần đầu,10.0,25/2008/QH12; 51/2024/QH15; 188/2025/NĐ-CP; 46/2014/QH13
1.001798,"Ký hợp đồng khám bệnh, chữa bệnh bảo hiểm y tế",Trường hợp,2,"Đối với các văn bản bao gồm: Giấy phép hoạt động; Quyết định xếp cấp hoặc tạm xếp cấp hoặc văn bản của cơ quan có thẩm quyền xác định cơ sở khám bệnh, chữa bệnh đã được phân tuyến chuyên môn kỹ thuật trước ngày 01 tháng 01 năm 2025; Quyết định phê duyệt danh mục dịch vụ kỹ thuật; Quyết định phê duyệt giá hoặc văn bản đề xuất giá dịch vụ khám bệnh, chữa bệnh, cơ sở khám bệnh, chữa bệnh không phải nộp bản chụp khi thuộc một trong các trường hợp sau:",2.0,25/2008/QH12; 51/2024/QH15; 188/2025/NĐ-CP; 46/2014/QH13
1.001798,"Ký hợp đồng khám bệnh, chữa bệnh bảo hiểm y tế",Trường hợp,3,"Ghi chú: Trường hợp gửi hồ sơ theo hình thức trực tuyến, các bản chụp có đóng dấu treo của cơ sở khám bệnh, chữa bệnh nêu trên được thay bằng bản scan có chữ ký số của cơ sở khám bệnh, chữa bệnh.",0.0,25/2008/QH12; 51/2024/QH15; 188/2025/NĐ-CP; 46/2014/QH13
1.001798,"Ký hợp đồng khám bệnh, chữa bệnh bảo hiểm y tế",Trường hợp,4,b) Trường hợp ký hợp đồng nối tiếp,0.0,25/2008/QH12; 51/2024/QH15; 188/2025/NĐ-CP; 46/2014/QH13
1.001798,"Ký hợp đồng khám bệnh, chữa bệnh bảo hiểm y tế",Trường hợp,5,"- Trường hợp các tài liệu trong hồ sơ đề nghị ký hợp đồng liền kề không có sự thay đổi, cơ quan bảo hiểm xã hội tiếp tục phối hợp ký hợp đồng với cơ sở khám bệnh, chữa bệnh.",0.0,25/2008/QH12; 51/2024/QH15; 188/2025/NĐ-CP; 46/2014/QH13
1.001798,"Ký hợp đồng khám bệnh, chữa bệnh bảo hiểm y tế",Trường hợp,6,"- Trường hợp các tài liệu trong hồ sơ đề nghị ký hợp đồng liền kề có sự thay đổi thì cơ sở khám bệnh, chữa bệnh chỉ phải nộp các tài liệu chứng minh nội dung thay đổi (bản chụp có đóng dấu treo hoặc bản scan có ký số của đơn vị khám bệnh, chữa bệnh)",0.0,25/2008/QH12; 51/2024/QH15; 188/2025/NĐ-CP; 46/2014/QH13
1.001939,"Đăng ký đóng, cấp thẻ BHYT đối với người chỉ tham gia BHYT",Trường hợp,1,1. Đối với người tham gia,4.0,104/2022/NĐ-CP; 25/2008/QH12; 46/2014/QH13; 102/2018/TT-BTC; 3510/QĐ-BHXH; 948/QĐ-BHXH; 146/2018/NĐ-CP; 490/QĐ-BHXH; 505/QĐ-BHXH; 838/QĐ-BHXH; 888/QĐ-BHXH
1.001939,"Đăng ký đóng, cấp thẻ BHYT đối với người chỉ tham gia BHYT",Trường hợp,2,"2. Đơn vị; UBND xã; Cơ sở trợ giúp xã hội, Cơ sở nuôi dưỡng, điều dưỡng thương binh và người có công/Cơ sở giáo dục nghề nghiệp thuộc ngành lao động, thương binh và xã hội; Tổ chức dịch vụ/Cơ sở giáo dục",3.0,104/2022/NĐ-CP; 25/2008/QH12; 46/2014/QH13; 102/2018/TT-BTC; 3510/QĐ-BHXH; 948/QĐ-BHXH; 146/2018/NĐ-CP; 490/QĐ-BHXH; 505/QĐ-BHXH; 838/QĐ-BHXH; 888/QĐ-BHXH
1.001939,"Đăng ký đóng, cấp thẻ BHYT đối với người chỉ tham gia BHYT",Trường hợp,3,3. Phòng/Tổ chế độ BHXH,1.0,104/2022/NĐ-CP; 25/2008/QH12; 46/2014/QH13; 102/2018/TT-BTC; 3510/QĐ-BHXH; 948/QĐ-BHXH; 146/2018/NĐ-CP; 490/QĐ-BHXH; 505/QĐ-BHXH; 838/QĐ-BHXH; 888/QĐ-BHXH
1.001939,"Đăng ký đóng, cấp thẻ BHYT đối với người chỉ tham gia BHYT",Trường hợp,4,4. Trường hợp hoàn trả tiền đã đóng,2.0,104/2022/NĐ-CP; 25/2008/QH12; 46/2014/QH13; 102/2018/TT-BTC; 3510/QĐ-BHXH; 948/QĐ-BHXH; 146/2018/NĐ-CP; 490/QĐ-BHXH; 505/QĐ-BHXH; 838/QĐ-BHXH; 888/QĐ-BHXH
1.002051,"Đăng ký, điều chỉnh đóng BHXH, BHYT, BHTN, BHTNLĐ, BNN; cấp sổ BHXH, t",Trường hợp,1,"1. Đối với người tham gia BHXH bắt buộc, BHYT, BHTN, BHTNLĐ, BNN",2.0,2222/QĐ-BHXH; 1040/QĐ-BHXH; 38/2013/QH13; 46/2014/QH13; 505/QĐ-BHXH; 838/QĐ-BHXH; 888/QĐ-BHXH; 28/2015/NĐ-CP; 58/2014/QH13; 948/QĐ-BHXH; 28/2015/TT-BLĐTBXH; 104/2022/NĐ-CP; 115/2015/NĐ-CP; 146/2018/NĐ-CP; 25/2008/QH12; 490/QĐ-BHXH; 01/2013/TT-BVHTTDL; 58/2020/NĐ-CP; 88/2020/NĐ-CP
1.002051,"Đăng ký, điều chỉnh đóng BHXH, BHYT, BHTN, BHTNLĐ, BNN; cấp sổ BHXH, t",Trường hợp,2,2. Đối với người đi làm việc ở nước ngoài theo hợp đồng,2.0,2222/QĐ-BHXH; 1040/QĐ-BHXH; 38/2013/QH13; 46/2014/QH13; 505/QĐ-BHXH; 838/QĐ-BHXH; 888/QĐ-BHXH; 28/2015/NĐ-CP; 58/2014/QH13; 948/QĐ-BHXH; 28/2015/TT-BLĐTBXH; 104/2022/NĐ-CP; 115/2015/NĐ-CP; 146/2018/NĐ-CP; 25/2008/QH12; 490/QĐ-BHXH; 01/2013/TT-BVHTTDL; 58/2020/NĐ-CP; 88/2020/NĐ-CP
1.002051,"Đăng ký, điều chỉnh đóng BHXH, BHYT, BHTN, BHTNLĐ, BNN; cấp sổ BHXH, t",Trường hợp,3,3. Đối với người hưởng chế độ phu nhân hoặc phu quân tại cơ quan đại diện Việt Nam ở nước ngoài,1.0,2222/QĐ-BHXH; 1040/QĐ-BHXH; 38/2013/QH13; 46/2014/QH13; 505/QĐ-BHXH; 838/QĐ-BHXH; 888/QĐ-BHXH; 28/2015/NĐ-CP; 58/2014/QH13; 948/QĐ-BHXH; 28/2015/TT-BLĐTBXH; 104/2022/NĐ-CP; 115/2015/NĐ-CP; 146/2018/NĐ-CP; 25/2008/QH12; 490/QĐ-BHXH; 01/2013/TT-BVHTTDL; 58/2020/NĐ-CP; 88/2020/NĐ-CP
1.002051,"Đăng ký, điều chỉnh đóng BHXH, BHYT, BHTN, BHTNLĐ, BNN; cấp sổ BHXH, t",Trường hợp,4,"4. NLĐ và người đang bảo lưu thời gian đóng BHXH bắt buộc còn thiếu tối đa 06 tháng để đủ điều kiện hưởng lương hưu hoặc trợ cấp tuất hằng tháng, NLĐ hoặc thân nhân NLĐ chết kèm theo các giấy tờ",2.0,2222/QĐ-BHXH; 1040/QĐ-BHXH; 38/2013/QH13; 46/2014/QH13; 505/QĐ-BHXH; 838/QĐ-BHXH; 888/QĐ-BHXH; 28/2015/NĐ-CP; 58/2014/QH13; 948/QĐ-BHXH; 28/2015/TT-BLĐTBXH; 104/2022/NĐ-CP; 115/2015/NĐ-CP; 146/2018/NĐ-CP; 25/2008/QH12; 490/QĐ-BHXH; 01/2013/TT-BVHTTDL; 58/2020/NĐ-CP; 88/2020/NĐ-CP
1.002051,"Đăng ký, điều chỉnh đóng BHXH, BHYT, BHTN, BHTNLĐ, BNN; cấp sổ BHXH, t",Trường hợp,5,"5. Đối với NLĐ có từ 02 sổ BHXH trở lên có thời gian đóng BHXH, BHTN trùng nhau",2.0,2222/QĐ-BHXH; 1040/QĐ-BHXH; 38/2013/QH13; 46/2014/QH13; 505/QĐ-BHXH; 838/QĐ-BHXH; 888/QĐ-BHXH; 28/2015/NĐ-CP; 58/2014/QH13; 948/QĐ-BHXH; 28/2015/TT-BLĐTBXH; 104/2022/NĐ-CP; 115/2015/NĐ-CP; 146/2018/NĐ-CP; 25/2008/QH12; 490/QĐ-BHXH; 01/2013/TT-BVHTTDL; 58/2020/NĐ-CP; 88/2020/NĐ-CP
1.002051,"Đăng ký, điều chỉnh đóng BHXH, BHYT, BHTN, BHTNLĐ, BNN; cấp sổ BHXH, t",Trường hợp,6,6. Đối với đơn vị SDLĐ,4.0,2222/QĐ-BHXH; 1040/QĐ-BHXH; 38/2013/QH13; 46/2014/QH13; 505/QĐ-BHXH; 838/QĐ-BHXH; 888/QĐ-BHXH; 28/2015/NĐ-CP; 58/2014/QH13; 948/QĐ-BHXH; 28/2015/TT-BLĐTBXH; 104/2022/NĐ-CP; 115/2015/NĐ-CP; 146/2018/NĐ-CP; 25/2008/QH12; 490/QĐ-BHXH; 01/2013/TT-BVHTTDL; 58/2020/NĐ-CP; 88/2020/NĐ-CP
1.002179,"Đăng ký, đăng ký lại, điều chỉnh đóng BHXH tự nguyện; cấp sổ BHXH",Trường hợp,1,1. Người tham gia,3.0,104/2022/NĐ-CP; 505/QĐ-BHXH; 838/QĐ-BHXH; 888/QĐ-BHXH; 58/2014/QH13; 948/QĐ-BHXH; 01/2016/TT-BLĐTBXH; 490/QĐ-BHXH; 134/2015/NĐ-CP; 102/2018/TT-BTC
1.002179,"Đăng ký, đăng ký lại, điều chỉnh đóng BHXH tự nguyện; cấp sổ BHXH",Trường hợp,2,2. Đại lý thu,2.0,104/2022/NĐ-CP; 505/QĐ-BHXH; 838/QĐ-BHXH; 888/QĐ-BHXH; 58/2014/QH13; 948/QĐ-BHXH; 01/2016/TT-BLĐTBXH; 490/QĐ-BHXH; 134/2015/NĐ-CP; 102/2018/TT-BTC
1.002357,Cấp lại Giấy phép vận tải đường bộ quốc tế giữa Việt Nam và Trung Quốc,Trường hợp,1,"* Đối với trường hợp Giấy phép vận tải loại A, E; Giấy phép vận tải loại B, C, F, G lần đầu trong năm bị hư hỏng, bị mất",7.0,158/2024/NĐ-CP
1.002357,Cấp lại Giấy phép vận tải đường bộ quốc tế giữa Việt Nam và Trung Quốc,Trường hợp,2,"* Đối với trường hợp Giấy phép vận tải loại B, C, F, G lần thứ hai trở đi trong năm bị hư hỏng, bị mất",1.0,158/2024/NĐ-CP
1.002613,Cấp lại Giấy chứng nhận đủ điều kiện hoạt động kiểm định kỹ thuật an t,Trường hợp,1,"- Đối với Giấy chứng nhận bị mất, hỏng, hồ sơ gồm:",2.0,84/2024/NĐ-CP; 24/2026/NQ-CP; 44/2016/NĐ-CP; 64/2025/TT-BCT; 140/2018/NĐ-CP; 04/2023/NĐ-CP; 110/2017/TT-BTC; 84/2015/QH13
1.002613,Cấp lại Giấy chứng nhận đủ điều kiện hoạt động kiểm định kỹ thuật an t,Trường hợp,2,"- Đối với trường hợp bổ sung, sửa đổi Giấy chứng nhận, hồ sơ gồm:",3.0,84/2024/NĐ-CP; 24/2026/NQ-CP; 44/2016/NĐ-CP; 64/2025/TT-BCT; 140/2018/NĐ-CP; 04/2023/NĐ-CP; 110/2017/TT-BTC; 84/2015/QH13
1.002759,"Cấp lại, đổi, điều chỉnh thông tin trên sổ BHXH, thẻ BHYT",Trường hợp,1,"A - Đối với cấp lại, đổi, điều chỉnh thông tin trên sổ BHXH",13.0,104/2022/NĐ-CP; 123/2015/NĐ-CP; 01/2013/TT-BVHTTDL; 948/QĐ-BHXH; 01/2016/TT-BLĐTBXH; 01/2019/TT-BLĐTBXH; 28/2015/TT-BLĐTBXH; 115/2015/NĐ-CP; 146/2018/NĐ-CP; 25/2008/QH12; 250/QĐ-TT; 490/QĐ-BHXH; 2754/BHXH-CSXH; 4533/BHXH-CSXH; 838/QĐ-BHXH; 888/QĐ-BHXH; 13/TT-NV; 28/2015/NĐ-CP; 58/2014/QH13; 13-TB/TW; 134/2015/NĐ-CP; 38/2013/QH13; 46/2014/QH13; 18/2009/TTLT
1.002759,"Cấp lại, đổi, điều chỉnh thông tin trên sổ BHXH, thẻ BHYT",Trường hợp,2,"B - Đối với cấp lại, đổi, điều chỉnh thông tin trên thẻ BHYT:",4.0,104/2022/NĐ-CP; 123/2015/NĐ-CP; 01/2013/TT-BVHTTDL; 948/QĐ-BHXH; 01/2016/TT-BLĐTBXH; 01/2019/TT-BLĐTBXH; 28/2015/TT-BLĐTBXH; 115/2015/NĐ-CP; 146/2018/NĐ-CP; 25/2008/QH12; 250/QĐ-TT; 490/QĐ-BHXH; 2754/BHXH-CSXH; 4533/BHXH-CSXH; 838/QĐ-BHXH; 888/QĐ-BHXH; 13/TT-NV; 28/2015/NĐ-CP; 58/2014/QH13; 13-TB/TW; 134/2015/NĐ-CP; 38/2013/QH13; 46/2014/QH13; 18/2009/TTLT
1.002817,"Cấp, cấp lại Giấy phép liên vận GMS hoặc sổ TAD",Trường hợp,1,"* Trường hợp cấp lại khi Giấy phép liên vận GMS hoặc sổ TAD bị hư hỏng, bị mất",1.0,144/2025/NĐ-CP; 158/2024/NĐ-CP
1.002817,"Cấp, cấp lại Giấy phép liên vận GMS hoặc sổ TAD",Trường hợp,2,* Trường hợp cấp mới; cấp lại khi Giấy phép liên vận GMS hoặc sổ TAD hết thời hạn sử dụng hoặc còn thời hạn sử dụng nhưng hết trang đóng dấu xác nhận của các cơ quan quản lý tại cửa khẩu,2.0,144/2025/NĐ-CP; 158/2024/NĐ-CP
1.002856,"Cấp, cấp lại Giấy phép liên vận giữa Việt Nam và Lào",Trường hợp,1,* Trường hợp cấp; cấp lại khi Giấy phép liên vận giữa Việt Nam và Lào hết thời hạn sử dụng hoặc còn thời hạn sử dụng nhưng hết trang đóng dấu xác nhận của các cơ quan quản lý tại cửa khẩu,8.0,158/2024/NĐ-CP
1.002856,"Cấp, cấp lại Giấy phép liên vận giữa Việt Nam và Lào",Trường hợp,2,"* Trường hợp cấp; cấp lại khi Giấy phép liên vận giữa Việt Nam và bị hư hỏng, bị mất",1.0,158/2024/NĐ-CP
1.002877,"Cấp, cấp lại Giấy phép liên vận giữa Việt Nam, Lào và Campuchia",Trường hợp,1,"* Trường hợp cấp lại khi Giấy phép liên vận giữa Việt Nam, Lào và Campuchia bị hư hỏng, bị mất",4.0,158/2024/NĐ-CP; 144/2025/NĐ-CP
1.002877,"Cấp, cấp lại Giấy phép liên vận giữa Việt Nam, Lào và Campuchia",Trường hợp,2,"* Trường hợp cấp; cấp lại khi Giấy phép liên vận giữa Việt Nam, Lào và Campuchia hết thời hạn sử dụng hoặc còn thời hạn sử dụng nhưng hết trang đóng dấu xác nhận của các cơ quan quản lý tại cửa khẩu",7.0,158/2024/NĐ-CP; 144/2025/NĐ-CP
1.003005,Giải quyết việc người nước ngoài cư trú ở khu vực biên giới nước láng,Trường hợp,1,Hồ sơ của người nhận con nuôi:,7.0,10/2020/TT-BTP; 18/2026/NĐ-CP; 104/2022/NĐ-CP; 06/2025/NĐ-CP; 07/2023/TT-BTP; 120/2025/NĐ-CP
1.003005,Giải quyết việc người nước ngoài cư trú ở khu vực biên giới nước láng,Trường hợp,2,Hồ sơ của người được nhận làm con nuôi:,5.0,10/2020/TT-BTP; 18/2026/NĐ-CP; 104/2022/NĐ-CP; 06/2025/NĐ-CP; 07/2023/TT-BTP; 120/2025/NĐ-CP
1.003005,Giải quyết việc người nước ngoài cư trú ở khu vực biên giới nước láng,Trường hợp,3,Lưu ý,2.0,10/2020/TT-BTP; 18/2026/NĐ-CP; 104/2022/NĐ-CP; 06/2025/NĐ-CP; 07/2023/TT-BTP; 120/2025/NĐ-CP
1.003160,Giải quyết việc người nước ngoài thường trú ở Việt Nam nhận trẻ em Việ,Trường hợp,1,Hồ sơ của người nhận con nuôi,6.0,18/2026/NĐ-CP; 10/2020/TT-BTP; 104/2022/NĐ-CP; 19/2011/NĐ-CP; 52/2010/QH12; 120/2025/NĐ-CP; 07/2023/TT-BTP; 06/2025/NĐ-CP
1.003160,Giải quyết việc người nước ngoài thường trú ở Việt Nam nhận trẻ em Việ,Trường hợp,2,Hồ sơ của người được nhận làm con nuôi:,5.0,18/2026/NĐ-CP; 10/2020/TT-BTP; 104/2022/NĐ-CP; 19/2011/NĐ-CP; 52/2010/QH12; 120/2025/NĐ-CP; 07/2023/TT-BTP; 06/2025/NĐ-CP
1.003160,Giải quyết việc người nước ngoài thường trú ở Việt Nam nhận trẻ em Việ,Trường hợp,3,Lưu ý,1.0,18/2026/NĐ-CP; 10/2020/TT-BTP; 104/2022/NĐ-CP; 19/2011/NĐ-CP; 52/2010/QH12; 120/2025/NĐ-CP; 07/2023/TT-BTP; 06/2025/NĐ-CP
1.003213,Thủ tục Đăng ký việc nuôi con nuôi tại Cơ quan đại diện Việt Nam ở nướ,Trường hợp,1,Hồ sơ của người nhận con nuôi,5.0,07/2023/TT-BTP; 06/2025/NĐ-CP; 120/2025/NĐ-CP; 114/2016/NĐ-CP; 10/2020/TT-BTP; 52/2010/QH12; 19/2011/NĐ-CP; 18/2026/NĐ-CP; 267/2016/TT-BTC
1.003213,Thủ tục Đăng ký việc nuôi con nuôi tại Cơ quan đại diện Việt Nam ở nướ,Trường hợp,2,Hồ sơ của người được nhận làm con nuôi,4.0,07/2023/TT-BTP; 06/2025/NĐ-CP; 120/2025/NĐ-CP; 114/2016/NĐ-CP; 10/2020/TT-BTP; 52/2010/QH12; 19/2011/NĐ-CP; 18/2026/NĐ-CP; 267/2016/TT-BTC
1.003236,Thủ tục Sửa đổi giấy phép hoạt động của tổ chức con nuôi nước ngoài tạ,Trường hợp,1,Thay đổi người đứng đầu Văn phòng con nuôi nước ngoài tại Việt Nam,4.0,11/2021/TT-BTP; 18/2026/NĐ-CP; 10/2020/TT-BTP; 08/2025/TT-BTP; 52/2010/QH12; 19/2011/NĐ-CP; 07/2023/TT-BTP; 120/2025/NĐ-CP; 06/2025/NĐ-CP; 01/2025/TT-BTP
1.003236,Thủ tục Sửa đổi giấy phép hoạt động của tổ chức con nuôi nước ngoài tạ,Trường hợp,2,"Thay đổi tên gọi, địa điểm đặt trụ sở chính tại nước nơi tổ chức được thành lập, thay đổi trụ sở của Văn phòng con nuôi nước ngoài tại Việt Nam",4.0,11/2021/TT-BTP; 18/2026/NĐ-CP; 10/2020/TT-BTP; 08/2025/TT-BTP; 52/2010/QH12; 19/2011/NĐ-CP; 07/2023/TT-BTP; 120/2025/NĐ-CP; 06/2025/NĐ-CP; 01/2025/TT-BTP
1.003976,Giải quyết việc nuôi con nuôi có yếu tố nước ngoài đối với trẻ em sống,Trường hợp,1,Hồ sơ của người nhận con nuôi,9.0,267/2016/TT-BTC; 07/2023/TT-BTP; 06/2025/NĐ-CP; 120/2025/NĐ-CP; 24/2019/NĐ-CP; 10/2020/TT-BTP; 19/2011/NĐ-CP; 52/2010/QH12; 08/2025/TT-BTP; 146/2012/TTLT-BTC-BTP; 21/2011/TT-BTP; 11/2021/TT-BTP; 114/2016/NĐ-CP; 18/2026/NĐ-CP
1.003976,Giải quyết việc nuôi con nuôi có yếu tố nước ngoài đối với trẻ em sống,Trường hợp,2,Hồ sơ của người được nhận làm con nuôi,8.0,267/2016/TT-BTC; 07/2023/TT-BTP; 06/2025/NĐ-CP; 120/2025/NĐ-CP; 24/2019/NĐ-CP; 10/2020/TT-BTP; 19/2011/NĐ-CP; 52/2010/QH12; 08/2025/TT-BTP; 146/2012/TTLT-BTC-BTP; 21/2011/TT-BTP; 11/2021/TT-BTP; 114/2016/NĐ-CP; 18/2026/NĐ-CP
1.004878,Giải quyết việc nuôi con nuôi có yếu tố nước ngoài đối với trường hợp,Trường hợp,1,Hồ sơ của người nhận con nuôi:,10.0,18/2026/NĐ-CP; 104/2022/NĐ-CP; 10/2020/TT-BTP; 08/2025/TT-BTP; 52/2010/QH12; 06/2025/NĐ-CP; 24/2019/NĐ-CP; 07/2023/TT-BTP; 120/2025/NĐ-CP; 114/2016/NĐ-CP; 19/2011/NĐ-CP; 267/2016/TT-BTC
1.004878,Giải quyết việc nuôi con nuôi có yếu tố nước ngoài đối với trường hợp,Trường hợp,2,Hồ sơ của người được nhận làm con nuôi,6.0,18/2026/NĐ-CP; 104/2022/NĐ-CP; 10/2020/TT-BTP; 08/2025/TT-BTP; 52/2010/QH12; 06/2025/NĐ-CP; 24/2019/NĐ-CP; 07/2023/TT-BTP; 120/2025/NĐ-CP; 114/2016/NĐ-CP; 19/2011/NĐ-CP; 267/2016/TT-BTC
1.004993,Cấp lại Giấy chứng nhận giáo viên dạy thực hành lái xe,Trường hợp,1,"* Trường hợp bị mất, bị hỏng:",2.0,94/2026/NĐ-CP; 24/2026/NQ-CP
1.004993,Cấp lại Giấy chứng nhận giáo viên dạy thực hành lái xe,Trường hợp,2,"* Trường hợp có sự thay đổi về nội dung (Trường hợp giấy tờ quy định đã được tích hợp vào tài khoản định danh điện tử thì việc xuất trình, kiểm tra có thể thực hiện thông qua tài khoản định danh điện tử)",3.0,94/2026/NĐ-CP; 24/2026/NQ-CP
1.005027,"Đề nghị cấp giấy phép cho lực lượng, phương tiện nước ngoài vào tìm ki",Trường hợp,1,"Hồ sơ đề nghị cấp phép cho tàu bay dân dụng và các lực lượng đi kèm theo phương tiện, bao gồm:",4.0,15/2015/TTLT-BGTVT-BQP-BCA-BNG
1.005027,"Đề nghị cấp giấy phép cho lực lượng, phương tiện nước ngoài vào tìm ki",Trường hợp,2,"Hồ sơ đề nghị cấp phép cho tàu bay quân sự, tàu bay không người lái, các lực lượng đi kèm theo phương tiện, bao gồm",4.0,15/2015/TTLT-BGTVT-BQP-BCA-BNG
1.005027,"Đề nghị cấp giấy phép cho lực lượng, phương tiện nước ngoài vào tìm ki",Trường hợp,3,"Hồ sơ đề nghị cấp phép cho tàu biển hoặc phương tiện thủy nội địa hoặc phương tiện giao thông đường sắt hoặc phương tiện giao thông đường bộ hoặc các tàu, thuyền quân sự và các lực lượng đi kèm theo phương tiện, bao gồm:",7.0,15/2015/TTLT-BGTVT-BQP-BCA-BNG
1.005129,Đăng ký hợp đồng cung ứng lao động của doanh nghiệp hoạt động dịch vụ,Trường hợp,2,"(3) Tài liệu chứng minh việc đưa người lao động Việt Nam đi làm việc ở nước ngoài phù hợp với pháp luật của nước tiếp nhận lao động theo quy định tại khoản 2 Điều 1 Thông tư số 09/2026/TT-BNV, cụ thể gồm:",1.0,69/2020/QH14; 09/2026/TT-BNV; 21/2021/TT-BLĐTBXH; 25/2025/NĐ-CP; 190/2025/NQ-QH15
1.005129,Đăng ký hợp đồng cung ứng lao động của doanh nghiệp hoạt động dịch vụ,Trường hợp,3,"- Đối với thị trường Nhật Bản, Chương trình thuyền viên tàu cá gần bờ của thị trường Hàn Quốc:",2.0,69/2020/QH14; 09/2026/TT-BNV; 21/2021/TT-BLĐTBXH; 25/2025/NĐ-CP; 190/2025/NQ-QH15
1.005129,Đăng ký hợp đồng cung ứng lao động của doanh nghiệp hoạt động dịch vụ,Trường hợp,4,"- Đối với các nước, vùng lãnh thổ khác, trường hợp bên nước ngoài tiếp nhận lao động là người sử dụng lao động, tài liệu chứng minh bao gồm:",2.0,69/2020/QH14; 09/2026/TT-BNV; 21/2021/TT-BLĐTBXH; 25/2025/NĐ-CP; 190/2025/NQ-QH15
1.005129,Đăng ký hợp đồng cung ứng lao động của doanh nghiệp hoạt động dịch vụ,Trường hợp,5,"- Đối với các nước, vùng lãnh thổ nêu tại khoản 3 Điều 5 Thông tư số 21/2021/TT-BLĐTBXH (được sửa đổi tại khoản 2 Điều 1 Thông tư số 09/2026/TT-BNV), trường hợp bên nước ngoài tiếp nhận lao động là tổ chức dịch vụ việc làm, tài liệu chứng minh bao gồm:",3.0,69/2020/QH14; 09/2026/TT-BNV; 21/2021/TT-BLĐTBXH; 25/2025/NĐ-CP; 190/2025/NQ-QH15
1.005136,Cấp Giấy xác nhận có quốc tịch Việt Nam ở trong nước,Trường hợp,1,- Trường hợp không có giấy tờ chứng minh quốc tịch Việt Nam:,3.0,191/2025/NĐ-CP; 24/2008/QH12; 12/2025/TT-BTP; 79/2025/QH15; 66.7/2025/NQ-CP
1.005136,Cấp Giấy xác nhận có quốc tịch Việt Nam ở trong nước,Trường hợp,2,- Trường hợp có giấy tờ chứng minh quốc tịch Việt Nam:,3.0,191/2025/NĐ-CP; 24/2008/QH12; 12/2025/TT-BTP; 79/2025/QH15; 66.7/2025/NQ-CP
1.005137,Cấp Giấy xác nhận có quốc tịch Việt Nam ở nước ngoài,Trường hợp,1,- Trường hợp không có giấy tờ chứng minh quốc tịch Việt Nam:,3.0,191/2025/NĐ-CP; 66.7/2025/NQ-CP; 79/2025/QH15; 12/2025/TT-BTP; 24/2008/QH12; 264/2016/TT-BTC
1.005137,Cấp Giấy xác nhận có quốc tịch Việt Nam ở nước ngoài,Trường hợp,2,- Trường hợp có giấy tờ chứng minh quốc tịch Việt Nam:,3.0,191/2025/NĐ-CP; 66.7/2025/NQ-CP; 79/2025/QH15; 12/2025/TT-BTP; 24/2008/QH12; 264/2016/TT-BTC
1.009122,"Cấp giấy phép xây dựng có thời hạn đối với công trình, nhà ở riêng lẻ",Trường hợp,1,Đối với nhà ở riêng lẻ tại đô thị:,10.0,40/2029/QH14; 06/2021/NĐ-CP; 15/2021/NĐ-CP; 16/2022/NĐ-CP; 06/2021/TT-BXD; 53/2017/NĐ-CP; 57/2016/NQ-HĐND; 02/2016/QH14; 38/2021/QĐ-UBND; 72/2020/QH14; 85/2020/NĐ-CP; 136/2020/NĐ-CP; 50/2014/QH13
1.009122,"Cấp giấy phép xây dựng có thời hạn đối với công trình, nhà ở riêng lẻ",Trường hợp,2,Đối với công trình,7.0,40/2029/QH14; 06/2021/NĐ-CP; 15/2021/NĐ-CP; 16/2022/NĐ-CP; 06/2021/TT-BXD; 53/2017/NĐ-CP; 57/2016/NQ-HĐND; 02/2016/QH14; 38/2021/QĐ-UBND; 72/2020/QH14; 85/2020/NĐ-CP; 136/2020/NĐ-CP; 50/2014/QH13
1.009122,"Cấp giấy phép xây dựng có thời hạn đối với công trình, nhà ở riêng lẻ",Trường hợp,3,"Đối với trường hợp sửa chữa, cải tạo",5.0,40/2029/QH14; 06/2021/NĐ-CP; 15/2021/NĐ-CP; 16/2022/NĐ-CP; 06/2021/TT-BXD; 53/2017/NĐ-CP; 57/2016/NQ-HĐND; 02/2016/QH14; 38/2021/QĐ-UBND; 72/2020/QH14; 85/2020/NĐ-CP; 136/2020/NĐ-CP; 50/2014/QH13
1.009346,Xét tặng giải thưởng Đặng Văn Ngữ trong lĩnh vực Y tế dự phòng,Trường hợp,1,"Thành phần, số lượng hồ sơ trình Hội đồng cấp Bộ",5.0,23/2020/TT-BYT; 75/2017/NĐ-CP
1.009346,Xét tặng giải thưởng Đặng Văn Ngữ trong lĩnh vực Y tế dự phòng,Trường hợp,2,"Thành phần, số lượng hồ sơ trình Hội đồng cấp cơ sở",6.0,23/2020/TT-BYT; 75/2017/NĐ-CP
1.009488,"Thẩm định báo cáo nghiên cứu khả thi, phê duyệt dự án, điều chỉnh dự á",Trường hợp,1,"a) Đối với trình tự đề xuất, thẩm định, phê duyệt dự án BT không yêu cầu thanh toán do nhà đầu tư đề xuất - Văn bản chấp thuận việc nhà đầu tư đề xuất dự án gồm các nội dung sau:",5.0,243/2025/NĐ-CP; 29/2021/NĐ-CP; 64/2020/QH14; 03/2022/QH15; 90/2025/QH15; 57/2024/QH15
1.009488,"Thẩm định báo cáo nghiên cứu khả thi, phê duyệt dự án, điều chỉnh dự á",Trường hợp,2,"b) Đối với trình tự điều chỉnh nội dung báo cáo nghiên cứu khả thi, phê duyệt điều chỉnh dự án PPP do nhà đầu tư đề xuất - Hồ sơ đề nghị phê duyệt điều chỉnh dự án BT không yêu cầu thanh toán do nhà đầu tư đề xuất bao gồm:",6.0,243/2025/NĐ-CP; 29/2021/NĐ-CP; 64/2020/QH14; 03/2022/QH15; 90/2025/QH15; 57/2024/QH15
1.009492,"Thẩm định báo cáo nghiên cứu khả thi, phê duyệt dự án, điều chỉnh dự á",Trường hợp,1,"a) Đối với trình tự đề xuất, thẩm định, phê duyệt dự án BT không yêu cầu thanh toán do nhà đầu tư đề xuất - Văn bản chấp thuận việc nhà đầu tư đề xuất dự án gồm các nội dung sau:",5.0,243/2025/NĐ-CP; 57/2024/QH15; 90/2025/QH15; 64/2020/QH14; 03/2022/QH15; 29/2021/NĐ-CP
1.009492,"Thẩm định báo cáo nghiên cứu khả thi, phê duyệt dự án, điều chỉnh dự á",Trường hợp,2,"b) Đối với trình tự điều chỉnh nội dung báo cáo nghiên cứu khả thi, phê duyệt điều chỉnh dự án PPP do nhà đầu tư đề xuất - Hồ sơ đề nghị phê duyệt điều chỉnh dự án BT không yêu cầu thanh toán do nhà đầu tư đề xuất bao gồm:",5.0,243/2025/NĐ-CP; 57/2024/QH15; 90/2025/QH15; 64/2020/QH14; 03/2022/QH15; 29/2021/NĐ-CP
1.009627,Thủ tục chấp thuận chủ trương đầu tư thuộc thẩm quyền của Thủ tướng Ch,Trường hợp,1,"(Trường hợp khai thác, sử dụng được thông tin về tài liệu tư cách pháp lý của nhà đầu tư, Giấy chứng nhận đăng ký đầu tư, Quyết định chấp thuận chủ trương đầu tư, Giấy chứng nhận quyền sử dụng đất hoặc các văn bản, giấy tờ khác mà đã có trong các cơ sở dữ liệu để thay thế thành phần hồ sơ giải quyết thủ tục hành chính thì hồ sơ không bao gồm bản sao của các giấy tờ này)",0.0,96/2026/NĐ-CP; 55/2026/TT-BTC; 143/2025/QH15
1.009627,Thủ tục chấp thuận chủ trương đầu tư thuộc thẩm quyền của Thủ tướng Ch,Trường hợp,2,Hồ sơ đề nghị chấp thuận chủ trương đầu tư dự án đầu tư do nhà đầu tư đề xuất bao gồm,8.0,96/2026/NĐ-CP; 55/2026/TT-BTC; 143/2025/QH15
1.009627,Thủ tục chấp thuận chủ trương đầu tư thuộc thẩm quyền của Thủ tướng Ch,Trường hợp,3,Hồ sơ đề nghị chấp thuận chủ trương đầu tư dự án đầu tư do cơ quan nhà nước có thẩm quyền lập bao gồm,3.0,96/2026/NĐ-CP; 55/2026/TT-BTC; 143/2025/QH15
1.009627,Thủ tục chấp thuận chủ trương đầu tư thuộc thẩm quyền của Thủ tướng Ch,Trường hợp,4,"Tài liệu, giấy tờ giải trình đề xuất hình thức lựa chọn nhà đầu trong hai trường hợp nêu trên gồm",4.0,96/2026/NĐ-CP; 55/2026/TT-BTC; 143/2025/QH15
1.009627,Thủ tục chấp thuận chủ trương đầu tư thuộc thẩm quyền của Thủ tướng Ch,Trường hợp,5,"Đối với dự án đầu tư xây dựng, đề xuất dự án đầu tư gồm",2.0,96/2026/NĐ-CP; 55/2026/TT-BTC; 143/2025/QH15
1.009628,Thủ tục điều chỉnh dự án đầu tư thuộc thẩm quyền chấp thuận chủ trương,Trường hợp,1,"Đối với trường hợp 1, hồ sơ bao gồm",4.0,96/2026/NĐ-CP; 55/2026/TT-BTC; 143/2025/QH15
1.009628,Thủ tục điều chỉnh dự án đầu tư thuộc thẩm quyền chấp thuận chủ trương,Trường hợp,2,"Đối với trường hợp 2, hồ sơ bao gồm",7.0,96/2026/NĐ-CP; 55/2026/TT-BTC; 143/2025/QH15
1.009628,Thủ tục điều chỉnh dự án đầu tư thuộc thẩm quyền chấp thuận chủ trương,Trường hợp,3,"Đối với trường hợp 3, hồ sơ bao gồm",10.0,96/2026/NĐ-CP; 55/2026/TT-BTC; 143/2025/QH15
1.009628,Thủ tục điều chỉnh dự án đầu tư thuộc thẩm quyền chấp thuận chủ trương,Trường hợp,4,"Đối với trường hợp 4, hồ sơ bao gồm",9.0,96/2026/NĐ-CP; 55/2026/TT-BTC; 143/2025/QH15
1.009628,Thủ tục điều chỉnh dự án đầu tư thuộc thẩm quyền chấp thuận chủ trương,Trường hợp,5,"Đối với trường hợp 5, hồ sơ bao gồm",5.0,96/2026/NĐ-CP; 55/2026/TT-BTC; 143/2025/QH15
1.009628,Thủ tục điều chỉnh dự án đầu tư thuộc thẩm quyền chấp thuận chủ trương,Trường hợp,6,"Đối với trường hợp 6, hồ sơ bao gồm",6.0,96/2026/NĐ-CP; 55/2026/TT-BTC; 143/2025/QH15
1.009628,Thủ tục điều chỉnh dự án đầu tư thuộc thẩm quyền chấp thuận chủ trương,Trường hợp,7,"Đối với trường hợp 7, hồ sơ bao gồm",7.0,96/2026/NĐ-CP; 55/2026/TT-BTC; 143/2025/QH15
1.009628,Thủ tục điều chỉnh dự án đầu tư thuộc thẩm quyền chấp thuận chủ trương,Trường hợp,8,"Đối với trường hợp 8, hồ sơ bao gồm",4.0,96/2026/NĐ-CP; 55/2026/TT-BTC; 143/2025/QH15
1.009628,Thủ tục điều chỉnh dự án đầu tư thuộc thẩm quyền chấp thuận chủ trương,Trường hợp,9,"(Trường hợp khai thác, sử dụng được thông tin về tài liệu tư cách pháp lý của nhà đầu tư, Giấy chứng nhận đăng ký đầu tư, Quyết định chấp thuận chủ trương đầu tư, Giấy chứng nhận quyền sử dụng đất hoặc các văn bản, giấy tờ khác mà đã có trong các cơ sở dữ liệu để thay thế thành phần hồ sơ giải quyết thủ tục hành chính thì hồ sơ không bao gồm bản sao của các giấy tờ này)",0.0,96/2026/NĐ-CP; 55/2026/TT-BTC; 143/2025/QH15
1.009645,Thủ tục chấp thuận chủ trương đầu tư thuộc thẩm quyền của Chủ tịch Uỷ,Trường hợp,1,"Đối với trường hợp 1, hồ sơ bao gồm: (1) Hồ sơ đề nghị chấp thuận chủ trương đầu tư dự án đầu tư do nhà đầu tư đề xuất bao gồm:",8.0,143/2025/QH15; 96/2026/NĐ-CP; 55/2026/TT-BTC
1.009645,Thủ tục chấp thuận chủ trương đầu tư thuộc thẩm quyền của Chủ tịch Uỷ,Trường hợp,2,2. Hồ sơ đề nghị chấp thuận chủ trương đầu tư dự án đầu tư do nhà đầu tư đề xuất bao gồm:,3.0,143/2025/QH15; 96/2026/NĐ-CP; 55/2026/TT-BTC
1.009645,Thủ tục chấp thuận chủ trương đầu tư thuộc thẩm quyền của Chủ tịch Uỷ,Trường hợp,3,"3. Đối với dự án đầu tư xây dựng, đề xuất dự án đầu tư gồm:",4.0,143/2025/QH15; 96/2026/NĐ-CP; 55/2026/TT-BTC
1.009645,Thủ tục chấp thuận chủ trương đầu tư thuộc thẩm quyền của Chủ tịch Uỷ,Trường hợp,4,"4. Trường hợp pháp luật về xây dựng quy định lập báo cáo nghiên cứu tiền khả thi thì cơ quan nhà nước có thẩm quyền được sử dụng báo cáo nghiên cứu tiền khả thi thay cho đề xuất dự án đầu tư. - Tài liệu, giấy tờ giải trình đề xuất hình thức lựa chọn nhà đầu trong hai trường hợp nêu trên gồm",2.0,143/2025/QH15; 96/2026/NĐ-CP; 55/2026/TT-BTC
1.009645,Thủ tục chấp thuận chủ trương đầu tư thuộc thẩm quyền của Chủ tịch Uỷ,Trường hợp,5,"Đối với trường hợp 2, hồ sơ bao gồm:",7.0,143/2025/QH15; 96/2026/NĐ-CP; 55/2026/TT-BTC
1.009645,Thủ tục chấp thuận chủ trương đầu tư thuộc thẩm quyền của Chủ tịch Uỷ,Trường hợp,6,"(Trường hợp khai thác, sử dụng được thông tin về tài liệu tư cách pháp lý của nhà đầu tư, Giấy chứng nhận đăng ký đầu tư, Quyết định chấp thuận chủ trương đầu tư, Giấy chứng nhận quyền sử dụng đất hoặc các văn bản, giấy tờ khác mà đã có trong các cơ sở dữ liệu để thay thế thành phần hồ sơ giải quyết thủ tục hành chính thì hồ sơ không bao gồm bản sao của các giấy tờ này)",0.0,143/2025/QH15; 96/2026/NĐ-CP; 55/2026/TT-BTC
1.009646,Thủ tục chấp thuận điều chỉnh chủ trương đầu tư thuộc thẩm quyền của C,Trường hợp,1,"(1) Đối với trường hợp 1, hồ sơ bao gồm:",3.0,143/2025/QH15; 96/2026/NĐ-CP; 55/2026/TT-BTC
1.009646,Thủ tục chấp thuận điều chỉnh chủ trương đầu tư thuộc thẩm quyền của C,Trường hợp,2,"(2) Đối với trường hợp 2, hồ sơ bao gồm:",6.0,143/2025/QH15; 96/2026/NĐ-CP; 55/2026/TT-BTC
1.009646,Thủ tục chấp thuận điều chỉnh chủ trương đầu tư thuộc thẩm quyền của C,Trường hợp,3,"(3) Đối với trường hợp 3, hồ sơ bao gồm:",8.0,143/2025/QH15; 96/2026/NĐ-CP; 55/2026/TT-BTC
1.009646,Thủ tục chấp thuận điều chỉnh chủ trương đầu tư thuộc thẩm quyền của C,Trường hợp,4,"(4) Đối với trường hợp 4, hồ sơ bao gồm:",5.0,143/2025/QH15; 96/2026/NĐ-CP; 55/2026/TT-BTC
1.009646,Thủ tục chấp thuận điều chỉnh chủ trương đầu tư thuộc thẩm quyền của C,Trường hợp,5,"(5) Đối với trường hợp 5, hồ sơ bao gồm:",5.0,143/2025/QH15; 96/2026/NĐ-CP; 55/2026/TT-BTC
1.009646,Thủ tục chấp thuận điều chỉnh chủ trương đầu tư thuộc thẩm quyền của C,Trường hợp,6,"(6) Đối với trường hợp 6, hồ sơ bao gồm:",5.0,143/2025/QH15; 96/2026/NĐ-CP; 55/2026/TT-BTC
1.009646,Thủ tục chấp thuận điều chỉnh chủ trương đầu tư thuộc thẩm quyền của C,Trường hợp,7,"(7) Đối với trường hợp 7, hồ sơ bao gồm:",7.0,143/2025/QH15; 96/2026/NĐ-CP; 55/2026/TT-BTC
1.009646,Thủ tục chấp thuận điều chỉnh chủ trương đầu tư thuộc thẩm quyền của C,Trường hợp,8,"(8) Đối với trường hợp 8, hồ sơ bao gồm:",4.0,143/2025/QH15; 96/2026/NĐ-CP; 55/2026/TT-BTC
1.009646,Thủ tục chấp thuận điều chỉnh chủ trương đầu tư thuộc thẩm quyền của C,Trường hợp,9,"(9) Đối với trường hợp 9, hồ sơ bao gồm: - Đối với trường hợp chậm được bàn giao đất quy định tại khoản 5 Điều 28 Nghị định số 96/2026/NĐ-CP, hồ sơ gồm:",2.0,143/2025/QH15; 96/2026/NĐ-CP; 55/2026/TT-BTC
1.009646,Thủ tục chấp thuận điều chỉnh chủ trương đầu tư thuộc thẩm quyền của C,Trường hợp,10,"Đối với trường hợp cập nhật thông tin về địa điểm thực hiện dự án đầu tư trên cơ sở sắp xếp đơn vị hành chính và tổ chức chính quyền địa phương hai cấp, hồ sơ gồm",1.0,143/2025/QH15; 96/2026/NĐ-CP; 55/2026/TT-BTC
1.009646,Thủ tục chấp thuận điều chỉnh chủ trương đầu tư thuộc thẩm quyền của C,Trường hợp,11,"(Trường hợp khai thác, sử dụng được thông tin về tài liệu tư cách pháp lý của nhà đầu tư, Giấy chứng nhận đăng ký đầu tư, Quyết định chấp thuận chủ trương đầu tư, Giấy chứng nhận quyền sử dụng đất hoặc các văn bản, giấy tờ khác mà đã có trong các cơ sở dữ liệu để thay thế thành phần hồ sơ giải quyết thủ tục hành chính thì hồ sơ không bao gồm bản sao của các giấy tờ này)",0.0,143/2025/QH15; 96/2026/NĐ-CP; 55/2026/TT-BTC
1.009647,Thủ tục điều chỉnh Giấy chứng nhận đăng ký đầu tư,Trường hợp,1,"Trường hợp 1: Điều chỉnh dự án đầu tư liên quan đến việc thay đổi tên dự án đầu tư, tên nhà đầu tư tại Giấy chứng nhận đăng ký đầu tư, tiến độ thực hiện, thời hạn hoạt động của dự án đầu tư theo quy định tại khoản 5 Điều 28 Nghị định số 96/2026/NĐ-CP hoặc nhà đầu tư có nhu cầu cập nhật thông tin về địa điểm thực hiện dự án đầu tư trên cơ sở sắp xếp đơn vị hành chính và tổ chức chính quyền địa phương hai cấp (Khoản 1 Điều 56 Nghị định số 96/2026/NĐ-CP)",3.0,96/2026/NĐ-CP; 55/2026/TT-BTC; 143/2025/QH15
1.009647,Thủ tục điều chỉnh Giấy chứng nhận đăng ký đầu tư,Trường hợp,2,(2) Trường hợp 2: Điều chỉnh dự án đầu tư không thuộc nội dung quy định tại khoản 1 Điều 56 Nghị định số 96/2026/NĐ-CP (Khoản 2 Điều 56 Nghị định số 96/2026/NĐ-CP),4.0,96/2026/NĐ-CP; 55/2026/TT-BTC; 143/2025/QH15
1.009647,Thủ tục điều chỉnh Giấy chứng nhận đăng ký đầu tư,Trường hợp,3,(3) Trường hợp 3: Điều chỉnh dự án đầu tư đã được cấp Giấy chứng nhận đăng ký đầu tư và không thuộc diện chấp thuận chủ trương đầu tư hoặc dự án đã được chấp thuận chủ trương đầu tư nhưng không thuộc trường hợp quy định tại khoản 3 Điều 33 Luật Đầu tư (Khoản 4 Điều 63 Nghị định số 96/2026/NĐ-CP),4.0,96/2026/NĐ-CP; 55/2026/TT-BTC; 143/2025/QH15
1.009664,Thủ tục cấp Giấy chứng nhận đăng ký đầu tư,Trường hợp,1,(1) Trường hợp 1: Đối với dự án đầu tư không thuộc diện chấp thuận chủ trương đầu tư (Điều 39 Nghị định số 96/2026/NĐ-CP),8.0,96/2026/NĐ-CP; 55/2026/TT-BTC; 143/2025/QH15
1.009664,Thủ tục cấp Giấy chứng nhận đăng ký đầu tư,Trường hợp,2,"(2) Trường hợp 2: Đối với dự án đầu tư đã được chấp thuận chủ trương đầu tư và nhà đầu tư đã trúng đấu giá, trúng thầu; dự án đầu tư thuộc diện chấp thuận nhà đầu tư theo quy định tại khoản 3 Điều 23 Luật Đầu tư và thuộc diện cấp Giấy chứng nhận đăng ký đầu tư (Khoản 2 Điều 38 Nghị định số 96/2026/NĐ-CP)",1.0,96/2026/NĐ-CP; 55/2026/TT-BTC; 143/2025/QH15
1.009664,Thủ tục cấp Giấy chứng nhận đăng ký đầu tư,Trường hợp,3,(3) Trường hợp 3: Đối với dự án đầu tư không thuộc diện cấp Giấy chứng nhận đăng ký đầu tư nhưng nhà đầu tư có nhu cầu cấp Giấy chứng nhận đăng ký đầu tư (Khoản 4 Điều 38 Nghị định số 96/2026/NĐ-CP),2.0,96/2026/NĐ-CP; 55/2026/TT-BTC; 143/2025/QH15
1.009664,Thủ tục cấp Giấy chứng nhận đăng ký đầu tư,Trường hợp,4,"(4) Đối với trường hợp 4, hồ sơ bao gồm:",5.0,96/2026/NĐ-CP; 55/2026/TT-BTC; 143/2025/QH15
1.009748,Thủ tục chấp thuận chủ trương đầu tư thuộc thẩm quyền của Ban quản lý,Trường hợp,1,Hồ sơ đề nghị chấp thuận chủ trương đầu tư dự án đầu tư do nhà đầu tư đề xuất bao gồm,8.0,96/2026/NĐ-CP; 55/2026/TT-BTC; 143/2025/QH15
1.009748,Thủ tục chấp thuận chủ trương đầu tư thuộc thẩm quyền của Ban quản lý,Trường hợp,2,Hồ sơ đề nghị chấp thuận chủ trương đầu tư dự án đầu tư do cơ quan nhà nước có thẩm quyền lập bao gồm,3.0,96/2026/NĐ-CP; 55/2026/TT-BTC; 143/2025/QH15
1.009748,Thủ tục chấp thuận chủ trương đầu tư thuộc thẩm quyền của Ban quản lý,Trường hợp,3,"Tài liệu, giấy tờ giải trình đề xuất hình thức lựa chọn nhà đầu trong hai trường hợp nêu trên gồm",4.0,96/2026/NĐ-CP; 55/2026/TT-BTC; 143/2025/QH15
1.009748,Thủ tục chấp thuận chủ trương đầu tư thuộc thẩm quyền của Ban quản lý,Trường hợp,4,"Đối với dự án đầu tư xây dựng, đề xuất dự án đầu tư gồm",2.0,96/2026/NĐ-CP; 55/2026/TT-BTC; 143/2025/QH15
1.009748,Thủ tục chấp thuận chủ trương đầu tư thuộc thẩm quyền của Ban quản lý,Trường hợp,5,"(Trường hợp khai thác, sử dụng được thông tin về tài liệu tư cách pháp lý của nhà đầu tư, Giấy chứng nhận đăng ký đầu tư, Quyết định chấp thuận chủ trương đầu tư, Giấy chứng nhận quyền sử dụng đất hoặc các văn bản, giấy tờ khác mà đã có trong các cơ sở dữ liệu để thay thế thành phần hồ sơ giải quyết thủ tục hành chính thì hồ sơ không bao gồm bản sao của các giấy tờ này)",0.0,96/2026/NĐ-CP; 55/2026/TT-BTC; 143/2025/QH15
1.009759,Thủ tục chấp thuận điều chỉnh chủ trương đầu tư thuộc thẩm quyền của B,Trường hợp,1,"1) Đối với trường hợp 1, hồ sơ bao gồm:",4.0,03/2021/TT-BKHĐT; 25/2023/TT-BKHĐT; 19/2025/NĐ-CP; 239/2025/NĐ-CP; 31/2021/NĐ-CP; 61/2020/QH14; 90/2025/QH15
1.009759,Thủ tục chấp thuận điều chỉnh chủ trương đầu tư thuộc thẩm quyền của B,Trường hợp,2,"(2) Đối với trường hợp 2, hồ sơ bao gồm:",7.0,03/2021/TT-BKHĐT; 25/2023/TT-BKHĐT; 19/2025/NĐ-CP; 239/2025/NĐ-CP; 31/2021/NĐ-CP; 61/2020/QH14; 90/2025/QH15
1.009759,Thủ tục chấp thuận điều chỉnh chủ trương đầu tư thuộc thẩm quyền của B,Trường hợp,3,"3 )Đối với trường hợp 3, hồ sơ bao gồm:",9.0,03/2021/TT-BKHĐT; 25/2023/TT-BKHĐT; 19/2025/NĐ-CP; 239/2025/NĐ-CP; 31/2021/NĐ-CP; 61/2020/QH14; 90/2025/QH15
1.009759,Thủ tục chấp thuận điều chỉnh chủ trương đầu tư thuộc thẩm quyền của B,Trường hợp,4,"(4) Đối với trường hợp 4, hồ sơ bao gồm:",6.0,03/2021/TT-BKHĐT; 25/2023/TT-BKHĐT; 19/2025/NĐ-CP; 239/2025/NĐ-CP; 31/2021/NĐ-CP; 61/2020/QH14; 90/2025/QH15
1.009759,Thủ tục chấp thuận điều chỉnh chủ trương đầu tư thuộc thẩm quyền của B,Trường hợp,5,"(5) Đối với trường hợp 5, hồ sơ bao gồm:",5.0,03/2021/TT-BKHĐT; 25/2023/TT-BKHĐT; 19/2025/NĐ-CP; 239/2025/NĐ-CP; 31/2021/NĐ-CP; 61/2020/QH14; 90/2025/QH15
1.009759,Thủ tục chấp thuận điều chỉnh chủ trương đầu tư thuộc thẩm quyền của B,Trường hợp,6,"(6) Đối với trường hợp 6, hồ sơ bao gồm:",6.0,03/2021/TT-BKHĐT; 25/2023/TT-BKHĐT; 19/2025/NĐ-CP; 239/2025/NĐ-CP; 31/2021/NĐ-CP; 61/2020/QH14; 90/2025/QH15
1.009759,Thủ tục chấp thuận điều chỉnh chủ trương đầu tư thuộc thẩm quyền của B,Trường hợp,7,"(7) Đối với trường hợp 7, hồ sơ bao gồm:",7.0,03/2021/TT-BKHĐT; 25/2023/TT-BKHĐT; 19/2025/NĐ-CP; 239/2025/NĐ-CP; 31/2021/NĐ-CP; 61/2020/QH14; 90/2025/QH15
1.009759,Thủ tục chấp thuận điều chỉnh chủ trương đầu tư thuộc thẩm quyền của B,Trường hợp,8,"(8) Đối với trường hợp 8, hồ sơ bao gồm:",5.0,03/2021/TT-BKHĐT; 25/2023/TT-BKHĐT; 19/2025/NĐ-CP; 239/2025/NĐ-CP; 31/2021/NĐ-CP; 61/2020/QH14; 90/2025/QH15
1.009759,Thủ tục chấp thuận điều chỉnh chủ trương đầu tư thuộc thẩm quyền của B,Trường hợp,9,"(9) Đối với trường hợp 9, hồ sơ bao gồm: - Đối với trường hợp chậm được bàn giao đất quy định tại khoản 5 Điều 28 Nghị định số 96/2026/NĐ-CP, hồ sơ gồm:",3.0,03/2021/TT-BKHĐT; 25/2023/TT-BKHĐT; 19/2025/NĐ-CP; 239/2025/NĐ-CP; 31/2021/NĐ-CP; 61/2020/QH14; 90/2025/QH15
1.009759,Thủ tục chấp thuận điều chỉnh chủ trương đầu tư thuộc thẩm quyền của B,Trường hợp,10,"(Trường hợp khai thác, sử dụng được thông tin về tài liệu tư cách pháp lý của nhà đầu tư, Giấy chứng nhận đăng ký đầu tư, Quyết định chấp thuận chủ trương đầu tư, Giấy chứng nhận quyền sử dụng đất hoặc các văn bản, giấy tờ khác mà đã có trong các cơ sở dữ liệu để thay thế thành phần hồ sơ giải quyết thủ tục hành chính thì hồ sơ không bao gồm bản sao của các giấy tờ này)",0.0,03/2021/TT-BKHĐT; 25/2023/TT-BKHĐT; 19/2025/NĐ-CP; 239/2025/NĐ-CP; 31/2021/NĐ-CP; 61/2020/QH14; 90/2025/QH15
1.010103,Thủ tục cấp hộ chiếu phổ thông theo thủ tục rút gọn tại Cơ quan đại di,Trường hợp,1,* Trường hợp có quyết định trục xuất bằng văn bản của cơ quan có thẩm quyền nước sở tại nhưng không có hộ chiếu:,2.0,264/2016/TT-BTC; 33/2009/QH12; 49/2019/QH14; 02/2020/TT-BNG; 19/2017/QH14
1.010103,Thủ tục cấp hộ chiếu phổ thông theo thủ tục rút gọn tại Cơ quan đại di,Trường hợp,2,"* Trường hợp người ra nước ngoài có thời hạn bị mất hộ chiếu, có nguyện vọng về nước ngay:",4.0,264/2016/TT-BTC; 33/2009/QH12; 49/2019/QH14; 02/2020/TT-BNG; 19/2017/QH14
1.010103,Thủ tục cấp hộ chiếu phổ thông theo thủ tục rút gọn tại Cơ quan đại di,Trường hợp,3,"* Trường hợp được cấp HCPT vì lý do quốc phòng, an ninh",1.0,264/2016/TT-BTC; 33/2009/QH12; 49/2019/QH14; 02/2020/TT-BNG; 19/2017/QH14
1.010497,"Đề nghị miễn giảm học phí, hỗ trợ chi phí học tập, hỗ trợ tiền đóng họ",Trường hợp,1,Đơn đề nghị,6.0,81/2021/NĐ-CP
1.010497,"Đề nghị miễn giảm học phí, hỗ trợ chi phí học tập, hỗ trợ tiền đóng họ",Trường hợp,2,"Giấy tờ chứng minh thuộc đối tượng miễn, giảm học phí và hỗ trợ chi phí học tập đối với các đối tượng như sau:",10.0,81/2021/NĐ-CP
1.010704,"Cấp, cấp lại Giấy phép liên vận ASEAN",Trường hợp,1,"* Trường hợp cấp lại khi Giấy phép liên vận ASEAN bị hư hỏng, bị mất",1.0,144/2025/NĐ-CP; 158/2024/NĐ-CP
1.010704,"Cấp, cấp lại Giấy phép liên vận ASEAN",Trường hợp,2,* Trường hợp cấp mới; cấp lại khi Giấy phép liên vận ASEAN hết thời hạn sử dụng hoặc còn thời hạn sử dụng nhưng hết trang đóng dấu xác nhận của các cơ quan quản lý tại cửa khẩu,2.0,144/2025/NĐ-CP; 158/2024/NĐ-CP
1.010772,Cấp Bằng “Tổ quốc ghi công”,Trường hợp,1,"a) Đối với trường hợp hy sinh quy định tại điểm a khoản 1 Điều 14 của Pháp lệnh, việc cấp giấy chứng nhận hy sinh phải căn cứ trên cơ sở giấy xác nhận của các cơ quan, đơn vị sau:",4.0,25/2025/NĐ-CP; 190/2025/NQ-QH15; 131/2021/NĐ-CP; 02/2020/UBTVQH14; 129/2025/NĐ-CP
1.010772,Cấp Bằng “Tổ quốc ghi công”,Trường hợp,2,b) Đối với trường hợp hy sinh quy định tại điểm đ khoản 1 Điều 14 của Pháp lệnh việc cấp giấy chứng nhận hy sinh phải căn cứ trên cơ sở các giấy tờ sau:,2.0,25/2025/NĐ-CP; 190/2025/NQ-QH15; 131/2021/NĐ-CP; 02/2020/UBTVQH14; 129/2025/NĐ-CP
1.010772,Cấp Bằng “Tổ quốc ghi công”,Trường hợp,3,"e) Đối với trường hợp hy sinh quy định tại điểm i khoản 1 Điều 14 của Pháp lệnh việc cấp giấy chứng nhận hy sinh phải căn cứ trên cơ sở bản kế hoạch công tác hoặc quyết định, danh sách phân công làm nhiệm vụ hoặc giấy xác nhận giao nhiệm vụ của cơ quan, đơn vị trực tiếp quản lý người hy sinh; biên bản họp cấp ủy, lãnh đạo, cơ quan đơn vị quản lý người hy sinh thống nhất việc đề nghị công nhận liệt sĩ; bản án hoặc bản kết luận điều tra vụ án hình sự của cơ quan điều tra.",1.0,25/2025/NĐ-CP; 190/2025/NQ-QH15; 131/2021/NĐ-CP; 02/2020/UBTVQH14; 129/2025/NĐ-CP
1.010772,Cấp Bằng “Tổ quốc ghi công”,Trường hợp,4,g) Đối với trường hợp hy sinh quy định tại điểm k khoản 1 Điều 14 Pháp lệnh việc cấp giấy chứng nhận hy sinh phải căn cứ trên cơ sở các giấy tờ sau:,2.0,25/2025/NĐ-CP; 190/2025/NQ-QH15; 131/2021/NĐ-CP; 02/2020/UBTVQH14; 129/2025/NĐ-CP
1.010772,Cấp Bằng “Tổ quốc ghi công”,Trường hợp,5,Đối với trường hợp hy sinh quy định tại điểm h khoản 1 Điều 14 của Pháp lệnh việc cấp giấy chứng nhận hy sinh phải căn cứ trên cơ sở các giấy tờ sau:,3.0,25/2025/NĐ-CP; 190/2025/NQ-QH15; 131/2021/NĐ-CP; 02/2020/UBTVQH14; 129/2025/NĐ-CP
1.010774,Cấp Bằng “Tổ quốc ghi công” đối với người hy sinh nhưng chưa được cấp,Trường hợp,1,Đối với trường hợp quy định tại điểm b khoản 32 Phụ lục I.2 ban hành kèm theo Nghị quyết số 24/2026/NQ-CP ngày 29/4/2026 của Chính phủ,2.0,129/2025/NĐ-CP; 190/2025/NQ-QH15; 131/2021/NĐ-CP; 02/2020/UBTVQH14; 25/2025/NĐ-CP
1.010774,Cấp Bằng “Tổ quốc ghi công” đối với người hy sinh nhưng chưa được cấp,Trường hợp,2,Đối với trường hợp quy định tại điểm c khoản 32 Phụ lục I.2 ban hành kèm theo Nghị quyết số 24/2026/NQ-CP ngày 29/4/2026 của Chính phủ- Đơn đề nghị theo Mẫu số 15 Phụ lục I Nghị định số 131/2021/NĐ-CP.,2.0,129/2025/NĐ-CP; 190/2025/NQ-QH15; 131/2021/NĐ-CP; 02/2020/UBTVQH14; 25/2025/NĐ-CP
1.010774,Cấp Bằng “Tổ quốc ghi công” đối với người hy sinh nhưng chưa được cấp,Trường hợp,3,Đối với trường hợp quy định tại điểm d khoản 32 Phụ lục I.2 ban hành kèm theo Nghị quyết số 24/2026/NQ-CP ngày 29/4/2026 của Chính phủ,3.0,129/2025/NĐ-CP; 190/2025/NQ-QH15; 131/2021/NĐ-CP; 02/2020/UBTVQH14; 25/2025/NĐ-CP
1.010774,Cấp Bằng “Tổ quốc ghi công” đối với người hy sinh nhưng chưa được cấp,Trường hợp,4,Đối với trường hợp quy định tại điểm đ khoản 32 Phụ lục I.2 ban hành kèm theo Nghị quyết số 24/2026/NQ-CP ngày 29/4/2026 của Chính phủ,3.0,129/2025/NĐ-CP; 190/2025/NQ-QH15; 131/2021/NĐ-CP; 02/2020/UBTVQH14; 25/2025/NĐ-CP
1.010781,Cấp Bằng “Tổ quốc ghi công” đối với người hy sinh hoặc mất tích trong,Trường hợp,1,(1) Đối với trường hợp hy sinh:,2.0,129/2025/NĐ-CP; 131/2021/NĐ-CP; 02/2020/UBTVQH14; 25/2025/NĐ-CP; 190/2025/NQ-QH15
1.010781,Cấp Bằng “Tổ quốc ghi công” đối với người hy sinh hoặc mất tích trong,Trường hợp,2,(2) Đối với trường hợp mất tích:,2.0,129/2025/NĐ-CP; 131/2021/NĐ-CP; 02/2020/UBTVQH14; 25/2025/NĐ-CP; 190/2025/NQ-QH15
1.010829,Di chuyển hài cốt liệt sĩ đang an táng tại nghĩa trang liệt sĩ đi nơi,Trường hợp,1,Đối với trường hợp chưa được hỗ trợ,3.0,129/2025/NĐ-CP; 02/2020/UBTVQH14; 131/2021/NĐ-CP; 25/2025/NĐ-CP; 190/2025/NQ-QH15; 45/2025/NĐ-CP
1.010829,Di chuyển hài cốt liệt sĩ đang an táng tại nghĩa trang liệt sĩ đi nơi,Trường hợp,2,Đối với trường hợp đã được hỗ trợ:,4.0,129/2025/NĐ-CP; 02/2020/UBTVQH14; 131/2021/NĐ-CP; 25/2025/NĐ-CP; 190/2025/NQ-QH15; 45/2025/NĐ-CP
1.012082,Thủ tục cấp đổi giấy chứng nhận đăng ký thành lập cơ sở cung cấp dịch,Trường hợp,1,Trường hợp thay đổi người đứng đầu,2.0,76/2023/NĐ-CP; 116/2026/NĐ-CP; 13/2022/QH15
1.012082,Thủ tục cấp đổi giấy chứng nhận đăng ký thành lập cơ sở cung cấp dịch,Trường hợp,2,"Trường hợp thay đổi địa chỉ hoặc thay đổi nội dung, phạm vi hoạt động",1.0,76/2023/NĐ-CP; 116/2026/NĐ-CP; 13/2022/QH15
1.012287,"Phê duyệt thay đổi nghiên cứu thử nghiệm lâm sàng kỹ thuật mới, phương",Trường hợp,1,Trường hợp 1: Đối với những thay đổi về hành chính: cơ sở nhận thử nghiệm báo cáo Bộ Y tế để tổng hợp thông tin,1.0,15/2023/QH15; 96/2023/NĐ-CP
1.012287,"Phê duyệt thay đổi nghiên cứu thử nghiệm lâm sàng kỹ thuật mới, phương",Trường hợp,2,"Trường hợp 2: Đối với thay đổi nghiên cứu viên chính, cơ sở nhận thử nghiệm lâm sàng kỹ thuật mới, phương pháp mới, hồ sơ bao gồm:",2.0,15/2023/QH15; 96/2023/NĐ-CP
1.012287,"Phê duyệt thay đổi nghiên cứu thử nghiệm lâm sàng kỹ thuật mới, phương",Trường hợp,3,"Trường hợp 3: Đối với những thay đổi không thuộc các trường hợp quy định tại điểm a và b khoản này, hồ sơ bao gồm:",3.0,15/2023/QH15; 96/2023/NĐ-CP
1.012297,Phê duyệt thay đổi nghiên cứu thử nghiệm lâm sàng thiết bị y tế,Trường hợp,1,"1. Trường hợp 1: Đối với thay đổi về hành chính, thông tin liên lạc của cơ sở nhận thử: cơ sở nhận thử nghiệm lâm sàng báo cáo Bộ Y tế để tổng hợp thông tin.",1.0,15/2023/QH15; 96/2023/NĐ-CP
1.012297,Phê duyệt thay đổi nghiên cứu thử nghiệm lâm sàng thiết bị y tế,Trường hợp,2,"2. Trường hợp 2: Đối với thay đổi nghiên cứu viên chính, cơ sở nhận thử nghiệm lâm sàng thiết bị y tế, hồ sơ bao gồm:",2.0,15/2023/QH15; 96/2023/NĐ-CP
1.012297,Phê duyệt thay đổi nghiên cứu thử nghiệm lâm sàng thiết bị y tế,Trường hợp,3,"3. Trường hợp 3: Đối với những thay đổi không thuộc các trường hợp quy định tại điểm a và b khoản này, hồ sơ bao gồm:",2.0,15/2023/QH15; 96/2023/NĐ-CP
1.012822,"Thủ tục thực hiện, điều chỉnh, thôi hưởng trợ cấp xã hội hàng tháng",Trường hợp,1,"- Đối với chính sách hỗ trợ cho người cao tuổi từ đủ 75 tuổi đến 80 tuổi mà không có lương hưu, trợ cấp bảo hiểm xã hội hàng tháng, trợ cấp xã hội hàng tháng.",1.0,34/2021/NQ-HĐND; 104/2022/NĐ-CP; 20/2021/NĐ-CP; 146/2018/NĐ-CP; 75/2021/NQ-HĐND; 28/2012/NĐ-CP; 101/2023/NQ-HĐND
1.012822,"Thủ tục thực hiện, điều chỉnh, thôi hưởng trợ cấp xã hội hàng tháng",Trường hợp,2,"- Đối với chính sách hỗ trợ cho người mắc bệnh ung thư, suy thận mãn chạy thận nhân tạo có giấy chứng nhận của cơ quan y tế có thẩm quyền mà không có lương hưu, tiền lương, trợ cấp bảo hiểm xã hội hàng tháng, trợ cấp xã hội hàng tháng.",2.0,34/2021/NQ-HĐND; 104/2022/NĐ-CP; 20/2021/NĐ-CP; 146/2018/NĐ-CP; 75/2021/NQ-HĐND; 28/2012/NĐ-CP; 101/2023/NQ-HĐND
1.012822,"Thủ tục thực hiện, điều chỉnh, thôi hưởng trợ cấp xã hội hàng tháng",Trường hợp,3,- Đối với chính sách hỗ trợ cho người khuyết tật nhẹ (được Hội đồng xác định mức độ khuyết tật cấp xã công nhận theo Thông tư số 01/2019/TT-BLĐTBXH ngày 02/01/2019 của Bộ LĐ-TB&XH) là thế hệ thứ ba của người hoạt động kháng chiến bị nhiễm chất độc hóa học.,4.0,34/2021/NQ-HĐND; 104/2022/NĐ-CP; 20/2021/NĐ-CP; 146/2018/NĐ-CP; 75/2021/NQ-HĐND; 28/2012/NĐ-CP; 101/2023/NQ-HĐND
1.012822,"Thủ tục thực hiện, điều chỉnh, thôi hưởng trợ cấp xã hội hàng tháng",Trường hợp,4,* Khi nộp hồ sơ cần xuất trình các giấy tờ sau để công chức tiếp nhận đối chiếu các thông tin trong tờ khai:,1.0,34/2021/NQ-HĐND; 104/2022/NĐ-CP; 20/2021/NĐ-CP; 146/2018/NĐ-CP; 75/2021/NQ-HĐND; 28/2012/NĐ-CP; 101/2023/NQ-HĐND
1.012822,"Thủ tục thực hiện, điều chỉnh, thôi hưởng trợ cấp xã hội hàng tháng",Trường hợp,5,"* Đối với thủ tục điều chỉnh, thôi hưởng trợ cấp xã hội hàng tháng:",1.0,34/2021/NQ-HĐND; 104/2022/NĐ-CP; 20/2021/NĐ-CP; 146/2018/NĐ-CP; 75/2021/NQ-HĐND; 28/2012/NĐ-CP; 101/2023/NQ-HĐND
1.012971,Thành lập hoặc cho phép thành lập cơ sở giáo dục mầm non độc lập,Trường hợp,1,1. Hồ sơ thành lập cơ sở giáo dục mầm non độc lập công lập,1.0,125/2024/NĐ-CP; 142/2025/NĐ-CP; 66.16/2026/NQ-CP
1.012971,Thành lập hoặc cho phép thành lập cơ sở giáo dục mầm non độc lập,Trường hợp,2,"2. Hồ sơ cho phép thành lập cơ sở giáo dục mầm non độc lập dân lập, tư thục",3.0,125/2024/NĐ-CP; 142/2025/NĐ-CP; 66.16/2026/NQ-CP
1.012973,"Sáp nhập, chia, tách cơ sở giáo dục mầm non độc lập",Trường hợp,1,"1. Hồ sơ sáp nhập, chia, tách cơ sở giáo dục mầm non độc lập công lập",1.0,125/2024/NĐ-CP; 66.16/2026/NQ-CP; 142/2025/NĐ-CP
1.012973,"Sáp nhập, chia, tách cơ sở giáo dục mầm non độc lập",Trường hợp,2,"2. Hồ sơ sáp nhập, chia, tách cơ sở giáo dục mầm non độc lập dân lập, tư thục",3.0,125/2024/NĐ-CP; 66.16/2026/NQ-CP; 142/2025/NĐ-CP
1.012976,Thành lập hoặc cho phép thành lập trường đại học,Trường hợp,1,1. Hồ sơ đề nghị phê duyệt chủ trương thành lập hoặc cho phép thành lập trường đại học (bước 1) gồm:,4.0,125/2024/NĐ-CP; 66.18/2026/NQ-CP
1.012976,Thành lập hoặc cho phép thành lập trường đại học,Trường hợp,2,2. Hồ sơ đề nghị Thủ tướng Chính phủ ra quyết định thành lập hoặc cho phép thành lập trường (bước 2) gồm:,5.0,125/2024/NĐ-CP; 66.18/2026/NQ-CP
1.013225,"Cấp giấy phép xây dựng mới, có thời hạn đối với công trình cấp III, cấ",Trường hợp,1,(1.1) Đối với công trình theo tuyến hoặc không theo tuyến:,5.0,135/2025/QH15; 105/2025/CP-NĐ; 217/2026/NĐ-CP
1.013225,"Cấp giấy phép xây dựng mới, có thời hạn đối với công trình cấp III, cấ",Trường hợp,2,(1.2) Đối với công trình tôn giáo và phụ trợ,6.0,135/2025/QH15; 105/2025/CP-NĐ; 217/2026/NĐ-CP
1.013225,"Cấp giấy phép xây dựng mới, có thời hạn đối với công trình cấp III, cấ",Trường hợp,3,(1.3) Đối với công trình tín ngưỡng:,5.0,135/2025/QH15; 105/2025/CP-NĐ; 217/2026/NĐ-CP
1.013225,"Cấp giấy phép xây dựng mới, có thời hạn đối với công trình cấp III, cấ",Trường hợp,4,"(1.4) Đối với công trình tượng đài, tranh hoành tráng",6.0,135/2025/QH15; 105/2025/CP-NĐ; 217/2026/NĐ-CP
1.013225,"Cấp giấy phép xây dựng mới, có thời hạn đối với công trình cấp III, cấ",Trường hợp,5,(1.5) Đối với công trình của các cơ quan ngoại giao và tổ chức quốc tế,7.0,135/2025/QH15; 105/2025/CP-NĐ; 217/2026/NĐ-CP
1.013229,"Cấp giấy phép xây dựng sửa chữa, cải tạo đối với công trình cấp III, c",Trường hợp,1,(1) Đối với công trình theo tuyến hoặc không theo tuyến,6.0,105/2025/NĐ-CP; 135/2025/QH15; 217/2026/NĐ-CP
1.013229,"Cấp giấy phép xây dựng sửa chữa, cải tạo đối với công trình cấp III, c",Trường hợp,2,(2)Đối với công trình tôn giáo và phụ trợ,7.0,105/2025/NĐ-CP; 135/2025/QH15; 217/2026/NĐ-CP
1.013229,"Cấp giấy phép xây dựng sửa chữa, cải tạo đối với công trình cấp III, c",Trường hợp,3,(3) Đối với công trình tín ngưỡng,6.0,105/2025/NĐ-CP; 135/2025/QH15; 217/2026/NĐ-CP
1.013229,"Cấp giấy phép xây dựng sửa chữa, cải tạo đối với công trình cấp III, c",Trường hợp,4,"(4) Đối với công trình tượng đài, tranh hoàng tráng",7.0,105/2025/NĐ-CP; 135/2025/QH15; 217/2026/NĐ-CP
1.013229,"Cấp giấy phép xây dựng sửa chữa, cải tạo đối với công trình cấp III, c",Trường hợp,5,(5) Đối với công trình của cơ quan ngoại giao và tổ chức quốc tế,7.0,105/2025/NĐ-CP; 135/2025/QH15; 217/2026/NĐ-CP
1.013236,"Cấp giấy phép xây dựng mới công trình cấp đặc biệt, cấp I, cấp II (Côn",Trường hợp,1,(1) Đối với công trình theo tuyến hoặc không theo tuyến,5.0,135/2025/QH15; 105/2025/NĐ-CP; 217/2026/NĐ-CP
1.013236,"Cấp giấy phép xây dựng mới công trình cấp đặc biệt, cấp I, cấp II (Côn",Trường hợp,2,(2) Đối với công trình tôn giáo và phụ trợ,6.0,135/2025/QH15; 105/2025/NĐ-CP; 217/2026/NĐ-CP
1.013236,"Cấp giấy phép xây dựng mới công trình cấp đặc biệt, cấp I, cấp II (Côn",Trường hợp,3,(3) Đối với công trình tín ngưỡng,7.0,135/2025/QH15; 105/2025/NĐ-CP; 217/2026/NĐ-CP
1.013236,"Cấp giấy phép xây dựng mới công trình cấp đặc biệt, cấp I, cấp II (Côn",Trường hợp,4,"(4) Đối với công trình tượng đài, tranh hoàng tráng",6.0,135/2025/QH15; 105/2025/NĐ-CP; 217/2026/NĐ-CP
1.013236,"Cấp giấy phép xây dựng mới công trình cấp đặc biệt, cấp I, cấp II (Côn",Trường hợp,5,(5) Đối với công trình của cơ quan ngoại giao và tổ chức quốc tế,6.0,135/2025/QH15; 105/2025/NĐ-CP; 217/2026/NĐ-CP
1.013238,"Cấp giấy phép xây dựng sửa chữa, cải tạo đối với công trình cấp đặc bi",Trường hợp,1,(1) Đối với công trình theo tuyến hoặc không theo tuyến,6.0,105/2025/NĐ-CP; 135/2025/QH15; 217/2026/NĐ-CP
1.013238,"Cấp giấy phép xây dựng sửa chữa, cải tạo đối với công trình cấp đặc bi",Trường hợp,2,(2) Đối với công trình tôn giáo và phụ trợ,7.0,105/2025/NĐ-CP; 135/2025/QH15; 217/2026/NĐ-CP
1.013238,"Cấp giấy phép xây dựng sửa chữa, cải tạo đối với công trình cấp đặc bi",Trường hợp,3,(3) Đối với công trình tín ngưỡng,7.0,105/2025/NĐ-CP; 135/2025/QH15; 217/2026/NĐ-CP
1.013238,"Cấp giấy phép xây dựng sửa chữa, cải tạo đối với công trình cấp đặc bi",Trường hợp,4,"(4) Đối với công trình tượng đài, tranh hoàng tráng",7.0,105/2025/NĐ-CP; 135/2025/QH15; 217/2026/NĐ-CP
1.013238,"Cấp giấy phép xây dựng sửa chữa, cải tạo đối với công trình cấp đặc bi",Trường hợp,5,(5) Đối với công trình của cơ quan ngoại giao và tổ chức quốc tế,7.0,105/2025/NĐ-CP; 135/2025/QH15; 217/2026/NĐ-CP
1.013259,Cấp Giấy phép vận chuyển hàng hóa nguy hiểm trên đường bộ,Trường hợp,1,"* Hồ sơ cấp Giấy phép vận chuyển hàng hóa nguy hiểm loại 1, loại 2, loại 3, loại 4 và loại 9 bao gồm:",5.0,161/2024/NĐ-CP; 24/2026/NQ-CP; 105/2025/NĐ-CP
1.013259,Cấp Giấy phép vận chuyển hàng hóa nguy hiểm trên đường bộ,Trường hợp,2,* Hồ sơ cấp Giấy phép vận chuyển hàng hóa nguy hiểm là hóa chất bảo vệ thực vật bao gồm:,6.0,161/2024/NĐ-CP; 24/2026/NQ-CP; 105/2025/NĐ-CP
1.013259,Cấp Giấy phép vận chuyển hàng hóa nguy hiểm trên đường bộ,Trường hợp,3,"* Hồ sơ đề nghị cấp Giấy phép vận chuyển hàng hóa nguy hiểm loại 5, loại 8 bao gồm:",5.0,161/2024/NĐ-CP; 24/2026/NQ-CP; 105/2025/NĐ-CP
1.013746,Xác định danh tính hài cốt liệt sĩ còn thiếu thông tin bằng phương phá,Trường hợp,1,"(1) Đối với đại diện thân nhân liệt sĩ hoặc người hưởng trợ cấp thờ cúng liệt sĩ, thành phần hồ sơ bao gồm:",4.0,25/2025/NĐ-CP; 190/2025/NQ-QH15; 02/2020/UBTVQH14; 131/2021/NĐ-CP; 128/2025/NĐ-CP
1.013746,Xác định danh tính hài cốt liệt sĩ còn thiếu thông tin bằng phương phá,Trường hợp,2,"(2) Đối với tổ chức, cá nhân được ủy quyền, thành phần hồ sơ bao gồm:",4.0,25/2025/NĐ-CP; 190/2025/NQ-QH15; 02/2020/UBTVQH14; 131/2021/NĐ-CP; 128/2025/NĐ-CP
1.013812,Thay đổi nơi tập sự hành nghề công chứng từ tổ chức hành nghề công chứ,Trường hợp,1,Đối với Sở Tư pháp nơi đã đăng ký tập sự:,1.0,06/2025/TT-BTP
1.013812,Thay đổi nơi tập sự hành nghề công chứng từ tổ chức hành nghề công chứ,Trường hợp,2,Đối với Sở Tư pháp nơi chuyển đến:,3.0,06/2025/TT-BTP
1.013817,"Cấp, cấp lại giấy chứng nhận đăng ký hành nghề công tác xã hội",Trường hợp,1,Cấp giấy chứng nhận đăng ký hành nghề công tác xã hội,5.0,147/2025/NĐ-CP; 42/2025/NĐ-CP; 110/2024/NĐ-CP
1.013817,"Cấp, cấp lại giấy chứng nhận đăng ký hành nghề công tác xã hội",Trường hợp,2,Cấp lại giấy chứng nhận đăng ký hành nghề công tác xã hội,4.0,147/2025/NĐ-CP; 42/2025/NĐ-CP; 110/2024/NĐ-CP
1.013859,Cấp thẻ công chứng viên,Trường hợp,1,"* Đối với công chứng viên của Phòng công chứng, hồ sơ gồm:",3.0,257/2016/TT-BTC; 05/2025/TT-BTP; 104/2025/NĐ-CP; 46/2024/QH15
1.013859,Cấp thẻ công chứng viên,Trường hợp,2,* Đối với công chứng viên của Văn phòng công chứng,1.0,257/2016/TT-BTC; 05/2025/TT-BTP; 104/2025/NĐ-CP; 46/2024/QH15
1.014011,"Cấp lại, sửa đổi, bổ sung Giấy phép hoạt động hỗ trợ nạn nhân",Trường hợp,1,Đối với thủ tục cấp lại Giấy phép hoạt động hỗ trợ nạn nhân,1.0,42/2025/NĐ-CP; 162/2025/NĐ-CP; 45/2025/NĐ-CP; 53/2024/QH15
1.014011,"Cấp lại, sửa đổi, bổ sung Giấy phép hoạt động hỗ trợ nạn nhân",Trường hợp,2,"Đối với thủ tục sửa đổi, bổ sung Giấy phép hoạt động hỗ trợ nạn nhân do thay đổi người đại diện/người đứng đầu/giám đốc cơ sở",2.0,42/2025/NĐ-CP; 162/2025/NĐ-CP; 45/2025/NĐ-CP; 53/2024/QH15
1.014011,"Cấp lại, sửa đổi, bổ sung Giấy phép hoạt động hỗ trợ nạn nhân",Trường hợp,3,"Đối với thủ tục sửa đổi, bổ sung Giấy phép hoạt động hỗ trợ nạn nhân do thay đổi tên gọi, phạm vi cung cấp dịch vụ hỗ trợ",2.0,42/2025/NĐ-CP; 162/2025/NĐ-CP; 45/2025/NĐ-CP; 53/2024/QH15
1.014011,"Cấp lại, sửa đổi, bổ sung Giấy phép hoạt động hỗ trợ nạn nhân",Trường hợp,4,"Đối với thủ tục sửa đổi, bổ sung Giấy phép hoạt động hỗ trợ nạn nhân do thay đổi địa điểm đặt trụ sở",2.0,42/2025/NĐ-CP; 162/2025/NĐ-CP; 45/2025/NĐ-CP; 53/2024/QH15
1.014034,"Đăng ký cập nhật, bổ sung thông tin trong hồ sơ đăng ký hộ kinh doanh,",Trường hợp,1,"- Đăng ký cập nhật, bổ sung thông tin trong hồ sơ đăng ký hộ kinh doanh:",1.0,68/2025/TT-BTC; 168/2025/NĐ-CP; 85/2019/TT-BTC; 59/2020/QH14; 76/2025/QH15; 296/2026/NĐ-CP
1.014034,"Đăng ký cập nhật, bổ sung thông tin trong hồ sơ đăng ký hộ kinh doanh,",Trường hợp,2,"- Bổ sung, hiệu đính thông tin đăng ký hộ kinh doanh + Trường hợp hộ kinh doanh phát hiện nội dung trên Giấy chứng nhận đăng ký hộ kinh doanh chưa chính xác so với nội dung hồ sơ đăng ký hộ kinh doanh:",1.0,68/2025/TT-BTC; 168/2025/NĐ-CP; 85/2019/TT-BTC; 59/2020/QH14; 76/2025/QH15; 296/2026/NĐ-CP
1.014034,"Đăng ký cập nhật, bổ sung thông tin trong hồ sơ đăng ký hộ kinh doanh,",Trường hợp,3,"- Bổ sung, hiệu đính thông tin đăng ký hộ kinh doanh+ Trường hợp hộ kinh doanh phát hiện thông tin đăng ký hộ kinh doanh trong Cơ sở dữ liệu về đăng ký hộ kinh doanh bị thiếu hoặc chưa chính xác so với bản giấy của giấy chứng nhận đăng ký hộ kinh doanh, giấy chứng nhận đăng ký thuế:",3.0,68/2025/TT-BTC; 168/2025/NĐ-CP; 85/2019/TT-BTC; 59/2020/QH14; 76/2025/QH15; 296/2026/NĐ-CP
1.014034,"Đăng ký cập nhật, bổ sung thông tin trong hồ sơ đăng ký hộ kinh doanh,",Trường hợp,4,"* Trường hợp ủy quyền thực hiện thủ tục thì hồ sơ phải kèm theo một trong những giấy tờ sau: - Trường hợp ủy quyền cho cá nhân thực hiện thủ tục đăng ký hộ kinh doanh, kèm theo hồ sơ đăng ký hộ kinh doanh bao gồm:",1.0,68/2025/TT-BTC; 168/2025/NĐ-CP; 85/2019/TT-BTC; 59/2020/QH14; 76/2025/QH15; 296/2026/NĐ-CP
1.014034,"Đăng ký cập nhật, bổ sung thông tin trong hồ sơ đăng ký hộ kinh doanh,",Trường hợp,5,"* Trường hợp ủy quyền thực hiện thủ tục thì hồ sơ phải kèm theo một trong những giấy tờ sau:- Trường hợp ủy quyền cho tổ chức thực hiện thủ tục đăng ký hộ kinh doanh, kèm theo hồ sơ bao gồm:",2.0,68/2025/TT-BTC; 168/2025/NĐ-CP; 85/2019/TT-BTC; 59/2020/QH14; 76/2025/QH15; 296/2026/NĐ-CP
1.014034,"Đăng ký cập nhật, bổ sung thông tin trong hồ sơ đăng ký hộ kinh doanh,",Trường hợp,6,"* Trường hợp ủy quyền thực hiện thủ tục thì hồ sơ phải kèm theo một trong những giấy tờ sau:- Trường hợp ủy quyền cho đơn vị cung cấp dịch vụ bưu chính công ích thực hiện thủ tục đăng ký hộ kinh doanh, hồ sơ bao gồm:",1.0,68/2025/TT-BTC; 168/2025/NĐ-CP; 85/2019/TT-BTC; 59/2020/QH14; 76/2025/QH15; 296/2026/NĐ-CP
1.014034,"Đăng ký cập nhật, bổ sung thông tin trong hồ sơ đăng ký hộ kinh doanh,",Trường hợp,7,"* Trường hợp ủy quyền thực hiện thủ tục thì hồ sơ phải kèm theo một trong những giấy tờ sau:- Trường hợp ủy quyền cho đơn vị cung cấp dịch vụ bưu chính không phải là bưu chính công ích thực hiện thủ tục đăng ký hộ kinh doanh, hồ sơ bao gồm:",2.0,68/2025/TT-BTC; 168/2025/NĐ-CP; 85/2019/TT-BTC; 59/2020/QH14; 76/2025/QH15; 296/2026/NĐ-CP
1.014035,Dừng thực hiện thủ tục đăng ký hộ kinh doanh,Trường hợp,1,* Thành phần hồ sơ:,1.0,76/2025/QH15; 68/2025/TT-BTC; 168/2025/NĐ-CP; 59/2020/QH14
1.014035,Dừng thực hiện thủ tục đăng ký hộ kinh doanh,Trường hợp,2,"* Trường hợp ủy quyền thực hiện thủ tục thì hồ sơ phải kèm theo một trong những giấy tờ sau: - Trường hợp ủy quyền cho cá nhân thực hiện thủ tục đăng ký hộ kinh doanh, kèm theo hồ sơ đăng ký hộ kinh doanh bao gồm:",1.0,76/2025/QH15; 68/2025/TT-BTC; 168/2025/NĐ-CP; 59/2020/QH14
1.014035,Dừng thực hiện thủ tục đăng ký hộ kinh doanh,Trường hợp,3,"* Trường hợp ủy quyền thực hiện thủ tục thì hồ sơ phải kèm theo một trong những giấy tờ sau:- Trường hợp ủy quyền cho tổ chức thực hiện thủ tục đăng ký hộ kinh doanh, kèm theo hồ sơ bao gồm:",2.0,76/2025/QH15; 68/2025/TT-BTC; 168/2025/NĐ-CP; 59/2020/QH14
1.014035,Dừng thực hiện thủ tục đăng ký hộ kinh doanh,Trường hợp,4,"* Trường hợp ủy quyền thực hiện thủ tục thì hồ sơ phải kèm theo một trong những giấy tờ sau:- Trường hợp ủy quyền cho đơn vị cung cấp dịch vụ bưu chính công ích thực hiện thủ tục đăng ký hộ kinh doanh, hồ sơ bao gồm:",1.0,76/2025/QH15; 68/2025/TT-BTC; 168/2025/NĐ-CP; 59/2020/QH14
1.014035,Dừng thực hiện thủ tục đăng ký hộ kinh doanh,Trường hợp,5,"* Trường hợp ủy quyền thực hiện thủ tục thì hồ sơ phải kèm theo một trong những giấy tờ sau:- Trường hợp ủy quyền cho đơn vị cung cấp dịch vụ bưu chính không phải là bưu chính công ích thực hiện thủ tục đăng ký hộ kinh doanh, hồ sơ bao gồm:",2.0,76/2025/QH15; 68/2025/TT-BTC; 168/2025/NĐ-CP; 59/2020/QH14
1.014149,Xét tặng danh hiệu vinh dự Nhà nước “Bà mẹ Việt Nam anh hùng”,Trường hợp,1,"a) Hồ sơ đề nghị xét tặng, gồm:",3.0,56/2013/NĐ-CP; 129/2025/NĐ-CP; 05/2012/UBTVQH13; 83/2025/NĐ-CP
1.014149,Xét tặng danh hiệu vinh dự Nhà nước “Bà mẹ Việt Nam anh hùng”,Trường hợp,2,"b) Hồ sơ trình xét tặng, gồm:",2.0,56/2013/NĐ-CP; 129/2025/NĐ-CP; 05/2012/UBTVQH13; 83/2025/NĐ-CP
1.014150,Xét truy tặng danh hiệu vinh dự Nhà nước “Bà mẹ Việt Nam anh hùng”,Trường hợp,1,"a) Hồ sơ đề nghị truy tặng, gồm:",3.0,129/2025/NĐ-CP; 56/2013/NĐ-CP; 83/2025/NĐ-CP; 05/2012/UBTVQH13
1.014150,Xét truy tặng danh hiệu vinh dự Nhà nước “Bà mẹ Việt Nam anh hùng”,Trường hợp,2,"b) Hồ sơ trình truy tặng, gồm:",2.0,129/2025/NĐ-CP; 56/2013/NĐ-CP; 83/2025/NĐ-CP; 05/2012/UBTVQH13
1.014158,"Thủ tục phê duyệt, chấp thuận quy hoạch, điều chỉnh quy hoạch đô thị v",Trường hợp,1,"a) Đối với quy hoạch, điều chỉnh quy hoạch đô thị và nông thôn:",4.0,145/2025/NĐ-CP; 43/2025/TT-BXD; 178/2025/NĐ-CP; 47/2024/QH15; 72/2025/QH15
1.014158,"Thủ tục phê duyệt, chấp thuận quy hoạch, điều chỉnh quy hoạch đô thị v",Trường hợp,2,b) Đối với quy hoạch tổng mặt bằng (quy hoạch chi tiết được lập theo quy trình rút gọn):,3.0,145/2025/NĐ-CP; 43/2025/TT-BXD; 178/2025/NĐ-CP; 47/2024/QH15; 72/2025/QH15
1.014160,ĐĂNG KÝ THAM GIA BẢO HIỂM XÃ HỘI VÀ CẤP SỔ BẢO HIỂM XÃ HỘI,Trường hợp,1,(1) Đối với đối tượng tham gia bảo hiểm xã hội bắt buộc (do người sử dụng lao động nộp):,2.0,41/2024/QH15; 159/2025/NĐ-CP; 158/2025/NĐ-CP
1.014160,ĐĂNG KÝ THAM GIA BẢO HIỂM XÃ HỘI VÀ CẤP SỔ BẢO HIỂM XÃ HỘI,Trường hợp,2,"(2) Đối tượng: (i) Chủ hộ kinh doanh của hộ kinh doanh có đăng ký kinh doanh nộp thuế theo phương pháp kê khai và (ii) người quản lý doanh nghiệp, kiểm soát viên, người đại diện phần vốn nhà nước, người đại diện phần vốn của doanh nghiệp theo quy định của pháp luật; thành viên Hội đồng quản trị, Tổng giám đốc, Giám đốc, thành viên Ban kiểm soát hoặc kiểm soát viên và các chức danh quản lý khác được bầu của hợp tác xã, liên hiệp hợp tác xã theo quy định của Luật Hợp tác xã không hưởng tiền lương tự nộp:",1.0,41/2024/QH15; 159/2025/NĐ-CP; 158/2025/NĐ-CP
1.014160,ĐĂNG KÝ THAM GIA BẢO HIỂM XÃ HỘI VÀ CẤP SỔ BẢO HIỂM XÃ HỘI,Trường hợp,3,(3) Đối với đối tượng tham gia bảo hiểm xã hội tự nguyện:,1.0,41/2024/QH15; 159/2025/NĐ-CP; 158/2025/NĐ-CP
1.014163,HƯỞNG TRỢ CẤP ỐM ĐAU,Trường hợp,1,"- Đối với người lao động hoặc con của người lao động khám bệnh, chữa bệnh ở nước ngoài là các giấy tờ khám bệnh, chữa bệnh thể hiện tên bệnh, thời gian điều trị bệnh do cơ sở khám bệnh, chữa bệnh ở nước ngoài cấp và phải đáp ứng các yêu cầu sau đây:",2.0,41/2024/QH15; 158/2025/NĐ-CP
1.014163,HƯỞNG TRỢ CẤP ỐM ĐAU,Trường hợp,2,"- Đối với người lao động hoặc con của người lao động điều trị ngoại trú, một trong các giấy tờ sau đây:",4.0,41/2024/QH15; 158/2025/NĐ-CP
1.014163,HƯỞNG TRỢ CẤP ỐM ĐAU,Trường hợp,3,"- Đối với người lao động hoặc con của người lao động điều trị nội trú, bản chính hoặc bản sao của một trong các giấy tờ sau đây:",4.0,41/2024/QH15; 158/2025/NĐ-CP
1.014166,"HƯỞNG CHẾ ĐỘ THAI SẢN ĐỐI VỚI LAO ĐỘNG NỮ SINH CON, LAO ĐỘNG NỮ MANG T",Trường hợp,1,"- Trường hợp các giấy tờ nêu trên trên hoặc các giấy tờ có nội dung tương tự do cơ quan, tổ chức, cá nhân có thẩm quyền của nước ngoài cấp thì phải:",2.0,41/2024/QH15; 158/2025/NĐ-CP
1.014166,"HƯỞNG CHẾ ĐỘ THAI SẢN ĐỐI VỚI LAO ĐỘNG NỮ SINH CON, LAO ĐỘNG NỮ MANG T",Trường hợp,2,"- Đối với lao động nữ sinh con và lao động nữ mang thai hộ sinh con trong trường hợp con chết ngay sau khi sinh mà chưa được cấp giấy chứng sinh, lao động nữ mang thai từ 22 tuần tuổi trở lên thì bao gồm các giấy tờ sau:",4.0,41/2024/QH15; 158/2025/NĐ-CP
1.014166,"HƯỞNG CHẾ ĐỘ THAI SẢN ĐỐI VỚI LAO ĐỘNG NỮ SINH CON, LAO ĐỘNG NỮ MANG T",Trường hợp,3,"- Đối với lao động nữ sinh con, hoặc lao động nữ mang thai hộ sinh con hoặc lao động nữ nhờ mang thai hộ sinh con:",7.0,41/2024/QH15; 158/2025/NĐ-CP
1.014168,"HƯỞNG CHẾ ĐỘ THAI SẢN ĐỐI VỚI LAO ĐỘNG NAM KHI VỢ SINH CON, NGƯỜI CHỒN",Trường hợp,1,- Đối với lao động nam khi vợ sinh con,4.0,41/2024/QH15; 158/2025/NĐ-CP
1.014168,"HƯỞNG CHẾ ĐỘ THAI SẢN ĐỐI VỚI LAO ĐỘNG NAM KHI VỢ SINH CON, NGƯỜI CHỒN",Trường hợp,2,- Đối với người chồng của lao động nữ mang thai hộ khi vợ sinh con:,4.0,41/2024/QH15; 158/2025/NĐ-CP
1.014168,"HƯỞNG CHẾ ĐỘ THAI SẢN ĐỐI VỚI LAO ĐỘNG NAM KHI VỢ SINH CON, NGƯỜI CHỒN",Trường hợp,3,- Đối với người chồng của lao động nữ nhờ mang thai hộ:,2.0,41/2024/QH15; 158/2025/NĐ-CP
1.014168,"HƯỞNG CHẾ ĐỘ THAI SẢN ĐỐI VỚI LAO ĐỘNG NAM KHI VỢ SINH CON, NGƯỜI CHỒN",Trường hợp,4,"Trường hợp các giấy tờ nêu trên hoặc các giấy tờ có nội dung tương tự do cơ quan, tổ chức, cá nhân có thẩm quyền của nước ngoài cấp thì phải đáp ứng được các yêu cầu:",2.0,41/2024/QH15; 158/2025/NĐ-CP
1.014171,HƯỞNG LƯƠNG HƯU ĐỐI VỚI NGƯỜI THAM GIA BẢO HIỂM XÃ HỘI BẮT BUỘC,Trường hợp,1,- Đối với người bị nhiễm HIV/AIDS do tai nạn rủi ro nghề nghiệp trong khi thực hiện nhiệm vụ được giao,2.0,41/2024/QH15; 158/2025/NĐ-CP
1.014171,HƯỞNG LƯƠNG HƯU ĐỐI VỚI NGƯỜI THAM GIA BẢO HIỂM XÃ HỘI BẮT BUỘC,Trường hợp,2,- Đối với người lao động bị suy giảm khả năng lao động:,3.0,41/2024/QH15; 158/2025/NĐ-CP
1.014171,HƯỞNG LƯƠNG HƯU ĐỐI VỚI NGƯỜI THAM GIA BẢO HIỂM XÃ HỘI BẮT BUỘC,Trường hợp,3,- Đối với người đang bảo lưu thời gian đóng bảo hiểm xã hội bắt buộc,2.0,41/2024/QH15; 158/2025/NĐ-CP
1.014171,HƯỞNG LƯƠNG HƯU ĐỐI VỚI NGƯỜI THAM GIA BẢO HIỂM XÃ HỘI BẮT BUỘC,Trường hợp,4,- Đối với người đang tham gia bảo hiểm xã hội bắt buộc,2.0,41/2024/QH15; 158/2025/NĐ-CP
1.014178,HƯỞNG TRỢ CẤP TUẤT HẰNG THÁNG,Trường hợp,1,"- Đối với thân nhân của người đang hưởng lương hưu hoặc đang tạm dừng hưởng lương hưu hoặc trợ cấp tai nạn lao động, bệnh nghề nghiệp hằng tháng đã nghỉ việc bao gồm:",3.0,159/2025/NĐ-CP; 41/2024/QH15; 158/2025/NĐ-CP
1.014178,HƯỞNG TRỢ CẤP TUẤT HẰNG THÁNG,Trường hợp,2,- Đối với thân nhân của người đang tham gia bảo hiểm xã hội bắt buộc hoặc đang bảo lưu thời gian đóng bảo hiểm xã hội:,5.0,159/2025/NĐ-CP; 41/2024/QH15; 158/2025/NĐ-CP
1.014179,HƯỞNG TRỢ CẤP TUẤT MỘT LẦN,Trường hợp,1,"- Đối với thân nhân của người đang hưởng lương hưu hoặc đang tạm dừng hưởng lương hưu hoặc trợ cấp tai nạn lao động, bệnh nghề nghiệp hằng tháng đã nghỉ việc bao gồm:",4.0,41/2024/QH15; 159/2025/NĐ-CP; 158/2025/NĐ-CP
1.014179,HƯỞNG TRỢ CẤP TUẤT MỘT LẦN,Trường hợp,2,"- Đối với thân nhân của người đang tham gia bảo hiểm xã hội, đang bảo lưu thời gian đóng bảo hiểm xã hội bao gồm:",5.0,41/2024/QH15; 159/2025/NĐ-CP; 158/2025/NĐ-CP
1.014180,TẠM DỪNG ĐÓNG VÀO QUỸ HƯU TRÍ VÀ TỬ TUẤT.,Trường hợp,1,- Hồ sơ đề nghị tạm dừng đóng vào quỹ hưu trí và tử tuất:,2.0,158/2025/NĐ-CP; 41/2024/QH15
1.014180,TẠM DỪNG ĐÓNG VÀO QUỸ HƯU TRÍ VÀ TỬ TUẤT.,Trường hợp,2,- Hồ sơ đề nghị xác định giá trị tài sản bị thiệt hại:,2.0,158/2025/NĐ-CP; 41/2024/QH15
1.014180,TẠM DỪNG ĐÓNG VÀO QUỸ HƯU TRÍ VÀ TỬ TUẤT.,Trường hợp,3,- Hồ sơ đề nghị xác định số lao động thuộc diện tham gia bảo hiểm xã hội bắt buộc phải tạm thời nghỉ việc,3.0,158/2025/NĐ-CP; 41/2024/QH15
1.014182,TÍNH THỜI GIAN CÔNG TÁC ĐỐI VỚI NGƯỜI LAO ĐỘNG ĐI HỢP TÁC LAO ĐỘNG TRƯ,Trường hợp,1,"a) Hồ sơ đối với trường hợp người đi lao động có thời gian ở nước ngoài theo Hiệp định của Chính phủ và người đi làm đội trưởng, phiên dịch, cán bộ vùng do nước ngoài trả lương:",4.0,41/2024/QH15; 158/2025/NĐ-CP
1.014182,TÍNH THỜI GIAN CÔNG TÁC ĐỐI VỚI NGƯỜI LAO ĐỘNG ĐI HỢP TÁC LAO ĐỘNG TRƯ,Trường hợp,2,"b) Hồ sơ đối với trường hợp người đi làm việc ở nước ngoài theo hình thức hợp tác trực tiếp giữa các bộ, địa phương của Nhà nước ta với các tổ chức kinh tế của nước ngoài:",2.0,41/2024/QH15; 158/2025/NĐ-CP
1.014182,TÍNH THỜI GIAN CÔNG TÁC ĐỐI VỚI NGƯỜI LAO ĐỘNG ĐI HỢP TÁC LAO ĐỘNG TRƯ,Trường hợp,3,"c) Hồ sơ đối với trường hợp người đi học tập, thực tập ở nước ngoài:",2.0,41/2024/QH15; 158/2025/NĐ-CP
1.014182,TÍNH THỜI GIAN CÔNG TÁC ĐỐI VỚI NGƯỜI LAO ĐỘNG ĐI HỢP TÁC LAO ĐỘNG TRƯ,Trường hợp,4,d) Hồ sơ đối với trường hợp người đi làm chuyên gia theo Hiệp định của Chính phủ:,2.0,41/2024/QH15; 158/2025/NĐ-CP
1.014182,TÍNH THỜI GIAN CÔNG TÁC ĐỐI VỚI NGƯỜI LAO ĐỘNG ĐI HỢP TÁC LAO ĐỘNG TRƯ,Trường hợp,5,đ) Hồ sơ đối với thân nhân của người lao động đi hợp tác lao động ở nước ngoài trước ngày 01 tháng 01 năm 1995 đã chết sau khi về nước nhưng thân nhân chưa được hưởng chế độ tử tuất,6.0,41/2024/QH15; 158/2025/NĐ-CP
1.014196,Cấp giấy xác nhận không thuộc diện cấp giấy phép lao động đối với ngườ,Trường hợp,1,"1.1. Đối với người lao động nước ngoài là trưởng văn phòng đại diện, dự án hoặc chịu trách nhiệm chính về hoạt động của tổ chức quốc tế, tổ chức phi chính phủ nước ngoài tại Việt Nam (khoản 3 Điều 154 của Bộ luật Lao động năm 2019)",5.0,219/2025/NĐ-CP; 45/2019/QH14
1.014196,Cấp giấy xác nhận không thuộc diện cấp giấy phép lao động đối với ngườ,Trường hợp,2,"1.2. Đối với người lao động nước ngoài có hộ chiếu công vụ vào làm việc cho cơ quan nhà nước, tổ chức chính trị, tổ chức chính trị - xã hội (khoản 9 Điều 7 Nghị định số 219/2025/NĐ-CP)",5.0,219/2025/NĐ-CP; 45/2019/QH14
1.014196,Cấp giấy xác nhận không thuộc diện cấp giấy phép lao động đối với ngườ,Trường hợp,3,"1.3. Đối với người lao động nước ngoài được Bộ Giáo dục và Đào tạo xác nhận vào Việt Nam để thực hiện công việc giảng dạy, nghiên cứu, chuyển giao chương trình giáo dục quốc tế (điểm a khoản 14 Điều 7 Nghị định số 219/2025/NĐ-CP)",5.0,219/2025/NĐ-CP; 45/2019/QH14
1.014196,Cấp giấy xác nhận không thuộc diện cấp giấy phép lao động đối với ngườ,Trường hợp,4,"1.4. Đối với người lao động nước ngoài được Bộ Giáo dục và Đào tạo xác nhận vào Việt Nam để làm nhà quản lý, giám đốc điều hành, hiệu trưởng, phó hiệu trưởng cơ sở giáo dục do cơ quan đại diện ngoại giao nước ngoài hoặc tổ chức liên chính phủ đề nghị thành lập tại Việt Nam (điểm b khoản 14 Điều 7 Nghị định số 219/2025/NĐ-CP)",5.0,219/2025/NĐ-CP; 45/2019/QH14
1.014196,Cấp giấy xác nhận không thuộc diện cấp giấy phép lao động đối với ngườ,Trường hợp,5,"1.5. Đối với người lao động nước ngoài được các bộ, cơ quan ngang bộ hoặc Ủy ban nhân dân cấp tỉnh xác nhận vào Việt Nam làm việc trong các lĩnh vực: tài chính, khoa học, công nghệ, đổi mới sáng tạo, chuyển đổi số quốc gia, các lĩnh vực ưu tiên phát triển kinh tế - xã hội (khoản 15 Điều 7 Nghị định số 219/2025/NĐ-CP)",5.0,219/2025/NĐ-CP; 45/2019/QH14
1.014196,Cấp giấy xác nhận không thuộc diện cấp giấy phép lao động đối với ngườ,Trường hợp,6,1.6. Đối với người lao động nước ngoài thuộc trường hợp theo quy định của điều ước quốc tế mà nước Cộng hòa xã hội chủ nghĩa Việt Nam là thành viên (khoản 7 Điều 154 Bộ luật Lao động năm 2019),5.0,219/2025/NĐ-CP; 45/2019/QH14
1.014196,Cấp giấy xác nhận không thuộc diện cấp giấy phép lao động đối với ngườ,Trường hợp,7,"1.7. Đối với người lao động nước ngoài vào Việt Nam để cung cấp dịch vụ tư vấn về chuyên môn và kỹ thuật hoặc thực hiện các nhiệm vụ khác phục vụ cho công tác nghiên cứu, xây dựng, thẩm định, theo dõi đánh giá, quản lý và thực hiện chương trình, dự án sử dụng nguồn hỗ trợ phát triển chính thức theo quy định hay thỏa thuận trong các điều ước quốc tế về nguồn hỗ trợ phát triển chính thức đã ký kết giữa cơ quan có thẩm quyền của Việt Nam và nước ngoài (khoản 4 Điều 7 Nghị định số 219/2025/NĐ-CP)",5.0,219/2025/NĐ-CP; 45/2019/QH14
1.014196,Cấp giấy xác nhận không thuộc diện cấp giấy phép lao động đối với ngườ,Trường hợp,8,"1.8. Đối với người lao động nước ngoài được cơ quan, tổ chức có thẩm quyền của nước ngoài cử sang Việt Nam giảng dạy, làm nhà quản lý, giám đốc điều hành tại cơ sở giáo dục do cơ quan đại diện ngoại giao nước ngoài, tổ chức liên chính phủ đề nghị thành lập tại Việt Nam hoặc các cơ sở, tổ chức được thành lập theo các điều ước quốc tế mà Việt Nam đã ký kết, tham gia (khoản 6 Điều 7 Nghị định số 219/2025/NĐ-CP)",5.0,219/2025/NĐ-CP; 45/2019/QH14
1.014196,Cấp giấy xác nhận không thuộc diện cấp giấy phép lao động đối với ngườ,Trường hợp,9,"1.9. Đối với người lao động nước ngoài là học sinh, sinh viên, học viên nước ngoài đang học tập tại các trường, cơ sở đào tạo ở Việt Nam hoặc nước ngoài có thỏa thuận thực tập hoặc thư mời làm việc cho người sử dụng lao động tại Việt Nam; học viên thực tập, tập sự trên tàu biển Việt Nam (khoản 7 Điều 7 Nghị định số 219/2025/NĐ-CP)",5.0,219/2025/NĐ-CP; 45/2019/QH14
1.014196,Cấp giấy xác nhận không thuộc diện cấp giấy phép lao động đối với ngườ,Trường hợp,10,1.10. Đối với người lao động nước ngoài là tình nguyện viên làm việc tại Việt Nam theo hình thức tự nguyện và không hưởng lương để thực hiện điều ước quốc tế mà nước Cộng hòa xã hội chủ nghĩa Việt Nam là thành viên và có xác nhận của cơ quan đại diện ngoại giao nước ngoài hoặc tổ chức quốc tế tại Việt Nam (khoản 11 Điều 7 Nghị định số 219/2025/NĐ-CP),5.0,219/2025/NĐ-CP; 45/2019/QH14
1.014196,Cấp giấy xác nhận không thuộc diện cấp giấy phép lao động đối với ngườ,Trường hợp,11,"1.11. Đối với người lao động nước ngoài vào Việt Nam thực hiện thỏa thuận quốc tế mà cơ quan, tổ chức ở Trung ương, cấp tỉnh ký kết theo quy định của pháp luật (khoản 12 Điều 7 Nghị định số 219/2025/NĐ-CP)",5.0,219/2025/NĐ-CP; 45/2019/QH14
1.014196,Cấp giấy xác nhận không thuộc diện cấp giấy phép lao động đối với ngườ,Trường hợp,12,1.12. Đối với người lao động nước ngoài là nhà quản lý di chuyển trong nội bộ doanh nghiệp (điểm b khoản 13 Điều 7 Nghị định số 219/2025/NĐ-CP),8.0,219/2025/NĐ-CP; 45/2019/QH14
1.014196,Cấp giấy xác nhận không thuộc diện cấp giấy phép lao động đối với ngườ,Trường hợp,13,1.13. Đối với người lao động nước ngoài là giám đốc điều hành di chuyển trong nội bộ doanh nghiệp (điểm b khoản 13 Điều 7 Nghị định số 219/2025/NĐ-CP),8.0,219/2025/NĐ-CP; 45/2019/QH14
1.014196,Cấp giấy xác nhận không thuộc diện cấp giấy phép lao động đối với ngườ,Trường hợp,14,1.14. Đối với người lao động nước ngoài là chuyên gia di chuyển trong nội bộ doanh nghiệp (điểm b khoản 13 Điều 7 Nghị định số 219/2025/NĐ-CP),12.0,219/2025/NĐ-CP; 45/2019/QH14
1.014196,Cấp giấy xác nhận không thuộc diện cấp giấy phép lao động đối với ngườ,Trường hợp,15,1.15. Đối với người lao động nước ngoài là lao động kỹ thuật di chuyển trong nội bộ doanh nghiệp (điểm b khoản 13 Điều 7 Nghị định số 219/2025/NĐ-CP),8.0,219/2025/NĐ-CP; 45/2019/QH14
1.014198,Gia hạn giấy xác nhận không thuộc diện cấp giấy phép lao động đối với,Trường hợp,1,"1.1. Đối với người lao động nước ngoài là Trưởng văn phòng đại diện, dự án hoặc chịu trách nhiệm chính về hoạt động của tổ chức quốc tế, tổ chức phi chính phủ nước ngoài tại Việt Nam (khoản 3 Điều 154 Bộ luật Lao động năm 2019)",5.0,219/2025/NĐ-CP; 45/2019/QH14
1.014198,Gia hạn giấy xác nhận không thuộc diện cấp giấy phép lao động đối với,Trường hợp,2,"1.2. Đối với người lao động nước ngoài có hộ chiếu công vụ vào làm việc cho cơ quan nhà nước, tổ chức chính trị, tổ chức chính trị - xã hội (khoản 9 Điều 7 Nghị định số 219/2025/NĐ-CP)",5.0,219/2025/NĐ-CP; 45/2019/QH14
1.014198,Gia hạn giấy xác nhận không thuộc diện cấp giấy phép lao động đối với,Trường hợp,3,"1.3. Đối với người lao động nước ngoài được Bộ Giáo dục và Đào tạo xác nhận vào Việt Nam để thực hiện giảng dạy, nghiên cứu, chuyển giao chương trình giáo dục quốc tế (điểm a khoản 14 Điều 7 Nghị định số 219/2025/NĐ-CP)",5.0,219/2025/NĐ-CP; 45/2019/QH14
1.014198,Gia hạn giấy xác nhận không thuộc diện cấp giấy phép lao động đối với,Trường hợp,4,"1.4. Đối với người lao động nước ngoài được Bộ Giáo dục và Đào tạo xác nhận vào Việt Nam để làm nhà quản lý, giám đốc điều hành, hiệu trưởng, phó hiệu trưởng cơ sở giáo dục do cơ quan đại diện ngoại giao nước ngoài hoặc tổ chức liên chính phủ đề nghị thành lập tại Việt Nam (điểm b khoản 14 Điều 7 Nghị định số 219/2025/NĐ-CP)",5.0,219/2025/NĐ-CP; 45/2019/QH14
1.014198,Gia hạn giấy xác nhận không thuộc diện cấp giấy phép lao động đối với,Trường hợp,5,"1.5. Đối với người lao động nước ngoài được các bộ, cơ quan ngang bộ hoặc Ủy ban nhân dân cấp tỉnh xác nhận vào Việt Nam làm việc trong các lĩnh vực: tài chính, khoa học, công nghệ, đổi mới sáng tạo, chuyển đổi số quốc gia, các lĩnh vực ưu tiên phát triển kinh tế - xã hội (khoản 15 Điều 7 Nghị định số 219/2025/NĐ-CP)",5.0,219/2025/NĐ-CP; 45/2019/QH14
1.014198,Gia hạn giấy xác nhận không thuộc diện cấp giấy phép lao động đối với,Trường hợp,6,1.6. Đối với người lao động nước ngoài thuộc trường hợp theo quy định của điều ước quốc tế mà nước Cộng hòa xã hội chủ nghĩa Việt Nam là thành viên (khoản 7 Điều 154 Bộ luật Lao động năm 2019),5.0,219/2025/NĐ-CP; 45/2019/QH14
1.014198,Gia hạn giấy xác nhận không thuộc diện cấp giấy phép lao động đối với,Trường hợp,7,"1.7. Đối với người lao động nước ngoài vào Việt Nam để cung cấp dịch vụ tư vấn về chuyên môn và kỹ thuật hoặc thực hiện các nhiệm vụ khác phục vụ cho công tác nghiên cứu, xây dựng, thẩm định, theo dõi đánh giá, quản lý và thực hiện chương trình, dự án sử dụng nguồn hỗ trợ phát triển chính thức theo quy định hay thỏa thuận trong các điều ước quốc tế về nguồn hỗ trợ phát triển chính thức đã ký kết giữa cơ quan có thẩm quyền của Việt Nam và nước ngoài (khoản 4 Điều 7 Nghị định số 219/2025/NĐ-CP)",5.0,219/2025/NĐ-CP; 45/2019/QH14
1.014198,Gia hạn giấy xác nhận không thuộc diện cấp giấy phép lao động đối với,Trường hợp,8,"1.8. Đối với người lao động nước ngoài được cơ quan, tổ chức có thẩm quyền của nước ngoài cử sang Việt Nam giảng dạy, làm nhà quản lý, giám đốc điều hành tại cơ sở giáo dục do cơ quan đại diện ngoại giao nước ngoài, tổ chức liên chính phủ đề nghị thành lập tại Việt Nam hoặc các cơ sở, tổ chức được thành lập theo các điều ước quốc tế mà Việt Nam đã ký kết, tham gia (khoản 6 Điều 7 Nghị định số 219/2025/NĐ-CP)",5.0,219/2025/NĐ-CP; 45/2019/QH14
1.014198,Gia hạn giấy xác nhận không thuộc diện cấp giấy phép lao động đối với,Trường hợp,9,"1.9. Đối với người lao động nước ngoài là học sinh, sinh viên, học viên nước ngoài đang học tập tại các trường, cơ sở đào tạo ở Việt Nam hoặc nước ngoài có thỏa thuận thực tập hoặc thư mời làm việc cho người sử dụng lao động tại Việt Nam; học viên thực tập, tập sự trên tàu biển Việt Nam (khoản 7 Điều 7 Nghị định số 219/2025/NĐ-CP)",5.0,219/2025/NĐ-CP; 45/2019/QH14
1.014198,Gia hạn giấy xác nhận không thuộc diện cấp giấy phép lao động đối với,Trường hợp,10,1.10. Đối với người lao động nước ngoài là tình nguyện viên làm việc tại Việt Nam theo hình thức tự nguyện và không hưởng lương để thực hiện điều ước quốc tế mà nước Cộng hòa xã hội chủ nghĩa Việt Nam là thành viên và có xác nhận của cơ quan đại diện ngoại giao nước ngoài hoặc tổ chức quốc tế tại Việt Nam (khoản 11 Điều 7 Nghị định số 219/2025/NĐ-CP),5.0,219/2025/NĐ-CP; 45/2019/QH14
1.014198,Gia hạn giấy xác nhận không thuộc diện cấp giấy phép lao động đối với,Trường hợp,11,"1.11. Đối với người lao động nước ngoài vào Việt Nam thực hiện thỏa thuận quốc tế mà cơ quan, tổ chức ở Trung ương, cấp tỉnh ký kết theo quy định của pháp luật (khoản 12 Điều 7 Nghị định số 219/2025/NĐ-CP)",5.0,219/2025/NĐ-CP; 45/2019/QH14
1.014198,Gia hạn giấy xác nhận không thuộc diện cấp giấy phép lao động đối với,Trường hợp,12,1.12. Đối với người lao động nước ngoài là nhà quản lý di chuyển trong nội bộ doanh nghiệp (điểm b khoản 13 Điều 7 Nghị định số 219/2025/NĐ-CP),8.0,219/2025/NĐ-CP; 45/2019/QH14
1.014198,Gia hạn giấy xác nhận không thuộc diện cấp giấy phép lao động đối với,Trường hợp,13,1.13. Đối với người lao động nước ngoài là giám đốc điều hành di chuyển trong nội bộ doanh nghiệp (điểm b khoản 13 Điều 7 Nghị định số 219/2025/NĐ-CP),8.0,219/2025/NĐ-CP; 45/2019/QH14
1.014198,Gia hạn giấy xác nhận không thuộc diện cấp giấy phép lao động đối với,Trường hợp,14,1.14. Đối với người lao động nước ngoài là chuyên gia di chuyển trong nội bộ doanh nghiệp (điểm b khoản 13 Điều 7 Nghị định số 219/2025/NĐ-CP),12.0,219/2025/NĐ-CP; 45/2019/QH14
1.014198,Gia hạn giấy xác nhận không thuộc diện cấp giấy phép lao động đối với,Trường hợp,15,1.15. Đối với người lao động nước ngoài là lao động kỹ thuật di chuyển trong nội bộ doanh nghiệp (điểm b khoản 13 Điều 7 Nghị định số 219/2025/NĐ-CP),8.0,219/2025/NĐ-CP; 45/2019/QH14
1.014199,Cấp giấy phép lao động đối với người lao động nước ngoài làm việc tại,Trường hợp,1,1.1. Đối với người lao động nước ngoài là nhà quản lý,20.0,219/2025/NĐ-CP; 45/2019/QH14
1.014199,Cấp giấy phép lao động đối với người lao động nước ngoài làm việc tại,Trường hợp,2,1.2. Đối với trường hợp người lao động nước ngoài là giám đốc điều hành,17.0,219/2025/NĐ-CP; 45/2019/QH14
1.014199,Cấp giấy phép lao động đối với người lao động nước ngoài làm việc tại,Trường hợp,3,1.3. Đối với người lao động nước ngoài là chuyên gia,21.0,219/2025/NĐ-CP; 45/2019/QH14
1.014199,Cấp giấy phép lao động đối với người lao động nước ngoài làm việc tại,Trường hợp,4,1.4. Đối với trường hợp người lao động nước ngoài là lao động kỹ thuật,17.0,219/2025/NĐ-CP; 45/2019/QH14
1.014199,Cấp giấy phép lao động đối với người lao động nước ngoài làm việc tại,Trường hợp,5,1.5. Trường hợp người lao động nước ngoài là nhà quản lý đã được cấp giấy phép lao động đang còn hiệu lực có nhu cầu làm việc cho người sử dụng lao động khác ở cùng vị trí công việc và lĩnh vực làm việc phải thực hiện thủ tục cấp giấy phép lao động,18.0,219/2025/NĐ-CP; 45/2019/QH14
1.014199,Cấp giấy phép lao động đối với người lao động nước ngoài làm việc tại,Trường hợp,6,1.6. Trường hợp người lao động nước ngoài là giám đốc điều hành đã được cấp giấy phép lao động đang còn hiệu lực có nhu cầu làm việc cho người sử dụng lao động khác ở cùng vị trí công việc và lĩnh vực làm việc phải thực hiện thủ tục cấp giấy phép lao động,15.0,219/2025/NĐ-CP; 45/2019/QH14
1.014199,Cấp giấy phép lao động đối với người lao động nước ngoài làm việc tại,Trường hợp,7,1.7. Trường hợp người lao động nước ngoài là chuyên gia đã được cấp giấy phép lao động đang còn hiệu lực có nhu cầu làm việc cho người sử dụng lao động khác ở cùng vị trí công việc và lĩnh vực làm việc phải thực hiện thủ tục cấp giấy phép lao động,12.0,219/2025/NĐ-CP; 45/2019/QH14
1.014199,Cấp giấy phép lao động đối với người lao động nước ngoài làm việc tại,Trường hợp,8,1.8. Trường hợp người lao động nước ngoài là lao động kỹ thuật đã được cấp giấy phép lao động đang còn hiệu lực có nhu cầu làm việc cho người sử dụng lao động khác ở cùng vị trí công việc và lĩnh vực làm việc phải thực hiện thủ tục cấp giấy phép lao động,12.0,219/2025/NĐ-CP; 45/2019/QH14
1.014199,Cấp giấy phép lao động đối với người lao động nước ngoài làm việc tại,Trường hợp,9,1.9. Trường hợp người lao động nước ngoài đã được cấp giấy phép lao động đang còn hiệu lực có nhu cầu thay đổi vị trí công việc ghi trong giấy phép lao động nhưng không thay đổi người sử dụng lao động phải làm thủ tục cấp giấy phép lao động,21.0,219/2025/NĐ-CP; 45/2019/QH14
1.014199,Cấp giấy phép lao động đối với người lao động nước ngoài làm việc tại,Trường hợp,10,1.10. Trường hợp người lao động nước ngoài đã được cấp giấy phép lao động đang còn hiệu lực có nhu cầu thay đổi hình thức làm việc ghi trong giấy phép lao động nhưng không thay đổi người sử dụng lao động phải làm thủ tục cấp giấy phép lao động,14.0,219/2025/NĐ-CP; 45/2019/QH14
1.014199,Cấp giấy phép lao động đối với người lao động nước ngoài làm việc tại,Trường hợp,11,1.11. Trường hợp người lao động nước ngoài là nhà quản lý đã được gia hạn giấy phép lao động có nhu cầu tiếp tục làm việc cho người sử dụng lao động tại cùng vị trí công việc và lĩnh vực làm việc phải thực hiện thủ tục cấp giấy phép lao động,18.0,219/2025/NĐ-CP; 45/2019/QH14
1.014199,Cấp giấy phép lao động đối với người lao động nước ngoài làm việc tại,Trường hợp,12,1.12. Trường hợp người lao động nước ngoài là giám đốc điều hành đã được gia hạn giấy phép lao động có nhu cầu tiếp tục làm việc cho người sử dụng lao động tại cùng vị trí công việc và lĩnh vực làm việc phải thực hiện thủ tục cấp giấy phép lao động,15.0,219/2025/NĐ-CP; 45/2019/QH14
1.014199,Cấp giấy phép lao động đối với người lao động nước ngoài làm việc tại,Trường hợp,13,1.13. Trường hợp người lao động nước ngoài là chuyên gia đã được gia hạn giấy phép lao động có nhu cầu tiếp tục làm việc cho người sử dụng lao động tại cùng vị trí công việc và lĩnh vực làm việc phải thực hiện thủ tục cấp giấy phép lao động,12.0,219/2025/NĐ-CP; 45/2019/QH14
1.014199,Cấp giấy phép lao động đối với người lao động nước ngoài làm việc tại,Trường hợp,14,1.14. Trường hợp người lao động nước ngoài là lao động kỹ thuật đã được gia hạn giấy phép lao động có nhu cầu tiếp tục làm việc cho người sử dụng lao động tại cùng vị trí công việc và lĩnh vực làm việc phải thực hiện thủ tục cấp giấy phép lao động,12.0,219/2025/NĐ-CP; 45/2019/QH14
1.014201,Gia hạn giấy phép lao động đối với người lao động nước ngoài làm việc,Trường hợp,1,1.1. Đối với người lao động nước ngoài là nhà quản lý,15.0,219/2025/NĐ-CP; 45/2019/QH14
1.014201,Gia hạn giấy phép lao động đối với người lao động nước ngoài làm việc,Trường hợp,2,1.2. Đối với người lao động nước ngoài là giám đốc điều hành,12.0,219/2025/NĐ-CP; 45/2019/QH14
1.014201,Gia hạn giấy phép lao động đối với người lao động nước ngoài làm việc,Trường hợp,3,1.3. Đối với người lao động nước ngoài là chuyên gia,12.0,219/2025/NĐ-CP; 45/2019/QH14
1.014201,Gia hạn giấy phép lao động đối với người lao động nước ngoài làm việc,Trường hợp,4,1.4. Đối với người lao động nước ngoài là lao động kỹ thuật,12.0,219/2025/NĐ-CP; 45/2019/QH14
1.014317,THỦ TỤC TUYỂN CHỌN TỔNG CÔNG TRÌNH SƯ HỆ THỐNG,Trường hợp,1,"a) Hồ sơ đề cử, ứng cử Tổng công trình sư Hệ thống, bao gồm:",4.0,231/2025/NĐ-CP; 80/2025/QH15; 63/2025/QH15; 93/2025/QH15
1.014318,THỦ TỤC TUYỂN CHỌN TỔNG CÔNG TRÌNH SƯ DỰ ÁN,Trường hợp,1,"a) Hồ sơ đề cử, ứng cử, bao gồm:",4.0,63/2025/QH15; 93/2025/QH15; 80/2025/QH15; 231/2025/NĐ-CP
1.014319,"THỦ TỤC TUYỂN CHỌN KIẾN TRÚC SƯ TRƯỞNG CẤP BỘ, CẤP TỈNH, DỰ ÁN",Trường hợp,1,"a) Hồ sơ đề cử, ứng cử, bao gồm:",4.0,63/2025/QH15; 93/2025/QH15; 80/2025/QH15; 231/2025/NĐ-CP
1.014331,Cấp Giấy chứng sinh,Trường hợp,1,Đối với trường hợp Cấp giấy chứng sinh cho trường hợp trẻ sinh ra do thực hiện kỹ thuật mang thai hộ:,2.0,22/2025/TT-BYT; 123/2015/NĐ-CP; 63/2024/NĐ-CP; 207/2025/NĐ-CP
1.014331,Cấp Giấy chứng sinh,Trường hợp,2,"Đối với trường hợp Cấp giấy chứng sinh đối với trường hợp trẻ được sinh ra ngoài cơ sở khám bệnh, chữa bệnh nhưng được người hành nghề khám bệnh, chữa bệnh hoặc nhân viên y tế thôn, bản hoặc cô đỡ thôn, bản đỡ đẻ:",2.0,22/2025/TT-BYT; 123/2015/NĐ-CP; 63/2024/NĐ-CP; 207/2025/NĐ-CP
1.014347,Hỗ trợ người lao động trong một số trường hợp rủi ro khi làm việc ở nư,Trường hợp,1,- Trường hợp Hỗ trợ Người lao động phải về nước trước hạn có nhu cầu được đào tạo chuyển đổi nghề:,5.0,34/2025/QĐ-TT
1.014347,Hỗ trợ người lao động trong một số trường hợp rủi ro khi làm việc ở nư,Trường hợp,2,"- Trường hợp Hỗ trợ người lao động phải về nước trước hạn vì người sử dụng lao động ở nước ngoài bị giải thể, phá sản hoặc thu hẹp sản xuất do thiên tai, dịch bệnh, bất ổn chính trị, chiến tranh, suy thoái kinh tế hoặc vì lý do bất khả kháng khác:",5.0,34/2025/QĐ-TT
1.014347,Hỗ trợ người lao động trong một số trường hợp rủi ro khi làm việc ở nư,Trường hợp,3,"- Trường hợp Hỗ trợ người lao động phải về nước trước thời hạn do bị tai nạn lao động, tai nạn rủi ro, ốm đau, bệnh tật đến mức không còn khả năng tiếp tục làm việc ở nước ngoài",6.0,34/2025/QĐ-TT
1.014347,Hỗ trợ người lao động trong một số trường hợp rủi ro khi làm việc ở nư,Trường hợp,4,"- Trường hợp Hỗ trợ người lao động phải về nước trước thời hạn do đơn phương chấm dứt hợp đồng lao động khi bị người sử dụng lao động ngược đãi, cưỡng bức lao động hoặc có nguy cơ rõ ràng đe dọa trực tiếp đến tính mạng, sức khoẻ hoặc bị quấy rối tình dục trong thời gian làm việc ở nước ngoài:",5.0,34/2025/QĐ-TT
1.014351,"Hỗ trợ cho doanh nghiệp trong các trường hợp: (i) khai thác, phát triể",Trường hợp,1,"(i) Trường hợp Hỗ trợ khai thác, phát triển và ổn định thị trường lao động ngoài nước:",2.0,34/2025/QĐ-TT
1.014351,"Hỗ trợ cho doanh nghiệp trong các trường hợp: (i) khai thác, phát triể",Trường hợp,2,(ii) Trường hợp Hỗ trợ doanh nghiệp trong các trường hợp giải quyết rủi ro liên quan đến người lao động:,3.0,34/2025/QĐ-TT
1.014351,"Hỗ trợ cho doanh nghiệp trong các trường hợp: (i) khai thác, phát triể",Trường hợp,3,"(iii) Trường hợp Hỗ trợ doanh nghiệp đưa thi hài, di hài của người lao động bị chết về nước:",4.0,34/2025/QĐ-TT
1.014580,Chính sách hỗ trợ hợp tác quốc tế giữa các cơ sở đào tạo trên địa bàn,Trường hợp,1,". Hỗ trợ công chức, viên chức, giảng viên, chuyên gia quốc tế đối với cơ sở đào tạo công lập không trực thuộc tỉnh nhưng có trụ sở đóng trên địa bàn tỉnh, cơ sở đào tạo ngoài công lập",5.0,113/2025/NQ-HĐND
1.014580,Chính sách hỗ trợ hợp tác quốc tế giữa các cơ sở đào tạo trên địa bàn,Trường hợp,2,"Xây dựng chương trình đào tạo liên kết, song bằng đối với cơ sở đào tạo công lập không trực thuộc tỉnh nhưng có trụ sở đóng trên địa bàn tỉnh, cơ sở đào tạo ngoài công lập",3.0,113/2025/NQ-HĐND
1.014628,Thủ tục thu hồi giấy phép kinh doanh dịch vụ lữ hành quốc tế trong trư,Trường hợp,1,"Trường hợp doanh nghiệp giải thể hoặc bị giải thể, hồ sơ gồm:",1.0,04/2024/TT-BVHTTDL; 13/2021/TT-BVHTTDL
1.014628,Thủ tục thu hồi giấy phép kinh doanh dịch vụ lữ hành quốc tế trong trư,Trường hợp,2,"Trường hợp doanh nghiệp phá sản, hồ sơ gồm:",1.0,04/2024/TT-BVHTTDL; 13/2021/TT-BVHTTDL
1.014628,Thủ tục thu hồi giấy phép kinh doanh dịch vụ lữ hành quốc tế trong trư,Trường hợp,3,"Trường hợp doanh nghiệp tự chấm dứt hoạt động kinh doanh lữ hành, hồ sơ gồm:",2.0,04/2024/TT-BVHTTDL; 13/2021/TT-BVHTTDL
1.014629,Thủ tục thu hồi giấy phép kinh doanh dịch vụ lữ hành nội địa trong trư,Trường hợp,1,"(1) Trường hợp doanh nghiệp tự chấm dứt hoạt động kinh doanh lữ hành, hồ sơ gồm:",2.0,04/2024/TT-BVHTTDL; 13/2021/TT-BVHTTDL
1.014629,Thủ tục thu hồi giấy phép kinh doanh dịch vụ lữ hành nội địa trong trư,Trường hợp,2,"(2) Trường hợp doanh nghiệp giải thể hoặc bị giải thể, hồ sơ gồm:",3.0,04/2024/TT-BVHTTDL; 13/2021/TT-BVHTTDL
1.014629,Thủ tục thu hồi giấy phép kinh doanh dịch vụ lữ hành nội địa trong trư,Trường hợp,3,"(3) Trường hợp doanh nghiệp phá sản, hồ sơ gồm:",1.0,04/2024/TT-BVHTTDL; 13/2021/TT-BVHTTDL
1.014632,"Đăng ký mua, thuê mua, thuê nhà ở xã hội, vay vốn để hộ gia đình, cá n",Trường hợp,1,"Trường hợp 1: Xác nhận điều kiện về nhà ở để được mua, thuê mua nhà ở xã hội/nhà ở cho lực lượng vũ trang nhân dân (trường hợp chưa có nhà ở thuộc sở hữu của mình).",1.0,05/2024/TT-BXD; 100/2024/NĐ-CP; 27/2023/QH15; 261/2025/NĐ-CP; 54/2026/NĐ-CP
1.014632,"Đăng ký mua, thuê mua, thuê nhà ở xã hội, vay vốn để hộ gia đình, cá n",Trường hợp,2,"Trường hợp 2: Xác nhận điều kiện về nhà ở để được mua, thuê mua nhà ở xã hội/nhà ở cho lực lượng vũ trang nhân dân (trường hợp có nhà ở nhưng diện tích nhà ở bình quân đầu người thấp hơn 15m2 sàn/người).",1.0,05/2024/TT-BXD; 100/2024/NĐ-CP; 27/2023/QH15; 261/2025/NĐ-CP; 54/2026/NĐ-CP
1.014632,"Đăng ký mua, thuê mua, thuê nhà ở xã hội, vay vốn để hộ gia đình, cá n",Trường hợp,3,"Trường hợp 3: Xác nhận điều kiện vay vốn ưu đãi của Nhà nước thông qua Ngân hàng Chính sách xã hội để hộ gia đình, cá nhân tự xây dựng hoặc cải tạo, sửa chữa nhà ở.",1.0,05/2024/TT-BXD; 100/2024/NĐ-CP; 27/2023/QH15; 261/2025/NĐ-CP; 54/2026/NĐ-CP
1.014632,"Đăng ký mua, thuê mua, thuê nhà ở xã hội, vay vốn để hộ gia đình, cá n",Trường hợp,4,"Trường hợp 4: Xác nhận điều kiện vay vốn ưu đãi của Nhà nước tại tổ chức tín dụng do Nhà nước chỉ định để hộ gia đình, cá nhân tự xây dựng hoặc cải tạo, sửa chữa nhà ở",1.0,05/2024/TT-BXD; 100/2024/NĐ-CP; 27/2023/QH15; 261/2025/NĐ-CP; 54/2026/NĐ-CP
1.014632,"Đăng ký mua, thuê mua, thuê nhà ở xã hội, vay vốn để hộ gia đình, cá n",Trường hợp,5,"Trường hợp 5: Xác nhận đối tượng được hưởng chính sách hỗ trợ về nhà ở xã hội (áp dụng cho các đối tượng quy định tại các khoản 9, 10, 11 Điều 76 của Luật Nhà ở và đối tượng quy định tại khoản 5 Điều 76 của Luật Nhà ở không có hợp đồng lao động, không được hưởng lương hưu do cơ quan Bảo hiểm xã hội chi trả)",1.0,05/2024/TT-BXD; 100/2024/NĐ-CP; 27/2023/QH15; 261/2025/NĐ-CP; 54/2026/NĐ-CP
1.014632,"Đăng ký mua, thuê mua, thuê nhà ở xã hội, vay vốn để hộ gia đình, cá n",Trường hợp,6,"Trường hợp 6: Xác nhận đối tượng, thu nhập để được hưởng chính sách hỗ trợ về nhà ở xã hội (áp dụng cho các đối tượng quy định tại các khoản 5, 6, 8 Điều 76 của Luật Nhà ở, trừ đối tượng quy định tại khoản 5 Điều 76 của Luật Nhà ở không có hợp đồng lao động, không được hưởng lương hưu do cơ quan Bảo hiểm xã hội chi trả).",1.0,05/2024/TT-BXD; 100/2024/NĐ-CP; 27/2023/QH15; 261/2025/NĐ-CP; 54/2026/NĐ-CP
1.014632,"Đăng ký mua, thuê mua, thuê nhà ở xã hội, vay vốn để hộ gia đình, cá n",Trường hợp,7,"Trường hợp 7: Xác nhận điều kiện về thu nhập để được mua, thuê mua nhà ở xã hội (áp dụng cho đối tượng quy định tại khoản 5 Điều 76 của Luật Nhà ở không có hợp đồng lao động, không được hưởng lương hưu do cơ quan Bảo hiểm xã hội chi trả).",1.0,05/2024/TT-BXD; 100/2024/NĐ-CP; 27/2023/QH15; 261/2025/NĐ-CP; 54/2026/NĐ-CP
1.014680,"Thủ tục tặng, truy tặng ""Huy chương Thanh niên xung phong vẻ vang""",Trường hợp,1,"a) Đối với đối tượng thực hiện là Thanh niên xung phong hoặc thân nhân của Thanh niên xung phong. Hồ sơ đề nghị của Thanh niên xung phong có 01 bộ (bản chính), gồm:",2.0,152/2025/NĐ-CP; 06/2022/QH15; 01/2026/QĐ-TT
1.014680,"Thủ tục tặng, truy tặng ""Huy chương Thanh niên xung phong vẻ vang""",Trường hợp,2,"b) Đối với hồ sơ trình Chủ tịch Ủy ban nhân dân cấp tỉnh xem xét, đề nghị khen thưởng. Hồ sơ có 01 bộ (bản chính), gồm:",4.0,152/2025/NĐ-CP; 06/2022/QH15; 01/2026/QĐ-TT
1.014680,"Thủ tục tặng, truy tặng ""Huy chương Thanh niên xung phong vẻ vang""",Trường hợp,3,"c) Đối với hồ sơ trình Thủ tướng Chính phủ (qua Bộ Nội vụ/Ban Thi đua - Khen thưởng Trung ương) xem xét, đề nghị khen thưởng.",4.0,152/2025/NĐ-CP; 06/2022/QH15; 01/2026/QĐ-TT
1.014747,"Hỗ trợ người lao động tham gia đào tạo, nâng cao trình độ kỹ năng nghề",Trường hợp,1,(3) Đối với người lao động không thuộc trường hợp theo quy định tại điểm a và điểm b khoản 1 Điều 12 Nghị định số 374/2025/NĐ-CP thì hồ sơ bao gồm:,3.0,374/2025/NĐ-CP; 74/2025/QH15
1.014747,"Hỗ trợ người lao động tham gia đào tạo, nâng cao trình độ kỹ năng nghề",Trường hợp,2,"Đối với người lao động đang chờ kết quả giải quyết hưởng trợ cấp thất nghiệp hoặc đang hưởng trợ cấp thất nghiệp mà có nhu cầu được hỗ trợ đào tạo, nâng cao trình độ kỹ năng nghề tại địa phương nơi đang chờ kết quả giải quyết hưởng trợ cấp thất nghiệp hoặc đang hưởng trợ cấp thất nghiệp thì hồ sơ bao gồm:",1.0,374/2025/NĐ-CP; 74/2025/QH15
1.014747,"Hỗ trợ người lao động tham gia đào tạo, nâng cao trình độ kỹ năng nghề",Trường hợp,3,"Đối với người lao động đang hưởng trợ cấp thất nghiệp mà có nhu cầu được hỗ trợ đào tạo, nâng cao trình độ kỹ năng nghề tại địa phương không phải nơi đang hưởng trợ cấp thất nghiệp bao gồm:",1.0,374/2025/NĐ-CP; 74/2025/QH15
1.014761,Đánh giá lần đầu việc đáp ứng Thực hành tốt thử thuốc trên lâm sàng,Trường hợp,1,"Hồ sơ làm căn cứ để đánh giá đáp ứng GCP đối với cơ sở kinh doanh dược là Hồ sơ mà cơ sở kinh doanh dược nộp khi đề nghị cấp Giấy chứng nhận đủ điều kiện kinh doanh dược theo quy định tại khoản 1 Điều 38 Luật Dược, cụ thể:",3.0,50/2025/TT-BYT; 163/2025/NĐ-CP; 105/2016/QH13
1.014761,Đánh giá lần đầu việc đáp ứng Thực hành tốt thử thuốc trên lâm sàng,Trường hợp,2,Hồ sơ làm căn cứ để đánh giá đáp ứng GCP đối với trường hợp không đề nghị cấp Giấy chứng nhận đủ điều kiện kinh doanh dược gồm:,2.0,50/2025/TT-BYT; 163/2025/NĐ-CP; 105/2016/QH13
1.014764,Phê duyệt thay đổi đề cương nghiên cứu thử thuốc trên lâm sàng.,Trường hợp,1,Đối với những thay đổi không thuộc các trường hợp quy định tại Khoản 1 và Khoản 2 Điều này hồ sơ bao gồm,3.0,50/2025/TT-BYT; 163/2025/NĐ-CP; 105/2016/QH13
1.014764,Phê duyệt thay đổi đề cương nghiên cứu thử thuốc trên lâm sàng.,Trường hợp,2,Đối với những thay đổi về hành chính,1.0,50/2025/TT-BYT; 163/2025/NĐ-CP; 105/2016/QH13
1.014764,Phê duyệt thay đổi đề cương nghiên cứu thử thuốc trên lâm sàng.,Trường hợp,3,Đối với thay đổi nghiên cứu viên chính,2.0,50/2025/TT-BYT; 163/2025/NĐ-CP; 105/2016/QH13
1.014783,"Cấp giấy phép lưu thông vật liệu, cấu kiện ngăn cháy, chống cháy",Trường hợp,1,"- Đối với vật liệu, cấu kiện ngăn cháy, chống cháy được sản xuất, lắp ráp trong nước",2.0,24/2026/NQ-CP; 63/2025/TT-BXD; 105/2025/CP-NĐ
1.014783,"Cấp giấy phép lưu thông vật liệu, cấu kiện ngăn cháy, chống cháy",Trường hợp,2,"Đối với vật liệu, cấu kiện ngăn cháy, chống cháy nhập khẩu",2.0,24/2026/NQ-CP; 63/2025/TT-BXD; 105/2025/CP-NĐ
1.014973,Hỗ trợ đầu tư phát triển du lịch cộng đồng,Trường hợp,1,Đối với hỗ trợ xây dựng phòng lưu trú tại cơ sở lưu trú trong dân (homestay):,3.0,02/2026/NQ-HĐND
1.014973,Hỗ trợ đầu tư phát triển du lịch cộng đồng,Trường hợp,2,Đối với hỗ trợ đóng mới thuyền phục vụ du lịch cộng đồng,5.0,02/2026/NQ-HĐND
1.014975,"Hỗ trợ phát triển sản phẩm du lịch cộng đồng, chỉnh trang cảnh quan du",Trường hợp,1,Đối với hỗ trợ xây dựng và phát triển sản phẩm du lịch cộng đồng,3.0,02/2026/NQ-HĐND
1.014975,"Hỗ trợ phát triển sản phẩm du lịch cộng đồng, chỉnh trang cảnh quan du",Trường hợp,2,Đối với hỗ trợ chỉnh trang cảnh quan du lịch cộng đồng,3.0,02/2026/NQ-HĐND
1.115014,Chia sẻ phần giảm doanh thu,Trường hợp,1,"Hồ sơ Nhà đầu tư, doanh nghiệp dự án gửi đến Cơ quan ký kết hợp đồng",3.0,122/2026/NĐ-CP
1.115014,Chia sẻ phần giảm doanh thu,Trường hợp,2,Hồ sơ cơ quan ký kết hợp đồng gửi đến Kiểm toán Nhà nước,4.0,122/2026/NĐ-CP
1.115015,"Thanh toán chi phí bồi thường, chấm dứt hợp đồng trước thời hạn",Trường hợp,1,"Hồ sơ Nhà đầu tư, doanh nghiệp dự án gửi đến Cơ quan ký kết hợp đồng",3.0,122/2026/NĐ-CP
1.115015,"Thanh toán chi phí bồi thường, chấm dứt hợp đồng trước thời hạn",Trường hợp,2,Hồ sơ cơ quan ký kết hợp đồng gửi đến Kiểm toán Nhà nước,3.0,122/2026/NĐ-CP
1.115116,Đề nghị sử dụng kinh phí từ Quỹ Bảo trợ trẻ em cho người chưa thành ni,Trường hợp,1,Hồ sơ tạm ứng kinh phí,5.0,59/2024/QH15; 131/2026/NĐ-CP
1.115116,Đề nghị sử dụng kinh phí từ Quỹ Bảo trợ trẻ em cho người chưa thành ni,Trường hợp,2,Hồ sơ thanh toán kinh phí,2.0,59/2024/QH15; 131/2026/NĐ-CP
1.115387,"Chia, tách, sáp nhập trường cao đẳng; Sáp nhập trường trung cấp vào tr",Trường hợp,1,"Hồ sơ sáp nhập, chia, tách trường cao đẳng",2.0,02/2026/QH16; 15/2026/NQ-HĐND
1.115387,"Chia, tách, sáp nhập trường cao đẳng; Sáp nhập trường trung cấp vào tr",Trường hợp,2,Hồ sơ sáp nhập trường trung cấp vào trường cao đẳng,2.0,02/2026/QH16; 15/2026/NQ-HĐND
1.115478,Cấp giấy chứng nhận hoạt động đánh giá kỹ năng nghề quốc gia (Cấp tỉnh,Trường hợp,2,(2) Minh chứng đáp ứng các điều kiện quy định tại Điều 13 Nghị định số 138/2026/NĐ-CP bao gồm:,2.0,74/2025/QH15; 138/2026/NĐ-CP
1.115479,Cấp lại giấy chứng nhận hoạt động đánh giá kỹ năng nghề quốc gia (Cấp,Trường hợp,2,"(2) Minh chứng liên quan đến thay đổi, bổ sung tên nghề, bậc trình độ kỹ năng nghề hoặc thay đổi tên gọi, địa chỉ nơi đặt trụ sở chính của tổ chức đánh giá kỹ năng nghề quốc gia trong giấy chứng nhận đã được cấp, bao gồm:",2.0,74/2025/QH15; 138/2026/NĐ-CP
1.115482,"Đề nghị hỗ trợ tham gia đánh giá, cấp chứng chỉ kỹ năng nghề quốc gia",Trường hợp,2,(2) Giấy tờ chứng minh người lao động thuộc đối tượng hỗ trợ (nộp một trong các loại giấy tờ sau tùy theo đối tượng):,8.0,74/2025/QH15; 138/2026/NĐ-CP
1.115482,"Đề nghị hỗ trợ tham gia đánh giá, cấp chứng chỉ kỹ năng nghề quốc gia",Trường hợp,3,"Lưu ý về thành phần hồ sơ: - Các giấy tờ nêu trên phải là bản sao từ sổ gốc hoặc bản sao kèm bản chính để đối chiếu, hoặc bản sao có chứng thực điện tử/bản sao điện tử từ sổ gốc. - Cơ quan giải quyết TTHC có trách nhiệm khai thác thông tin từ cơ sở dữ liệu quốc gia/chuyên ngành và không yêu cầu người lao động nộp, xuất trình giấy tờ nếu thông tin đó đã có và khai thác được trên hệ thống.",0.0,74/2025/QH15; 138/2026/NĐ-CP
1.115483,"Đề nghị hỗ trợ tham gia đào tạo, bồi dưỡng, nâng cao trình độ kỹ năng",Trường hợp,2,(2) Giấy tờ chứng minh người lao động thuộc đối tượng hỗ trợ quy định tại khoản 3 Điều 22 Luật Việc làm là bản sao từ sổ gốc hoặc bản sao kèm bản chính để đối chiếu hoặc bản sao có chứng thực điện tử hoặc bản sao điện tử từ sổ gốc của một trong các giấy tờ sau:,9.0,74/2025/QH15; 02/2020/UBTVQH14; 138/2026/NĐ-CP
1.115483,"Đề nghị hỗ trợ tham gia đào tạo, bồi dưỡng, nâng cao trình độ kỹ năng",Trường hợp,3,"* Ghi chú: Cơ quan có thẩm quyền giải quyết thủ tục hành chính có trách nhiệm chủ động khai thác thông tin từ cơ sở dữ liệu quốc gia, cơ sở dữ liệu chuyên ngành đã được kết nối, chia sẻ để xác định đối tượng phải bảo đảm tuân thủ quy định của pháp luật; không yêu cầu người lao động nộp, xuất trình giấy tờ trong trường hợp thông tin đã có và khai thác được. Trường hợp không thể khai thác do chưa có dữ liệu, chưa kết nối, chia sẻ hoặc vì lý do kỹ thuật thì người lao động phải cung cấp, xuất trình giấy tờ để chứng minh theo quy định.",0.0,74/2025/QH15; 02/2020/UBTVQH14; 138/2026/NĐ-CP
1.115971,"Thu hồi chứng nhận đăng ký xe, biển số xe",Trường hợp,1,"Đối với trường hợp thu hồi do xe hết niên hạn sử dụng, hư hỏng không sử dụng được, xe bị thải bỏ, xe bị mất không tìm được",3.0,36/2024/QH15; 62/2026/TT-BCA; 79/2024/TT-BCA
1.115971,"Thu hồi chứng nhận đăng ký xe, biển số xe",Trường hợp,2,"Đối với các trường hợp chuyển quyền sở hữu xe, xe tái xuất, xe hết thời hạn đăng ký, xe tháo máy để đăng ký cho xe khác",4.0,36/2024/QH15; 62/2026/TT-BCA; 79/2024/TT-BCA
1.115971,"Thu hồi chứng nhận đăng ký xe, biển số xe",Trường hợp,3,"Đối với xe của cơ quan đại diện ngoại giao, cơ quan lãnh sự, tổ chức quốc tế hoặc thành viên các cơ quan, tổ chức đó: Ngoài các giấy tờ nêu trên phải có Giấy giới thiệu của cơ quan có thẩm quyền theo quy định",0.0,36/2024/QH15; 62/2026/TT-BCA; 79/2024/TT-BCA
1.115971,"Thu hồi chứng nhận đăng ký xe, biển số xe",Trường hợp,4,Trường hợp cơ quan giải quyết thủ tục hành chính khai thác được thông tin trong cơ sở dữ liệu thì không yêu cầu người nộp hồ sơ cung cấp giấy tờ này,0.0,36/2024/QH15; 62/2026/TT-BCA; 79/2024/TT-BCA
1.115972,"Cấp, thu hồi giấy phép hoạt động đối với phương tiện giao thông thông",Trường hợp,1,- Trường hợp cấp Giấy phép hoạt động,3.0,151/2024/NĐ-CP; 184/2025/NĐ-CP; 22/2026/NQ-CP; 118/2025/QH15; 36/2024/QH15; 62/2026/TT-BCA
1.115972,"Cấp, thu hồi giấy phép hoạt động đối với phương tiện giao thông thông",Trường hợp,2,Trường hợp cấp lại Giấy phép hoạt động,2.0,151/2024/NĐ-CP; 184/2025/NĐ-CP; 22/2026/NQ-CP; 118/2025/QH15; 36/2024/QH15; 62/2026/TT-BCA
1.115972,"Cấp, thu hồi giấy phép hoạt động đối với phương tiện giao thông thông",Trường hợp,3,Trường hợp thu hồi Giấy phép hoạt động: Giấy phép hoạt động phương tiện giao thông thông minh,0.0,151/2024/NĐ-CP; 184/2025/NĐ-CP; 22/2026/NQ-CP; 118/2025/QH15; 36/2024/QH15; 62/2026/TT-BCA
1.115972,"Cấp, thu hồi giấy phép hoạt động đối với phương tiện giao thông thông",Trường hợp,4,Trường hợp cơ quan giải quyết thủ tục hành chính khai thác được thông tin trong cơ sở dữ liệu thì không yêu cầu người nộp hồ sơ cung cấp giấy tờ này,0.0,151/2024/NĐ-CP; 184/2025/NĐ-CP; 22/2026/NQ-CP; 118/2025/QH15; 36/2024/QH15; 62/2026/TT-BCA
1.116252,Cấp lại quyết định chỉ định tổ chức thử nghiệm/giám định/chứng nhận/ki,Trường hợp,1,"Trường hợp đề nghị cấp lại do thay đổi tên hoặc địa chỉ, tổ chức, cá nhân phải nộp bổ sung tài liệu chứng minh việc thay đổi, bao gồm",2.0,37/2026/NĐ-CP
1.116252,Cấp lại quyết định chỉ định tổ chức thử nghiệm/giám định/chứng nhận/ki,Trường hợp,2,"Trường hợp đề nghị cấp lại do bị mất, thất lạc, hư hỏng, hồ sơ gồm",2.0,37/2026/NĐ-CP
1.116316,Kiểm tra chất lượng hàng hóa nhập khẩu có mức độ rủi ro cao thuộc trác,Trường hợp,1,a) Trường hợp hàng hóa nhập khẩu đã có Giấy chứng nhận hợp quy:,4.0,37/2026/NĐ-CP; 05/2007/QH12; 78/2025/QH15
1.116316,Kiểm tra chất lượng hàng hóa nhập khẩu có mức độ rủi ro cao thuộc trác,Trường hợp,2,b) Trường hợp hàng hóa nhập khẩu chưa có Giấy chứng nhận hợp quy:,3.0,37/2026/NĐ-CP; 05/2007/QH12; 78/2025/QH15
1.116398,"Đăng ký biến động quyền sử dụng đất, quyền sở hữu tài sản gắn liền với",Trường hợp,1,"Đối với trường hợp chuyển đổi, chuyển nhượng, thừa kế, góp vốn bằng quyền sử dụng đất, quyền sở hữu tài sản gắn liền với đất; cho thuê, cho thuê lại quyền sử dụng đất trong dự án xây dựng kinh doanh kết cấu hạ tầng; tặng cho quyền sử dụng đất, quyền sở hữu tài sản gắn liền với đất",11.0,49/2026/NĐ-CP; 43/2024/QH15; 118/2025/NĐ-CP; 1927/QĐ-UBND; 254/2025/QH15; 58/2024/QH15; 31/2024/QH15; 40/2026/QĐ-UBND
1.116398,"Đăng ký biến động quyền sử dụng đất, quyền sở hữu tài sản gắn liền với",Trường hợp,2,- Đối với trường hợp người sử dụng đất tặng cho quyền sử dụng đất cho Nhà nước hoặc cộng đồng dân cư hoặc mở rộng đường giao thông,2.0,49/2026/NĐ-CP; 43/2024/QH15; 118/2025/NĐ-CP; 1927/QĐ-UBND; 254/2025/QH15; 58/2024/QH15; 31/2024/QH15; 40/2026/QĐ-UBND
1.116409,"Khai thác thông tin của công dân, người gốc Việt Nam chưa xác định đượ",Trường hợp,1,Khai thác thông tin của công dân trong Cơ sở dữ liệu căn cước,4.0,26/2023/QH15; 70/2024/NĐ-CP; 48/2022/TT-BTC; 61/2025/TT-BCA; 17/2024/TT-BCA; 117/2026/TT-BCA
1.116409,"Khai thác thông tin của công dân, người gốc Việt Nam chưa xác định đượ",Trường hợp,2,Khai thác thông tin của người gốc Việt Nam chưa xác định được quốc tịch trong Cơ sở dữ liệu căn cước,2.0,26/2023/QH15; 70/2024/NĐ-CP; 48/2022/TT-BTC; 61/2025/TT-BCA; 17/2024/TT-BCA; 117/2026/TT-BCA
1.116411,"Khai thác thông tin của công dân, người gốc Việt Nam chưa xác định đượ",Trường hợp,1,Trường hợp khai thác thông tin của công dân trong Cơ sở dữ liệu quốc gia về dân cư,4.0,26/2023/QH15; 70/2024/NĐ-CP; 48/2022/TT-BTC; 118/2025/QH15; 61/2025/TT-BCA; 17/2024/TT-BCA; 117/2026/TT-BCA
1.116411,"Khai thác thông tin của công dân, người gốc Việt Nam chưa xác định đượ",Trường hợp,2,Khai thác thông tin của người gốc Việt Nam chưa xác định được quốc tịch trong Cơ sở dữ liệu quốc gia về dân cư,2.0,26/2023/QH15; 70/2024/NĐ-CP; 48/2022/TT-BTC; 118/2025/QH15; 61/2025/TT-BCA; 17/2024/TT-BCA; 117/2026/TT-BCA
1.116412,"Khai thác thông tin của công dân, người gốc Việt Nam chưa xác định đượ",Trường hợp,1,Khai thác thông tin của công dân trong Cơ sở dữ liệu căn cước,4.0,26/2023/QH15; 118/2025/QH15; 61/2025/TT-BCA; 17/2024/TT-BCA; 117/2026/TT-BCA; 70/2024/NĐ-CP; 48/2022/TT-BTC
1.116412,"Khai thác thông tin của công dân, người gốc Việt Nam chưa xác định đượ",Trường hợp,2,Khai thác thông tin của người gốc Việt Nam chưa xác định được quốc tịch trong Cơ sở dữ liệu căn cước,2.0,26/2023/QH15; 118/2025/QH15; 61/2025/TT-BCA; 17/2024/TT-BCA; 117/2026/TT-BCA; 70/2024/NĐ-CP; 48/2022/TT-BTC
1.116414,"Thu thập, cập nhật, điều chỉnh thông tin của người gốc Việt Nam chưa x",Trường hợp,1,"Trường hợp thu thập, cập nhật thông tin của người gốc Việt Nam chưa xác định được quốc tịch vào Cơ sở dữ liệu quốc gia về dân cư, Cơ sở dữ liệu căn cước và cấp giấy chứng nhận căn cước",2.0,26/2023/QH15; 17/2024/TT-BCA; 70/2024/NĐ-CP; 118/2025/QH15; 61/2025/TT-BCA; 117/2026/TT-BCA
1.116414,"Thu thập, cập nhật, điều chỉnh thông tin của người gốc Việt Nam chưa x",Trường hợp,2,Trường hợp cấp đổi giấy chứng nhận căn cước,2.0,26/2023/QH15; 17/2024/TT-BCA; 70/2024/NĐ-CP; 118/2025/QH15; 61/2025/TT-BCA; 117/2026/TT-BCA
1.116414,"Thu thập, cập nhật, điều chỉnh thông tin của người gốc Việt Nam chưa x",Trường hợp,3,Trường hợp cấp lại giấy chứng nhận căn cước,2.0,26/2023/QH15; 17/2024/TT-BCA; 70/2024/NĐ-CP; 118/2025/QH15; 61/2025/TT-BCA; 117/2026/TT-BCA
1.116431,"(Hà Nội) Sử dụng đất kết hợp đa mục đích, gia hạn phương án sử dụng đấ",Trường hợp,1,a) Hồ sơ đề nghị phê duyệt phương án sử dụng đất kết hợp đa mục đích,3.0,29/2023/QH15; 102/2024/NĐ-CP; 43/2024/QH15; 151/2025/NĐ-CP; 27/2023/QH15; 254/2025/QH15; 32/2024/QH15; 226/2025/NĐ-CP; 31/2024/QH15; 33/2026/QĐ-UBND; 105/2026/QĐ-UBND
1.116431,"(Hà Nội) Sử dụng đất kết hợp đa mục đích, gia hạn phương án sử dụng đấ",Trường hợp,2,b) Hồ sơ gia hạn phương án sử dụng đất kết hợp đa mục đích,1.0,29/2023/QH15; 102/2024/NĐ-CP; 43/2024/QH15; 151/2025/NĐ-CP; 27/2023/QH15; 254/2025/QH15; 32/2024/QH15; 226/2025/NĐ-CP; 31/2024/QH15; 33/2026/QĐ-UBND; 105/2026/QĐ-UBND
1.116433,(Hà Nội) Cấp lại Giấy chứng nhận do bị mất trường hợp thuộc thẩm quyền,Trường hợp,1,a) Đối với trường hợp cấp lại Giấy chứng nhận bị mất trong đó gồm: Giấy chứng nhận do UBND cấp huyện trước đây và Giấy chứng nhận do UBND cấp xã cấp mà chưa thực hiện đăng ký biến động qua hệ thống Văn phòng Đăng ký đất đai,2.0,49/2026/NĐ-CP; 102/2024/NĐ-CP; 43/2024/QH15; 151/2025/NĐ-CP; 254/2025/QH15; 31/2024/QH15; 101/2024/NĐ-CP; 33/2026/QĐ-UBND; 105/2026/QĐ-UBND
1.116433,(Hà Nội) Cấp lại Giấy chứng nhận do bị mất trường hợp thuộc thẩm quyền,Trường hợp,2,b) Đối với trường hợp mất Trang bổ sung trong đó gồm: Giấy chứng nhận do UBND cấp huyện trước đây và Giấy chứng nhận do UBND cấp xã cấp mà chưa thực hiện đăng ký biến động qua hệ thống Văn phòng Đăng ký đất đai:,3.0,49/2026/NĐ-CP; 102/2024/NĐ-CP; 43/2024/QH15; 151/2025/NĐ-CP; 254/2025/QH15; 31/2024/QH15; 101/2024/NĐ-CP; 33/2026/QĐ-UBND; 105/2026/QĐ-UBND
1.116438,"(Hà Nội) Đăng ký đất đai, tài sản gắn liền với đất, cấp Giấy chứng nhậ",Trường hợp,1,"a) Đối với trường hợp thực hiện thủ tục đăng ký, cấp Giấy chứng nhận cho hộ gia đình, cá nhân, cộng đồng dân cư:",16.0,31/2024/QH15; 49/2026/NĐ-CP; 29/2023/QH15; 27/2023/QH15
1.116438,"(Hà Nội) Đăng ký đất đai, tài sản gắn liền với đất, cấp Giấy chứng nhậ",Trường hợp,2,"b) Đối với trường hợp thực hiện thủ tục đăng ký, cấp Giấy chứng nhận lần đầu cho người gốc Việt Nam định cư ở nước ngoài do nhận thừa kế quyền sử dụng đất theo quy định tại điểm h khoản 1 Điều 28 Luật Đất đai:",9.0,31/2024/QH15; 49/2026/NĐ-CP; 29/2023/QH15; 27/2023/QH15
1.116438,"(Hà Nội) Đăng ký đất đai, tài sản gắn liền với đất, cấp Giấy chứng nhậ",Trường hợp,3,"c) Đối với trường hợp thực hiện thủ tục cấp Giấy chứng nhận cho cá nhân, cộng đồng dân cư, hộ gia đình, người gốc Việt Nam định cư ở nước ngoài đã có Thông báo xác nhận kết quả đăng ký đất đai:",2.0,31/2024/QH15; 49/2026/NĐ-CP; 29/2023/QH15; 27/2023/QH15
1.116438,"(Hà Nội) Đăng ký đất đai, tài sản gắn liền với đất, cấp Giấy chứng nhậ",Trường hợp,4,"d) Các tờ khai, đơn cam kết (Bản chính):",5.0,31/2024/QH15; 49/2026/NĐ-CP; 29/2023/QH15; 27/2023/QH15
1.116439,"(Hà Nội) Sử dụng đất kết hợp đa mục đích, gia hạn phương án sử dụng đấ",Trường hợp,1,a) Hồ sơ đề nghị phê duyệt phương án sử dụng đất kết hợp đa mục đích,3.0,32/2024/QH15; 226/2025/NĐ-CP; 31/2024/QH15; 33/2026/QĐ-UBND; 105/2026/QĐ-UBND; 151/2025/NĐ-CP; 27/2023/QH15; 254/2025/QH15; 29/2023/QH15; 102/2024/NĐ-CP; 43/2024/QH15
1.116439,"(Hà Nội) Sử dụng đất kết hợp đa mục đích, gia hạn phương án sử dụng đấ",Trường hợp,2,Hồ sơ gia hạn phương án sử dụng đất kết hợp đa mục đích,1.0,32/2024/QH15; 226/2025/NĐ-CP; 31/2024/QH15; 33/2026/QĐ-UBND; 105/2026/QĐ-UBND; 151/2025/NĐ-CP; 27/2023/QH15; 254/2025/QH15; 29/2023/QH15; 102/2024/NĐ-CP; 43/2024/QH15
1.116440,"(Hà Nội) Xóa ghi nợ tiền sử dụng đất, lệ phí trước bạ trên Giấy chứng",Trường hợp,1,a) Trường hợp xóa ghi nợ bằng tiền trên Giấy chứng nhận,1.0,31/2024/QH15; 01/QCPH-CT-CQLĐĐ; 33/2026/QĐ-UBND; 105/2026/QĐ-UBND; 102/2024/NĐ-CP; 118/2025/NĐ-CP; 49/2026/NĐ-CP; 101/2024/NĐ-CP; 151/2025/NĐ-CP; 254/2025/QH15
1.116440,"(Hà Nội) Xóa ghi nợ tiền sử dụng đất, lệ phí trước bạ trên Giấy chứng",Trường hợp,2,b) Trường hợp xóa ghi nợ theo Quyết định cấp Giấy chứng nhận,5.0,31/2024/QH15; 01/QCPH-CT-CQLĐĐ; 33/2026/QĐ-UBND; 105/2026/QĐ-UBND; 102/2024/NĐ-CP; 118/2025/NĐ-CP; 49/2026/NĐ-CP; 101/2024/NĐ-CP; 151/2025/NĐ-CP; 254/2025/QH15
1.116444,"(Hà Nội) Giao đất, cho thuê đất, chuyển mục đích sử dụng đất đối với t",Trường hợp,1,"a) Thành phần hồ sơ đối với trường hợp giao đất, cho thuê đất không thông qua hình thức đấu giá quyền sử dụng đất, không đấu thầu lựa chọn nhà đầu tư thực hiện dự án có sử dụng đất thuộc diện chấp thuận chủ trương đầu tư, chấp thuận nhà đầu tư theo pháp luật về đầu tư, gồm:",8.0,136/2025/NĐ-CP; 226/2025/NĐ-CP; 33/2026/QĐ-UBND; 105/2026/QĐ-UBND; 102/2024/NĐ-CP; 43/2024/QH15; 118/2025/NĐ-CP; 131/2025/NĐ-CP; 91/2024/NĐ-CP; 16/2017/QH14
1.116444,"(Hà Nội) Giao đất, cho thuê đất, chuyển mục đích sử dụng đất đối với t",Trường hợp,2,"b) Thành phần hồ sơ đối với trường hợp giao đất, cho thuê đất không thông qua hình thức đấu giá quyền sử dụng đất, không đấu thầu lựa chọn nhà đầu tư thực hiện dự án có sử dụng đất thuộc diện không chấp thuận chủ trương đầu tư, chấp thuận nhà đầu tư theo pháp luật về đầu tư, gồm:",4.0,136/2025/NĐ-CP; 226/2025/NĐ-CP; 33/2026/QĐ-UBND; 105/2026/QĐ-UBND; 102/2024/NĐ-CP; 43/2024/QH15; 118/2025/NĐ-CP; 131/2025/NĐ-CP; 91/2024/NĐ-CP; 16/2017/QH14
1.116444,"(Hà Nội) Giao đất, cho thuê đất, chuyển mục đích sử dụng đất đối với t",Trường hợp,3,"c) Thành phần hồ sơ đối với trường hợp giao đất, cho thuê đất thông qua đấu thầu lựa chọn nhà đầu tư thực hiện dự án có sử dụng đất, gồm:",3.0,136/2025/NĐ-CP; 226/2025/NĐ-CP; 33/2026/QĐ-UBND; 105/2026/QĐ-UBND; 102/2024/NĐ-CP; 43/2024/QH15; 118/2025/NĐ-CP; 131/2025/NĐ-CP; 91/2024/NĐ-CP; 16/2017/QH14
1.116444,"(Hà Nội) Giao đất, cho thuê đất, chuyển mục đích sử dụng đất đối với t",Trường hợp,4,"d) Thành phần hồ sơ đối với trường hợp chuyển mục đích sử dụng đất thuộc diện chấp thuận chủ trương đầu tư, chấp thuận nhà đầu tư theo pháp luật về đầu tư, gồm:",4.0,136/2025/NĐ-CP; 226/2025/NĐ-CP; 33/2026/QĐ-UBND; 105/2026/QĐ-UBND; 102/2024/NĐ-CP; 43/2024/QH15; 118/2025/NĐ-CP; 131/2025/NĐ-CP; 91/2024/NĐ-CP; 16/2017/QH14
1.116444,"(Hà Nội) Giao đất, cho thuê đất, chuyển mục đích sử dụng đất đối với t",Trường hợp,5,"đ) Thành phần hồ sơ đối với trường hợp chuyển mục đích sử dụng đất thuộc diện không chấp thuận chủ trương đầu tư, chấp thuận nhà đầu tư theo pháp luật về đầu tư, gồm:",3.0,136/2025/NĐ-CP; 226/2025/NĐ-CP; 33/2026/QĐ-UBND; 105/2026/QĐ-UBND; 102/2024/NĐ-CP; 43/2024/QH15; 118/2025/NĐ-CP; 131/2025/NĐ-CP; 91/2024/NĐ-CP; 16/2017/QH14
1.116444,"(Hà Nội) Giao đất, cho thuê đất, chuyển mục đích sử dụng đất đối với t",Trường hợp,6,"e) Thành phần hồ sơ đối với trường hợp giao đất, cho thuê đất nông nghiệp do tổ chức, tổ chức kinh tế có vốn đầu tư nước ngoài sử dụng, gồm:",8.0,136/2025/NĐ-CP; 226/2025/NĐ-CP; 33/2026/QĐ-UBND; 105/2026/QĐ-UBND; 102/2024/NĐ-CP; 43/2024/QH15; 118/2025/NĐ-CP; 131/2025/NĐ-CP; 91/2024/NĐ-CP; 16/2017/QH14
1.116444,"(Hà Nội) Giao đất, cho thuê đất, chuyển mục đích sử dụng đất đối với t",Trường hợp,7,"g) Thành phần hồ sơ đối với trường hợp giao đất, cho thuê đất do các công ty nông, lâm nghiệp quản lý, sử dụng, gồm:",9.0,136/2025/NĐ-CP; 226/2025/NĐ-CP; 33/2026/QĐ-UBND; 105/2026/QĐ-UBND; 102/2024/NĐ-CP; 43/2024/QH15; 118/2025/NĐ-CP; 131/2025/NĐ-CP; 91/2024/NĐ-CP; 16/2017/QH14
1.116444,"(Hà Nội) Giao đất, cho thuê đất, chuyển mục đích sử dụng đất đối với t",Trường hợp,8,"h) Thành phần hồ sơ đối với trường hợp gia hạn sử dụng đất khi hết thời hạn sử dụng đất, gồm:",4.0,136/2025/NĐ-CP; 226/2025/NĐ-CP; 33/2026/QĐ-UBND; 105/2026/QĐ-UBND; 102/2024/NĐ-CP; 43/2024/QH15; 118/2025/NĐ-CP; 131/2025/NĐ-CP; 91/2024/NĐ-CP; 16/2017/QH14
1.116448,"(Hà Nội) Điều chỉnh quyết định giao đất, cho thuê đất, cho phép chuyển",Trường hợp,1,"a) Hồ sơ đề nghị điều chỉnh quyết định giao đất, cho thuê đất, cho phép chuyển mục đích sử dụng đất bao gồm:",3.0,226/2025/NĐ-CP; 33/2026/QĐ-UBND; 105/2026/QĐ-UBND; 151/2025/NĐ-CP; 47/2024/QH15; 58/2024/QH15; 49/2026/NĐ-CP; 102/2024/NĐ-CP; 43/2024/QH15
1.116448,"(Hà Nội) Điều chỉnh quyết định giao đất, cho thuê đất, cho phép chuyển",Trường hợp,2,b) Hồ sơ đề nghị điều chỉnh thời hạn sử dụng đất của dự án đầu tư bao gồm:,5.0,226/2025/NĐ-CP; 33/2026/QĐ-UBND; 105/2026/QĐ-UBND; 151/2025/NĐ-CP; 47/2024/QH15; 58/2024/QH15; 49/2026/NĐ-CP; 102/2024/NĐ-CP; 43/2024/QH15
1.116449,(Hà Nội) Đăng ký tài sản gắn liền với thửa đất đã được cấp Giấy chứng,Trường hợp,2,Đối với tài sản là nhà ở,4.0,31/2024/QH15; 49/2026/NĐ-CP; 102/2024/NĐ-CP; 43/2024/QH15; 151/2025/NĐ-CP; 33/2026/QĐ-UBND; 105/2026/QĐ-UBND; 101/2024/NĐ-CP
1.116451,"(Hà Nội) Giao đất, cho thuê đất, chuyển mục đích sử dụng đất đối với t",Trường hợp,1,"Thành phần hồ sơ đối với trường hợp giao đất, cho thuê đất không thông qua hình thức đấu giá quyền sử dụng đất, không đấu thầu lựa chọn nhà đầu tư thực hiện dự án có sử dụng đất thuộc diện chấp thuận chủ trương đầu tư, chấp thuận nhà đầu tư theo pháp luật về đầu tư, gồm",5.0,226/2025/NĐ-CP; 31/2024/QH15; 33/2026/QĐ-UBND; 105/2026/QĐ-UBND; 49/2026/NĐ-CP; 102/2024/NĐ-CP; 118/2025/NĐ-CP; 151/2025/NĐ-CP; 131/2025/NĐ-CP; 91/2024/NĐ-CP; 16/2017/QH14; 156/2018/NĐ-CP; 136/2025/NĐ-CP
1.116451,"(Hà Nội) Giao đất, cho thuê đất, chuyển mục đích sử dụng đất đối với t",Trường hợp,2,"Thành phần hồ sơ đối với trường hợp giao đất, cho thuê đất không thông qua hình thức đấu giá quyền sử dụng đất, không đấu thầu lựa chọn nhà đầu tư thực hiện dự án có sử dụng đất thuộc diện không chấp thuận chủ trương đầu tư, chấp thuận nhà đầu tư theo pháp luật về đầu tư, gồm",4.0,226/2025/NĐ-CP; 31/2024/QH15; 33/2026/QĐ-UBND; 105/2026/QĐ-UBND; 49/2026/NĐ-CP; 102/2024/NĐ-CP; 118/2025/NĐ-CP; 151/2025/NĐ-CP; 131/2025/NĐ-CP; 91/2024/NĐ-CP; 16/2017/QH14; 156/2018/NĐ-CP; 136/2025/NĐ-CP
1.116451,"(Hà Nội) Giao đất, cho thuê đất, chuyển mục đích sử dụng đất đối với t",Trường hợp,3,"Thành phần hồ sơ đối với trường hợp giao đất, cho thuê đất thông qua đấu thầu lựa chọn nhà đầu tư thực hiện dự án có sử dụng đất, gồm",3.0,226/2025/NĐ-CP; 31/2024/QH15; 33/2026/QĐ-UBND; 105/2026/QĐ-UBND; 49/2026/NĐ-CP; 102/2024/NĐ-CP; 118/2025/NĐ-CP; 151/2025/NĐ-CP; 131/2025/NĐ-CP; 91/2024/NĐ-CP; 16/2017/QH14; 156/2018/NĐ-CP; 136/2025/NĐ-CP
1.116451,"(Hà Nội) Giao đất, cho thuê đất, chuyển mục đích sử dụng đất đối với t",Trường hợp,4,"Thành phần hồ sơ đối với trường hợp chuyển mục đích sử dụng đất thuộc diện chấp thuận chủ trương đầu tư, chấp thuận nhà đầu tư theo pháp luật về đầu tư, gồm",4.0,226/2025/NĐ-CP; 31/2024/QH15; 33/2026/QĐ-UBND; 105/2026/QĐ-UBND; 49/2026/NĐ-CP; 102/2024/NĐ-CP; 118/2025/NĐ-CP; 151/2025/NĐ-CP; 131/2025/NĐ-CP; 91/2024/NĐ-CP; 16/2017/QH14; 156/2018/NĐ-CP; 136/2025/NĐ-CP
1.116451,"(Hà Nội) Giao đất, cho thuê đất, chuyển mục đích sử dụng đất đối với t",Trường hợp,5,"Thành phần hồ sơ đối với trường hợp chuyển mục đích sử dụng đất thuộc diện không chấp thuận chủ trương đầu tư, chấp thuận nhà đầu tư theo pháp luật về đầu tư, gồm",3.0,226/2025/NĐ-CP; 31/2024/QH15; 33/2026/QĐ-UBND; 105/2026/QĐ-UBND; 49/2026/NĐ-CP; 102/2024/NĐ-CP; 118/2025/NĐ-CP; 151/2025/NĐ-CP; 131/2025/NĐ-CP; 91/2024/NĐ-CP; 16/2017/QH14; 156/2018/NĐ-CP; 136/2025/NĐ-CP
1.116451,"(Hà Nội) Giao đất, cho thuê đất, chuyển mục đích sử dụng đất đối với t",Trường hợp,6,"Thành phần hồ sơ đối với trường hợp giao đất, cho thuê đất nông nghiệp do tổ chức, tổ chức kinh tế có vốn đầu tư nước ngoài sử dụng, gồm:",4.0,226/2025/NĐ-CP; 31/2024/QH15; 33/2026/QĐ-UBND; 105/2026/QĐ-UBND; 49/2026/NĐ-CP; 102/2024/NĐ-CP; 118/2025/NĐ-CP; 151/2025/NĐ-CP; 131/2025/NĐ-CP; 91/2024/NĐ-CP; 16/2017/QH14; 156/2018/NĐ-CP; 136/2025/NĐ-CP
1.116451,"(Hà Nội) Giao đất, cho thuê đất, chuyển mục đích sử dụng đất đối với t",Trường hợp,7,"Thành phần hồ sơ đối với trường hợp giao đất, cho thuê đất do các công ty nông, lâm nghiệp quản lý, sử dụng, gồm",5.0,226/2025/NĐ-CP; 31/2024/QH15; 33/2026/QĐ-UBND; 105/2026/QĐ-UBND; 49/2026/NĐ-CP; 102/2024/NĐ-CP; 118/2025/NĐ-CP; 151/2025/NĐ-CP; 131/2025/NĐ-CP; 91/2024/NĐ-CP; 16/2017/QH14; 156/2018/NĐ-CP; 136/2025/NĐ-CP
1.116451,"(Hà Nội) Giao đất, cho thuê đất, chuyển mục đích sử dụng đất đối với t",Trường hợp,8,"Thành phần hồ sơ đối với trường hợp gia hạn sử dụng đất khi hết thời hạn sử dụng đất, gồm:",3.0,226/2025/NĐ-CP; 31/2024/QH15; 33/2026/QĐ-UBND; 105/2026/QĐ-UBND; 49/2026/NĐ-CP; 102/2024/NĐ-CP; 118/2025/NĐ-CP; 151/2025/NĐ-CP; 131/2025/NĐ-CP; 91/2024/NĐ-CP; 16/2017/QH14; 156/2018/NĐ-CP; 136/2025/NĐ-CP
1.116454,"(Hà Nội) Đăng ký biến động quyền sử dụng đất, quyền sở hữu tài sản gắn",Trường hợp,1,"Trường hợp đăng ký biến động quyền sử dụng đất, quyền sở hữu tài sản gắn liền với đất trong các trường hợp chuyển đổi quyền sử dụng đất nông nghiệp mà không theo phương án dồn điền, đổi thửa, chuyển nhượng, thừa kế, tặng cho quyền sử dụng đất, quyền sở hữu tài sản gắn liền với đất, góp vốn bằng quyền sử dụng đất, quyền sở hữu tài sản gắn liền với đất",11.0,31/2024/QH15; 151/2025/NĐ-CP; 254/2025/QH15; 101/2024/NĐ-CP; 49/2026/NĐ-CP; 102/2024/NĐ-CP; 33/2026/QĐ-UBND; 105/2026/QĐ-UBND; 43/2024/QH15
1.116454,"(Hà Nội) Đăng ký biến động quyền sử dụng đất, quyền sở hữu tài sản gắn",Trường hợp,2,Trường hợp bán hoặc tặng cho hoặc để thừa kế hoặc góp vốn bằng tài sản gắn liền với đất thuê của Nhà nước theo hình thức thuê đất trả tiền hàng năm,7.0,31/2024/QH15; 151/2025/NĐ-CP; 254/2025/QH15; 101/2024/NĐ-CP; 49/2026/NĐ-CP; 102/2024/NĐ-CP; 33/2026/QĐ-UBND; 105/2026/QĐ-UBND; 43/2024/QH15
1.116454,"(Hà Nội) Đăng ký biến động quyền sử dụng đất, quyền sở hữu tài sản gắn",Trường hợp,3,"Trường hợp cho thuê, cho thuê lại quyền sử dụng đất trong dự án xây dựng kinh doanh kết cấu hạ tầng",7.0,31/2024/QH15; 151/2025/NĐ-CP; 254/2025/QH15; 101/2024/NĐ-CP; 49/2026/NĐ-CP; 102/2024/NĐ-CP; 33/2026/QĐ-UBND; 105/2026/QĐ-UBND; 43/2024/QH15
1.116454,"(Hà Nội) Đăng ký biến động quyền sử dụng đất, quyền sở hữu tài sản gắn",Trường hợp,4,Trường hợp người sử dụng đất tặng cho quyền sử dụng đất cho Nhà nước hoặc cộng đồng dân cư hoặc mở rộng đường giao thông,4.0,31/2024/QH15; 151/2025/NĐ-CP; 254/2025/QH15; 101/2024/NĐ-CP; 49/2026/NĐ-CP; 102/2024/NĐ-CP; 33/2026/QĐ-UBND; 105/2026/QĐ-UBND; 43/2024/QH15
1.116455,(Hà Nội) Đăng ký biến động đối với trường hợp đổi tên hoặc thay đổi th,Trường hợp,1,"Hồ sơ đăng ký biến động đối với trường hợp đổi tên hoặc thay đổi thông tin về người sử dụng đất, chủ sở hữu tài sản gắn liền với đất:",6.0,254/2025/QH15; 101/2024/NĐ-CP; 151/2025/NĐ-CP; 43/2024/QH15; 102/2024/NĐ-CP; 49/2026/NĐ-CP; 31/2024/QH15; 33/2026/QĐ-UBND; 105/2026/QĐ-UBND
1.116455,(Hà Nội) Đăng ký biến động đối với trường hợp đổi tên hoặc thay đổi th,Trường hợp,2,Đối với trường hợp thay đổi số hiệu hoặc địa chỉ của thửa đất,4.0,254/2025/QH15; 101/2024/NĐ-CP; 151/2025/NĐ-CP; 43/2024/QH15; 102/2024/NĐ-CP; 49/2026/NĐ-CP; 31/2024/QH15; 33/2026/QĐ-UBND; 105/2026/QĐ-UBND
1.116455,(Hà Nội) Đăng ký biến động đối với trường hợp đổi tên hoặc thay đổi th,Trường hợp,3,"Đối với trường hợp thay đổi hạn chế quyền sử dụng đất, quyền sở hữu tài sản gắn liền với đất hoặc có thay đổi quyền đối với thửa đất liền kề",5.0,254/2025/QH15; 101/2024/NĐ-CP; 151/2025/NĐ-CP; 43/2024/QH15; 102/2024/NĐ-CP; 49/2026/NĐ-CP; 31/2024/QH15; 33/2026/QĐ-UBND; 105/2026/QĐ-UBND
1.116455,(Hà Nội) Đăng ký biến động đối với trường hợp đổi tên hoặc thay đổi th,Trường hợp,4,Đối với trường hợp giảm diện tích thửa đất do sạt lở tự nhiên,5.0,254/2025/QH15; 101/2024/NĐ-CP; 151/2025/NĐ-CP; 43/2024/QH15; 102/2024/NĐ-CP; 49/2026/NĐ-CP; 31/2024/QH15; 33/2026/QĐ-UBND; 105/2026/QĐ-UBND
1.116456,"(Hà Nội) Đăng ký biến động thay đổi quyền sử dụng đất, quyền sở hữu tà",Trường hợp,1,"Đăng ký biến động thay đổi quyền sử dụng đất, quyền sở hữu tài sản gắn liền với đất do chia, tách, hợp nhất, sáp nhập tổ chức hoặc chuyển đổi mô hình tổ chức, chuyển đổi loại hình doanh nghiệp theo quy định của pháp luật về doanh nghiệp",8.0,254/2025/QH15; 101/2024/NĐ-CP; 151/2025/NĐ-CP; 31/2024/QH15; 33/2026/QĐ-UBND; 105/2026/QĐ-UBND; 01/QCPH-CT-CQLĐĐ; 43/2024/QH15; 102/2024/NĐ-CP; 49/2026/NĐ-CP
1.116456,"(Hà Nội) Đăng ký biến động thay đổi quyền sử dụng đất, quyền sở hữu tà",Trường hợp,2,Đối với trường hợp điều chỉnh quy hoạch xây dựng chi tiết,4.0,254/2025/QH15; 101/2024/NĐ-CP; 151/2025/NĐ-CP; 31/2024/QH15; 33/2026/QĐ-UBND; 105/2026/QĐ-UBND; 01/QCPH-CT-CQLĐĐ; 43/2024/QH15; 102/2024/NĐ-CP; 49/2026/NĐ-CP
1.116456,"(Hà Nội) Đăng ký biến động thay đổi quyền sử dụng đất, quyền sở hữu tà",Trường hợp,3,Đối với trường hợp cấp Giấy chứng nhận cho từng thửa đất theo quy hoạch xây dựng chi tiết cho chủ đầu tư dự án có nhu cầu,4.0,254/2025/QH15; 101/2024/NĐ-CP; 151/2025/NĐ-CP; 31/2024/QH15; 33/2026/QĐ-UBND; 105/2026/QĐ-UBND; 01/QCPH-CT-CQLĐĐ; 43/2024/QH15; 102/2024/NĐ-CP; 49/2026/NĐ-CP
1.116457,(Hà Nội) Đăng ký biến động đối với trường hợp thay đổi quyền sử dụng đ,Trường hợp,1,"Đối với trường hợp thay đổi quyền sử dụng đất, quyền sở hữu tài sản gắn liền với đất theo thỏa thuận của các thành viên hộ gia đình hoặc của vợ và chồng:",7.0,102/2024/NĐ-CP; 49/2026/NĐ-CP; 31/2024/QH15; 33/2026/QĐ-UBND; 105/2026/QĐ-UBND; 151/2025/NĐ-CP; 101/2024/NĐ-CP; 254/2025/QH15; 15/2017/QH14; 118/2025/NĐ-CP; 01/QCPH-CT-CQLĐĐ
1.116457,(Hà Nội) Đăng ký biến động đối với trường hợp thay đổi quyền sử dụng đ,Trường hợp,2,"Đối với trường hợp thay đổi quyền sử dụng đất xây dựng công trình trên mặt đất phục vụ cho việc vận hành, khai thác sử dụng công trình ngầm, quyền sở hữu công trình ngầm:",7.0,102/2024/NĐ-CP; 49/2026/NĐ-CP; 31/2024/QH15; 33/2026/QĐ-UBND; 105/2026/QĐ-UBND; 151/2025/NĐ-CP; 101/2024/NĐ-CP; 254/2025/QH15; 15/2017/QH14; 118/2025/NĐ-CP; 01/QCPH-CT-CQLĐĐ
1.116457,(Hà Nội) Đăng ký biến động đối với trường hợp thay đổi quyền sử dụng đ,Trường hợp,3,"Đối với trường hợp bán tài sản, điều chuyển, chuyển nhượng quyền sử dụng đất là tài sản công theo quy định của pháp luật về quản lý, sử dụng tài sản công:",8.0,102/2024/NĐ-CP; 49/2026/NĐ-CP; 31/2024/QH15; 33/2026/QĐ-UBND; 105/2026/QĐ-UBND; 151/2025/NĐ-CP; 101/2024/NĐ-CP; 254/2025/QH15; 15/2017/QH14; 118/2025/NĐ-CP; 01/QCPH-CT-CQLĐĐ
1.116457,(Hà Nội) Đăng ký biến động đối với trường hợp thay đổi quyền sử dụng đ,Trường hợp,4,"Đối với trường hợp nhận quyền sử dụng đất, quyền sở hữu tài sản gắn liền với đất theo kết quả giải quyết tranh chấp, khiếu nại, tố cáo về đất đai hoặc bản án, quyết định của Tòa án, quyết định thi hành án của cơ quan thi hành án đã được thi hành; quyết định hoặc phán quyết của Trọng tài thương mại Việt Nam về giải quyết tranh chấp giữa các bên phát sinh từ hoạt động thương mại liên quan đến đất đai:",7.0,102/2024/NĐ-CP; 49/2026/NĐ-CP; 31/2024/QH15; 33/2026/QĐ-UBND; 105/2026/QĐ-UBND; 151/2025/NĐ-CP; 101/2024/NĐ-CP; 254/2025/QH15; 15/2017/QH14; 118/2025/NĐ-CP; 01/QCPH-CT-CQLĐĐ
1.116457,(Hà Nội) Đăng ký biến động đối với trường hợp thay đổi quyền sử dụng đ,Trường hợp,5,"Đối với trường hợp nhận quyền sử dụng đất, quyền sở hữu tài sản gắn liền với đất do xử lý tài sản thế chấp là quyền sử dụng đất, tài sản gắn liền với đất đã được đăng ký, bao gồm cả xử lý khoản nợ có nguồn gốc từ khoản nợ xấu của tổ chức tín dụng, chi nhánh ngân hàng nước ngoài:",7.0,102/2024/NĐ-CP; 49/2026/NĐ-CP; 31/2024/QH15; 33/2026/QĐ-UBND; 105/2026/QĐ-UBND; 151/2025/NĐ-CP; 101/2024/NĐ-CP; 254/2025/QH15; 15/2017/QH14; 118/2025/NĐ-CP; 01/QCPH-CT-CQLĐĐ
1.116460,"(Hà Nội) Điều chỉnh quyết định giao đất, cho thuê đất, cho phép chuyển",Trường hợp,1,") Đề nghị điều chỉnh quyết định giao đất, cho thuê đất, cho phép chuyển mục đích sử dụng đất",3.0,31/2024/QH15; 33/2026/QĐ-UBND; 105/2026/QĐ-UBND; 102/2024/NĐ-CP; 151/2025/NĐ-CP; 49/2026/NĐ-CP; 226/2025/NĐ-CP
1.116460,"(Hà Nội) Điều chỉnh quyết định giao đất, cho thuê đất, cho phép chuyển",Trường hợp,2,b) Đề nghị điều chỉnh thời hạn sử dụng đất của dự án đầu tư,5.0,31/2024/QH15; 33/2026/QĐ-UBND; 105/2026/QĐ-UBND; 102/2024/NĐ-CP; 151/2025/NĐ-CP; 49/2026/NĐ-CP; 226/2025/NĐ-CP
1.116463,"Chi trả hỗ trợ người lao động tham gia đào tạo, nâng cao trình độ kỹ n",Trường hợp,1,"a) Hồ sơ do Tổ chức dịch vụ việc làm công gửi đến BHXH tỉnh được liên thông, chia sẻ từ cơ sở dữ liệu quốc gia về giải quyết hưởng các chế độ bảo hiểm thất nghiệp thông qua Cổng dịch vụ công quốc gia. Trường hợp chưa gửi được thông qua Cổng dịch vụ công quốc gia, Tổ chức dịch vụ việc làm công gửi trực tiếp hoặc thông qua dịch vụ bưu chính công ích đến BHXH tỉnh. Tùy theo từng trường hợp phát sinh mà hồ sơ được gửi như sau:",0.0,3349/BHXH-TCKT; 374/2025/NĐ-CP; 2222/QĐ-BHXH; 74/2025/QH15; 313/QĐ-BHXH; 107/2025/TT-BTC
1.116463,"Chi trả hỗ trợ người lao động tham gia đào tạo, nâng cao trình độ kỹ n",Trường hợp,2,"(1) Chi trả hỗ trợ đối với người có quyết định hưởng chế độ hỗ trợ NLĐ tham gia đào tạo, nâng cao trình độ kỹ năng nghề:",2.0,3349/BHXH-TCKT; 374/2025/NĐ-CP; 2222/QĐ-BHXH; 74/2025/QH15; 313/QĐ-BHXH; 107/2025/TT-BTC
1.116463,"Chi trả hỗ trợ người lao động tham gia đào tạo, nâng cao trình độ kỹ n",Trường hợp,3,(2) Thu hồi tiền hỗ trợ:,1.0,3349/BHXH-TCKT; 374/2025/NĐ-CP; 2222/QĐ-BHXH; 74/2025/QH15; 313/QĐ-BHXH; 107/2025/TT-BTC
1.116463,"Chi trả hỗ trợ người lao động tham gia đào tạo, nâng cao trình độ kỹ n",Trường hợp,4,b) Hồ sơ của cơ sở đào tạo nghề nghiệp:,1.0,3349/BHXH-TCKT; 374/2025/NĐ-CP; 2222/QĐ-BHXH; 74/2025/QH15; 313/QĐ-BHXH; 107/2025/TT-BTC
1.116464,"Chi trả kinh phí hỗ trợ người sử dụng lao động đào tạo, bồi dưỡng, nân",Trường hợp,1,"Hồ sơ do Tổ chức dịch vụ việc làm công gửi đến BHXH tỉnh được liên thông, chia sẻ từ cơ sở dữ liệu quốc gia về giải quyết hưởng các chế độ bảo hiểm thất nghiệp thông qua Cổng dịch vụ công quốc gia. Trường hợp chưa gửi được thông qua Cổng dịch vụ công quốc gia, Tổ chức dịch vụ việc làm công gửi trực tiếp hoặc thông qua dịch vụ bưu chính công ích đến BHXH tỉnh. Tùy theo từng trường hợp phát sinh mà hồ sơ được gửi như sau:",0.0,2222/QĐ-BHXH; 313/QĐ-BHXH; 107/2025/TT-BTC; 3349/BHXH-TCKT; 374/2025/NĐ-CP; 74/2025/QH15
1.116464,"Chi trả kinh phí hỗ trợ người sử dụng lao động đào tạo, bồi dưỡng, nân",Trường hợp,2,"(1) Chi trả hỗ trợ đối với người sử dụng lao động được giải quyết hưởng chế độ hỗ trợ người lao động tham gia đào tạo, nâng cao trình độ kỹ năng nghề:",2.0,2222/QĐ-BHXH; 313/QĐ-BHXH; 107/2025/TT-BTC; 3349/BHXH-TCKT; 374/2025/NĐ-CP; 74/2025/QH15
1.116464,"Chi trả kinh phí hỗ trợ người sử dụng lao động đào tạo, bồi dưỡng, nân",Trường hợp,3,(2) Thu hồi tiền hỗ trợ:,1.0,2222/QĐ-BHXH; 313/QĐ-BHXH; 107/2025/TT-BTC; 3349/BHXH-TCKT; 374/2025/NĐ-CP; 74/2025/QH15
1.116465,Chi trả trợ cấp thất nghiệp,Trường hợp,1,"Hồ sơ do Tổ chức dịch vụ việc làm công gửi đến BHXH tỉnh được liên thông, chia sẻ từ cơ sở dữ liệu quốc gia về giải quyết hưởng các chế độ bảo hiểm thất nghiệp thông qua Cổng dịch vụ công quốc gia. Trường hợp chưa gửi được thông qua Cổng dịch vụ công quốc gia, Tổ chức dịch vụ việc làm công gửi trực tiếp hoặc thông qua dịch vụ bưu chính công ích đến BHXH tỉnh. Tùy theo từng trường hợp phát sinh mà hồ sơ được gửi như sau:",0.0,74/2025/QH15; 374/2025/NĐ-CP; 2222/QĐ-BHXH; 313/QĐ-BHXH; 107/2025/TT-BTC; 3349/BHXH-TCKT
1.116465,Chi trả trợ cấp thất nghiệp,Trường hợp,2,(1) Hồ sơ chi trả đối với trường hợp có quyết định hưởng mới trợ cấp thất nghiệp gồm:,2.0,74/2025/QH15; 374/2025/NĐ-CP; 2222/QĐ-BHXH; 313/QĐ-BHXH; 107/2025/TT-BTC; 3349/BHXH-TCKT
1.116465,Chi trả trợ cấp thất nghiệp,Trường hợp,3,(2) Hồ sơ chi trả đối với trường hợp tạm dừng hưởng trợ cấp thất nghiệp:,1.0,74/2025/QH15; 374/2025/NĐ-CP; 2222/QĐ-BHXH; 313/QĐ-BHXH; 107/2025/TT-BTC; 3349/BHXH-TCKT
1.116465,Chi trả trợ cấp thất nghiệp,Trường hợp,4,(3) Hồ sơ chi trả đối với trường hợp tiếp tục hưởng trợ cấp thất nghiệp:,1.0,74/2025/QH15; 374/2025/NĐ-CP; 2222/QĐ-BHXH; 313/QĐ-BHXH; 107/2025/TT-BTC; 3349/BHXH-TCKT
1.116465,Chi trả trợ cấp thất nghiệp,Trường hợp,5,(4) Hồ sơ chi trả đối với trường hợp di chuyển hưởng trợ cấp thất nghiệp:,2.0,74/2025/QH15; 374/2025/NĐ-CP; 2222/QĐ-BHXH; 313/QĐ-BHXH; 107/2025/TT-BTC; 3349/BHXH-TCKT
1.116465,Chi trả trợ cấp thất nghiệp,Trường hợp,6,(5) Hồ sơ chi trả đối với trường hợp chấm dứt hưởng trợ cấp thất nghiệp:,2.0,74/2025/QH15; 374/2025/NĐ-CP; 2222/QĐ-BHXH; 313/QĐ-BHXH; 107/2025/TT-BTC; 3349/BHXH-TCKT
1.116491,"Đăng ký, cấp Giấy chứng nhận đối với thửa đất có diện tích tăng thêm d",Trường hợp,1,a) Đối với trường hợp quy định tại điểm a khoản 2 Điều 24 Nghị định số 101/2024/NĐ-CP,5.0,118/2025/NĐ-CP; 367/2025/NĐ-CP; 49/2026/NĐ-CP; 54/2026/QĐ-UBND; 254/2025/QH15; 101/2024/NĐ-CP; 151/2025/NĐ-CP; 4009/QĐ-UBND; 31/2024/QH15; 226/2025/NĐ-CP; 69/2026/QĐ-UBND
1.116491,"Đăng ký, cấp Giấy chứng nhận đối với thửa đất có diện tích tăng thêm d",Trường hợp,3,c) Đối với trường hợp quy định tại khoản 4 Điều 24 Nghị định số 101/2024/NĐ-CP,4.0,118/2025/NĐ-CP; 367/2025/NĐ-CP; 49/2026/NĐ-CP; 54/2026/QĐ-UBND; 254/2025/QH15; 101/2024/NĐ-CP; 151/2025/NĐ-CP; 4009/QĐ-UBND; 31/2024/QH15; 226/2025/NĐ-CP; 69/2026/QĐ-UBND
1.116495,Cấp lại Giấy chứng nhận do bị mất (UBND thành phố Cần Thơ),Trường hợp,1,a) Đối với trường hợp cấp lại Giấy chứng nhận bị mất:,2.0,31/2024/QH15; 226/2025/NĐ-CP; 69/2026/QĐ-UBND; 254/2025/QH15; 101/2024/NĐ-CP; 151/2025/NĐ-CP; 4009/QĐ-UBND; 118/2025/NĐ-CP; 367/2025/NĐ-CP; 49/2026/NĐ-CP; 54/2026/QĐ-UBND
1.116495,Cấp lại Giấy chứng nhận do bị mất (UBND thành phố Cần Thơ),Trường hợp,2,b) Đối với trường hợp mất Trang bổ sung:,3.0,31/2024/QH15; 226/2025/NĐ-CP; 69/2026/QĐ-UBND; 254/2025/QH15; 101/2024/NĐ-CP; 151/2025/NĐ-CP; 4009/QĐ-UBND; 118/2025/NĐ-CP; 367/2025/NĐ-CP; 49/2026/NĐ-CP; 54/2026/QĐ-UBND
1.116498,"Đăng ký, cấp Giấy chứng nhận đối với trường hợp đã chuyển quyền sử dụn",Trường hợp,1,"a) Trường hợp người đang sử dụng đất do nhận chuyển quyền sử dụng đất trước ngày 01 tháng 8 năm 2024 nhưng chỉ có hợp đồng, văn bản về chuyển quyền sử dụng đất đã lập theo quy định mà bên chuyển quyền không trao Giấy chứng nhận cho bên nhận chuyển quyền thì hồ sơ gồm:",2.0,118/2025/NĐ-CP; 367/2025/NĐ-CP; 49/2026/NĐ-CP; 54/2026/QĐ-UBND; 254/2025/QH15; 101/2024/NĐ-CP; 151/2025/NĐ-CP; 4009/QĐ-UBND; 31/2024/QH15; 226/2025/NĐ-CP; 69/2026/QĐ-UBND
1.116498,"Đăng ký, cấp Giấy chứng nhận đối với trường hợp đã chuyển quyền sử dụn",Trường hợp,2,"b) Trường hợp bên nhận chuyển quyền sử dụng đất chỉ có Giấy chứng nhận đã cấp của bên chuyển quyền nhưng không có hợp đồng, văn bản về chuyển quyền sử dụng đất theo quy định thì hồ sơ gồm:",3.0,118/2025/NĐ-CP; 367/2025/NĐ-CP; 49/2026/NĐ-CP; 54/2026/QĐ-UBND; 254/2025/QH15; 101/2024/NĐ-CP; 151/2025/NĐ-CP; 4009/QĐ-UBND; 31/2024/QH15; 226/2025/NĐ-CP; 69/2026/QĐ-UBND
1.116499,"Đăng ký, cấp Giấy chứng nhận quyền sử dụng đất, quyền sở hữu tài sản g",Trường hợp,1,"a) Đối với trường hợp chủ đầu tư dự án nộp hồ sơ đăng ký, cấp Giấy chứng nhận cho người nhận chuyển nhượng quyền sử dụng đất, quyền sở hữu nhà ở, công trình xây dựng, hạng mục công trình xây dựng:",7.0,31/2024/QH15; 226/2025/NĐ-CP; 69/2026/QĐ-UBND; 118/2025/NĐ-CP; 367/2025/NĐ-CP; 49/2026/NĐ-CP; 54/2026/QĐ-UBND; 254/2025/QH15; 101/2024/NĐ-CP; 151/2025/NĐ-CP; 4009/QĐ-UBND
1.116499,"Đăng ký, cấp Giấy chứng nhận quyền sử dụng đất, quyền sở hữu tài sản g",Trường hợp,2,"b) Đối với trường hợp người nhận chuyển nhượng quyền sử dụng đất, quyền sở hữu nhà ở, công trình xây dựng, hạng mục công trình xây dựng trực tiếp thực hiện:",7.0,31/2024/QH15; 226/2025/NĐ-CP; 69/2026/QĐ-UBND; 118/2025/NĐ-CP; 367/2025/NĐ-CP; 49/2026/NĐ-CP; 54/2026/QĐ-UBND; 254/2025/QH15; 101/2024/NĐ-CP; 151/2025/NĐ-CP; 4009/QĐ-UBND
1.116501,"Đăng ký biến động quyền sử dụng đất, quyền sở hữu tài sản gắn liền với",Trường hợp,1,"a) Đối với trường hợp chuyển đổi, chuyển nhượng, thừa kế, góp vốn bằng quyền sử dụng đất, quyền sở hữu tài sản gắn liền với đất; cho thuê, cho thuê lại quyền sử dụng đất trong dự án xây dựng kinh doanh kết cấu hạ tầng; bán hoặc thừa kế hoặc góp vốn bằng tài sản gắn liền với đất thuê của Nhà nước theo hình thức thuê đất trả tiền hàng năm; tặng cho quyền sử dụng đất, quyền sở hữu tài sản gắn liền với đất:",11.0,151/2025/NĐ-CP; 226/2025/NĐ-CP; 31/2024/QH15; 367/2025/NĐ-CP; 49/2026/NĐ-CP; 118/2025/NĐ-CP; 54/2026/QĐ-UBND; 69/2026/QĐ-UBND; 254/2025/QH15; 101/2024/NĐ-CP; 4009/QĐ-UBND
1.116501,"Đăng ký biến động quyền sử dụng đất, quyền sở hữu tài sản gắn liền với",Trường hợp,2,b) Đối với trường hợp người sử dụng đất tặng cho quyền sử dụng đất cho Nhà nước hoặc cộng đồng dân cư hoặc mở rộng đường giao thông:,2.0,151/2025/NĐ-CP; 226/2025/NĐ-CP; 31/2024/QH15; 367/2025/NĐ-CP; 49/2026/NĐ-CP; 118/2025/NĐ-CP; 54/2026/QĐ-UBND; 69/2026/QĐ-UBND; 254/2025/QH15; 101/2024/NĐ-CP; 4009/QĐ-UBND
1.116502,Đăng ký biến động đối với trường hợp đổi tên hoặc thay đổi thông tin v,Trường hợp,1,"a) Đối với trường hợp đổi tên hoặc thay đổi thông tin về người sử dụng đất, chủ sở hữu tài sản gắn liền với đất:",6.0,118/2025/NĐ-CP; 367/2025/NĐ-CP; 49/2026/NĐ-CP; 54/2026/QĐ-UBND; 254/2025/QH15; 101/2024/NĐ-CP; 151/2025/NĐ-CP; 4009/QĐ-UBND; 31/2024/QH15; 69/2026/QĐ-UBND
1.116502,Đăng ký biến động đối với trường hợp đổi tên hoặc thay đổi thông tin v,Trường hợp,2,b) Đối với trường hợp thay đổi số hiệu hoặc địa chỉ của thửa đất:,4.0,118/2025/NĐ-CP; 367/2025/NĐ-CP; 49/2026/NĐ-CP; 54/2026/QĐ-UBND; 254/2025/QH15; 101/2024/NĐ-CP; 151/2025/NĐ-CP; 4009/QĐ-UBND; 31/2024/QH15; 69/2026/QĐ-UBND
1.116502,Đăng ký biến động đối với trường hợp đổi tên hoặc thay đổi thông tin v,Trường hợp,3,"c) Đối với trường hợp thay đổi hạn chế quyền sử dụng đất, quyền sở hữu tài sản gắn liền với đất hoặc có thay đổi quyền đối với thửa đất liền kề:",5.0,118/2025/NĐ-CP; 367/2025/NĐ-CP; 49/2026/NĐ-CP; 54/2026/QĐ-UBND; 254/2025/QH15; 101/2024/NĐ-CP; 151/2025/NĐ-CP; 4009/QĐ-UBND; 31/2024/QH15; 69/2026/QĐ-UBND
1.116502,Đăng ký biến động đối với trường hợp đổi tên hoặc thay đổi thông tin v,Trường hợp,4,d) Đối với trường hợp giảm diện tích thửa đất do sạt lở tự nhiên:,3.0,118/2025/NĐ-CP; 367/2025/NĐ-CP; 49/2026/NĐ-CP; 54/2026/QĐ-UBND; 254/2025/QH15; 101/2024/NĐ-CP; 151/2025/NĐ-CP; 4009/QĐ-UBND; 31/2024/QH15; 69/2026/QĐ-UBND
1.116503,"Đăng ký biến động thay đổi quyền sử dụng đất, quyền sở hữu tài sản gắn",Trường hợp,1,"a) Đối với trường hợp thay đổi quyền sử dụng đất, quyền sở hữu tài sản gắn liền với đất do chia, tách, hợp nhất, sáp nhập tổ chức hoặc chuyển đổi mô hình tổ chức, chuyển đổi loại hình doanh nghiệp theo quy định của pháp luật về doanh nghiệp:",6.0,254/2025/QH15; 101/2024/NĐ-CP; 151/2025/NĐ-CP; 4009/QĐ-UBND; 118/2025/NĐ-CP; 367/2025/NĐ-CP; 49/2026/NĐ-CP; 54/2026/QĐ-UBND; 31/2024/QH15; 226/2025/NĐ-CP; 69/2026/QĐ-UBND
1.116503,"Đăng ký biến động thay đổi quyền sử dụng đất, quyền sở hữu tài sản gắn",Trường hợp,2,b) Đối với trường hợp điều chỉnh quy hoạch xây dựng chi tiết:,4.0,254/2025/QH15; 101/2024/NĐ-CP; 151/2025/NĐ-CP; 4009/QĐ-UBND; 118/2025/NĐ-CP; 367/2025/NĐ-CP; 49/2026/NĐ-CP; 54/2026/QĐ-UBND; 31/2024/QH15; 226/2025/NĐ-CP; 69/2026/QĐ-UBND
1.116503,"Đăng ký biến động thay đổi quyền sử dụng đất, quyền sở hữu tài sản gắn",Trường hợp,3,c) Đối với trường hợp cấp Giấy chứng nhận cho từng thửa đất theo quy hoạch xây dựng chi tiết cho chủ đầu tư dự án có nhu cầu:,4.0,254/2025/QH15; 101/2024/NĐ-CP; 151/2025/NĐ-CP; 4009/QĐ-UBND; 118/2025/NĐ-CP; 367/2025/NĐ-CP; 49/2026/NĐ-CP; 54/2026/QĐ-UBND; 31/2024/QH15; 226/2025/NĐ-CP; 69/2026/QĐ-UBND
1.116504,"Đăng ký biến động đối với trường hợp thay đổi quyền sử dụng đất, quyền",Trường hợp,1,"a) Đối với trường hợp thay đổi quyền sử dụng đất, quyền sở hữu tài sản gắn liền với đất theo thỏa thuận của các thành viên hộ gia đình hoặc của vợ và chồng:",6.0,151/2025/NĐ-CP; 254/2025/QH15; 49/2026/NĐ-CP; 118/2025/NĐ-CP; 226/2025/NĐ-CP; 31/2024/QH15; 367/2025/NĐ-CP; 54/2026/QĐ-UBND; 69/2026/QĐ-UBND; 101/2024/NĐ-CP; 4009/QĐ-UBND
1.116504,"Đăng ký biến động đối với trường hợp thay đổi quyền sử dụng đất, quyền",Trường hợp,2,"b) Đối với trường hợp thay đổi quyền sử dụng đất xây dựng công trình trên mặt đất phục vụ cho việc vận hành, khai thác sử dụng công trình ngầm, quyền sở hữu công trình ngầm:",6.0,151/2025/NĐ-CP; 254/2025/QH15; 49/2026/NĐ-CP; 118/2025/NĐ-CP; 226/2025/NĐ-CP; 31/2024/QH15; 367/2025/NĐ-CP; 54/2026/QĐ-UBND; 69/2026/QĐ-UBND; 101/2024/NĐ-CP; 4009/QĐ-UBND
1.116504,"Đăng ký biến động đối với trường hợp thay đổi quyền sử dụng đất, quyền",Trường hợp,3,"c) Đối với trường hợp bán tài sản, điều chuyển, chuyển nhượng quyền sử dụng đất là tài sản công theo quy định của pháp luật về quản lý, sử dụng tài sản công:",7.0,151/2025/NĐ-CP; 254/2025/QH15; 49/2026/NĐ-CP; 118/2025/NĐ-CP; 226/2025/NĐ-CP; 31/2024/QH15; 367/2025/NĐ-CP; 54/2026/QĐ-UBND; 69/2026/QĐ-UBND; 101/2024/NĐ-CP; 4009/QĐ-UBND
1.116504,"Đăng ký biến động đối với trường hợp thay đổi quyền sử dụng đất, quyền",Trường hợp,4,"d) Đối với trường hợp nhận quyền sử dụng đất, quyền sở hữu tài sản gắn liền với đất theo kết quả giải quyết tranh chấp, khiếu nại, tố cáo về đất đai hoặc bản án, quyết định của Tòa án, quyết định thi hành án của cơ quan thi hành án đã được thi hành; quyết định hoặc phán quyết của Trọng tài thương mại Việt Nam về giải quyết tranh chấp giữa các bên phát sinh từ hoạt động thương mại liên quan đến đất đai:",6.0,151/2025/NĐ-CP; 254/2025/QH15; 49/2026/NĐ-CP; 118/2025/NĐ-CP; 226/2025/NĐ-CP; 31/2024/QH15; 367/2025/NĐ-CP; 54/2026/QĐ-UBND; 69/2026/QĐ-UBND; 101/2024/NĐ-CP; 4009/QĐ-UBND
1.116504,"Đăng ký biến động đối với trường hợp thay đổi quyền sử dụng đất, quyền",Trường hợp,5,"đ) Đối với trường hợp nhận quyền sử dụng đất, quyền sở hữu tài sản gắn liền với đất do xử lý tài sản thế chấp là quyền sử dụng đất, tài sản gắn liền với đất đã được đăng ký, bao gồm cả xử lý khoản nợ có nguồn gốc từ khoản nợ xấu của tổ chức tín dụng, chi nhánh ngân hàng nước ngoài:",6.0,151/2025/NĐ-CP; 254/2025/QH15; 49/2026/NĐ-CP; 118/2025/NĐ-CP; 226/2025/NĐ-CP; 31/2024/QH15; 367/2025/NĐ-CP; 54/2026/QĐ-UBND; 69/2026/QĐ-UBND; 101/2024/NĐ-CP; 4009/QĐ-UBND
1.116508,"Đăng ký, cấp Giấy chứng nhận đối với trường hợp chuyển nhượng dự án đầ",Trường hợp,1,a) Đối với trường hợp đất để thực hiện dự án chưa được cấp Giấy chứng nhận:,5.0,31/2024/QH15; 226/2025/NĐ-CP; 69/2026/QĐ-UBND; 118/2025/NĐ-CP; 367/2025/NĐ-CP; 49/2026/NĐ-CP; 54/2026/QĐ-UBND; 254/2025/QH15; 101/2024/NĐ-CP; 151/2025/NĐ-CP; 4009/QĐ-UBND
1.116508,"Đăng ký, cấp Giấy chứng nhận đối với trường hợp chuyển nhượng dự án đầ",Trường hợp,2,b) Đối với trường hợp đất để thực hiện dự án đã được cấp Giấy chứng nhận:,5.0,31/2024/QH15; 226/2025/NĐ-CP; 69/2026/QĐ-UBND; 118/2025/NĐ-CP; 367/2025/NĐ-CP; 49/2026/NĐ-CP; 54/2026/QĐ-UBND; 254/2025/QH15; 101/2024/NĐ-CP; 151/2025/NĐ-CP; 4009/QĐ-UBND
1.116510,"Giao đất, cho thuê đất không đấu giá quyền sử dụng đất, không đấu thầu",Trường hợp,1,"a) Thành phần hồ sơ đối với trường hợp giao đất, cho thuê đất không thông qua hình thức đấu giá quyền sử dụng đất, không đấu thầu lựa chọn nhà đầu tư thực hiện dự án có sử dụng đất thuộc diện chấp thuận chủ trương đầu tư, chấp thuận nhà đầu tư theo pháp luật về đầu tư, gồm:",10.0,226/2025/NĐ-CP; 31/2024/QH15; 69/2026/QĐ-UBND; 49/2026/NĐ-CP; 102/2024/NĐ-CP; 118/2025/NĐ-CP; 54/2026/QĐ-UBND; 151/2025/NĐ-CP; 254/2025/QH15; 101/2024/NĐ-CP; 4009/QĐ-UBND
1.116510,"Giao đất, cho thuê đất không đấu giá quyền sử dụng đất, không đấu thầu",Trường hợp,2,"b) Thành phần hồ sơ đối với trường hợp giao đất, cho thuê đất không thông qua hình thức đấu giá quyền sử dụng đất, không đấu thầu lựa chọn nhà đầu tư thực hiện dự án có sử dụng đất thuộc diện không chấp thuận chủ trương đầu tư, chấp thuận nhà đầu tư theo pháp luật về đầu tư, gồm:",7.0,226/2025/NĐ-CP; 31/2024/QH15; 69/2026/QĐ-UBND; 49/2026/NĐ-CP; 102/2024/NĐ-CP; 118/2025/NĐ-CP; 54/2026/QĐ-UBND; 151/2025/NĐ-CP; 254/2025/QH15; 101/2024/NĐ-CP; 4009/QĐ-UBND
1.116510,"Giao đất, cho thuê đất không đấu giá quyền sử dụng đất, không đấu thầu",Trường hợp,3,"c) Thành phần hồ sơ đối với trường hợp giao đất, cho thuê đất thông qua đấu thầu lựa chọn nhà đầu tư thực hiện dự án có sử dụng đất, gồm:",7.0,226/2025/NĐ-CP; 31/2024/QH15; 69/2026/QĐ-UBND; 49/2026/NĐ-CP; 102/2024/NĐ-CP; 118/2025/NĐ-CP; 54/2026/QĐ-UBND; 151/2025/NĐ-CP; 254/2025/QH15; 101/2024/NĐ-CP; 4009/QĐ-UBND
1.116510,"Giao đất, cho thuê đất không đấu giá quyền sử dụng đất, không đấu thầu",Trường hợp,4,"d) Thành phần hồ sơ đối với trường hợp giao đất, cho thuê đất nông nghiệp do tổ chức, tổ chức kinh tế có vốn đầu tư nước ngoài sử dụng, gồm:",7.0,226/2025/NĐ-CP; 31/2024/QH15; 69/2026/QĐ-UBND; 49/2026/NĐ-CP; 102/2024/NĐ-CP; 118/2025/NĐ-CP; 54/2026/QĐ-UBND; 151/2025/NĐ-CP; 254/2025/QH15; 101/2024/NĐ-CP; 4009/QĐ-UBND
1.116510,"Giao đất, cho thuê đất không đấu giá quyền sử dụng đất, không đấu thầu",Trường hợp,5,"đ) Thành phần hồ sơ đối với trường hợp giao đất, cho thuê đất do các công ty nông, lâm nghiệp quản lý, sử dụng, gồm:",8.0,226/2025/NĐ-CP; 31/2024/QH15; 69/2026/QĐ-UBND; 49/2026/NĐ-CP; 102/2024/NĐ-CP; 118/2025/NĐ-CP; 54/2026/QĐ-UBND; 151/2025/NĐ-CP; 254/2025/QH15; 101/2024/NĐ-CP; 4009/QĐ-UBND
1.116512,Chuyển mục đích sử dụng đất (UBND thành phố Cần Thơ),Trường hợp,1,"a) Thành phần hồ sơ đối với trường hợp chuyển mục đích sử dụng đất thuộc diện chấp thuận chủ trương đầu tư, chấp thuận nhà đầu tư theo pháp luật về đầu tư, gồm:",5.0,49/2026/NĐ-CP; 102/2024/NĐ-CP; 118/2025/NĐ-CP; 54/2026/QĐ-UBND; 226/2025/NĐ-CP; 31/2024/QH15; 69/2026/QĐ-UBND; 151/2025/NĐ-CP; 254/2025/QH15; 101/2024/NĐ-CP; 4009/QĐ-UBND
1.116512,Chuyển mục đích sử dụng đất (UBND thành phố Cần Thơ),Trường hợp,2,"b) Thành phần hồ sơ đối với trường hợp chuyển mục đích sử dụng đất thuộc diện không chấp thuận chủ trương đầu tư, chấp thuận nhà đầu tư theo pháp luật về đầu tư, gồm:",4.0,49/2026/NĐ-CP; 102/2024/NĐ-CP; 118/2025/NĐ-CP; 54/2026/QĐ-UBND; 226/2025/NĐ-CP; 31/2024/QH15; 69/2026/QĐ-UBND; 151/2025/NĐ-CP; 254/2025/QH15; 101/2024/NĐ-CP; 4009/QĐ-UBND
1.116520,"Sử dụng đất kết hợp đa mục đích, gia hạn phương án sử dụng đất kết hợp",Trường hợp,1,a) Hồ sơ đề nghị phê duyệt phương án sử dụng đất kết hợp đa mục đích bao gồm:,3.0,31/2024/QH15; 226/2025/NĐ-CP; 69/2026/QĐ-UBND; 254/2025/QH15; 101/2024/NĐ-CP; 151/2025/NĐ-CP; 4009/QĐ-UBND; 102/2024/NĐ-CP; 118/2025/NĐ-CP; 49/2026/NĐ-CP; 54/2026/QĐ-UBND
1.116520,"Sử dụng đất kết hợp đa mục đích, gia hạn phương án sử dụng đất kết hợp",Trường hợp,2,b) Hồ sơ gia hạn phương án sử dụng đất kết hợp đa mục đích:,1.0,31/2024/QH15; 226/2025/NĐ-CP; 69/2026/QĐ-UBND; 254/2025/QH15; 101/2024/NĐ-CP; 151/2025/NĐ-CP; 4009/QĐ-UBND; 102/2024/NĐ-CP; 118/2025/NĐ-CP; 49/2026/NĐ-CP; 54/2026/QĐ-UBND
1.116522,"Đăng ký đất đai, tài sản gắn liền với đất, cấp Giấy chứng nhận quyền s",Trường hợp,1,"a) Đối với trường hợp thực hiện thủ tục đăng ký, cấp Giấy chứng nhận lần đầu cho người gốc Việt Nam định cư ở nước ngoài",8.0,101/2024/NĐ-CP; 151/2025/NĐ-CP; 4009/QĐ-UBND; 254/2025/NQ-QH15; 31/2024/QH15; 226/2025/NĐ-CP; 69/2026/QĐ-UBND; 118/2025/NĐ-CP; 49/2026/NĐ-CP; 54/2026/QĐ-UBND; 3007/QĐ-UBND
1.116522,"Đăng ký đất đai, tài sản gắn liền với đất, cấp Giấy chứng nhận quyền s",Trường hợp,2,b) Đối với trường hợp thực hiện thủ tục cấp Giấy chứng nhận cho người gốc Việt Nam định cư ở nước ngoài đã có Thông báo xác nhận kết quả đăng ký đất đai,2.0,101/2024/NĐ-CP; 151/2025/NĐ-CP; 4009/QĐ-UBND; 254/2025/NQ-QH15; 31/2024/QH15; 226/2025/NĐ-CP; 69/2026/QĐ-UBND; 118/2025/NĐ-CP; 49/2026/NĐ-CP; 54/2026/QĐ-UBND; 3007/QĐ-UBND
1.116524,"Giao đất, cho thuê đất không đấu giá quyền sử dụng đất, không đấu thầu",Trường hợp,1,"a) Thành phần hồ sơ đối với trường hợp giao đất, cho thuê đất không thông qua hình thức đấu giá quyền sử dụng đất, không đấu thầu lựa chọn nhà đầu tư thực hiện dự án có sử dụng đất thuộc diện chấp thuận chủ trương đầu tư, chấp thuận nhà đầu tư theo pháp luật về đầu tư, gồm:",6.0,226/2025/NĐ-CP; 31/2024/QH15; 69/2026/QĐ-UBND; 151/2025/NĐ-CP; 254/2025/QH15; 101/2024/NĐ-CP; 4009/QĐ-UBND; 49/2026/NĐ-CP; 102/2024/NĐ-CP; 118/2025/NĐ-CP; 54/2026/QĐ-UBND
1.116524,"Giao đất, cho thuê đất không đấu giá quyền sử dụng đất, không đấu thầu",Trường hợp,2,"b) Thành phần hồ sơ đối với trường hợp giao đất, cho thuê đất không thông qua hình thức đấu giá quyền sử dụng đất, không đấu thầu lựa chọn nhà đầu tư thực hiện dự án có sử dụng đất thuộc diện không chấp thuận chủ trương đầu tư, chấp thuận nhà đầu tư theo pháp luật về đầu tư, gồm:",3.0,226/2025/NĐ-CP; 31/2024/QH15; 69/2026/QĐ-UBND; 151/2025/NĐ-CP; 254/2025/QH15; 101/2024/NĐ-CP; 4009/QĐ-UBND; 49/2026/NĐ-CP; 102/2024/NĐ-CP; 118/2025/NĐ-CP; 54/2026/QĐ-UBND
1.116531,"Sử dụng đất kết hợp đa mục đích, gia hạn phương án sử dụng đất kết hợp",Trường hợp,1,a) Hồ sơ đề nghị phê duyệt phương án sử dụng đất kết hợp đa mục đích bao gồm:,3.0,49/2026/NĐ-CP; 118/2025/NĐ-CP; 54/2026/QĐ-UBND; 151/2025/NĐ-CP; 254/2025/QH15; 101/2024/NĐ-CP; 4009/QĐ-UBND; 226/2025/NĐ-CP; 31/2024/QH15; 69/2026/QĐ-UBND; 102/2024/NĐ-CP
1.116531,"Sử dụng đất kết hợp đa mục đích, gia hạn phương án sử dụng đất kết hợp",Trường hợp,2,b) Hồ sơ gia hạn phương án sử dụng đất kết hợp đa mục đích:,1.0,49/2026/NĐ-CP; 118/2025/NĐ-CP; 54/2026/QĐ-UBND; 151/2025/NĐ-CP; 254/2025/QH15; 101/2024/NĐ-CP; 4009/QĐ-UBND; 226/2025/NĐ-CP; 31/2024/QH15; 69/2026/QĐ-UBND; 102/2024/NĐ-CP
1.116532,"Đăng ký đất đai, tài sản gắn liền với đất, cấp Giấy chứng nhận quyền s",Trường hợp,1,"a) Đối với trường hợp thực hiện thủ tục đăng ký, cấp Giấy chứng nhận cho hộ gia đình, cá nhân, cộng đồng dân cư",17.0,118/2025/NĐ-CP; 49/2026/NĐ-CP; 54/2026/QĐ-UBND; 101/2024/NĐ-CP; 151/2025/NĐ-CP; 4009/QĐ-UBND; 31/2024/QH15; 226/2025/NĐ-CP; 69/2026/QĐ-UBND; 254/2025/NQ-QH15
1.116532,"Đăng ký đất đai, tài sản gắn liền với đất, cấp Giấy chứng nhận quyền s",Trường hợp,2,"c) Đối với trường hợp thực hiện thủ tục cấp Giấy chứng nhận cho cá nhân, cộng đồng dân cư, hộ gia đình đã có Thông báo xác nhận kết quả đăng ký đất đai",2.0,118/2025/NĐ-CP; 49/2026/NĐ-CP; 54/2026/QĐ-UBND; 101/2024/NĐ-CP; 151/2025/NĐ-CP; 4009/QĐ-UBND; 31/2024/QH15; 226/2025/NĐ-CP; 69/2026/QĐ-UBND; 254/2025/NQ-QH15
1.116540,Phê duyệt kinh phí hỗ trợ lắp đặt hệ thống điện mặt trời mái nhà tự sả,Trường hợp,2,"Tài liệu phục vụ kiểm tra, đối chiếu việc hệ thống điện mặt trời hộ gia đình đã hoàn thành lắp đặt, đưa vào vận hành sau ngày Nghị quyết số 21/2026/NQ-HĐND có hiệu lực thi hành, gồm một trong các tài liệu phù hợp như:",3.0,21/2026/NQ-HĐND
1.116540,Phê duyệt kinh phí hỗ trợ lắp đặt hệ thống điện mặt trời mái nhà tự sả,Trường hợp,3,"Trường hợp hộ gia đình tự lắp đặt thì Chủ hộ kê khai, cam kết trong Đơn đề nghị hỗ trợ về việc hệ thống đã hoàn thành lắp đặt, đưa vào vận hành tại đúng địa chỉ đề nghị hỗ trợ sau ngày Nghị quyết số 21/2026/NQ-HĐND có hiệu lực thi hành và chịu trách nhiệm trước pháp luật về nội dung kê khai, cam kết. Trường hợp nộp trực tuyến thì sử dụng bản điện tử hoặc bản chụp theo quy định.",0.0,21/2026/NQ-HĐND
1.116612,Thủ tục cấp Chứng nhận Apostille đối với giấy tờ công,Trường hợp,1,Nộp hồ sơ trực tiếp và qua dịch vụ bưu cính,3.0,Không có thông tin căn cứ pháp lý trong dữ liệu gốc
1.116612,Thủ tục cấp Chứng nhận Apostille đối với giấy tờ công,Trường hợp,2,nộp hồ sợ trực tuyến trên Cổng Dịch vụ công quốc gia hoặc Hệ thống thông tin giải quyết thủ tục hành chính của Bộ Ngoại giao,2.0,Không có thông tin căn cứ pháp lý trong dữ liệu gốc
1.116613,Hỗ trợ dự án sản xuất sản phẩm công nghệ số trọng điểm; dự án nghiên c,Trường hợp,1,"1. Đối với dự án sản xuất sản phẩm công nghệ số trọng điểm; dự án nghiên cứu và phát triển, thiết kế, sản xuất, đóng gói, kiểm thử sản phẩm chip bán dẫn; dự án xây dựng Trung tâm dữ liệu trí tuệ nhân tạo:",4.0,71/2025/QH15; 08/2026/NQ-HĐND
1.116613,Hỗ trợ dự án sản xuất sản phẩm công nghệ số trọng điểm; dự án nghiên c,Trường hợp,2,2. Đối với dự án khởi nghiệp sáng tạo trong công nghiệp công nghệ số:,4.0,71/2025/QH15; 08/2026/NQ-HĐND
1.116621,Hỗ trợ chi phí phát triển nhân lực công nghiệp công nghệ số cho doanh,Trường hợp,1,1. Hồ sơ đề nghị hỗ trợ một phần chi phí thuê nhân lực công nghiệp công nghệ số chất lượng cao gồm:,5.0,71/2025/QH15; 43/2026/NQ-HĐND
1.116621,Hỗ trợ chi phí phát triển nhân lực công nghiệp công nghệ số cho doanh,Trường hợp,2,"2. Hồ sơ đề nghị hỗ trợ một phần chi phí đào tạo, đào tạo lại, bồi dưỡng nâng cao chất lượng nguồn nhân lực gồm:",6.0,71/2025/QH15; 43/2026/NQ-HĐND
2.000027,"Cấp lại, sửa đổi, bổ sung Giấy phép thành lập cơ sở hỗ trợ nạn nhân",Trường hợp,1,Đối với thủ tục cấp lại Giấy phép thành lập cơ sở hỗ trợ nạn nhân,1.0,162/2025/NĐ-CP; 42/2025/NĐ-CP; 45/2025/NĐ-CP; 35/2013/TT-BLĐTBXH; 53/2024/QH15; 09/2013/NĐ-CP
2.000027,"Cấp lại, sửa đổi, bổ sung Giấy phép thành lập cơ sở hỗ trợ nạn nhân",Trường hợp,2,"Đối với thủ tục sửa đổi, bổ sung Giấy phép thành lập cơ sở hỗ trợ nạn nhân do thay đổi người quản lý cơ sở",2.0,162/2025/NĐ-CP; 42/2025/NĐ-CP; 45/2025/NĐ-CP; 35/2013/TT-BLĐTBXH; 53/2024/QH15; 09/2013/NĐ-CP
2.000027,"Cấp lại, sửa đổi, bổ sung Giấy phép thành lập cơ sở hỗ trợ nạn nhân",Trường hợp,3,"Đối với thủ tục sửa đổi, bổ sung Giấy phép thành lập cơ sở hỗ trợ nạn nhân do thay đổi tên gọi, phạm vi hoạt động, dịch vụ hỗ trợ",2.0,162/2025/NĐ-CP; 42/2025/NĐ-CP; 45/2025/NĐ-CP; 35/2013/TT-BLĐTBXH; 53/2024/QH15; 09/2013/NĐ-CP
2.000027,"Cấp lại, sửa đổi, bổ sung Giấy phép thành lập cơ sở hỗ trợ nạn nhân",Trường hợp,4,"Đối với thủ tục sửa đổi, bổ sung Giấy phép thành lập cơ sở hỗ trợ nạn nhân do thay đổi địa điểm đặt trụ sở",2.0,162/2025/NĐ-CP; 42/2025/NĐ-CP; 45/2025/NĐ-CP; 35/2013/TT-BLĐTBXH; 53/2024/QH15; 09/2013/NĐ-CP
2.000165,Cấp lại Giấy chứng nhận đủ điều kiện hoạt động kiểm định kỹ thuật an t,Trường hợp,1,"Đối với trường hợp Giấy chứng nhận bị mất, hỏng, hồ sơ bao gồm:",2.0,38/2025/TT-BCT; 37/2018/TT-BCT; 140/2018/NĐ-CP
2.000165,Cấp lại Giấy chứng nhận đủ điều kiện hoạt động kiểm định kỹ thuật an t,Trường hợp,2,"Đối với trường hợp bổ sung, sửa đổi Giấy chứng nhận, hồ sơ bao gồm:",3.0,38/2025/TT-BCT; 37/2018/TT-BCT; 140/2018/NĐ-CP
2.000239,Cấp Giấy chứng nhận đăng ký đầu tư ra nước ngoài đối với dự án không t,Trường hợp,1,Nộp trực tiếp hoặc qua dịch vụ bưu chính công ích,7.0,143/2025/QH15
2.000239,Cấp Giấy chứng nhận đăng ký đầu tư ra nước ngoài đối với dự án không t,Trường hợp,2,"Trường hợp nộp trực tuyến dưới dạng sử dụng chữ ký số hoặc không sử dụng chữ ký số, nhà đầu tư thực hiện theo quy định tại Điều 80 của Nghị định số 31/2021/NĐ-CP.",1.0,143/2025/QH15
2.000406,"Thủ tục chứng nhận lãnh sự, hợp pháp hoá lãnh sự tại Cơ quan đại diện",Trường hợp,1,"a. Đối với việc chứng nhận lãnh sự giấy tờ, tài liệu của Việt Nam để được công nhận và sử dụng ở nước ngoài:",5.0,111/2011/NĐ-CP; 01/2012/TT-BNG; 264/2016/TT-BTC; 33/2009/QH12; 11/2025/TT-BNG; 196/2025/NĐ-CP
2.000406,"Thủ tục chứng nhận lãnh sự, hợp pháp hoá lãnh sự tại Cơ quan đại diện",Trường hợp,2,"b. Đối với việc hợp pháp hóa lãnh sự giấy tờ, tài liệu của nước ngoài để được công nhận và sử dụng ở Việt Nam:",7.0,111/2011/NĐ-CP; 01/2012/TT-BNG; 264/2016/TT-BTC; 33/2009/QH12; 11/2025/TT-BNG; 196/2025/NĐ-CP
2.000575,"Cấp lại Giấy chứng nhận đăng ký hộ kinh doanh, Cấp đổi sang Giấy chứng",Trường hợp,1,"- Trường hợp hộ kinh doanh đã được cấp bản giấy Giấy chứng nhận đăng ký hộ kinh doanh có nhu cầu được cấp lại Giấy này do bị mất, cháy, rách, nát hoặc bị tiêu hủy dưới hình thức khác, hồ sơ gồm:",1.0,85/2019/TT-BTC; 68/2025/TT-BTC; 168/2025/NĐ-CP; 59/2020/QH14; 76/2025/QH15; 296/2026/NĐ-CP
2.000575,"Cấp lại Giấy chứng nhận đăng ký hộ kinh doanh, Cấp đổi sang Giấy chứng",Trường hợp,2,"- Trường hợp Hộ kinh doanh đã được cấp giấy chứng nhận đăng ký kinh doanh hoặc giấy chứng nhận đăng ký hộ kinh doanh trước ngày Nghị định số 168/2025/NĐ-CP có hiệu lực thi hành. Hộ kinh doanh được cấp Giấy chứng nhận đăng ký hộ kinh doanh theo quy định tại Nghị định số 168/2025/NĐ-CP trong trường hợp sau đây: + Trường hợp hộ kinh doanh thực hiện thủ tục đăng ký thay đổi nội dung đăng ký hộ kinh doanh, thành phần hồ sơ gồm: (i) Trường hợp nội dung đăng ký thay đổi về: tên hộ kinh doanh, địa chỉ trụ sở, vốn kinh doanh, ngành, nghề kinh doanh và nội dung đăng ký thuế của hộ kinh doanh, trừ phương pháp tính thuế thì hồ sơ gồm:",2.0,85/2019/TT-BTC; 68/2025/TT-BTC; 168/2025/NĐ-CP; 59/2020/QH14; 76/2025/QH15; 296/2026/NĐ-CP
2.000575,"Cấp lại Giấy chứng nhận đăng ký hộ kinh doanh, Cấp đổi sang Giấy chứng",Trường hợp,3,"- Trường hợp Hộ kinh doanh đã được cấp giấy chứng nhận đăng ký kinh doanh hoặc giấy chứng nhận đăng ký hộ kinh doanh trước ngày Nghị định số 168/2025/NĐ-CP có hiệu lực thi hành. Hộ kinh doanh được cấp Giấy chứng nhận đăng ký hộ kinh doanh theo quy định tại Nghị định số 168/2025/NĐ-CP trong trường hợp sau đây: + Trường hợp hộ kinh doanh thực hiện thủ tục đăng ký thay đổi nội dung đăng ký hộ kinh doanh, thành phần hồ sơ gồm:(ii) Trường hợp thay đổi chủ hộ kinh doanh do các thành viên hộ gia đình đăng ký hộ kinh doanh ủy quyền cho một trong các thành viên còn lại làm chủ hộ kinh doanh thì Hồ sơ gồm các giấy tờ sau:",2.0,85/2019/TT-BTC; 68/2025/TT-BTC; 168/2025/NĐ-CP; 59/2020/QH14; 76/2025/QH15; 296/2026/NĐ-CP
2.000575,"Cấp lại Giấy chứng nhận đăng ký hộ kinh doanh, Cấp đổi sang Giấy chứng",Trường hợp,4,"- Trường hợp Hộ kinh doanh đã được cấp giấy chứng nhận đăng ký kinh doanh hoặc giấy chứng nhận đăng ký hộ kinh doanh trước ngày Nghị định số 168/2025/NĐ-CP có hiệu lực thi hành. Hộ kinh doanh được cấp Giấy chứng nhận đăng ký hộ kinh doanh theo quy định tại Nghị định số 168/2025/NĐ-CP trong trường hợp sau đây: + Trường hợp hộ kinh doanh thực hiện thủ tục đăng ký thay đổi nội dung đăng ký hộ kinh doanh, thành phần hồ sơ gồm:(iii) Trường hợp hộ kinh doanh do thành viên hộ gia đình đăng ký thành lập thay đổi chủ hộ do chủ hộ chết hoặc bị Tòa án tuyên bố đã chết, mất tích, bị hạn chế hoặc mất năng lực hành vi dân sự, có khó khăn trong nhận thức, làm chủ hành vi, hồ sơ gồm:",3.0,85/2019/TT-BTC; 68/2025/TT-BTC; 168/2025/NĐ-CP; 59/2020/QH14; 76/2025/QH15; 296/2026/NĐ-CP
2.000575,"Cấp lại Giấy chứng nhận đăng ký hộ kinh doanh, Cấp đổi sang Giấy chứng",Trường hợp,5,"- Trường hợp Hộ kinh doanh đã được cấp giấy chứng nhận đăng ký kinh doanh hoặc giấy chứng nhận đăng ký hộ kinh doanh trước ngày Nghị định số 168/2025/NĐ-CP có hiệu lực thi hành. Hộ kinh doanh được cấp Giấy chứng nhận đăng ký hộ kinh doanh theo quy định tại Nghị định số 168/2025/NĐ-CP trong trường hợp sau đây: + Trường hợp hộ kinh doanh thực hiện thủ tục đăng ký thay đổi nội dung đăng ký hộ kinh doanh, thành phần hồ sơ gồm:(iv) Trường hợp hộ kinh doanh có hai thành viên mà thành viên là chủ hộ kinh doanh chết hoặc bị Tòa án tuyên bố đã chết, mất tích, bị hạn chế hoặc mất năng lực hành vi dân sự, có khó khăn trong nhận thức, làm chủ hành vi thì thành viên còn lại là chủ hộ kinh doanh, Hồ sơ gồm:",2.0,85/2019/TT-BTC; 68/2025/TT-BTC; 168/2025/NĐ-CP; 59/2020/QH14; 76/2025/QH15; 296/2026/NĐ-CP
2.000575,"Cấp lại Giấy chứng nhận đăng ký hộ kinh doanh, Cấp đổi sang Giấy chứng",Trường hợp,6,"- Trường hợp Hộ kinh doanh đã được cấp giấy chứng nhận đăng ký kinh doanh hoặc giấy chứng nhận đăng ký hộ kinh doanh trước ngày Nghị định số 168/2025/NĐ-CP có hiệu lực thi hành. Hộ kinh doanh được cấp Giấy chứng nhận đăng ký hộ kinh doanh theo quy định tại Nghị định số 168/2025/NĐ-CP trong trường hợp sau đây: + Trường hợp hộ kinh doanh thực hiện thủ tục đăng ký thay đổi nội dung đăng ký hộ kinh doanh, thành phần hồ sơ gồm:(v) Trường hợp thay đổi thành viên hộ gia đình đăng ký hộ kinh doanh, hộ kinh doanh gửi hồ sơ đăng ký thay đổi đến Cơ quan đăng ký kinh doanh cấp xã. Hồ sơ gồm:",2.0,85/2019/TT-BTC; 68/2025/TT-BTC; 168/2025/NĐ-CP; 59/2020/QH14; 76/2025/QH15; 296/2026/NĐ-CP
2.000575,"Cấp lại Giấy chứng nhận đăng ký hộ kinh doanh, Cấp đổi sang Giấy chứng",Trường hợp,7,"--+- Trường hợp Hộ kinh doanh đã được cấp giấy chứng nhận đăng ký kinh doanh hoặc giấy chứng nhận đăng ký hộ kinh doanh trước ngày Nghị định số 168/2025/NĐ-CP có hiệu lực thi hành. Hộ kinh doanh được cấp Giấy chứng nhận đăng ký hộ kinh doanh theo quy định tại Nghị định số 168/2025/NĐ-CP trong trường hợp sau đây: Trường hợp hộ kinh doanh thực hiện thủ tục đăng ký tạm ngừng kinh doanh, tiếp tục kinh doanh trước thời hạn đã đăng ký, thành phần hồ sơ gồm:",3.0,85/2019/TT-BTC; 68/2025/TT-BTC; 168/2025/NĐ-CP; 59/2020/QH14; 76/2025/QH15; 296/2026/NĐ-CP
2.000575,"Cấp lại Giấy chứng nhận đăng ký hộ kinh doanh, Cấp đổi sang Giấy chứng",Trường hợp,8,"- Trường hợp Cơ quan thuế sử dụng mã định danh cá nhân thay cho mã số thuế theo quy định của pháp luật về thuế, hộ kinh doanh được cấp Giấy chứng nhận đăng ký hộ kinh doanh theo quy định tại Nghị định số 168/2025/NĐ-CP, trong đó ghi nhận mã số mới do Hệ thống ứng dụng đăng ký thuế truyền sang khi hộ kinh doanh thực hiện các thủ tục: + Trường hợp hộ kinh doanh thực hiện thủ tục đăng ký thay đổi nội dung đăng ký hộ kinh doanh, thành phần hồ sơ gồm: (i) Trường hợp nội dung đăng ký thay đổi về: tên hộ kinh doanh, địa chỉ trụ sở, vốn kinh doanh, ngành, nghề kinh doanh và nội dung đăng ký thuế của hộ kinh doanh, trừ phương pháp tính thuế thì hồ sơ gồm:",2.0,85/2019/TT-BTC; 68/2025/TT-BTC; 168/2025/NĐ-CP; 59/2020/QH14; 76/2025/QH15; 296/2026/NĐ-CP
2.000575,"Cấp lại Giấy chứng nhận đăng ký hộ kinh doanh, Cấp đổi sang Giấy chứng",Trường hợp,9,"- Trường hợp Cơ quan thuế sử dụng mã định danh cá nhân thay cho mã số thuế theo quy định của pháp luật về thuế, hộ kinh doanh được cấp Giấy chứng nhận đăng ký hộ kinh doanh theo quy định tại Nghị định số 168/2025/NĐ-CP, trong đó ghi nhận mã số mới do Hệ thống ứng dụng đăng ký thuế truyền sang khi hộ kinh doanh thực hiện các thủ tục: + Trường hợp hộ kinh doanh thực hiện thủ tục đăng ký thay đổi nội dung đăng ký hộ kinh doanh, thành phần hồ sơ gồm:(ii) Trường hợp thay đổi chủ hộ kinh doanh do các thành viên hộ gia đình đăng ký hộ kinh doanh ủy quyền cho một trong các thành viên còn lại làm chủ hộ kinh doanh thì Hồ sơ gồm các giấy tờ sau:",2.0,85/2019/TT-BTC; 68/2025/TT-BTC; 168/2025/NĐ-CP; 59/2020/QH14; 76/2025/QH15; 296/2026/NĐ-CP
2.000575,"Cấp lại Giấy chứng nhận đăng ký hộ kinh doanh, Cấp đổi sang Giấy chứng",Trường hợp,10,"- Trường hợp Cơ quan thuế sử dụng mã định danh cá nhân thay cho mã số thuế theo quy định của pháp luật về thuế, hộ kinh doanh được cấp Giấy chứng nhận đăng ký hộ kinh doanh theo quy định tại Nghị định số 168/2025/NĐ-CP, trong đó ghi nhận mã số mới do Hệ thống ứng dụng đăng ký thuế truyền sang khi hộ kinh doanh thực hiện các thủ tục: + Trường hợp hộ kinh doanh thực hiện thủ tục đăng ký thay đổi nội dung đăng ký hộ kinh doanh, thành phần hồ sơ gồm:(iii) Trường hợp hộ kinh doanh do thành viên hộ gia đình đăng ký thành lập thay đổi chủ hộ do chủ hộ chết hoặc bị Tòa án tuyên bố đã chết, mất tích, bị hạn chế hoặc mất năng lực hành vi dân sự, có khó khăn trong nhận thức, làm chủ hành vi, hồ sơ gồm:",3.0,85/2019/TT-BTC; 68/2025/TT-BTC; 168/2025/NĐ-CP; 59/2020/QH14; 76/2025/QH15; 296/2026/NĐ-CP
2.000575,"Cấp lại Giấy chứng nhận đăng ký hộ kinh doanh, Cấp đổi sang Giấy chứng",Trường hợp,11,"- Trường hợp Cơ quan thuế sử dụng mã định danh cá nhân thay cho mã số thuế theo quy định của pháp luật về thuế, hộ kinh doanh được cấp Giấy chứng nhận đăng ký hộ kinh doanh theo quy định tại Nghị định số 168/2025/NĐ-CP, trong đó ghi nhận mã số mới do Hệ thống ứng dụng đăng ký thuế truyền sang khi hộ kinh doanh thực hiện các thủ tục: + Trường hợp hộ kinh doanh thực hiện thủ tục đăng ký thay đổi nội dung đăng ký hộ kinh doanh, thành phần hồ sơ gồm:(iv) Trường hợp hộ kinh doanh có hai thành viên mà thành viên là chủ hộ kinh doanh chết hoặc bị Tòa án tuyên bố đã chết, mất tích, bị hạn chế hoặc mất năng lực hành vi dân sự, có khó khăn trong nhận thức, làm chủ hành vi thì thành viên còn lại là chủ hộ kinh doanh, Hồ sơ gồm:",2.0,85/2019/TT-BTC; 68/2025/TT-BTC; 168/2025/NĐ-CP; 59/2020/QH14; 76/2025/QH15; 296/2026/NĐ-CP
2.000575,"Cấp lại Giấy chứng nhận đăng ký hộ kinh doanh, Cấp đổi sang Giấy chứng",Trường hợp,12,"- Trường hợp Cơ quan thuế sử dụng mã định danh cá nhân thay cho mã số thuế theo quy định của pháp luật về thuế, hộ kinh doanh được cấp Giấy chứng nhận đăng ký hộ kinh doanh theo quy định tại Nghị định số 168/2025/NĐ-CP, trong đó ghi nhận mã số mới do Hệ thống ứng dụng đăng ký thuế truyền sang khi hộ kinh doanh thực hiện các thủ tục: + Trường hợp hộ kinh doanh thực hiện thủ tục đăng ký thay đổi nội dung đăng ký hộ kinh doanh, thành phần hồ sơ gồm:(v) Trường hợp thay đổi thành viên hộ gia đình đăng ký hộ kinh doanh, hộ kinh doanh gửi hồ sơ đăng ký thay đổi đến Cơ quan đăng ký kinh doanh cấp xã. Hồ sơ gồm:",2.0,85/2019/TT-BTC; 68/2025/TT-BTC; 168/2025/NĐ-CP; 59/2020/QH14; 76/2025/QH15; 296/2026/NĐ-CP
2.000575,"Cấp lại Giấy chứng nhận đăng ký hộ kinh doanh, Cấp đổi sang Giấy chứng",Trường hợp,13,"- Trường hợp Cơ quan thuế sử dụng mã định danh cá nhân thay cho mã số thuế theo quy định của pháp luật về thuế, hộ kinh doanh được cấp Giấy chứng nhận đăng ký hộ kinh doanh theo quy định tại Nghị định số 168/2025/NĐ-CP, trong đó ghi nhận mã số mới do Hệ thống ứng dụng đăng ký thuế truyền sang khi hộ kinh doanh thực hiện các thủ tục:+ Trường hợp hộ kinh doanh thực hiện thủ tục đăng ký tạm ngừng kinh doanh, tiếp tục kinh doanh trước thời hạn đã đăng ký, thành phần hồ sơ gồm:",3.0,85/2019/TT-BTC; 68/2025/TT-BTC; 168/2025/NĐ-CP; 59/2020/QH14; 76/2025/QH15; 296/2026/NĐ-CP
2.000575,"Cấp lại Giấy chứng nhận đăng ký hộ kinh doanh, Cấp đổi sang Giấy chứng",Trường hợp,14,"- Trường hợp mua bán, tặng cho, thừa kế hộ kinh doanh được thực hiện trước ngày Nghị định số 168/2025/NĐ-CP có hiệu lực thi hành, hộ kinh doanh gửi hồ sơ đăng ký thay đổi chủ hộ kinh doanh đến Cơ quan đăng ký kinh doanh cấp xã, thành phần hồ sơ bao gồm:",3.0,85/2019/TT-BTC; 68/2025/TT-BTC; 168/2025/NĐ-CP; 59/2020/QH14; 76/2025/QH15; 296/2026/NĐ-CP
2.000575,"Cấp lại Giấy chứng nhận đăng ký hộ kinh doanh, Cấp đổi sang Giấy chứng",Trường hợp,15,"* Trường hợp ủy quyền thực hiện thủ tục thì hồ sơ phải kèm theo một trong những giấy tờ sau: - Trường hợp ủy quyền cho cá nhân thực hiện thủ tục đăng ký hộ kinh doanh, kèm theo hồ sơ đăng ký hộ kinh doanh bao gồm:",1.0,85/2019/TT-BTC; 68/2025/TT-BTC; 168/2025/NĐ-CP; 59/2020/QH14; 76/2025/QH15; 296/2026/NĐ-CP
2.000575,"Cấp lại Giấy chứng nhận đăng ký hộ kinh doanh, Cấp đổi sang Giấy chứng",Trường hợp,16,"* Trường hợp ủy quyền thực hiện thủ tục thì hồ sơ phải kèm theo một trong những giấy tờ sau:- Trường hợp ủy quyền cho tổ chức thực hiện thủ tục đăng ký hộ kinh doanh, kèm theo hồ sơ bao gồm:",2.0,85/2019/TT-BTC; 68/2025/TT-BTC; 168/2025/NĐ-CP; 59/2020/QH14; 76/2025/QH15; 296/2026/NĐ-CP
2.000575,"Cấp lại Giấy chứng nhận đăng ký hộ kinh doanh, Cấp đổi sang Giấy chứng",Trường hợp,17,"* Trường hợp ủy quyền thực hiện thủ tục thì hồ sơ phải kèm theo một trong những giấy tờ sau:: - Trường hợp ủy quyền cho đơn vị cung cấp dịch vụ bưu chính công ích thực hiện thủ tục đăng ký hộ kinh doanh, hồ sơ bao gồm:",1.0,85/2019/TT-BTC; 68/2025/TT-BTC; 168/2025/NĐ-CP; 59/2020/QH14; 76/2025/QH15; 296/2026/NĐ-CP
2.000575,"Cấp lại Giấy chứng nhận đăng ký hộ kinh doanh, Cấp đổi sang Giấy chứng",Trường hợp,18,"* Trường hợp ủy quyền thực hiện thủ tục thì hồ sơ phải kèm theo một trong những giấy tờ sau: Trường hợp ủy quyền cho đơn vị cung cấp dịch vụ bưu chính không phải là bưu chính công ích thực hiện thủ tục đăng ký hộ kinh doanh, hồ sơ bao gồm:",2.0,85/2019/TT-BTC; 68/2025/TT-BTC; 168/2025/NĐ-CP; 59/2020/QH14; 76/2025/QH15; 296/2026/NĐ-CP
2.000605,Giải quyết hưởng lương hưu; trợ cấp hằng tháng đối với cán bộ xã,Trường hợp,1,"Hồ sơ theo quy định tại Điều 77, 105, 111 Luật BHXH năm 2024; Thông tư số 136/2020/TT-BQP ngày 29/10/2020 của Bộ Quốc phòng hướng dẫn về hồ sơ, quy trình và trách nhiệm giải quyết hưởng các chế độ BHXH trong Bộ Quốc phòng (Thông tư số 136/2020/TT-BQP), gồm:",0.0,366/QĐ-BHXH; 12/2025/TT-BNV; 25/2025/TT-BYT; 158/2025/NĐ-CP; 313/QĐ-BHXH; 41/2024/QH15; 2222/QĐ-BHXH; 159/2025/NĐ-CP; 45/2019/QH14; 11/2025/TT-BNV; 135/2020/NĐ-CP; 136/2020/TT-BQP; 4831/LĐTBXH-BHXH
2.000605,Giải quyết hưởng lương hưu; trợ cấp hằng tháng đối với cán bộ xã,Trường hợp,2,1. Trường hợp đang tham gia BHXH bắt buộc,6.0,366/QĐ-BHXH; 12/2025/TT-BNV; 25/2025/TT-BYT; 158/2025/NĐ-CP; 313/QĐ-BHXH; 41/2024/QH15; 2222/QĐ-BHXH; 159/2025/NĐ-CP; 45/2019/QH14; 11/2025/TT-BNV; 135/2020/NĐ-CP; 136/2020/TT-BQP; 4831/LĐTBXH-BHXH
2.000605,Giải quyết hưởng lương hưu; trợ cấp hằng tháng đối với cán bộ xã,Trường hợp,3,"2. Trường hợp tham gia BHXH tự nguyện, bảo lưu thời gian tham gia BHXH (gồm cả người đang chấp hành hình phạt tù, người xuất cảnh trái phép trở về nước định cư hợp pháp, người được Tòa án hủy quyết định tuyên bố mất tích), hồ sơ bao gồm:",9.0,366/QĐ-BHXH; 12/2025/TT-BNV; 25/2025/TT-BYT; 158/2025/NĐ-CP; 313/QĐ-BHXH; 41/2024/QH15; 2222/QĐ-BHXH; 159/2025/NĐ-CP; 45/2019/QH14; 11/2025/TT-BNV; 135/2020/NĐ-CP; 136/2020/TT-BQP; 4831/LĐTBXH-BHXH
2.000605,Giải quyết hưởng lương hưu; trợ cấp hằng tháng đối với cán bộ xã,Trường hợp,4,"3. Hồ sơ hưởng lương hưu đối với người có văn bản của cơ quan BHXH xác nhận về việc chờ đủ điều kiện về tuổi đời để hưởng lương hưu được quy định tại Nghị định số 12/CP ngày 26/01/1995 được sửa đổi, bổ sung một số điều theo Nghị định số 01/2003/NĐ-CP ngày 09/01/2003 của Chính phủ hoặc cán bộ xã thuộc đối tượng điều chỉnh của Nghị định số 09/1998/NĐ-CP ngày 23/01/1998 của Chính phủ đã có quyết định hoặc giấy chứng nhận chờ đủ điều kiện về tuổi đời để hưởng trợ cấp hằng tháng của cơ quan BHXH bao gồm:",2.0,366/QĐ-BHXH; 12/2025/TT-BNV; 25/2025/TT-BYT; 158/2025/NĐ-CP; 313/QĐ-BHXH; 41/2024/QH15; 2222/QĐ-BHXH; 159/2025/NĐ-CP; 45/2019/QH14; 11/2025/TT-BNV; 135/2020/NĐ-CP; 136/2020/TT-BQP; 4831/LĐTBXH-BHXH
2.000605,Giải quyết hưởng lương hưu; trợ cấp hằng tháng đối với cán bộ xã,Trường hợp,5,"Ghi chú: - Hồ sơ thay thế tại Bảng này được thực hiện khi đã có trong cơ sở dữ liệu cơ quan BHXH đang quản lý, cơ sở dữ liệu quốc gia, cơ sở dữ liệu chuyên ngành được kết nối, chia sẻ đủ điều kiện khai thác, sử dụng, đảm bảo tính pháp lý theo quy định. Hồ sơ đã có dữ liệu thay thế thì đơn vị SDLĐ, NLĐ không phải cung cấp cho cơ quan BHXH. - Không yêu cầu NLĐ nộp lại sổ BHXH bản giấy. - Thành phần hồ sơ nếu không ghi là bản chính thì có thể nộp bản chính hoặc bản sao hợp lệ. Các thành phần hồ sơ là mẫu do cơ quan BHXH ban hành là bản chính. - Trường hợp ủy quyền nhận chế độ BHXH: Hồ sơ kèm theo Văn bản uỷ quyền (được chứng thực) theo quy định của pháp luật và Văn bản đề nghị Mẫu số 14-HSB.",0.0,366/QĐ-BHXH; 12/2025/TT-BNV; 25/2025/TT-BYT; 158/2025/NĐ-CP; 313/QĐ-BHXH; 41/2024/QH15; 2222/QĐ-BHXH; 159/2025/NĐ-CP; 45/2019/QH14; 11/2025/TT-BNV; 135/2020/NĐ-CP; 136/2020/TT-BQP; 4831/LĐTBXH-BHXH
2.000693,Giải quyết hưởng chế độ thai sản,Trường hợp,1,"1. NLĐ tham gia BHXH bắt buộc: - Người SDLĐ lập Danh sách 01B-HSB đề nghị hưởng chế độ thai sản đối với NLĐ đang tham gia BHXH và kèm theo các trường hợp hồ sơ dưới đây. - NLĐ sinh con, nhận con khi nhờ mang thai hộ, nhận nuôi con nuôi dưới 06 tháng tuổi trong thời gian bảo lưu thời gian đóng BHXH do đã thôi việc, phục viên, xuất ngũ trước thời điểm sinh con, nhận con, nhận nuôi con nuôi (áp dụng cho cả trường hợp sinh con, nhận con, nhận nuôi con nuôi trong thời gian đang đóng BHXH kể từ ngày 01/01/2018 trở đi nhưng đã thôi việc tại đơn vị mà có nguyện vọng nộp hồ sơ hưởng chế độ tại cơ quan BHXH); người cha, người trực tiếp nuôi dưỡng không tham gia BHXH theo quy định tại khoản 5 Điều 53 Luật BHXH năm 2024; người lao động giải quyết hưởng chế độ thai sản khi không còn người sử dụng lao động kê khai Mẫu số 14-HSB và kèm theo các trường hợp hồ sơ dưới đây (Trường hợp không quy định là bản chính thì có thể nộp bản sao hợp lệ. Trường hợp nộp hồ sơ trực tuyến: thành phần hồ sơ quy định là bản sao nhưng NLĐ có thể nộp bản chính điện tử).",7.0,12/2025/TT-BNV; 25/2025/TT-BYT; 158/2025/NĐ-CP; 164/2025/NĐ-CP; 2222/QĐ-BHXH; 41/2024/QH15; 313/QĐ-BHXH; 84/2015/QH13
2.000693,Giải quyết hưởng chế độ thai sản,Trường hợp,2,"2. Trường hợp người hưởng là người sinh con, nhận con, nhận nuôi con nuôi trong thời gian bảo lưu thời gian đóng BHXH do đã thôi việc, phục viên, xuất ngũ trước thời điểm sinh con, nhận con, nhận nuôi con nuôi (áp dụng cho cả trường hợp sinh con, nhận con, nhận nuôi con nuôi trong thời gian đang đóng BHXH kể từ ngày 01/01/2018 trở đi nhưng đã thôi việc tại đơn vị SDLĐ và nộp hồ sơ hưởng chế độ tại cơ quan BHXH)",2.0,12/2025/TT-BNV; 25/2025/TT-BYT; 158/2025/NĐ-CP; 164/2025/NĐ-CP; 2222/QĐ-BHXH; 41/2024/QH15; 313/QĐ-BHXH; 84/2015/QH13
2.000693,Giải quyết hưởng chế độ thai sản,Trường hợp,3,"3. Trường hợp các hồ sơ quy định tại các điểm 1.1, 1.2, 1.3, 1.4, 1.5, 1.6, 1.7 khoản 1, 2 nêu trên hoặc các giấy tờ có nội dung tương tự do cơ quan, tổ chức, cá nhân có thẩm quyền của nước ngoài cấp thì phải đáp ứng được các yêu cầu sau đây:",2.0,12/2025/TT-BNV; 25/2025/TT-BYT; 158/2025/NĐ-CP; 164/2025/NĐ-CP; 2222/QĐ-BHXH; 41/2024/QH15; 313/QĐ-BHXH; 84/2015/QH13
2.000693,Giải quyết hưởng chế độ thai sản,Trường hợp,4,"4. Trường hợp bất khả kháng do thiên tai, thảm họa, dịch bệnh, giấy tờ thay thế các giấy tờ do cơ sở khám bệnh chữa bệnh cấp quy định tại điểm 1.1, 1.2, 1.3, 1.4, 1.5 khoản 1, 2 mục này gồm:",2.0,12/2025/TT-BNV; 25/2025/TT-BYT; 158/2025/NĐ-CP; 164/2025/NĐ-CP; 2222/QĐ-BHXH; 41/2024/QH15; 313/QĐ-BHXH; 84/2015/QH13
2.000720,Đăng ký thay đổi nội dung đăng ký hộ kinh doanh,Trường hợp,1,"Trường hợp nội dung đăng ký thay đổi về: tên hộ kinh doanh, địa chỉ trụ sở, vốn kinh doanh, ngành, nghề kinh doanh và nội dung đăng ký thuế của hộ kinh doanh, trừ phương pháp tính thuế thì hồ sơ gồm:",2.0,85/2019/TT-BTC; 68/2025/TT-BTC; 168/2025/NĐ-CP; 76/2025/QH15; 59/2020/QH14; 296/2026/NĐ-CP
2.000720,Đăng ký thay đổi nội dung đăng ký hộ kinh doanh,Trường hợp,2,* Trường hợp thay đổi chủ hộ kinh doanh do các thành viên hộ gia đình đăng ký hộ kinh doanh ủy quyền cho một trong các thành viên còn lại làm chủ hộ kinh doanh thì Hồ sơ gồm các giấy tờ sau:,2.0,85/2019/TT-BTC; 68/2025/TT-BTC; 168/2025/NĐ-CP; 76/2025/QH15; 59/2020/QH14; 296/2026/NĐ-CP
2.000720,Đăng ký thay đổi nội dung đăng ký hộ kinh doanh,Trường hợp,3,"* Trường hợp hộ kinh doanh do thành viên hộ gia đình đăng ký thành lập thay đổi chủ hộ do chủ hộ chết hoặc bị Tòa án tuyên bố đã chết, mất tích, bị hạn chế hoặc mất năng lực hành vi dân sự, có khó khăn trong nhận thức, làm chủ hành vi, hồ sơ gồm:",3.0,85/2019/TT-BTC; 68/2025/TT-BTC; 168/2025/NĐ-CP; 76/2025/QH15; 59/2020/QH14; 296/2026/NĐ-CP
2.000720,Đăng ký thay đổi nội dung đăng ký hộ kinh doanh,Trường hợp,4,"* Trường hợp hộ kinh doanh có hai thành viên mà thành viên là chủ hộ kinh doanh chết hoặc bị Tòa án tuyên bố đã chết, mất tích, bị hạn chế hoặc mất năng lực hành vi dân sự, có khó khăn trong nhận thức, làm chủ hành vi thì thành viên còn lại là chủ hộ kinh doanh, Hồ sơ gồm:",2.0,85/2019/TT-BTC; 68/2025/TT-BTC; 168/2025/NĐ-CP; 76/2025/QH15; 59/2020/QH14; 296/2026/NĐ-CP
2.000720,Đăng ký thay đổi nội dung đăng ký hộ kinh doanh,Trường hợp,5,"* Trường hợp thay đổi thành viên hộ gia đình đăng ký hộ kinh doanh, hộ kinh doanh gửi hồ sơ đăng ký thay đổi đến Cơ quan đăng ký kinh doanh cấp xã. Hồ sơ gồm:",2.0,85/2019/TT-BTC; 68/2025/TT-BTC; 168/2025/NĐ-CP; 76/2025/QH15; 59/2020/QH14; 296/2026/NĐ-CP
2.000720,Đăng ký thay đổi nội dung đăng ký hộ kinh doanh,Trường hợp,6,"* Trường hợp ủy quyền thực hiện thủ tục thì hồ sơ phải kèm theo một trong những giấy tờ sau: - Trường hợp ủy quyền cho cá nhân thực hiện thủ tục đăng ký hộ kinh doanh, kèm theo hồ sơ đăng ký hộ kinh doanh bao gồm:",1.0,85/2019/TT-BTC; 68/2025/TT-BTC; 168/2025/NĐ-CP; 76/2025/QH15; 59/2020/QH14; 296/2026/NĐ-CP
2.000720,Đăng ký thay đổi nội dung đăng ký hộ kinh doanh,Trường hợp,7,"* Trường hợp ủy quyền thực hiện thủ tục thì hồ sơ phải kèm theo một trong những giấy tờ sau:- Trường hợp ủy quyền cho tổ chức thực hiện thủ tục đăng ký hộ kinh doanh, kèm theo hồ sơ bao gồm:",2.0,85/2019/TT-BTC; 68/2025/TT-BTC; 168/2025/NĐ-CP; 76/2025/QH15; 59/2020/QH14; 296/2026/NĐ-CP
2.000720,Đăng ký thay đổi nội dung đăng ký hộ kinh doanh,Trường hợp,8,"- Trường hợp ủy quyền cho đơn vị cung cấp dịch vụ bưu chính công ích thực hiện thủ tục đăng ký hộ kinh doanh, hồ sơ bao gồm:",1.0,85/2019/TT-BTC; 68/2025/TT-BTC; 168/2025/NĐ-CP; 76/2025/QH15; 59/2020/QH14; 296/2026/NĐ-CP
2.000720,Đăng ký thay đổi nội dung đăng ký hộ kinh doanh,Trường hợp,9,"- Trường hợp ủy quyền cho đơn vị cung cấp dịch vụ bưu chính không phải là bưu chính công ích thực hiện thủ tục đăng ký hộ kinh doanh, hồ sơ bao gồm:",2.0,85/2019/TT-BTC; 68/2025/TT-BTC; 168/2025/NĐ-CP; 76/2025/QH15; 59/2020/QH14; 296/2026/NĐ-CP
2.000755,"Giải quyết hưởng trợ cấp một lần đối với người đang hưởng lương hưu, t",Trường hợp,1,"Theo quy định tại khoản 4 Điều 76 Luật BHXH năm 2024, gồm:",2.0,41/2024/QH15; 313/QĐ-BHXH; 2222/QĐ-BHXH; 12/2025/TT-BNV; 158/2025/NĐ-CP; 164/2025/NĐ-CP; 159/2025/NĐ-CP; 136/2020/TT-BQP; 4831/LĐTBXH-BHXH; 157/2025/NĐ-CP
2.000755,"Giải quyết hưởng trợ cấp một lần đối với người đang hưởng lương hưu, t",Trường hợp,2,Ghi chú: - Thành phần hồ sơ nếu không ghi là bản chính thì có thể nộp bản chính hoặc bản sao hợp lệ. Các thành phần hồ sơ là mẫu do cơ quan BHXH ban hành là bản chính. - Trường hợp ủy quyền nhận chế độ BHXH: Hồ sơ kèm theo Văn bản uỷ quyền (được chứng thực) theo quy định của pháp luật,0.0,41/2024/QH15; 313/QĐ-BHXH; 2222/QĐ-BHXH; 12/2025/TT-BNV; 158/2025/NĐ-CP; 164/2025/NĐ-CP; 159/2025/NĐ-CP; 136/2020/TT-BQP; 4831/LĐTBXH-BHXH; 157/2025/NĐ-CP
2.000762,Giải quyết hưởng trợ cấp hằng tháng theo Quyết định số 613/QĐ-TTg,Trường hợp,1,1. Đối với hưởng trợ cấp hằng tháng,2.0,158/2025/NĐ-CP; 16/2010/TT-BLĐTBXH; 2222/QĐ-BHXH; 613/QĐ-TT; 366/QĐ-BHXH; 41/2024/QH15; 313/QĐ-BHXH
2.000762,Giải quyết hưởng trợ cấp hằng tháng theo Quyết định số 613/QĐ-TTg,Trường hợp,2,"Hồ sơ do cơ quan BHXH đang lưu trữ (trường hợp BHXH cơ sở không có hồ sơ thì làm văn bản đề nghị BHXH tỉnh sao lục), gồm",4.0,158/2025/NĐ-CP; 16/2010/TT-BLĐTBXH; 2222/QĐ-BHXH; 613/QĐ-TT; 366/QĐ-BHXH; 41/2024/QH15; 313/QĐ-BHXH
2.000762,Giải quyết hưởng trợ cấp hằng tháng theo Quyết định số 613/QĐ-TTg,Trường hợp,3,- Trường hợp hồ sơ có bản chính Bản trích lục hồ sơ MSLĐ của Bộ Lao động - Thương binh và Xã hội (nay là Bộ Nội vụ) thì được sử dụng thay cho hồ sơ MSLĐ nêu trên,0.0,158/2025/NĐ-CP; 16/2010/TT-BLĐTBXH; 2222/QĐ-BHXH; 613/QĐ-TT; 366/QĐ-BHXH; 41/2024/QH15; 313/QĐ-BHXH
2.000762,Giải quyết hưởng trợ cấp hằng tháng theo Quyết định số 613/QĐ-TTg,Trường hợp,4,"Trường hợp hồ sơ trợ cấp MSLĐ chưa tiếp nhận bàn giao từ Sở Lao động – Thương binh và Xã hội (nay là Sở Nội vụ) thì phối hợp để bàn giao, tiếp nhận, quản lý làm căn cứ giải quyết",0.0,158/2025/NĐ-CP; 16/2010/TT-BLĐTBXH; 2222/QĐ-BHXH; 613/QĐ-TT; 366/QĐ-BHXH; 41/2024/QH15; 313/QĐ-BHXH
2.000762,Giải quyết hưởng trợ cấp hằng tháng theo Quyết định số 613/QĐ-TTg,Trường hợp,5,"Trường hợp hồ sơ hưởng trợ cấp MSLĐ đang quản lý không có hoặc bị thiếu thì thông báo để người đề nghị cung cấp hồ sơ của cá nhân đang quản lý (bản chính hoặc bản sao hợp lệ); nếu người đề nghị không cung cấp được hồ sơ theo yêu cầu thì làm văn bản đề nghị BHXH Việt Nam (qua Trung tâm Lưu trữ) sao lục. Trường hợp nếu cả người đề nghị và BHXH Việt Nam đều không có hồ sơ hoặc hồ sơ bị thiếu để cung cấp thì thông báo để người đề nghị đến cơ quan, đơn vị cũ khi nghỉ việc hưởng trợ cấp MSLĐ xin được cung cấp hồ sơ do đơn vị lưu trữ (bản chính hoặc bản sao hợp lệ)",0.0,158/2025/NĐ-CP; 16/2010/TT-BLĐTBXH; 2222/QĐ-BHXH; 613/QĐ-TT; 366/QĐ-BHXH; 41/2024/QH15; 313/QĐ-BHXH
2.000762,Giải quyết hưởng trợ cấp hằng tháng theo Quyết định số 613/QĐ-TTg,Trường hợp,6,2. Đối với hưởng trợ cấp mai táng phí của người đủ điều kiện hưởng trợ cấp hằng tháng theo Quyết định số 613/QĐ-TTg nhưng chưa được giải quyết hưởng trợ cấp mà bị chết từ ngày 01/7/2010 đến trước ngày 01/01/2016,4.0,158/2025/NĐ-CP; 16/2010/TT-BLĐTBXH; 2222/QĐ-BHXH; 613/QĐ-TT; 366/QĐ-BHXH; 41/2024/QH15; 313/QĐ-BHXH
2.000762,Giải quyết hưởng trợ cấp hằng tháng theo Quyết định số 613/QĐ-TTg,Trường hợp,7,3. Đối với hưởng chế độ tử tuất của người đủ điều kiện hưởng trợ cấp hằng tháng theo Quyết định số 613/QĐ-TTg nhưng chưa được giải quyết hưởng trợ cấp mà bị chết từ ngày 01/01/2016 trở đi:,3.0,158/2025/NĐ-CP; 16/2010/TT-BLĐTBXH; 2222/QĐ-BHXH; 613/QĐ-TT; 366/QĐ-BHXH; 41/2024/QH15; 313/QĐ-BHXH
2.000762,Giải quyết hưởng trợ cấp hằng tháng theo Quyết định số 613/QĐ-TTg,Trường hợp,8,Ghi chú: - Không yêu cầu thân nhân nộp Bản sao giấy chứng tử hoặc Trích lục khai tử khi cơ quan BHXH khai thác được thông tin thành phần hồ sơ này trên Cơ sở dữ liệu hộ tịch điện tử. - Thành phần hồ sơ nếu không ghi là bản chính thì có thể nộp bản chính hoặc bản sao hợp lệ. Các thành phần hồ sơ là mẫu do cơ quan BHXH ban hành là bản chính. - Trường hợp ủy quyền nhận các chế độ BHXH: Hồ sơ kèm theo Văn bản uỷ quyền (được chứng thực) theo quy định của pháp luật và Văn bản đề nghị Mẫu số 14-HSB.,0.0,158/2025/NĐ-CP; 16/2010/TT-BLĐTBXH; 2222/QĐ-BHXH; 613/QĐ-TT; 366/QĐ-BHXH; 41/2024/QH15; 313/QĐ-BHXH
2.000821,"Giải quyết hưởng chế độ tử tuất và truy lĩnh các chế độ BHXH, BHTN của",Trường hợp,1,"Theo quy định tại Điều 90, Điều 112 Luật BHXH số 41/2024/QH15; Điều 20 Nghị định số 158/2025/NĐ-CP; Thông tư số 136/2020/TT-BQP gồm:",0.0,2222/QĐ-BHXH; 12/2025/TT-BNV; 158/2025/NĐ-CP; 164/2025/NĐ-CP; 41/2024/QH15; 313/QĐ-BHXH; 159/2025/NĐ-CP; 136/2020/TT-BQP; 84/2015/QH13; 88/2020/NĐ-CP; 39/2016/NĐ-CP
2.000821,"Giải quyết hưởng chế độ tử tuất và truy lĩnh các chế độ BHXH, BHTN của",Trường hợp,2,1. Hồ sơ đề nghị hưởng chế độ tử tuất đối với thân nhân của người đang tham gia BHXH hoặc đang bảo lưu thời gian đóng BHXH bao gồm:,7.0,2222/QĐ-BHXH; 12/2025/TT-BNV; 158/2025/NĐ-CP; 164/2025/NĐ-CP; 41/2024/QH15; 313/QĐ-BHXH; 159/2025/NĐ-CP; 136/2020/TT-BQP; 84/2015/QH13; 88/2020/NĐ-CP; 39/2016/NĐ-CP
2.000821,"Giải quyết hưởng chế độ tử tuất và truy lĩnh các chế độ BHXH, BHTN của",Trường hợp,3,"2. Hồ sơ đề nghị hưởng chế độ tử tuất đối với thân nhân của người đang hưởng lương hưu hoặc đang tạm dừng hưởng lương hưu hoặc trợ cấp TNLĐ, BNN hằng tháng đã nghỉ việc bao gồm:",4.0,2222/QĐ-BHXH; 12/2025/TT-BNV; 158/2025/NĐ-CP; 164/2025/NĐ-CP; 41/2024/QH15; 313/QĐ-BHXH; 159/2025/NĐ-CP; 136/2020/TT-BQP; 84/2015/QH13; 88/2020/NĐ-CP; 39/2016/NĐ-CP
2.000821,"Giải quyết hưởng chế độ tử tuất và truy lĩnh các chế độ BHXH, BHTN của",Trường hợp,4,3. Hồ sơ hưởng chế độ tử tuất đối với người tham gia BHXH tự nguyện,0.0,2222/QĐ-BHXH; 12/2025/TT-BNV; 158/2025/NĐ-CP; 164/2025/NĐ-CP; 41/2024/QH15; 313/QĐ-BHXH; 159/2025/NĐ-CP; 136/2020/TT-BQP; 84/2015/QH13; 88/2020/NĐ-CP; 39/2016/NĐ-CP
2.000821,"Giải quyết hưởng chế độ tử tuất và truy lĩnh các chế độ BHXH, BHTN của",Trường hợp,5,3.1. Hồ sơ đề nghị hưởng chế độ tử tuất đối với thân nhân của người đang tham gia BHXH tự nguyện hoặc đang bảo lưu thời gian đóng BHXH tự nguyện gồm:,6.0,2222/QĐ-BHXH; 12/2025/TT-BNV; 158/2025/NĐ-CP; 164/2025/NĐ-CP; 41/2024/QH15; 313/QĐ-BHXH; 159/2025/NĐ-CP; 136/2020/TT-BQP; 84/2015/QH13; 88/2020/NĐ-CP; 39/2016/NĐ-CP
2.000821,"Giải quyết hưởng chế độ tử tuất và truy lĩnh các chế độ BHXH, BHTN của",Trường hợp,6,3.2. Hồ sơ đề nghị hưởng chế độ tử tuất đối với thân nhân của người đang hưởng hoặc đang tạm dừng hưởng lương hưu gồm:,4.0,2222/QĐ-BHXH; 12/2025/TT-BNV; 158/2025/NĐ-CP; 164/2025/NĐ-CP; 41/2024/QH15; 313/QĐ-BHXH; 159/2025/NĐ-CP; 136/2020/TT-BQP; 84/2015/QH13; 88/2020/NĐ-CP; 39/2016/NĐ-CP
2.000821,"Giải quyết hưởng chế độ tử tuất và truy lĩnh các chế độ BHXH, BHTN của",Trường hợp,7,4. Hồ sơ đề nghị hưởng trợ cấp mai táng đối với trường hợp chỉ hưởng trợ cấp mai táng bao gồm:,3.0,2222/QĐ-BHXH; 12/2025/TT-BNV; 158/2025/NĐ-CP; 164/2025/NĐ-CP; 41/2024/QH15; 313/QĐ-BHXH; 159/2025/NĐ-CP; 136/2020/TT-BQP; 84/2015/QH13; 88/2020/NĐ-CP; 39/2016/NĐ-CP
2.000821,"Giải quyết hưởng chế độ tử tuất và truy lĩnh các chế độ BHXH, BHTN của",Trường hợp,8,5. Hồ sơ đề nghị hưởng chế độ tử tuất đối với thân nhân của NLĐ là công dân nước ngoài,1.0,2222/QĐ-BHXH; 12/2025/TT-BNV; 158/2025/NĐ-CP; 164/2025/NĐ-CP; 41/2024/QH15; 313/QĐ-BHXH; 159/2025/NĐ-CP; 136/2020/TT-BQP; 84/2015/QH13; 88/2020/NĐ-CP; 39/2016/NĐ-CP
2.000821,"Giải quyết hưởng chế độ tử tuất và truy lĩnh các chế độ BHXH, BHTN của",Trường hợp,9,6. Trường hợp NLĐ tham gia bảo hiểm TNLĐ theo hình thức tự nguyện chết do TNLĐ:,3.0,2222/QĐ-BHXH; 12/2025/TT-BNV; 158/2025/NĐ-CP; 164/2025/NĐ-CP; 41/2024/QH15; 313/QĐ-BHXH; 159/2025/NĐ-CP; 136/2020/TT-BQP; 84/2015/QH13; 88/2020/NĐ-CP; 39/2016/NĐ-CP
2.000821,"Giải quyết hưởng chế độ tử tuất và truy lĩnh các chế độ BHXH, BHTN của",Trường hợp,10,7. Trợ cấp mai táng và trợ cấp một lần đối với thân nhân người đang hưởng trợ cấp hằng tháng theo Điều 23 Luật BHXH chết trước khi hết thời hạn hưởng trợ cấp,2.0,2222/QĐ-BHXH; 12/2025/TT-BNV; 158/2025/NĐ-CP; 164/2025/NĐ-CP; 41/2024/QH15; 313/QĐ-BHXH; 159/2025/NĐ-CP; 136/2020/TT-BQP; 84/2015/QH13; 88/2020/NĐ-CP; 39/2016/NĐ-CP
2.000821,"Giải quyết hưởng chế độ tử tuất và truy lĩnh các chế độ BHXH, BHTN của",Trường hợp,11,"Ghi chú: - Hồ sơ thay thế tại Bảng này được thực hiện khi đã có trong cơ sở dữ liệu cơ quan BHXH đang quản lý, cơ sở dữ liệu quốc gia, cơ sở dữ liệu chuyên ngành được kết nối, chia sẻ đủ điều kiện khai thác, sử dụng, đảm bảo tính pháp lý theo quy định. Hồ sơ đã có dữ liệu thay thế thì đơn vị SDLĐ, NLĐ không phải cung cấp cho cơ quan BHXH. - Không yêu cầu thân nhân nộp lại sổ BHXH bản giấy. - Không yêu cầu thân nhân nộp Bản sao giấy chứng tử hoặc trích lục khai tử khi cơ quan BHXH khai thác được thông tin thành phần hồ sơ này trên Cơ sở dữ liệu hộ tịch điện tử. - Thành phần hồ sơ nếu không ghi là bản chính thì có thể nộp bản chính hoặc bản sao hợp lệ. Các thành phần hồ sơ là mẫu do cơ quan BHXH ban hành là bản chính. - Trường hợp ủy quyền nhận các chế độ BHXH: Hồ sơ kèm theo Văn bản uỷ quyền (được chứng thực) theo quy định của pháp luật và Văn bản đề nghị Mẫu số 14-HSB.",0.0,2222/QĐ-BHXH; 12/2025/TT-BNV; 158/2025/NĐ-CP; 164/2025/NĐ-CP; 41/2024/QH15; 313/QĐ-BHXH; 159/2025/NĐ-CP; 136/2020/TT-BQP; 84/2015/QH13; 88/2020/NĐ-CP; 39/2016/NĐ-CP
2.001034,Cấp Giấy phép vận tải đường bộ quốc tế giữa Việt Nam và Trung Quốc loạ,Trường hợp,1,"* Trường hợp cấp Giấy phép vận tải loại B, C, F, G lần thứ hai trở đi trong năm:",1.0,158/2024/NĐ-CP; 144/2025/NĐ-CP
2.001034,Cấp Giấy phép vận tải đường bộ quốc tế giữa Việt Nam và Trung Quốc loạ,Trường hợp,2,* Đối với trường hợp cấp lần đầu (,8.0,158/2024/NĐ-CP; 144/2025/NĐ-CP
2.001034,Cấp Giấy phép vận tải đường bộ quốc tế giữa Việt Nam và Trung Quốc loạ,Trường hợp,3,* Đối với trường hợp cấp lần đầu (xe thương mại,2.0,158/2024/NĐ-CP; 144/2025/NĐ-CP
2.001157,Trợ cấp một lần đối với thanh niên xung phong đã hoàn thành nhiệm vụ t,Trường hợp,1,(i) Một trong các giấy tờ sau đây chứng minh là thanh niên xung phong (là bản chính hoặc bản sao có chứng thực của Ủy ban nhân dân cấp xã):,3.0,190/2025/NQ-QH15; 25/2025/NĐ-CP; 45/2025/NĐ-CP; 08/2023/TT-BLĐTBXH; 08/2012/TTLT-BLĐTBXH-BNV-BTC; 09/2025/TT-BNV; 31/2013/NĐ-CP; 04/2012/UBTVQH13; 40/2011/QĐ-TT
2.001157,Trợ cấp một lần đối với thanh niên xung phong đã hoàn thành nhiệm vụ t,Trường hợp,2,"(ii) Bản khai cá nhân, cụ thể:",2.0,190/2025/NQ-QH15; 25/2025/NĐ-CP; 45/2025/NĐ-CP; 08/2023/TT-BLĐTBXH; 08/2012/TTLT-BLĐTBXH-BNV-BTC; 09/2025/TT-BNV; 31/2013/NĐ-CP; 04/2012/UBTVQH13; 40/2011/QĐ-TT
2.001263,Đăng ký việc nuôi con nuôi trong nước,Trường hợp,1,Hồ sơ của người nhận con nuôi:,6.0,18/2026/NĐ-CP; 120/2025/NĐ-CP; 07/2023/TT-BTP; 06/2025/NĐ-CP; 24/2019/NĐ-CP; 66.7/2025/NQ-CP; 10/2020/TT-BTP; 104/2022/NĐ-CP
2.001263,Đăng ký việc nuôi con nuôi trong nước,Trường hợp,2,Hồ sơ của người được nhận làm con nuôi:,5.0,18/2026/NĐ-CP; 120/2025/NĐ-CP; 07/2023/TT-BTP; 06/2025/NĐ-CP; 24/2019/NĐ-CP; 66.7/2025/NQ-CP; 10/2020/TT-BTP; 104/2022/NĐ-CP
2.001263,Đăng ký việc nuôi con nuôi trong nước,Trường hợp,3,Lưu ý,6.0,18/2026/NĐ-CP; 120/2025/NĐ-CP; 07/2023/TT-BTP; 06/2025/NĐ-CP; 24/2019/NĐ-CP; 66.7/2025/NQ-CP; 10/2020/TT-BTP; 104/2022/NĐ-CP
2.001478,"Cấp mới Giấy chứng nhận đủ điều kiện về an ninh, trật tự (thực hiện tạ",Trường hợp,1,"Bản khai lý lịch (Mẫu số 02 tại Phụ lục ban hành kèm theo Nghị định số 56/2023/NĐ-CP) kèm theo Phiếu lý lịch tư pháp hoặc Bản khai nhân sự (Mẫu số 02b tại Phụ lục ban hành kèm theo Nghị định số 96/2016/NĐ-CP) của người chịu trách nhiệm về an ninh, trật tự của cơ sở kinh doanh, cụ thể như sau:",3.0,56/2023/NĐ-CP; 15/2022/TT-BCA; 23/2019/TT-BTC; 42/2017/TT-BCA; 218/2016/TT-BTC
2.001478,"Cấp mới Giấy chứng nhận đủ điều kiện về an ninh, trật tự (thực hiện tạ",Trường hợp,2,"Ngoài các tài liệu quy định nêu trên, hồ sơ đề nghị cấp mới Giấy chứng nhận đủ điều kiện về an ninh, trật tự phải có thêm tài liệu áp dụng đối với một số cơ sở kinh doanh các ngành, nghề sau đây:",2.0,56/2023/NĐ-CP; 15/2022/TT-BCA; 23/2019/TT-BTC; 42/2017/TT-BCA; 218/2016/TT-BTC
2.001921,"Chấp thuận vị trí, quy mô, kích thước, phương án tổ chức thi công biển",Trường hợp,1,"Hồ sơ chấp thuận vị trí, quy mô, kích thước biển quảng cáo, biển thông tin cổ động, tuyên truyền chính trị, xây dựng, lắp đặt công trình hạ tầng, công trình hạ tầng kỹ thuật sử dụng chung trong phạm vi bảo vệ kết cấu hạ tầng đường bộ, bao gồm",4.0,165/2024/NĐ-CP; 241/2026/NĐ-CP
2.001921,"Chấp thuận vị trí, quy mô, kích thước, phương án tổ chức thi công biển",Trường hợp,2,"* Đối với việc thi công xây dựng đường dây tải điện, dây dẫn điện điện áp từ 35 kV trở xuống, đường dây thông tin, viễn thông, gia cường công trình đường bộ (khi cần thiết để cho phép xe quá khổ giới hạn, xe quá tải trọng, xe bánh xích lưu hành trên đường bộ), trừ các trường hợp không phải cấp giấy phép thi công theo quy định tại khoản 3 Điều 32 Luật Đường bộ, thành phần hồ sơ đề nghị chấp thuận xây dựng, gia cường được thực hiện đồng thời với hồ sơ cấp giấy phép thi công công trình trên đường bộ đang khai thác.",3.0,165/2024/NĐ-CP; 241/2026/NĐ-CP
2.002027,Cấp Giấy phép hoạt động dịch vụ đưa người lao động Việt Nam đi làm việ,Trường hợp,2,"- Giấy tờ chứng minh đáp ứng các điều kiện quy định tại Điều 10 của Luật Người lao động Việt Nam đi làm việc ở nước ngoài theo hợp đồng ngày 13/11/2020, cụ thể gồm:",5.0,25/2025/NĐ-CP; 190/2025/NQ-QH15; 69/2020/QH14; 112/2021/NĐ-CP; 372/2025/NĐ-CP; 66.16/2026/NQ-CP
2.002286,"Cấp lại Giấy phép kinh doanh vận tải bằng xe ô tô, bằng xe bốn bánh có",Trường hợp,1,* Trường hợp cấp lại Giấy phép kinh doanh do bị thu hồi,5.0,158/2024/NĐ-CP; 24/2026/NQ-CP
2.002286,"Cấp lại Giấy phép kinh doanh vận tải bằng xe ô tô, bằng xe bốn bánh có",Trường hợp,2,* Trường hợp cấp lại Giấy phép kinh doanh do thay đổi nội dung của Giấy phép kinh doanh,2.0,158/2024/NĐ-CP; 24/2026/NQ-CP
2.002353,"Thủ tục gia hạn hộ chiếu ngoại giao, hộ chiếu công vụ (không gắn chip",Trường hợp,1,"Gia hạn hộ chiếu ngoại giao, hộ chiếu công vụ (không gắn chip điện tử) tại cơ quan trong nước của Bộ Ngoại giao",3.0,06/2023/TT-BNG; 04/2020/TT-BNG; 49/2019/QH14
2.002355,"Thủ tục cấp hộ chiếu ngoại giao, hộ chiếu công vụ tại cơ quan đại diện",Trường hợp,1,"Thủ tục cấp hộ chiếu ngoại giao, hộ chiếu công vụ (không gắn chip điện tử) tại Cơ quan đại diện Việt Nam ở nước ngoài",8.0,264/2016/TT-BTC; 49/2019/QH14; 08/2025/TT-BNG; 06/2023/TT-BNG; 04/2020/TT-BNG
2.002356,"Thủ tục gia hạn hộ chiếu ngoại giao, hộ chiếu công vụ (không gắn chip",Trường hợp,1,"Thủ tục gia hạn hộ chiếu ngoại giao, hộ chiếu công vụ (không gắn chip điện tử) tại cơ quan đại diện Việt Nam ở nước ngoài",4.0,264/2016/TT-BTC; 49/2019/QH14; 04/2020/TT-BNG
2.002602,Công bố dự án đầu tư kinh doanh (gồm dự án đầu tư có sử dụng đất) đối,Trường hợp,1,"Hồ sơ đề xuất dự án đầu tư kinh doanh của nhà đầu tư gồm các thông tin sau: - Tên dự án; mục tiêu; quy mô đầu tư; vốn đầu tư; - Địa điểm thực hiện dự án; hiện trạng sử dụng đất, diện tích khu đất thực hiện dự án; mục đích sử dụng đất; các chỉ tiêu quy hoạch được duyệt; - Thời hạn, tiến độ thực hiện dự án; sơ bộ phương án phân kỳ đầu tư hoặc phân chia dự án thành phần (nếu có); tiến độ thực hiện dự án theo từng giai đoạn (nếu có); - Đề xuất áp dụng hình thức lựa chọn nhà đầu tư trong trường hợp đặc biệt đối với dự án nhà đầu tư án xác định thuộc trường hợp lựa chọn nhà đầu tư trong trường hợp đặc biệt; - Nội dung khác có liên quan (nếu có).",3.0,57/2024/QH15; 90/2025/QH15; 274/2026/NĐ-CP; 129/2026/TT-BTC; 22/2023/QH15
2.002602,Công bố dự án đầu tư kinh doanh (gồm dự án đầu tư có sử dụng đất) đối,Trường hợp,2,"Đối với trường hợp nhà đầu tư đề xuất áp dụng lựa chọn nhà đầu tư trong trường hợp đặc biệt (trừ trường hợp dự án quy định tại điểm a khoản 4 Điều 45 của Nghị định số 274/2026/NĐ-CP), tài liệu chứng minh khả năng thu xếp vốn chủ sở hữu, huy động vốn vay; phương án xây dựng, vận hành, kinh doanh, khai thác, quản lý công trình; yêu cầu khác.",1.0,57/2024/QH15; 90/2025/QH15; 274/2026/NĐ-CP; 129/2026/TT-BTC; 22/2023/QH15
2.002603,Công bố dự án đầu tư kinh doanh (gồm dự án đầu tư có sử dụng đất) đối,Trường hợp,1,"Hồ sơ đề xuất dự án đầu tư kinh doanh của nhà đầu tư gồm các thông tin sau: - Tên dự án; mục tiêu; quy mô đầu tư; vốn đầu tư; - Địa điểm thực hiện dự án; hiện trạng sử dụng đất, diện tích khu đất thực hiện dự án; mục đích sử dụng đất; các chỉ tiêu quy hoạch được duyệt; - Thời hạn, tiến độ thực hiện dự án; sơ bộ phương án phân kỳ đầu tư hoặc phân chia dự án thành phần (nếu có); tiến độ thực hiện dự án theo từng giai đoạn (nếu có); - Nội dung khác có liên quan (nếu có).",3.0,22/2023/QH15; 57/2024/QH15; 90/2025/QH15; 274/2026/NĐ-CP; 129/2026/TT-BTC
2.002603,Công bố dự án đầu tư kinh doanh (gồm dự án đầu tư có sử dụng đất) đối,Trường hợp,2,"Đối với trường hợp nhà đầu tư đề xuất áp dụng lựa chọn nhà đầu tư trong trường hợp đặc biệt (trừ trường hợp dự án quy định tại điểm a khoản 4 Điều 45 của Nghị định số 274/2026/NĐ-CP), tài liệu chứng minh khả năng thu xếp vốn chủ sở hữu, huy động vốn vay; phương án xây dựng, vaanh hành, kinh doanh, khai thác, quản lý công trình; yêu cầu khác.",1.0,22/2023/QH15; 57/2024/QH15; 90/2025/QH15; 274/2026/NĐ-CP; 129/2026/TT-BTC
2.002610,Đăng ký tham gia Hệ thống mạng đấu thầu quốc gia,Trường hợp,1,+ Tổ chức nộp Hồ sơ đăng ký trên Hệ thống gồm các tài liệu sau:,3.0,214/2025/NĐ-CP; 22/2023/QH15
2.002610,Đăng ký tham gia Hệ thống mạng đấu thầu quốc gia,Trường hợp,2,+ Cá nhân nộp Hồ sơ đăng ký trên Hệ thống gồm các tài liệu sau,2.0,214/2025/NĐ-CP; 22/2023/QH15
2.002820,Hỗ trợ người lao động đi làm việc ở nước ngoài theo hợp đồng,Trường hợp,1,(1) Đối với người lao động là người có công với cách mạng,7.0,74/2025/QH15; 338/2025/NĐ-CP
2.002820,Hỗ trợ người lao động đi làm việc ở nước ngoài theo hợp đồng,Trường hợp,2,(2) Đối với thân nhân của người có công với cách mạng,7.0,74/2025/QH15; 338/2025/NĐ-CP
2.002820,Hỗ trợ người lao động đi làm việc ở nước ngoài theo hợp đồng,Trường hợp,3,(3) Đối với người dân tộc thiểu số,7.0,74/2025/QH15; 338/2025/NĐ-CP
2.002820,Hỗ trợ người lao động đi làm việc ở nước ngoài theo hợp đồng,Trường hợp,4,"(4) Đối với người thuộc hộ nghèo, hộ cận nghèo",7.0,74/2025/QH15; 338/2025/NĐ-CP
2.002820,Hỗ trợ người lao động đi làm việc ở nước ngoài theo hợp đồng,Trường hợp,5,"(5) Đối với người có đất thu hồi thuộc đối tượng được hỗ trợ đào tạo, chuyển đổi nghề và tìm kiếm việc làm theo quy định của pháp luật về đất đai",7.0,74/2025/QH15; 338/2025/NĐ-CP
2.002820,Hỗ trợ người lao động đi làm việc ở nước ngoài theo hợp đồng,Trường hợp,6,"(6) Đối với người hoàn thành nghĩa vụ quân sự, nghĩa vụ tham gia Công an nhân dân",7.0,74/2025/QH15; 338/2025/NĐ-CP
2.002820,Hỗ trợ người lao động đi làm việc ở nước ngoài theo hợp đồng,Trường hợp,7,"(7) Đối với thanh niên tình nguyện hoàn thành nhiệm vụ thực hiện chương trình, dự án phát triển kinh tế - xã hội",7.0,74/2025/QH15; 338/2025/NĐ-CP
2.002820,Hỗ trợ người lao động đi làm việc ở nước ngoài theo hợp đồng,Trường hợp,8,(8) Đối với trí thức trẻ tình nguyện sau khi hoàn thành nhiệm vụ công tác tại khu kinh tế - quốc phòng,7.0,74/2025/QH15; 338/2025/NĐ-CP
2.002821,"Hỗ trợ đào tạo nghề cho người lao động ở khu vực nông thôn, người lao",Trường hợp,1,(1) Đối với người lao động ở khu vực nông thôn,3.0,74/2025/QH15; 338/2025/NĐ-CP
2.002821,"Hỗ trợ đào tạo nghề cho người lao động ở khu vực nông thôn, người lao",Trường hợp,2,"(2) Đối với người lao động là thanh niên hoàn thành nghĩa vụ quân sự, nghĩa vụ tham gia Công an nhân dân",1.0,74/2025/QH15; 338/2025/NĐ-CP
2.002821,"Hỗ trợ đào tạo nghề cho người lao động ở khu vực nông thôn, người lao",Trường hợp,3,"(3) Đối với người lao động là thanh niên tình nguyện hoàn thành nhiệm vụ thực hiện chương trình, dự án phát triển kinh tế - xã hội",1.0,74/2025/QH15; 338/2025/NĐ-CP
2.002821,"Hỗ trợ đào tạo nghề cho người lao động ở khu vực nông thôn, người lao",Trường hợp,4,(4) Đối với trí thức trẻ tình nguyện hoàn thành nhiệm vụ công tác tại khu kinh tế - quốc phòng,1.0,74/2025/QH15; 338/2025/NĐ-CP
2.002913,"Liên thông điện tử: Đăng ký khai tử, xóa đăng ký thường trú, giải quyế",Trường hợp,1,"1) Hồ sơ thực hiện liên thông các thủ tục hành chính đăng ký khai tử, xóa đăng ký thường trú, giải quyết mai táng phí, tử tuất do cơ quan bảo hiểm xã hội giải quyết a) Hồ sơ thực hiện liên thông các thủ tục hành chính đăng ký khai tử, xóa đăng ký thường trú, giải quyết mai táng phí bao gồm các thành phần sau:",2.0,301/2026/NĐ-CP
2.002913,"Liên thông điện tử: Đăng ký khai tử, xóa đăng ký thường trú, giải quyế",Trường hợp,2,"1) Hồ sơ thực hiện liên thông các thủ tục hành chính đăng ký khai tử, xóa đăng ký thường hội giải quyết. b) Hồ sơ thực hiện liên thông các thủ tục hành chính đăng ký khai tử, xóa đăng ký thường trú, giải quyết trợ cấp mai táng, trợ cấp tuất một lần bao gồm các thành phần sau",3.0,301/2026/NĐ-CP
2.002913,"Liên thông điện tử: Đăng ký khai tử, xóa đăng ký thường trú, giải quyế",Trường hợp,3,"1) Hồ sơ thực hiện liên thông các thủ tục hành chính đăng ký khai tử, xóa đăng ký thường hội giải quyết. c) Hồ sơ thực hiện liên thông các thủ tục hành chính đăng ký khai tử, xóa đăng ký thường trú, giải quyết trợ cấp mai táng, trợ cấp tuất hằng tháng bao gồm các thành phần sau:",3.0,301/2026/NĐ-CP
2.002913,"Liên thông điện tử: Đăng ký khai tử, xóa đăng ký thường trú, giải quyế",Trường hợp,4,"2) Hồ sơ thực hiện liên thông các thủ tục hành chính đăng ký khai tử, xóa đăng ký thường trú, giải quyết mai táng phí, tử tuất do cơ quan nội vụ, y tế giải quyết a) Hồ sơ thực hiện liên thông các thủ tục hành chính đăng ký khai tử, xóa đăng ký thường trú, giải quyết trợ cấp mai táng bao gồm các thành phần sau:",2.0,301/2026/NĐ-CP
2.002913,"Liên thông điện tử: Đăng ký khai tử, xóa đăng ký thường trú, giải quyế",Trường hợp,5,"2) Hồ sơ thực hiện liên thông các thủ tục hành chính đăng ký khai tử, xóa đăng ký thường trú, giải quyết mai táng phí, tử tuất do cơ quan nội vụ, y tế giải quyết. Hồ sơ thực hiện liên thông các thủ tục hành chính đăng ký khai tử, xóa đăng ký thường trú, hỗ trợ chi phí mai táng cho đối tượng bảo trợ xã hội bao gồm các thành phần sau:",3.0,301/2026/NĐ-CP
2.002913,"Liên thông điện tử: Đăng ký khai tử, xóa đăng ký thường trú, giải quyế",Trường hợp,6,"2) Hồ sơ thực hiện liên thông các thủ tục hành chính đăng ký khai tử, xóa đăng ký thường trú, giải quyết mai táng phí, tử tuất do cơ quan nội vụ, y tế giải quyết. c) Hồ sơ thực hiện liên thông các thủ tục hành chính đăng ký khai tử, xóa đăng ký thường trú, giải quyết trợ cấp mai táng, trợ cấp tuất một lần bao gồm các thành phần sau:",3.0,301/2026/NĐ-CP
2.002913,"Liên thông điện tử: Đăng ký khai tử, xóa đăng ký thường trú, giải quyế",Trường hợp,7,"2) Hồ sơ thực hiện liên thông các thủ tục hành chính đăng ký khai tử, xóa đăng ký thường trú, giải quyết mai táng phí, tử tuất do cơ quan nội vụ, y tế giải quyết. d) Hồ sơ thực hiện liên thông các thủ tục hành chính đăng ký khai tử, xóa đăng ký thường trú, giải quyết trợ cấp mai táng, trợ cấp tuất hằng tháng bao gồm các thành phần sau:",7.0,301/2026/NĐ-CP
3.000503,Thủ tục giao chủ đầu tư không thông qua đấu thầu đối với dự án đầu tư,Trường hợp,1,a) Trường hợp dự án đầu tư xây dựng nhà ở cho lực lượng vũ trang nhân dân do nhà đầu tư đề xuất đã được cơ quan có thẩm quyền chấp thuận chủ trương đầu tư kể từ ngày 01/8/2024 đến trước ngày 01/7/2025 hoặc trường hợp quy định tại khoản 2 Điều 12 của Nghị quyết số 201/2025/QH15:,3.0,201/2025/QH15; 192/2025/NĐ-CP
3.000503,Thủ tục giao chủ đầu tư không thông qua đấu thầu đối với dự án đầu tư,Trường hợp,2,"b) Trường hợp dự án do cơ quan nhà nước có thẩm quyền lập, chấp thuận chủ trương đầu tư kể từ ngày 01/8/2024 đến trước ngày 01/7/2025 hoặc trường hợp quy định tại khoản 2 Điều 12 của Nghị quyết số 201/2025/QH15:",1.0,201/2025/QH15; 192/2025/NĐ-CP
3.000506,Thủ tục giao chủ đầu tư không thông qua đấu thầu đối với trường hợp dự,Trường hợp,1,"a) Trường hợp dự án đầu tư xây dựng nhà ở xã hội do nhà đầu tư đề xuất đã được cơ quan có thẩm quyền chấp thuận chủ trương đầu tư, chấp thuận đầu tư hoặc có văn bản pháp lý tương đương theo quy định của pháp luật trước ngày 01/7/2025:",3.0,201/2025/QH15; 192/2025/NĐ-CP
3.000506,Thủ tục giao chủ đầu tư không thông qua đấu thầu đối với trường hợp dự,Trường hợp,2,"b) Trường hợp dự án do cơ quan nhà nước có thẩm quyền lập, chấp thuận chủ trương đầu tư, chấp thuận đầu tư hoặc có văn bản pháp lý tương đương trước ngày 01/7/2025:",4.0,201/2025/QH15; 192/2025/NĐ-CP
3.000507,Thủ tục chấp thuận chủ trương đầu tư đồng thời giao chủ đầu tư đối với,Trường hợp,1,a) Trường hợp nhà đầu tư có quyền sử dụng đất theo quy định của pháp luật về đất đai thông qua thỏa thuận về nhận quyền sử dụng đất hoặc đang có quyền sử dụng đất đối với một phần hoặc toàn bộ diện tích đất của dự án hoặc nhà đầu tư đề xuất dự án chưa được cơ quan nhà nước công bố thông tin về dự án:,4.0,192/2025/NĐ-CP; 201/2025/QH15
3.000507,Thủ tục chấp thuận chủ trương đầu tư đồng thời giao chủ đầu tư đối với,Trường hợp,2,"b) Trường hợp dự án do cơ quan nhà nước có thẩm quyền lập, công bố thông tin dự án để đầu tư xây dựng nhà ở xã hội:",4.0,192/2025/NĐ-CP; 201/2025/QH15
6.003488,Công bố quyết định tình huống khẩn cấp về thiên tai đối với hệ thống q,Trường hợp,1,Đối với tuyến đường bộ thuộc thẩm quyền của Bộ Xây dựng,3.0,72/2025/TT-BXD; 40/2024/TT-BGTVT
6.003488,Công bố quyết định tình huống khẩn cấp về thiên tai đối với hệ thống q,Trường hợp,2,Đối với tuyến đường bộ thuộc thẩm quyền của UBND cấp tỉnh,2.0,72/2025/TT-BXD; 40/2024/TT-BGTVT
6.003491,Công bố quyết định kết thúc tình huống khẩn cấp về thiên tai đối với h,Trường hợp,1,Đối với tuyến đường bộ thuộc thẩm quyền của Bộ Xây dựng,2.0,72/2025/TT-BXD; 40/2024/TT-BGTVT
6.003491,Công bố quyết định kết thúc tình huống khẩn cấp về thiên tai đối với h,Trường hợp,2,Đối với tuyến đường bộ thuộc thẩm quyền của UBND cấp tỉnh,1.0,72/2025/TT-BXD; 40/2024/TT-BGTVT
6.005259,"THỦ TỤC MIỄN NHIỆM ĐỐI VỚI CÔNG CHỨC, VIÊN CHỨC LÃNH ĐẠO, QUẢN LÝ",Trường hợp,1,"a) Đối với công chức lãnh đạo, quản lý",2.0,259/2026/NĐ-CP; 80/2025/QH15; 300/2026/NĐ-CP; 170/2025/NĐ-CP; 129/2025/QH15
6.005259,"THỦ TỤC MIỄN NHIỆM ĐỐI VỚI CÔNG CHỨC, VIÊN CHỨC LÃNH ĐẠO, QUẢN LÝ",Trường hợp,2,b) Đối với viên chức quản lý,2.0,259/2026/NĐ-CP; 80/2025/QH15; 300/2026/NĐ-CP; 170/2025/NĐ-CP; 129/2025/QH15
6.005260,"THỦ TỤC TỪ CHỨC ĐỐI VỚI CÔNG CHỨC, VIÊN CHỨC LÃNH ĐẠO, QUẢN LÝ",Trường hợp,1,"a) Đối với công chức lãnh đạo, quản lý",3.0,259/2026/NĐ-CP; 170/2025/NĐ-CP; 129/2025/QH15; 80/2025/QH15; 300/2026/NĐ-CP
6.005260,"THỦ TỤC TỪ CHỨC ĐỐI VỚI CÔNG CHỨC, VIÊN CHỨC LÃNH ĐẠO, QUẢN LÝ",Trường hợp,2,b) Đối với viên chức quản lý,3.0,259/2026/NĐ-CP; 170/2025/NĐ-CP; 129/2025/QH15; 80/2025/QH15; 300/2026/NĐ-CP
6.005704,Thủ tục đề nghị xét tặng danh hiệu Cờ thi đua của Bộ Xây dựng,Trường hợp,1,1,1.0,55/2025/TT-BXD; 15/2025/TT-BNV; 06; 152/2025/NĐ-CP
6.006715,Thẩm tra quyết toán dự án hoàn thành sử dụng vốn đầu tư công,Trường hợp,1,"Đối với dự án đầu tư công hoàn thành, hạng mục công trình hoàn thành; dự án đầu tư công dừng thực hiện vĩnh viễn có khối lượng thi công xây dựng, lắp đặt thiết bị:",7.0,254/2025/NĐ-CP; 11/2026/QĐ-UBND; 91/2025/TT-BTC
6.006715,Thẩm tra quyết toán dự án hoàn thành sử dụng vốn đầu tư công,Trường hợp,2,"Đối với dự án quy hoạch, dự án chuẩn bị đầu tư sử dụng vốn đầu tư công, dự án dừng thực hiện chưa có khối lượng thi công xây dựng, lắp đặt thiết bị:",5.0,254/2025/NĐ-CP; 11/2026/QĐ-UBND; 91/2025/TT-BTC
6.006761,Khai thác tài sản kết cấu hạ tầng đường bộ,Trường hợp,1,"Chuyển nhượng quyền thu phí sử dụng tài sản kết cấu hạ tầng đường bộ (Trường hợp: Lập, phê duyệt Đề án chuyển nhượng quyền thu phí sử dụng tài sản kết cấu hạ tầng đường bộ thuộc thẩm quyền của Chủ tịch Ủy ban nhân dân cấp tỉnh phê duyệt hoặc phân cấp thẩm quyền phê duyệt)",6.0,99/2026/NĐ-CP; 44/2024/NĐ-CP
6.006761,Khai thác tài sản kết cấu hạ tầng đường bộ,Trường hợp,2,"Cho thuê quyền khai thác tài sản kết cấu hạ tầng đường bộ (Trường hợp: Lập, phê duyệt Đề án cho thuê quyền khai thác tài sản kết cấu hạ tầng đường bộ thuộc thẩm quyền của Chủ tịch Ủy ban nhân dân cấp tỉnh phê duyệt hoặc phân cấp thẩm quyền phê duyệt)",6.0,99/2026/NĐ-CP; 44/2024/NĐ-CP
6.006761,Khai thác tài sản kết cấu hạ tầng đường bộ,Trường hợp,3,"Chuyển nhượng có thời hạn quyền khai thác tài sản kết cấu hạ tầng đường bộ (Trường hợp: Lập, phê duyệt Đề án chuyển nhượng có thời hạn quyền khai thác tài sản kết cấu hạ tầng đường bộ thuộc thẩm quyền của Chủ tịch Ủy ban nhân dân cấp tỉnh phê duyệt hoặc phân cấp thẩm quyền phê duyệt)",6.0,99/2026/NĐ-CP; 44/2024/NĐ-CP
6.006762,Xử lý tài sản kết cấu hạ tầng đường bộ,Trường hợp,1,"Thu hồi tài sản kết cấu hạ tầng đường bộ (quy định tại khoản 4 Điều 21 Nghị định số 44/2024/NĐ-CP được sửa đổi, bổ sung tại khoản 2 Điều 13 Nghị định số 99/2026/NĐ-CP)",5.0,44/2024/NĐ-CP; 99/2026/NĐ-CP
6.006762,Xử lý tài sản kết cấu hạ tầng đường bộ,Trường hợp,2,"Điều chuyển tài sản kết cấu hạ tầng đường bộ (Trường hợp: Điều chuyển tài sản kết cấu hạ tầng đường bộ giữa các cơ quan, tổ chức, đơn vị thuộc phạm vi quản lý của Bộ Xây dựng, Ủy ban nhân dân cấp tỉnh hoặc từ Bộ Xây dựng, Ủy ban nhân dân cấp tỉnh sang bộ, cơ quan trung ương, địa phương khác)",8.0,44/2024/NĐ-CP; 99/2026/NĐ-CP
6.006762,Xử lý tài sản kết cấu hạ tầng đường bộ,Trường hợp,3,Chuyển giao tài sản kết cấu hạ tầng đường bộ,6.0,44/2024/NĐ-CP; 99/2026/NĐ-CP
6.006762,Xử lý tài sản kết cấu hạ tầng đường bộ,Trường hợp,4,Thanh lý tài sản kết cấu hạ tầng đường bộ,4.0,44/2024/NĐ-CP; 99/2026/NĐ-CP
6.006762,Xử lý tài sản kết cấu hạ tầng đường bộ,Trường hợp,5,"Xử lý tài sản kết cấu hạ tầng đường bộ trong trường hợp bị mất, bị hủy hoại",5.0,44/2024/NĐ-CP; 99/2026/NĐ-CP
6.006765,Khai thác tài sản kết cấu hạ tầng đường thủy nội địa,Trường hợp,1,"Cho thuê quyền khai thác tài sản kết cấu hạ tầng đường thủy nội địa (Trường hợp: Lập, phê duyệt Đề án cho thuê quyền khai thác tài sản kết cấu hạ tầng đường thủy nội địa thuộc thẩm quyền của Chủ tịch Ủy ban nhân dân cấp tỉnh phê duyệt hoặc phân cấp thẩm quyền phê duyệt)",6.0,99/2026/NĐ-CP; 12/2025/NĐ-CP
6.006765,Khai thác tài sản kết cấu hạ tầng đường thủy nội địa,Trường hợp,2,"Chuyển nhượng có thời hạn quyền khai thác tài sản kết cấu hạ tầng đường thủy nội địa (Trường hợp: Lập, phê duyệt Đề án chuyển nhượng có thời hạn quyền khai thác tài sản kết cấu hạ tầng đường thủy nội địa thuộc thẩm quyền của Chủ tịch Ủy ban nhân dân cấp tỉnh phê duyệt hoặc phân cấp thẩm quyền phê duyệt)",6.0,99/2026/NĐ-CP; 12/2025/NĐ-CP
6.006766,Thủ tục: Xử lý tài sản kết cấu hạ tầng đường thủy nội địa,Trường hợp,1,"Thu hồi tài sản kết cấu hạ tầng đường thủy nội địa (quy định tại khoản 4 Điều 19 Nghị định số 12/2025/NĐ-CP ngày 20/1/2025 được sửa đổi, bổ sung tại Nghị định số 99/2026/NĐ-CP ngày 31/3/2026 của Chính phủ)",4.0,12/2025/NĐ-CP; 99/2026/NĐ-CP
6.006766,Thủ tục: Xử lý tài sản kết cấu hạ tầng đường thủy nội địa,Trường hợp,2,"Điều chuyển tài sản kết cấu hạ tầng đường thủy nội địa (Trường hợp: Điều chuyển tài sản kết cấu hạ tầng đường thủy nội địa giữa các cơ quan, tổ chức, đơn vị thuộc phạm vi quản lý của Bộ Xây dựng, Ủy ban nhân dân cấp tỉnh hoặc từ Bộ Xây dựng, Ủy ban nhân dân cấp tỉnh sang bộ, cơ quan trung ương, địa phương khác)",7.0,12/2025/NĐ-CP; 99/2026/NĐ-CP
6.006766,Thủ tục: Xử lý tài sản kết cấu hạ tầng đường thủy nội địa,Trường hợp,3,Chuyển giao tài sản kết cấu hạ tầng đường thủy nội địa,6.0,12/2025/NĐ-CP; 99/2026/NĐ-CP
6.006766,Thủ tục: Xử lý tài sản kết cấu hạ tầng đường thủy nội địa,Trường hợp,4,Thanh lý tài sản kết cấu hạ tầng đường thủy nội địa,4.0,12/2025/NĐ-CP; 99/2026/NĐ-CP
6.006766,Thủ tục: Xử lý tài sản kết cấu hạ tầng đường thủy nội địa,Trường hợp,5,"Xử lý tài sản kết cấu hạ tầng đường thủy nội địa trong trường hợp bị mất, bị hủy hoại",5.0,12/2025/NĐ-CP; 99/2026/NĐ-CP
6.006771,Thủ tục: Xử lý tài sản kết cấu hạ tầng đường sắt đô thị,Trường hợp,1,Thu hồi tài sản kết cấu hạ tầng đường sắt đô thị,3.0,99/2026/NĐ-CP; 15/2025/NĐ-CP
6.006771,Thủ tục: Xử lý tài sản kết cấu hạ tầng đường sắt đô thị,Trường hợp,2,"Điều chuyển tài sản kết cấu hạ tầng đường sắt đô thị (Điều chuyển tài sản kết cấu hạ tầng đường sắt đô thị thuộc phạm vi quản lý sang bộ, cơ quan trung ương, địa phương khác)",4.0,99/2026/NĐ-CP; 15/2025/NĐ-CP
6.006771,Thủ tục: Xử lý tài sản kết cấu hạ tầng đường sắt đô thị,Trường hợp,3,"Điều chuyển tài sản kết cấu hạ tầng đường sắt đô thị (Điều chuyển tài sản kết cấu hạ tầng đường sắt đô thị giữa các cơ quan, tổ chức, đơn vị, doanh nghiệp thuộc địa phương)",5.0,99/2026/NĐ-CP; 15/2025/NĐ-CP
6.006771,Thủ tục: Xử lý tài sản kết cấu hạ tầng đường sắt đô thị,Trường hợp,4,Chuyển giao tài sản kết cấu hạ tầng đường sắt đô thị,4.0,99/2026/NĐ-CP; 15/2025/NĐ-CP
6.006771,Thủ tục: Xử lý tài sản kết cấu hạ tầng đường sắt đô thị,Trường hợp,5,Thanh lý tài sản kết cấu hạ tầng đường sắt đô thị,3.0,99/2026/NĐ-CP; 15/2025/NĐ-CP
6.006771,Thủ tục: Xử lý tài sản kết cấu hạ tầng đường sắt đô thị,Trường hợp,6,"Xử lý tài sản kết cấu hạ tầng đường sắt đô thị trong trường hợp bị mất, bị hủy hoại",4.0,99/2026/NĐ-CP; 15/2025/NĐ-CP
6.006774,Thủ tục: Khai thác tài sản kết cấu hạ tầng hàng hải,Trường hợp,1,"Cho thuê quyền khai thác tài sản kết cấu hạ tầng hàng hải (Trường hợp: Lập, phê duyệt Đề án cho thuê quyền khai thác tài sản kết cấu hạ tầng hàng hải thuộc thẩm quyền phê duyệt của Chủ tịch Ủy ban nhân dân cấp tỉnh phê duyệt hoặc phân cấp thẩm quyền phê duyệt)",4.0,84/2025/NĐ-CP; 99/2026/NĐ-CP
6.006774,Thủ tục: Khai thác tài sản kết cấu hạ tầng hàng hải,Trường hợp,2,Chuyển nhượng có thời hạn quyền khai thác tài sản kết cấu hạ tầng hàng hải,4.0,84/2025/NĐ-CP; 99/2026/NĐ-CP
6.006775,Thủ tục: Xử lý tài sản kết cấu hạ tầng hàng hải,Trường hợp,1,Thu hồi tài sản kết cấu hạ tầng hàng hải (quy định tại khoản 4 Điều 19 Nghị định số 84/2025/NĐ-CP của Chính phủ),4.0,84/2025/NĐ-CP; 99/2026/NĐ-CP
6.006775,Thủ tục: Xử lý tài sản kết cấu hạ tầng hàng hải,Trường hợp,2,"Điều chuyển tài sản kết cấu hạ tầng hàng hải (Điều chuyển tài sản kết cấu hạ tầng hàng hải giữa các cơ quan, tổ chức, đơn vị thuộc phạm vi quản lý của Bộ Xây dựng, Ủy ban nhân dân cấp tỉnh hoặc từ Bộ Xây dựng, Ủy ban nhân dân cấp tỉnh sang bộ, cơ quan trung ương, địa phương khác)",7.0,84/2025/NĐ-CP; 99/2026/NĐ-CP
6.006775,Thủ tục: Xử lý tài sản kết cấu hạ tầng hàng hải,Trường hợp,3,"Điều chuyển tài sản kết cấu hạ tầng hàng hải (Điều chuyển tài sản kết cấu hạ tầng hàng hải từ bộ, cơ quan khác ở trung ương sang Bộ Xây dựng, Ủy ban nhân dân cấp tỉnh quy định tại khoản 5 Điều 5 Nghị định số 84/2025/NĐ-CP)",5.0,84/2025/NĐ-CP; 99/2026/NĐ-CP
6.006775,Thủ tục: Xử lý tài sản kết cấu hạ tầng hàng hải,Trường hợp,4,Chuyển giao tài sản kết cấu hạ tầng hàng hải,5.0,84/2025/NĐ-CP; 99/2026/NĐ-CP
6.006775,Thủ tục: Xử lý tài sản kết cấu hạ tầng hàng hải,Trường hợp,5,Thanh lý tài sản kết cấu hạ tầng hàng hải,3.0,84/2025/NĐ-CP; 99/2026/NĐ-CP
6.006775,Thủ tục: Xử lý tài sản kết cấu hạ tầng hàng hải,Trường hợp,6,"Xử lý tài sản kết cấu hạ tầng hàng hải trong trường hợp bị mất, bị hủy hoại",4.0,84/2025/NĐ-CP; 99/2026/NĐ-CP
1.000028,"Cấp Giấy phép lưu hành xe quá tải trọng, xe quá khổ giới hạn, xe bánh",Đối tượng,1,Doanh nghiệp có vốn đầu tư nước ngoài,,12/2025/TT-BXD; 19/2026/TT-BXD
1.000028,"Cấp Giấy phép lưu hành xe quá tải trọng, xe quá khổ giới hạn, xe bánh",Đối tượng,2,Công dân Việt Nam,,12/2025/TT-BXD; 19/2026/TT-BXD
1.000028,"Cấp Giấy phép lưu hành xe quá tải trọng, xe quá khổ giới hạn, xe bánh",Đối tượng,3,Doanh nghiệp,,12/2025/TT-BXD; 19/2026/TT-BXD
1.000028,"Cấp Giấy phép lưu hành xe quá tải trọng, xe quá khổ giới hạn, xe bánh",Đối tượng,4,Người nước ngoài,,12/2025/TT-BXD; 19/2026/TT-BXD
1.000028,"Cấp Giấy phép lưu hành xe quá tải trọng, xe quá khổ giới hạn, xe bánh",Đối tượng,5,Tổ chức nước ngoài,,12/2025/TT-BXD; 19/2026/TT-BXD
1.000028,"Cấp Giấy phép lưu hành xe quá tải trọng, xe quá khổ giới hạn, xe bánh",Đối tượng,6,Hợp tác xã,,12/2025/TT-BXD; 19/2026/TT-BXD
1.000028,"Cấp Giấy phép lưu hành xe quá tải trọng, xe quá khổ giới hạn, xe bánh",Đối tượng,7,"Cán bộ, công chức, viên chức",,12/2025/TT-BXD; 19/2026/TT-BXD
1.000028,"Cấp Giấy phép lưu hành xe quá tải trọng, xe quá khổ giới hạn, xe bánh",Đối tượng,8,"Tổ chức (không bao gồm doanh nghiệp, HTX)",,12/2025/TT-BXD; 19/2026/TT-BXD
1.000028,"Cấp Giấy phép lưu hành xe quá tải trọng, xe quá khổ giới hạn, xe bánh",Đối tượng,9,Người Việt Nam định cư ở nước ngoài,,12/2025/TT-BXD; 19/2026/TT-BXD
1.000039,"Thủ tục gia hạn tạm trú, cấp thị thực mới cho người nước ngoài đang tạ",Đối tượng,1,Doanh nghiệp,,219/2016/TT-BTC; 04/2016/TT-BNG
1.000039,"Thủ tục gia hạn tạm trú, cấp thị thực mới cho người nước ngoài đang tạ",Đối tượng,2,Người nước ngoài,,219/2016/TT-BTC; 04/2016/TT-BNG
1.000080,"Thủ tục đăng ký nhận cha, mẹ, con có yếu tố nước ngoài tại khu vực biê",Đối tượng,1,Công dân Việt Nam,,04/2024/TT-BTP; 03/2023/TT-BTP; 106/2021/TT-BTC; 04/2020/TT-BTP; 07/2025/NĐ-CP; 120/2025/NĐ-CP; 66.7/2025/NQ-CP; 60/2014/QH13; 01/2022/TT-BTP; 85/2019/TT-BTC; 104/2022/NĐ-CP; 123/2015/NĐ-CP; 08/2025/TT-BTP; 18/2026/NĐ-CP; 87/2020/NĐ-CP; 42/2020/NĐ-CP
1.000080,"Thủ tục đăng ký nhận cha, mẹ, con có yếu tố nước ngoài tại khu vực biê",Đối tượng,2,Người nước ngoài,,04/2024/TT-BTP; 03/2023/TT-BTP; 106/2021/TT-BTC; 04/2020/TT-BTP; 07/2025/NĐ-CP; 120/2025/NĐ-CP; 66.7/2025/NQ-CP; 60/2014/QH13; 01/2022/TT-BTP; 85/2019/TT-BTC; 104/2022/NĐ-CP; 123/2015/NĐ-CP; 08/2025/TT-BTP; 18/2026/NĐ-CP; 87/2020/NĐ-CP; 42/2020/NĐ-CP
1.000091,Đề nghị chấm dứt hoạt động của cơ sở hỗ trợ nạn nhân,Đối tượng,1,"Tổ chức (không bao gồm doanh nghiệp, HTX)",,42/2025/NĐ-CP; 45/2025/NĐ-CP; 53/2024/QH15; 162/2025/NĐ-CP; 35/2013/TT-LĐTBXH
1.000091,Đề nghị chấm dứt hoạt động của cơ sở hỗ trợ nạn nhân,Đối tượng,2,Người Việt Nam định cư ở nước ngoài,,42/2025/NĐ-CP; 45/2025/NĐ-CP; 53/2024/QH15; 162/2025/NĐ-CP; 35/2013/TT-LĐTBXH
1.000091,Đề nghị chấm dứt hoạt động của cơ sở hỗ trợ nạn nhân,Đối tượng,3,Doanh nghiệp có vốn đầu tư nước ngoài,,42/2025/NĐ-CP; 45/2025/NĐ-CP; 53/2024/QH15; 162/2025/NĐ-CP; 35/2013/TT-LĐTBXH
1.000091,Đề nghị chấm dứt hoạt động của cơ sở hỗ trợ nạn nhân,Đối tượng,4,Công dân Việt Nam,,42/2025/NĐ-CP; 45/2025/NĐ-CP; 53/2024/QH15; 162/2025/NĐ-CP; 35/2013/TT-LĐTBXH
1.000091,Đề nghị chấm dứt hoạt động của cơ sở hỗ trợ nạn nhân,Đối tượng,5,Doanh nghiệp,,42/2025/NĐ-CP; 45/2025/NĐ-CP; 53/2024/QH15; 162/2025/NĐ-CP; 35/2013/TT-LĐTBXH
1.000091,Đề nghị chấm dứt hoạt động của cơ sở hỗ trợ nạn nhân,Đối tượng,6,Tổ chức nước ngoài,,42/2025/NĐ-CP; 45/2025/NĐ-CP; 53/2024/QH15; 162/2025/NĐ-CP; 35/2013/TT-LĐTBXH
1.000091,Đề nghị chấm dứt hoạt động của cơ sở hỗ trợ nạn nhân,Đối tượng,7,Hợp tác xã,,42/2025/NĐ-CP; 45/2025/NĐ-CP; 53/2024/QH15; 162/2025/NĐ-CP; 35/2013/TT-LĐTBXH
1.000091,Đề nghị chấm dứt hoạt động của cơ sở hỗ trợ nạn nhân,Đối tượng,8,Người nước ngoài,,42/2025/NĐ-CP; 45/2025/NĐ-CP; 53/2024/QH15; 162/2025/NĐ-CP; 35/2013/TT-LĐTBXH
1.000094,Thủ tục đăng ký kết hôn có yếu tố nước ngoài tại khu vực biên giới,Đối tượng,1,Công dân Việt Nam,,04/2020/TT-BTP; 07/2025/NĐ-CP; 120/2025/NĐ-CP; 66.7/2025/NQ-CP; 52/2014/QH13; 60/2014/QH13; 01/2022/TT-BTP; 04/2024/TT-BTP; 03/2023/TT-BTP; 106/2021/TT-BTC; 85/2019/TT-BTC; 104/2022/NĐ-CP; 123/2015/NĐ-CP; 08/2025/TT-BTP; 18/2026/NĐ-CP; 87/2020/NĐ-CP
1.000094,Thủ tục đăng ký kết hôn có yếu tố nước ngoài tại khu vực biên giới,Đối tượng,2,Người nước ngoài,,04/2020/TT-BTP; 07/2025/NĐ-CP; 120/2025/NĐ-CP; 66.7/2025/NQ-CP; 52/2014/QH13; 60/2014/QH13; 01/2022/TT-BTP; 04/2024/TT-BTP; 03/2023/TT-BTP; 106/2021/TT-BTC; 85/2019/TT-BTC; 104/2022/NĐ-CP; 123/2015/NĐ-CP; 08/2025/TT-BTP; 18/2026/NĐ-CP; 87/2020/NĐ-CP
1.000131,Cấp lại Giấy chứng nhận đủ điều kiện hoạt động kiểm định kỹ thuật an t,Đối tượng,1,"Tổ chức (không bao gồm doanh nghiệp, HTX)",,140/2018/NĐ-CP; 25/2025/NĐ-CP; 190/2025/NQ-QH15; 84/2015/QH13; 24/2026/NQ-CP; 4/2023/NĐ-CP; 44/2016/NĐ-CP
1.000131,Cấp lại Giấy chứng nhận đủ điều kiện hoạt động kiểm định kỹ thuật an t,Đối tượng,2,Doanh nghiệp có vốn đầu tư nước ngoài,,140/2018/NĐ-CP; 25/2025/NĐ-CP; 190/2025/NQ-QH15; 84/2015/QH13; 24/2026/NQ-CP; 4/2023/NĐ-CP; 44/2016/NĐ-CP
1.000131,Cấp lại Giấy chứng nhận đủ điều kiện hoạt động kiểm định kỹ thuật an t,Đối tượng,3,Doanh nghiệp,,140/2018/NĐ-CP; 25/2025/NĐ-CP; 190/2025/NQ-QH15; 84/2015/QH13; 24/2026/NQ-CP; 4/2023/NĐ-CP; 44/2016/NĐ-CP
1.000131,Cấp lại Giấy chứng nhận đủ điều kiện hoạt động kiểm định kỹ thuật an t,Đối tượng,4,Tổ chức nước ngoài,,140/2018/NĐ-CP; 25/2025/NĐ-CP; 190/2025/NQ-QH15; 84/2015/QH13; 24/2026/NQ-CP; 4/2023/NĐ-CP; 44/2016/NĐ-CP
1.000131,Cấp lại Giấy chứng nhận đủ điều kiện hoạt động kiểm định kỹ thuật an t,Đối tượng,5,Hợp tác xã,,140/2018/NĐ-CP; 25/2025/NĐ-CP; 190/2025/NQ-QH15; 84/2015/QH13; 24/2026/NQ-CP; 4/2023/NĐ-CP; 44/2016/NĐ-CP
1.000137,Cấp lại Giấy chứng nhận đủ điều kiện hoạt động kiểm định kỹ thuật an t,Đối tượng,1,"Tổ chức (không bao gồm doanh nghiệp, HTX)",,140/2018/NĐ-CP; 25/2025/NĐ-CP; 190/2025/NQ-QH15; 24/2026/NQ-CP; 4/2023/NĐ-CP; 44/2016/NĐ-CP; 84/2015/QH13
1.000137,Cấp lại Giấy chứng nhận đủ điều kiện hoạt động kiểm định kỹ thuật an t,Đối tượng,2,Doanh nghiệp có vốn đầu tư nước ngoài,,140/2018/NĐ-CP; 25/2025/NĐ-CP; 190/2025/NQ-QH15; 24/2026/NQ-CP; 4/2023/NĐ-CP; 44/2016/NĐ-CP; 84/2015/QH13
1.000137,Cấp lại Giấy chứng nhận đủ điều kiện hoạt động kiểm định kỹ thuật an t,Đối tượng,3,Tổ chức nước ngoài,,140/2018/NĐ-CP; 25/2025/NĐ-CP; 190/2025/NQ-QH15; 24/2026/NQ-CP; 4/2023/NĐ-CP; 44/2016/NĐ-CP; 84/2015/QH13
1.000137,Cấp lại Giấy chứng nhận đủ điều kiện hoạt động kiểm định kỹ thuật an t,Đối tượng,4,Hợp tác xã,,140/2018/NĐ-CP; 25/2025/NĐ-CP; 190/2025/NQ-QH15; 24/2026/NQ-CP; 4/2023/NĐ-CP; 44/2016/NĐ-CP; 84/2015/QH13
1.000137,Cấp lại Giấy chứng nhận đủ điều kiện hoạt động kiểm định kỹ thuật an t,Đối tượng,5,Doanh nghiệp,,140/2018/NĐ-CP; 25/2025/NĐ-CP; 190/2025/NQ-QH15; 24/2026/NQ-CP; 4/2023/NĐ-CP; 44/2016/NĐ-CP; 84/2015/QH13
1.000302,"Cấp, cấp lại Giấy phép vận tải đường bộ quốc tế giữa Việt Nam và Campu",Đối tượng,1,Doanh nghiệp có vốn đầu tư nước ngoài,,158/2024/NĐ-CP; 144/2025/NĐ-CP
1.000302,"Cấp, cấp lại Giấy phép vận tải đường bộ quốc tế giữa Việt Nam và Campu",Đối tượng,2,"Tổ chức (không bao gồm doanh nghiệp, HTX)",,158/2024/NĐ-CP; 144/2025/NĐ-CP
1.000302,"Cấp, cấp lại Giấy phép vận tải đường bộ quốc tế giữa Việt Nam và Campu",Đối tượng,3,Doanh nghiệp,,158/2024/NĐ-CP; 144/2025/NĐ-CP
1.000302,"Cấp, cấp lại Giấy phép vận tải đường bộ quốc tế giữa Việt Nam và Campu",Đối tượng,4,Hợp tác xã,,158/2024/NĐ-CP; 144/2025/NĐ-CP
1.000314,Chấp thuận vị trí đấu nối tạm vào đường bộ đang khai thác,Đối tượng,1,Doanh nghiệp có vốn đầu tư nước ngoài,,165/2024/NĐ-CP; 241/2026/NĐ-CP; 140/2025/NĐ-CP
1.000314,Chấp thuận vị trí đấu nối tạm vào đường bộ đang khai thác,Đối tượng,2,Doanh nghiệp,,165/2024/NĐ-CP; 241/2026/NĐ-CP; 140/2025/NĐ-CP
1.000314,Chấp thuận vị trí đấu nối tạm vào đường bộ đang khai thác,Đối tượng,3,Tổ chức nước ngoài,,165/2024/NĐ-CP; 241/2026/NĐ-CP; 140/2025/NĐ-CP
1.000314,Chấp thuận vị trí đấu nối tạm vào đường bộ đang khai thác,Đối tượng,4,Hợp tác xã,,165/2024/NĐ-CP; 241/2026/NĐ-CP; 140/2025/NĐ-CP
1.000314,Chấp thuận vị trí đấu nối tạm vào đường bộ đang khai thác,Đối tượng,5,"Tổ chức (không bao gồm doanh nghiệp, HTX)",,165/2024/NĐ-CP; 241/2026/NĐ-CP; 140/2025/NĐ-CP
1.000321,"Đăng ký khai thác tuyến, bổ sung hoặc thay thế phương tiện khai thác t",Đối tượng,1,"Tổ chức (không bao gồm doanh nghiệp, HTX)",,144/2025/NĐ-CP; 158/2024/NĐ-CP
1.000321,"Đăng ký khai thác tuyến, bổ sung hoặc thay thế phương tiện khai thác t",Đối tượng,2,Doanh nghiệp có vốn đầu tư nước ngoài,,144/2025/NĐ-CP; 158/2024/NĐ-CP
1.000321,"Đăng ký khai thác tuyến, bổ sung hoặc thay thế phương tiện khai thác t",Đối tượng,3,Doanh nghiệp,,144/2025/NĐ-CP; 158/2024/NĐ-CP
1.000321,"Đăng ký khai thác tuyến, bổ sung hoặc thay thế phương tiện khai thác t",Đối tượng,4,Hợp tác xã,,144/2025/NĐ-CP; 158/2024/NĐ-CP
1.000354,Cấp Giấy chứng nhận đủ điều kiện hoạt động kiểm định kỹ thuật an toàn,Đối tượng,1,Doanh nghiệp có vốn đầu tư nước ngoài,,24/2026/NQ-CP; 25/2025/NĐ-CP; 190/2025/NQ-QH15; 84/2015/QH13; 140/2018/NĐ-CP; 4/2023/NĐ-CP; 44/2016/NĐ-CP
1.000354,Cấp Giấy chứng nhận đủ điều kiện hoạt động kiểm định kỹ thuật an toàn,Đối tượng,2,"Tổ chức (không bao gồm doanh nghiệp, HTX)",,24/2026/NQ-CP; 25/2025/NĐ-CP; 190/2025/NQ-QH15; 84/2015/QH13; 140/2018/NĐ-CP; 4/2023/NĐ-CP; 44/2016/NĐ-CP
1.000354,Cấp Giấy chứng nhận đủ điều kiện hoạt động kiểm định kỹ thuật an toàn,Đối tượng,3,Doanh nghiệp,,24/2026/NQ-CP; 25/2025/NĐ-CP; 190/2025/NQ-QH15; 84/2015/QH13; 140/2018/NĐ-CP; 4/2023/NĐ-CP; 44/2016/NĐ-CP
1.000354,Cấp Giấy chứng nhận đủ điều kiện hoạt động kiểm định kỹ thuật an toàn,Đối tượng,4,Tổ chức nước ngoài,,24/2026/NQ-CP; 25/2025/NĐ-CP; 190/2025/NQ-QH15; 84/2015/QH13; 140/2018/NĐ-CP; 4/2023/NĐ-CP; 44/2016/NĐ-CP
1.000354,Cấp Giấy chứng nhận đủ điều kiện hoạt động kiểm định kỹ thuật an toàn,Đối tượng,5,Hợp tác xã,,24/2026/NQ-CP; 25/2025/NĐ-CP; 190/2025/NQ-QH15; 84/2015/QH13; 140/2018/NĐ-CP; 4/2023/NĐ-CP; 44/2016/NĐ-CP
1.000368,Cấp lại Giấy chứng nhận đăng ký đầu tư ra nước ngoài,Đối tượng,1,"Tổ chức (không bao gồm doanh nghiệp, HTX)",,31/2021/NĐ-CP; 61/2020/QH14; 03/2021/TT-BKHĐT; 25/2023/TT-BKHĐT
1.000368,Cấp lại Giấy chứng nhận đăng ký đầu tư ra nước ngoài,Đối tượng,2,Công dân Việt Nam,,31/2021/NĐ-CP; 61/2020/QH14; 03/2021/TT-BKHĐT; 25/2023/TT-BKHĐT
1.000368,Cấp lại Giấy chứng nhận đăng ký đầu tư ra nước ngoài,Đối tượng,3,Doanh nghiệp,,31/2021/NĐ-CP; 61/2020/QH14; 03/2021/TT-BKHĐT; 25/2023/TT-BKHĐT
1.000381,Điều chỉnh Giấy chứng nhận đăng ký đầu tư ra nước ngoài đối với dự án,Đối tượng,1,"Tổ chức (không bao gồm doanh nghiệp, HTX)",,03/2021/TT-BKHĐT; 25/2023/TT-BKHĐT; 31/2021/NĐ-CP; 61/2020/QH14
1.000381,Điều chỉnh Giấy chứng nhận đăng ký đầu tư ra nước ngoài đối với dự án,Đối tượng,2,Doanh nghiệp,,03/2021/TT-BKHĐT; 25/2023/TT-BKHĐT; 31/2021/NĐ-CP; 61/2020/QH14
1.000381,Điều chỉnh Giấy chứng nhận đăng ký đầu tư ra nước ngoài đối với dự án,Đối tượng,3,Doanh nghiệp có vốn đầu tư nước ngoài,,03/2021/TT-BKHĐT; 25/2023/TT-BKHĐT; 31/2021/NĐ-CP; 61/2020/QH14
1.000381,Điều chỉnh Giấy chứng nhận đăng ký đầu tư ra nước ngoài đối với dự án,Đối tượng,4,Công dân Việt Nam,,03/2021/TT-BKHĐT; 25/2023/TT-BKHĐT; 31/2021/NĐ-CP; 61/2020/QH14
1.000387,"Cấp lại Giấy chứng nhận đủ điều kiện thương nhân xuất khẩu, nhập khẩu",Đối tượng,1,Người Việt Nam định cư ở nước ngoài,,87/2018/NĐ-CP; 17/2020/NĐ-CP; 146/2025/NĐ-CP
1.000387,"Cấp lại Giấy chứng nhận đủ điều kiện thương nhân xuất khẩu, nhập khẩu",Đối tượng,2,Công dân Việt Nam,,87/2018/NĐ-CP; 17/2020/NĐ-CP; 146/2025/NĐ-CP
1.000387,"Cấp lại Giấy chứng nhận đủ điều kiện thương nhân xuất khẩu, nhập khẩu",Đối tượng,3,Người nước ngoài,,87/2018/NĐ-CP; 17/2020/NĐ-CP; 146/2025/NĐ-CP
1.000392,"Thủ tục mời, bảo lãnh người nước ngoài vào Việt Nam tại cơ quan có thẩ",Đối tượng,1,Doanh nghiệp,,Không có thông tin căn cứ pháp lý trong dữ liệu gốc
1.000392,"Thủ tục mời, bảo lãnh người nước ngoài vào Việt Nam tại cơ quan có thẩ",Đối tượng,2,Người nước ngoài,,Không có thông tin căn cứ pháp lý trong dữ liệu gốc
1.000392,"Thủ tục mời, bảo lãnh người nước ngoài vào Việt Nam tại cơ quan có thẩ",Đối tượng,3,Hợp tác xã,,Không có thông tin căn cứ pháp lý trong dữ liệu gốc
1.000414,Rút tiền ký quỹ của doanh nghiệp cho thuê lại lao động,Đối tượng,1,"Tổ chức (không bao gồm doanh nghiệp, HTX)",,25/2025/NĐ-CP; 45/2025/NĐ-CP; 190/2025/QH15; 145/2020/NĐ-CP; 66.18/2026/NQ-CP
1.000414,Rút tiền ký quỹ của doanh nghiệp cho thuê lại lao động,Đối tượng,2,Doanh nghiệp có vốn đầu tư nước ngoài,,25/2025/NĐ-CP; 45/2025/NĐ-CP; 190/2025/QH15; 145/2020/NĐ-CP; 66.18/2026/NQ-CP
1.000414,Rút tiền ký quỹ của doanh nghiệp cho thuê lại lao động,Đối tượng,3,Doanh nghiệp,,25/2025/NĐ-CP; 45/2025/NĐ-CP; 190/2025/QH15; 145/2020/NĐ-CP; 66.18/2026/NQ-CP
1.000425,Cấp lại Giấy chứng nhận đủ điều kiện trạm nạp LPG vào phương tiện vận,Đối tượng,1,Công dân Việt Nam,,87/2018/NĐ-CP
1.000425,Cấp lại Giấy chứng nhận đủ điều kiện trạm nạp LPG vào phương tiện vận,Đối tượng,2,Người nước ngoài,,87/2018/NĐ-CP
1.000425,Cấp lại Giấy chứng nhận đủ điều kiện trạm nạp LPG vào phương tiện vận,Đối tượng,3,Người Việt Nam định cư ở nước ngoài,,87/2018/NĐ-CP
1.000444,Cấp lại Giấy chứng nhận đủ điều kiện trạm nạp CNG vào phương tiện vận,Đối tượng,1,Người Việt Nam định cư ở nước ngoài,,87/2018/NĐ-CP
1.000444,Cấp lại Giấy chứng nhận đủ điều kiện trạm nạp CNG vào phương tiện vận,Đối tượng,2,Công dân Việt Nam,,87/2018/NĐ-CP
1.000444,Cấp lại Giấy chứng nhận đủ điều kiện trạm nạp CNG vào phương tiện vận,Đối tượng,3,Người nước ngoài,,87/2018/NĐ-CP
1.000455,"Cấp lại Giấy chứng nhận đủ điều kiện sản xuất, sửa chữa chai LPG",Đối tượng,1,Công dân Việt Nam,,37/2018/TT-BCT; 38/2025/TT-BCT
1.000455,"Cấp lại Giấy chứng nhận đủ điều kiện sản xuất, sửa chữa chai LPG",Đối tượng,2,Người nước ngoài,,37/2018/TT-BCT; 38/2025/TT-BCT
1.000455,"Cấp lại Giấy chứng nhận đủ điều kiện sản xuất, sửa chữa chai LPG",Đối tượng,3,Người Việt Nam định cư ở nước ngoài,,37/2018/TT-BCT; 38/2025/TT-BCT
1.000475,"Cấp Giấy chứng nhận đủ điều kiện sản xuất, sửa chữa chai LPG",Đối tượng,1,Công dân Việt Nam,,37/2018/TT-BCT; 66.7/2025/NQ-CP; 38/2025/TT-BCT
1.000475,"Cấp Giấy chứng nhận đủ điều kiện sản xuất, sửa chữa chai LPG",Đối tượng,2,Người nước ngoài,,37/2018/TT-BCT; 66.7/2025/NQ-CP; 38/2025/TT-BCT
1.000475,"Cấp Giấy chứng nhận đủ điều kiện sản xuất, sửa chữa chai LPG",Đối tượng,3,Người Việt Nam định cư ở nước ngoài,,37/2018/TT-BCT; 66.7/2025/NQ-CP; 38/2025/TT-BCT
1.000481,Cấp điều chỉnh Giấy chứng nhận đủ điều kiện thương nhân kinh doanh mua,Đối tượng,1,Người Việt Nam định cư ở nước ngoài,,87/2018/NĐ-CP
1.000481,Cấp điều chỉnh Giấy chứng nhận đủ điều kiện thương nhân kinh doanh mua,Đối tượng,2,Công dân Việt Nam,,87/2018/NĐ-CP
1.000481,Cấp điều chỉnh Giấy chứng nhận đủ điều kiện thương nhân kinh doanh mua,Đối tượng,3,Người nước ngoài,,87/2018/NĐ-CP
1.000482,"Chuyển đổi trường trung học nghề tư thục, trường trung cấp tư thục, tr",Đối tượng,1,Công dân Việt Nam,,15/2019/NĐ-CP; 24/2022/NĐ-CP; 37/2025/NĐ-CP
1.000482,"Chuyển đổi trường trung học nghề tư thục, trường trung cấp tư thục, tr",Đối tượng,2,"Tổ chức (không bao gồm doanh nghiệp, HTX)",,15/2019/NĐ-CP; 24/2022/NĐ-CP; 37/2025/NĐ-CP
1.000482,"Chuyển đổi trường trung học nghề tư thục, trường trung cấp tư thục, tr",Đối tượng,3,Doanh nghiệp có vốn đầu tư nước ngoài,,15/2019/NĐ-CP; 24/2022/NĐ-CP; 37/2025/NĐ-CP
1.000485,Thủ tục cấp giấy chứng nhận đủ điều kiện kinh doanh hoạt động thể thao,Đối tượng,1,Doanh nghiệp,,36/2019/NĐ-CP; 97/2015/QH13; 26/2018/QH14; 31/2024/NĐ-CP; 77/2006/QH11
1.000485,Thủ tục cấp giấy chứng nhận đủ điều kiện kinh doanh hoạt động thể thao,Đối tượng,2,Công dân Việt Nam,,36/2019/NĐ-CP; 97/2015/QH13; 26/2018/QH14; 31/2024/NĐ-CP; 77/2006/QH11
1.000491,"Cấp điều chỉnh Giấy chứng nhận đủ điều kiện thương nhân xuất khẩu, nhậ",Đối tượng,1,Công dân Việt Nam,,146/2025/NĐ-CP
1.000491,"Cấp điều chỉnh Giấy chứng nhận đủ điều kiện thương nhân xuất khẩu, nhậ",Đối tượng,2,Người nước ngoài,,146/2025/NĐ-CP
1.000491,"Cấp điều chỉnh Giấy chứng nhận đủ điều kiện thương nhân xuất khẩu, nhậ",Đối tượng,3,Người Việt Nam định cư ở nước ngoài,,146/2025/NĐ-CP
1.000510,"Cấp lại Giấy chứng nhận đủ điều kiện thương nhân xuất khẩu, nhập khẩu",Đối tượng,1,Người Việt Nam định cư ở nước ngoài,,146/2025/NĐ-CP; 17/2020/NĐ-CP
1.000510,"Cấp lại Giấy chứng nhận đủ điều kiện thương nhân xuất khẩu, nhập khẩu",Đối tượng,2,Công dân Việt Nam,,146/2025/NĐ-CP; 17/2020/NĐ-CP
1.000510,"Cấp lại Giấy chứng nhận đủ điều kiện thương nhân xuất khẩu, nhập khẩu",Đối tượng,3,Người nước ngoài,,146/2025/NĐ-CP; 17/2020/NĐ-CP
1.000544,Thủ tục cấp Giấy chứng nhận đủ điều kiện kinh doanh hoạt động thể thao,Đối tượng,1,Doanh nghiệp,,31/2024/NĐ-CP; 77/2006/QH11; 26/2018/QH14; 36/2019/NĐ-CP; 97/2015/QH13
1.000544,Thủ tục cấp Giấy chứng nhận đủ điều kiện kinh doanh hoạt động thể thao,Đối tượng,2,Công dân Việt Nam,,31/2024/NĐ-CP; 77/2006/QH11; 26/2018/QH14; 36/2019/NĐ-CP; 97/2015/QH13
1.000560,Thủ tục cấp Giấy chứng nhận đủ điều kiện kinh doanh hoạt động thể thao,Đối tượng,1,Doanh nghiệp,,26/2018/QH14; 36/2019/NĐ-CP; 97/2015/QH13; 31/2024/NĐ-CP; 77/2006/QH11
1.000560,Thủ tục cấp Giấy chứng nhận đủ điều kiện kinh doanh hoạt động thể thao,Đối tượng,2,Công dân Việt Nam,,26/2018/QH14; 36/2019/NĐ-CP; 97/2015/QH13; 31/2024/NĐ-CP; 77/2006/QH11
1.000561,Chuyển đổi trường cao đẳng tư thục sang trường cao đẳng tư thục hoạt đ,Đối tượng,1,"Tổ chức (không bao gồm doanh nghiệp, HTX)",,24/2022/NĐ-CP; 15/2019/NĐ-CP; 74/2014/QH13; 37/2025/NĐ-CP
1.000561,Chuyển đổi trường cao đẳng tư thục sang trường cao đẳng tư thục hoạt đ,Đối tượng,2,Công dân Việt Nam,,24/2022/NĐ-CP; 15/2019/NĐ-CP; 74/2014/QH13; 37/2025/NĐ-CP
1.000578,Thủ tục cấp bản sao trích lục giấy tờ hộ tịch tại Bộ Ngoại giao,Đối tượng,1,Người Việt Nam định cư ở nước ngoài,,123/2015/NĐ-CP; 03/2023/TT-BNG; 60/2014/QH13; 07/2023/TT-BNG; 281/2016/TT-BTC; 04/2020/TT-BTP; 03/2023/TT-BTP
1.000578,Thủ tục cấp bản sao trích lục giấy tờ hộ tịch tại Bộ Ngoại giao,Đối tượng,2,Công dân Việt Nam,,123/2015/NĐ-CP; 03/2023/TT-BNG; 60/2014/QH13; 07/2023/TT-BNG; 281/2016/TT-BTC; 04/2020/TT-BTP; 03/2023/TT-BTP
1.000612,Thủ tục cấp thị thực cho người nước ngoài tại các cơ quan có thẩm quyề,Đối tượng,1,Doanh nghiệp,,264/2016/TT-BTC; 04/2015/TT-BCA; 47/2014/QH13; 04/2016/TT-BNG
1.000612,Thủ tục cấp thị thực cho người nước ngoài tại các cơ quan có thẩm quyề,Đối tượng,2,Người nước ngoài,,264/2016/TT-BTC; 04/2015/TT-BCA; 47/2014/QH13; 04/2016/TT-BNG
1.000649,"Cấp điều chỉnh Giấy chứng nhận đủ điều kiện thương nhân xuất khẩu, nhậ",Đối tượng,1,Người Việt Nam định cư ở nước ngoài,,146/2025/NĐ-CP; 17/2020/NĐ-CP
1.000649,"Cấp điều chỉnh Giấy chứng nhận đủ điều kiện thương nhân xuất khẩu, nhậ",Đối tượng,2,Công dân Việt Nam,,146/2025/NĐ-CP; 17/2020/NĐ-CP
1.000649,"Cấp điều chỉnh Giấy chứng nhận đủ điều kiện thương nhân xuất khẩu, nhậ",Đối tượng,3,Người nước ngoài,,146/2025/NĐ-CP; 17/2020/NĐ-CP
1.000660,Công bố đưa bến xe khách vào khai thác,Đối tượng,1,Doanh nghiệp,,72/2025/TT-BXD; 45/2026/TT-BXD; 36/2024/TT-BGTVT
1.000660,Công bố đưa bến xe khách vào khai thác,Đối tượng,2,Tổ chức nước ngoài,,72/2025/TT-BXD; 45/2026/TT-BXD; 36/2024/TT-BGTVT
1.000660,Công bố đưa bến xe khách vào khai thác,Đối tượng,3,Hợp tác xã,,72/2025/TT-BXD; 45/2026/TT-BXD; 36/2024/TT-BGTVT
1.000660,Công bố đưa bến xe khách vào khai thác,Đối tượng,4,"Tổ chức (không bao gồm doanh nghiệp, HTX)",,72/2025/TT-BXD; 45/2026/TT-BXD; 36/2024/TT-BGTVT
1.000660,Công bố đưa bến xe khách vào khai thác,Đối tượng,5,Doanh nghiệp có vốn đầu tư nước ngoài,,72/2025/TT-BXD; 45/2026/TT-BXD; 36/2024/TT-BGTVT
1.000672,Công bố lại bến xe khách,Đối tượng,1,"Tổ chức (không bao gồm doanh nghiệp, HTX)",,72/2025/TT-BXD; 45/2026/TT-BXD; 36/2024/TT-BGTVT
1.000672,Công bố lại bến xe khách,Đối tượng,2,Doanh nghiệp có vốn đầu tư nước ngoài,,72/2025/TT-BXD; 45/2026/TT-BXD; 36/2024/TT-BGTVT
1.000672,Công bố lại bến xe khách,Đối tượng,3,Doanh nghiệp,,72/2025/TT-BXD; 45/2026/TT-BXD; 36/2024/TT-BGTVT
1.000672,Công bố lại bến xe khách,Đối tượng,4,Tổ chức nước ngoài,,72/2025/TT-BXD; 45/2026/TT-BXD; 36/2024/TT-BGTVT
1.000672,Công bố lại bến xe khách,Đối tượng,5,Hợp tác xã,,72/2025/TT-BXD; 45/2026/TT-BXD; 36/2024/TT-BGTVT
1.000703,"Cấp Giấy phép kinh doanh vận tải bằng xe ô tô, bằng xe bốn bánh có gắn",Đối tượng,1,"Tổ chức (không bao gồm doanh nghiệp, HTX)",,158/2024/NĐ-CP; 24/2026/NQ-CP
1.000703,"Cấp Giấy phép kinh doanh vận tải bằng xe ô tô, bằng xe bốn bánh có gắn",Đối tượng,2,Công dân Việt Nam,,158/2024/NĐ-CP; 24/2026/NQ-CP
1.000703,"Cấp Giấy phép kinh doanh vận tải bằng xe ô tô, bằng xe bốn bánh có gắn",Đối tượng,3,Tổ chức nước ngoài,,158/2024/NĐ-CP; 24/2026/NQ-CP
1.000703,"Cấp Giấy phép kinh doanh vận tải bằng xe ô tô, bằng xe bốn bánh có gắn",Đối tượng,4,Hợp tác xã,,158/2024/NĐ-CP; 24/2026/NQ-CP
1.000703,"Cấp Giấy phép kinh doanh vận tải bằng xe ô tô, bằng xe bốn bánh có gắn",Đối tượng,5,Doanh nghiệp,,158/2024/NĐ-CP; 24/2026/NQ-CP
1.000703,"Cấp Giấy phép kinh doanh vận tải bằng xe ô tô, bằng xe bốn bánh có gắn",Đối tượng,6,Doanh nghiệp có vốn đầu tư nước ngoài,,158/2024/NĐ-CP; 24/2026/NQ-CP
1.000703,"Cấp Giấy phép kinh doanh vận tải bằng xe ô tô, bằng xe bốn bánh có gắn",Đối tượng,7,Người nước ngoài,,158/2024/NĐ-CP; 24/2026/NQ-CP
1.000703,"Cấp Giấy phép kinh doanh vận tải bằng xe ô tô, bằng xe bốn bánh có gắn",Đối tượng,8,Người Việt Nam định cư ở nước ngoài,,158/2024/NĐ-CP; 24/2026/NQ-CP
1.000709,Cấp lại Giấy chứng nhận đủ điều kiện sản xuất chai LPG mini,Đối tượng,1,"Tổ chức (không bao gồm doanh nghiệp, HTX)",,146/2025/NĐ-CP; 38/2025/TT-BCT; 37/2018/TT-BCT; 87/2018/NĐ-CP
1.000709,Cấp lại Giấy chứng nhận đủ điều kiện sản xuất chai LPG mini,Đối tượng,2,Doanh nghiệp,,146/2025/NĐ-CP; 38/2025/TT-BCT; 37/2018/TT-BCT; 87/2018/NĐ-CP
1.000736,Thủ tục ghi vào sổ hộ tịch việc kết hôn của công dân Việt Nam đã được,Đối tượng,1,Công dân Việt Nam,,33/2009/QH12; 07/2023/TT-BNG; 264/2016/TT-BTC; 60/2014/QH13; 01/2022/TT-BTP; 52/2014/QH13; 03/2023/TT-BNG; 123/2015/NĐ-CP
1.000736,Thủ tục ghi vào sổ hộ tịch việc kết hôn của công dân Việt Nam đã được,Đối tượng,2,Người Việt Nam định cư ở nước ngoài,,33/2009/QH12; 07/2023/TT-BNG; 264/2016/TT-BTC; 60/2014/QH13; 01/2022/TT-BTP; 52/2014/QH13; 03/2023/TT-BNG; 123/2015/NĐ-CP
1.000783,"Thủ tục cấp phép nhập khẩu di vật, cổ vật không nhằm mục đích kinh doa",Đối tượng,1,Công dân Việt Nam,,32/2012/NĐ-CP
1.000783,"Thủ tục cấp phép nhập khẩu di vật, cổ vật không nhằm mục đích kinh doa",Đối tượng,2,"Tổ chức (không bao gồm doanh nghiệp, HTX)",,32/2012/NĐ-CP
1.000797,Thủ tục cấp bản sao trích lục giấy tờ hộ tịch,Đối tượng,1,Người Việt Nam định cư ở nước ngoài,,60/2014/QH13; 15/2015/TT-BTP; 126/2014/NĐ-CP; 33/2009/QH12; 264/2016/TT-BTC; 123/2015/NĐ-CP
1.000797,Thủ tục cấp bản sao trích lục giấy tờ hộ tịch,Đối tượng,2,Công dân Việt Nam,,60/2014/QH13; 15/2015/TT-BTP; 126/2014/NĐ-CP; 33/2009/QH12; 264/2016/TT-BTC; 123/2015/NĐ-CP
1.000808,Thủ tục đăng ký việc nhận nuôi con nuôi giữa người nhận nuôi là công d,Đối tượng,1,Người Việt Nam định cư ở nước ngoài,,33/2009/QH12; 264/2016/TT-BTC; 12/2011/TT-BTP; 91/2015/QH2013
1.000808,Thủ tục đăng ký việc nhận nuôi con nuôi giữa người nhận nuôi là công d,Đối tượng,2,Công dân Việt Nam,,33/2009/QH12; 264/2016/TT-BTC; 12/2011/TT-BTP; 91/2015/QH2013
1.000830,Thủ tục cấp Giấy chứng nhận đủ điều kiện kinh doanh hoạt động thể thao,Đối tượng,1,Công dân Việt Nam,,36/2019/NĐ-CP; 97/2015/QH13; 31/2024/NĐ-CP; 77/2006/QH11; 04/2019/TT-BVHTTDL
1.000830,Thủ tục cấp Giấy chứng nhận đủ điều kiện kinh doanh hoạt động thể thao,Đối tượng,2,Doanh nghiệp,,36/2019/NĐ-CP; 97/2015/QH13; 31/2024/NĐ-CP; 77/2006/QH11; 04/2019/TT-BVHTTDL
1.000842,Thủ tục cấp Giấy chứng nhận đủ điều kiện kinh doanh hoạt động thể thao,Đối tượng,1,Công dân Việt Nam,,26/2018/QH14; 31/2024/NĐ-CP; 77/2006/QH11; 36/2019/NĐ-CP; 97/2015/QH13
1.000842,Thủ tục cấp Giấy chứng nhận đủ điều kiện kinh doanh hoạt động thể thao,Đối tượng,2,Doanh nghiệp,,26/2018/QH14; 31/2024/NĐ-CP; 77/2006/QH11; 36/2019/NĐ-CP; 97/2015/QH13
1.000881,"Thủ tục đăng ký việc thay đổi, cải chính, bổ sung hộ tịch, xác định lạ",Đối tượng,1,Người Việt Nam định cư ở nước ngoài,,01/2022/TT-BTP; 60/2014/QH13; 24/2008/QH12; 03/2023/TT-BNG; 123/2015/NĐ-CP; 33/2009/QH12; 264/2016/TT-BTC; 07/2023/TT-BNG
1.000881,"Thủ tục đăng ký việc thay đổi, cải chính, bổ sung hộ tịch, xác định lạ",Đối tượng,2,Công dân Việt Nam,,01/2022/TT-BTP; 60/2014/QH13; 24/2008/QH12; 03/2023/TT-BNG; 123/2015/NĐ-CP; 33/2009/QH12; 264/2016/TT-BTC; 07/2023/TT-BNG
1.000883,Thủ tục cấp Giấy chứng nhận đủ điều kiện kinh hoạt động thể thao đối v,Đối tượng,1,Doanh nghiệp,,31/2024/NĐ-CP; 77/2006/QH11; 26/2018/QH14; 36/2019/NĐ-CP; 97/2015/QH13
1.000883,Thủ tục cấp Giấy chứng nhận đủ điều kiện kinh hoạt động thể thao đối v,Đối tượng,2,Công dân Việt Nam,,31/2024/NĐ-CP; 77/2006/QH11; 26/2018/QH14; 36/2019/NĐ-CP; 97/2015/QH13
1.000893,"Thủ tục đăng ký khai sinh có yếu tố nước ngoài cho người đã có hồ sơ,",Đối tượng,1,Công dân Việt Nam,,85/2019/TT-BTC; 104/2022/NĐ-CP; 123/2015/NĐ-CP; 08/2025/TT-BTP; 18/2026/NĐ-CP; 87/2020/NĐ-CP; 09/2022/TT-BTP; 04/2024/TT-BTP; 106/2021/TT-BTC; 03/2023/TT-BTP; 04/2020/TT-BTP; 07/2025/NĐ-CP; 120/2025/NĐ-CP; 66.7/2025/NQ-CP; 60/2014/QH13; 01/2022/TT-BTP
1.000893,"Thủ tục đăng ký khai sinh có yếu tố nước ngoài cho người đã có hồ sơ,",Đối tượng,2,Người Việt Nam định cư ở nước ngoài,,85/2019/TT-BTC; 104/2022/NĐ-CP; 123/2015/NĐ-CP; 08/2025/TT-BTP; 18/2026/NĐ-CP; 87/2020/NĐ-CP; 09/2022/TT-BTP; 04/2024/TT-BTP; 106/2021/TT-BTC; 03/2023/TT-BTP; 04/2020/TT-BTP; 07/2025/NĐ-CP; 120/2025/NĐ-CP; 66.7/2025/NQ-CP; 60/2014/QH13; 01/2022/TT-BTP
1.000904,Thủ tục cấp giấy chứng nhận đủ điều kiện kinh doanh hoạt động thể thao,Đối tượng,1,Doanh nghiệp,,26/2018/QH14; 31/2024/NĐ-CP; 77/2006/QH11; 36/2019/NĐ-CP; 97/2015/QH13
1.000904,Thủ tục cấp giấy chứng nhận đủ điều kiện kinh doanh hoạt động thể thao,Đối tượng,2,Công dân Việt Nam,,26/2018/QH14; 31/2024/NĐ-CP; 77/2006/QH11; 36/2019/NĐ-CP; 97/2015/QH13
1.000922,Thủ tục cấp Giấy phép điều chỉnh Giấy phép đủ điều kiện kinh doanh dịc,Đối tượng,1,Doanh nghiệp,,54/2019/NĐ-CP; 01/2021/TT-BTC; 110/2025/TT-BTC; 148/2024/NĐ-CP
1.000922,Thủ tục cấp Giấy phép điều chỉnh Giấy phép đủ điều kiện kinh doanh dịc,Đối tượng,2,Hợp tác xã,,54/2019/NĐ-CP; 01/2021/TT-BTC; 110/2025/TT-BTC; 148/2024/NĐ-CP
1.000983,Thủ tục cấp lại Giấy chứng nhận đủ điều kiện kinh doanh hoạt động thể,Đối tượng,1,Doanh nghiệp,,26/2018/QH14; 31/2024/NĐ-CP; 77/2006/QH11; 36/2019/NĐ-CP; 97/2015/QH13
1.000983,Thủ tục cấp lại Giấy chứng nhận đủ điều kiện kinh doanh hoạt động thể,Đối tượng,2,Công dân Việt Nam,,26/2018/QH14; 31/2024/NĐ-CP; 77/2006/QH11; 36/2019/NĐ-CP; 97/2015/QH13
1.001008,Thủ tục cấp giấy phép đủ điều kiện kinh doanh dịch vụ vũ trường,Đối tượng,1,Doanh nghiệp,,148/2024/NĐ-CP; 01/2021/TT-BTC; 54/2019/NĐ-CP; 110/2025/TT-BTC; 116/2026/NĐ-CP
1.001008,Thủ tục cấp giấy phép đủ điều kiện kinh doanh dịch vụ vũ trường,Đối tượng,2,Hợp tác xã,,148/2024/NĐ-CP; 01/2021/TT-BTC; 54/2019/NĐ-CP; 110/2025/TT-BTC; 116/2026/NĐ-CP
1.001020,Thủ tục đăng ký khai sinh cho trẻ em sinh ra ở nước ngoài và có quốc t,Đối tượng,1,Công dân Việt Nam,,03/2023/TT-BNG; 123/2015/NĐ-CP; 15/2015/TT-BTP; 264/2016/TT-BTC; 33/2009/QH12; 07/2023/TT-BNG; 52/2014/QH13; 60/2014/QH13
1.001020,Thủ tục đăng ký khai sinh cho trẻ em sinh ra ở nước ngoài và có quốc t,Đối tượng,2,Người Việt Nam định cư ở nước ngoài,,03/2023/TT-BNG; 123/2015/NĐ-CP; 15/2015/TT-BTP; 264/2016/TT-BTC; 33/2009/QH12; 07/2023/TT-BNG; 52/2014/QH13; 60/2014/QH13
1.001023,"Cấp, cấp lại Giấy phép liên vận giữa Việt Nam và Campuchia",Đối tượng,1,Công dân Việt Nam,,158/2024/NĐ-CP; 144/2025/NĐ-CP
1.001023,"Cấp, cấp lại Giấy phép liên vận giữa Việt Nam và Campuchia",Đối tượng,2,Doanh nghiệp,,158/2024/NĐ-CP; 144/2025/NĐ-CP
1.001023,"Cấp, cấp lại Giấy phép liên vận giữa Việt Nam và Campuchia",Đối tượng,3,Người nước ngoài,,158/2024/NĐ-CP; 144/2025/NĐ-CP
1.001023,"Cấp, cấp lại Giấy phép liên vận giữa Việt Nam và Campuchia",Đối tượng,4,Tổ chức nước ngoài,,158/2024/NĐ-CP; 144/2025/NĐ-CP
1.001023,"Cấp, cấp lại Giấy phép liên vận giữa Việt Nam và Campuchia",Đối tượng,5,Hợp tác xã,,158/2024/NĐ-CP; 144/2025/NĐ-CP
1.001023,"Cấp, cấp lại Giấy phép liên vận giữa Việt Nam và Campuchia",Đối tượng,6,Doanh nghiệp có vốn đầu tư nước ngoài,,158/2024/NĐ-CP; 144/2025/NĐ-CP
1.001023,"Cấp, cấp lại Giấy phép liên vận giữa Việt Nam và Campuchia",Đối tượng,7,"Tổ chức (không bao gồm doanh nghiệp, HTX)",,158/2024/NĐ-CP; 144/2025/NĐ-CP
1.001023,"Cấp, cấp lại Giấy phép liên vận giữa Việt Nam và Campuchia",Đối tượng,8,Người Việt Nam định cư ở nước ngoài,,158/2024/NĐ-CP; 144/2025/NĐ-CP
1.001029,Thủ tục cấp giấy phép đủ điều kiện kinh doanh dịch vụ karaoke,Đối tượng,1,Doanh nghiệp,,110/2025/TT-BTC; 01/2021/TT-BTC; 54/2019/NĐ-CP; 116/2026/NĐ-CP; 148/2024/NĐ-CP
1.001029,Thủ tục cấp giấy phép đủ điều kiện kinh doanh dịch vụ karaoke,Đối tượng,2,Hợp tác xã,,110/2025/TT-BTC; 01/2021/TT-BTC; 54/2019/NĐ-CP; 116/2026/NĐ-CP; 148/2024/NĐ-CP
1.001046,Chấp thuận thiết kế nút giao đấu nối vào đường quốc lộ đang khai thác,Đối tượng,1,Công dân Việt Nam,,09/2025/TT-BXD; 72/2025/TT-BXD; 41/2024/TT-BGTVT
1.001046,Chấp thuận thiết kế nút giao đấu nối vào đường quốc lộ đang khai thác,Đối tượng,2,Doanh nghiệp,,09/2025/TT-BXD; 72/2025/TT-BXD; 41/2024/TT-BGTVT
1.001046,Chấp thuận thiết kế nút giao đấu nối vào đường quốc lộ đang khai thác,Đối tượng,3,Tổ chức nước ngoài,,09/2025/TT-BXD; 72/2025/TT-BXD; 41/2024/TT-BGTVT
1.001046,Chấp thuận thiết kế nút giao đấu nối vào đường quốc lộ đang khai thác,Đối tượng,4,Doanh nghiệp có vốn đầu tư nước ngoài,,09/2025/TT-BXD; 72/2025/TT-BXD; 41/2024/TT-BGTVT
1.001046,Chấp thuận thiết kế nút giao đấu nối vào đường quốc lộ đang khai thác,Đối tượng,5,"Tổ chức (không bao gồm doanh nghiệp, HTX)",,09/2025/TT-BXD; 72/2025/TT-BXD; 41/2024/TT-BGTVT
1.001046,Chấp thuận thiết kế nút giao đấu nối vào đường quốc lộ đang khai thác,Đối tượng,6,Người Việt Nam định cư ở nước ngoài,,09/2025/TT-BXD; 72/2025/TT-BXD; 41/2024/TT-BGTVT
1.001046,Chấp thuận thiết kế nút giao đấu nối vào đường quốc lộ đang khai thác,Đối tượng,7,Người nước ngoài,,09/2025/TT-BXD; 72/2025/TT-BXD; 41/2024/TT-BGTVT
1.001046,Chấp thuận thiết kế nút giao đấu nối vào đường quốc lộ đang khai thác,Đối tượng,8,Hợp tác xã,,09/2025/TT-BXD; 72/2025/TT-BXD; 41/2024/TT-BGTVT
1.001056,Thủ tục cấp Giấy chứng nhận đủ điều kiện kinh doanh hoạt động thể thao,Đối tượng,1,Doanh nghiệp,,31/2024/NĐ-CP; 77/2006/QH11; 36/2019/NĐ-CP; 97/2015/QH13; 26/2018/QH14; 04/2019/TT-BVHTTDL; 34/2018/TT-BVHTTDL
1.001056,Thủ tục cấp Giấy chứng nhận đủ điều kiện kinh doanh hoạt động thể thao,Đối tượng,2,Công dân Việt Nam,,31/2024/NĐ-CP; 77/2006/QH11; 36/2019/NĐ-CP; 97/2015/QH13; 26/2018/QH14; 04/2019/TT-BVHTTDL; 34/2018/TT-BVHTTDL
1.001061,Cấp phép thi công nút giao đấu nối vào đường quốc lộ đang khai thác,Đối tượng,1,"Tổ chức (không bao gồm doanh nghiệp, HTX)",,09/2025/TT-BXD; 72/2025/TT-BXD; 41/2024/TT-BGTVT
1.001061,Cấp phép thi công nút giao đấu nối vào đường quốc lộ đang khai thác,Đối tượng,2,Người Việt Nam định cư ở nước ngoài,,09/2025/TT-BXD; 72/2025/TT-BXD; 41/2024/TT-BGTVT
1.001061,Cấp phép thi công nút giao đấu nối vào đường quốc lộ đang khai thác,Đối tượng,3,Công dân Việt Nam,,09/2025/TT-BXD; 72/2025/TT-BXD; 41/2024/TT-BGTVT
1.001061,Cấp phép thi công nút giao đấu nối vào đường quốc lộ đang khai thác,Đối tượng,4,Doanh nghiệp,,09/2025/TT-BXD; 72/2025/TT-BXD; 41/2024/TT-BGTVT
1.001061,Cấp phép thi công nút giao đấu nối vào đường quốc lộ đang khai thác,Đối tượng,5,Tổ chức nước ngoài,,09/2025/TT-BXD; 72/2025/TT-BXD; 41/2024/TT-BGTVT
1.001061,Cấp phép thi công nút giao đấu nối vào đường quốc lộ đang khai thác,Đối tượng,6,Người nước ngoài,,09/2025/TT-BXD; 72/2025/TT-BXD; 41/2024/TT-BGTVT
1.001061,Cấp phép thi công nút giao đấu nối vào đường quốc lộ đang khai thác,Đối tượng,7,Hợp tác xã,,09/2025/TT-BXD; 72/2025/TT-BXD; 41/2024/TT-BGTVT
1.001061,Cấp phép thi công nút giao đấu nối vào đường quốc lộ đang khai thác,Đối tượng,8,Doanh nghiệp có vốn đầu tư nước ngoài,,09/2025/TT-BXD; 72/2025/TT-BXD; 41/2024/TT-BGTVT
1.001106,"Thủ tục cấp Giấy chứng nhận đủ điều kiện kinh doanh giám định di vật,",Đối tượng,1,Công dân Việt Nam,,45/2024/QH15
1.001106,"Thủ tục cấp Giấy chứng nhận đủ điều kiện kinh doanh giám định di vật,",Đối tượng,2,Doanh nghiệp,,45/2024/QH15
1.001106,"Thủ tục cấp Giấy chứng nhận đủ điều kiện kinh doanh giám định di vật,",Đối tượng,3,Hợp tác xã,,45/2024/QH15
1.001106,"Thủ tục cấp Giấy chứng nhận đủ điều kiện kinh doanh giám định di vật,",Đối tượng,4,"Tổ chức (không bao gồm doanh nghiệp, HTX)",,45/2024/QH15
1.001121,"Thủ tục đăng ký nhận cha, mẹ, con giữa các công dân Việt Nam tạm trú ở",Đối tượng,1,Người Việt Nam định cư ở nước ngoài,,52/2014/QH13; 60/2014/QH13; 01/2022/TT-BTP; 03/2023/TT-BNG; 24/2008/QH12; 123/2015/NĐ-CP; 264/2016/TT-BTC; 07/2023/TT-BNG; 33/2009/QH12
1.001121,"Thủ tục đăng ký nhận cha, mẹ, con giữa các công dân Việt Nam tạm trú ở",Đối tượng,2,Công dân Việt Nam,,52/2014/QH13; 60/2014/QH13; 01/2022/TT-BTP; 03/2023/TT-BNG; 24/2008/QH12; 123/2015/NĐ-CP; 264/2016/TT-BTC; 07/2023/TT-BNG; 33/2009/QH12
1.001123,Thủ tục cấp lại Giấy chứng nhận đủ điều kiện kinh doanh giám định di v,Đối tượng,1,"Tổ chức (không bao gồm doanh nghiệp, HTX)",,45/2024/QH15
1.001123,Thủ tục cấp lại Giấy chứng nhận đủ điều kiện kinh doanh giám định di v,Đối tượng,2,Công dân Việt Nam,,45/2024/QH15
1.001123,Thủ tục cấp lại Giấy chứng nhận đủ điều kiện kinh doanh giám định di v,Đối tượng,3,Doanh nghiệp,,45/2024/QH15
1.001123,Thủ tục cấp lại Giấy chứng nhận đủ điều kiện kinh doanh giám định di v,Đối tượng,4,Hợp tác xã,,45/2024/QH15
1.001193,Thủ tục đăng ký khai sinh,Đối tượng,1,Công dân Việt Nam,,18/2026/NĐ-CP; 08/2025/TT-BTP; 120/2025/NĐ-CP; 66.7/2025/NQ-CP; 85/2019/TT-BTC; 104/2022/NĐ-CP; 123/2015/NĐ-CP; 87/2020/NĐ-CP; 04/2024/TT-BTP; 03/2023/TT-BTP; 106/2021/TT-BTC; 04/2020/TT-BTP; 07/2025/NĐ-CP; 60/2014/QH13; 01/2022/TT-BTP
1.001193,Thủ tục đăng ký khai sinh,Đối tượng,2,Người Việt Nam định cư ở nước ngoài,,18/2026/NĐ-CP; 08/2025/TT-BTP; 120/2025/NĐ-CP; 66.7/2025/NQ-CP; 85/2019/TT-BTC; 104/2022/NĐ-CP; 123/2015/NĐ-CP; 87/2020/NĐ-CP; 04/2024/TT-BTP; 03/2023/TT-BTP; 106/2021/TT-BTC; 04/2020/TT-BTP; 07/2025/NĐ-CP; 60/2014/QH13; 01/2022/TT-BTP
1.001195,Thủ tục cấp Giấy chứng nhận đủ điều kiện kinh doanh hoạt động thể thao,Đối tượng,1,Doanh nghiệp,,31/2024/NĐ-CP; 77/2006/QH11; 26/2018/QH14; 36/2019/NĐ-CP; 97/2015/QH13
1.001195,Thủ tục cấp Giấy chứng nhận đủ điều kiện kinh doanh hoạt động thể thao,Đối tượng,2,Công dân Việt Nam,,31/2024/NĐ-CP; 77/2006/QH11; 26/2018/QH14; 36/2019/NĐ-CP; 97/2015/QH13
1.001213,Thủ tục cấp giấy chứng nhận đủ điều kiện kinh doanh hoạt động thể thao,Đối tượng,1,Doanh nghiệp,,31/2024/NĐ-CP; 77/2006/QH11; 26/2018/QH14; 04/2019/TT-BVHTTDL; 36/2019/NĐ-CP; 97/2015/QH13; 17/2018/TT-BVHTTDL
1.001213,Thủ tục cấp giấy chứng nhận đủ điều kiện kinh doanh hoạt động thể thao,Đối tượng,2,Công dân Việt Nam,,31/2024/NĐ-CP; 77/2006/QH11; 26/2018/QH14; 04/2019/TT-BVHTTDL; 36/2019/NĐ-CP; 97/2015/QH13; 17/2018/TT-BVHTTDL
1.001266,Chấm dứt hoạt động hộ kinh doanh,Đối tượng,1,Công dân Việt Nam,,85/2019/TT-BTC; 68/2025/TT-BTC; 168/2025/NĐ-CP; 59/2020/QH14; 76/2025/QH15; 296/2026/NĐ-CP
1.001266,Chấm dứt hoạt động hộ kinh doanh,Đối tượng,2,"Tổ chức (không bao gồm doanh nghiệp, HTX)",,85/2019/TT-BTC; 68/2025/TT-BTC; 168/2025/NĐ-CP; 59/2020/QH14; 76/2025/QH15; 296/2026/NĐ-CP
1.001308,"Thủ tục chứng nhận lãnh sự, hợp pháp hóa lãnh sự giấy tờ, tài liệu tại",Đối tượng,1,Người Việt Nam định cư ở nước ngoài,,157/2016/TT-BTC; 111/2011/NĐ-CP; 196/2025/NĐ-CP; 11/2025/TT-BNG; 01/2012/TT-BNG
1.001308,"Thủ tục chứng nhận lãnh sự, hợp pháp hóa lãnh sự giấy tờ, tài liệu tại",Đối tượng,2,Công dân Việt Nam,,157/2016/TT-BTC; 111/2011/NĐ-CP; 196/2025/NĐ-CP; 11/2025/TT-BNG; 01/2012/TT-BNG
1.001308,"Thủ tục chứng nhận lãnh sự, hợp pháp hóa lãnh sự giấy tờ, tài liệu tại",Đối tượng,3,Người nước ngoài,,157/2016/TT-BTC; 111/2011/NĐ-CP; 196/2025/NĐ-CP; 11/2025/TT-BNG; 01/2012/TT-BNG
1.001455,Thủ tục công nhận cơ sở kinh doanh dịch vụ chăm sóc sức khỏe đạt tiêu,Đối tượng,1,"Tổ chức (không bao gồm doanh nghiệp, HTX)",,13/2019/TT-BVHTTDL; 04/2024/TT-BVHTTDL; 66.18/2026/NQ-CP; 06/2017/TT-BVHTTDL
1.001455,Thủ tục công nhận cơ sở kinh doanh dịch vụ chăm sóc sức khỏe đạt tiêu,Đối tượng,2,Công dân Việt Nam,,13/2019/TT-BVHTTDL; 04/2024/TT-BVHTTDL; 66.18/2026/NQ-CP; 06/2017/TT-BVHTTDL
1.001455,Thủ tục công nhận cơ sở kinh doanh dịch vụ chăm sóc sức khỏe đạt tiêu,Đối tượng,3,Doanh nghiệp,,13/2019/TT-BVHTTDL; 04/2024/TT-BVHTTDL; 66.18/2026/NQ-CP; 06/2017/TT-BVHTTDL
1.001517,Thủ tục cấp giấy chứng nhận đủ điều kiện kinh doanh hoạt động thể thao,Đối tượng,1,Doanh nghiệp,,36/2019/NĐ-CP; 97/2015/QH13; 31/2024/NĐ-CP; 77/2006/QH11; 26/2018/QH14; 04/2019/TT-BVHTTDL; 28/2018/TT-BVHTTDL
1.001517,Thủ tục cấp giấy chứng nhận đủ điều kiện kinh doanh hoạt động thể thao,Đối tượng,2,Công dân Việt Nam,,36/2019/NĐ-CP; 97/2015/QH13; 31/2024/NĐ-CP; 77/2006/QH11; 26/2018/QH14; 04/2019/TT-BVHTTDL; 28/2018/TT-BVHTTDL
1.001570,"Tạm ngừng kinh doanh, tiếp tục kinh doanh trước thời hạn đã đăng ký củ",Đối tượng,1,Công dân Việt Nam,,85/2019/TT-BTC; 68/2025/TT-BTC; 168/2025/NĐ-CP; 76/2025/QH15; 296/2026/NĐ-CP; 59/2020/QH14
1.001570,"Tạm ngừng kinh doanh, tiếp tục kinh doanh trước thời hạn đã đăng ký củ",Đối tượng,2,"Tổ chức (không bao gồm doanh nghiệp, HTX)",,85/2019/TT-BTC; 68/2025/TT-BTC; 168/2025/NĐ-CP; 76/2025/QH15; 296/2026/NĐ-CP; 59/2020/QH14
1.001577,Gia hạn thời gian lưu hành tại Việt Nam cho phương tiện của Campuchia,Đối tượng,1,Công dân Việt Nam,,158/2024/NĐ-CP
1.001577,Gia hạn thời gian lưu hành tại Việt Nam cho phương tiện của Campuchia,Đối tượng,2,Doanh nghiệp,,158/2024/NĐ-CP
1.001577,Gia hạn thời gian lưu hành tại Việt Nam cho phương tiện của Campuchia,Đối tượng,3,Tổ chức nước ngoài,,158/2024/NĐ-CP
1.001577,Gia hạn thời gian lưu hành tại Việt Nam cho phương tiện của Campuchia,Đối tượng,4,Hợp tác xã,,158/2024/NĐ-CP
1.001577,Gia hạn thời gian lưu hành tại Việt Nam cho phương tiện của Campuchia,Đối tượng,5,Doanh nghiệp có vốn đầu tư nước ngoài,,158/2024/NĐ-CP
1.001577,Gia hạn thời gian lưu hành tại Việt Nam cho phương tiện của Campuchia,Đối tượng,6,"Tổ chức (không bao gồm doanh nghiệp, HTX)",,158/2024/NĐ-CP
1.001590,"Thủ tục Chứng thực chữ ký trong các giấy tờ, văn bản",Đối tượng,1,Công dân Việt Nam,,264/2016/TT-BTC; 20/2015/TT-BTP; 23/2015/NĐ-CP; 33/2009/QH12
1.001590,"Thủ tục Chứng thực chữ ký trong các giấy tờ, văn bản",Đối tượng,2,Doanh nghiệp,,264/2016/TT-BTC; 20/2015/TT-BTP; 23/2015/NĐ-CP; 33/2009/QH12
1.001590,"Thủ tục Chứng thực chữ ký trong các giấy tờ, văn bản",Đối tượng,3,Người nước ngoài,,264/2016/TT-BTC; 20/2015/TT-BTP; 23/2015/NĐ-CP; 33/2009/QH12
1.001590,"Thủ tục Chứng thực chữ ký trong các giấy tờ, văn bản",Đối tượng,4,Hợp tác xã,,264/2016/TT-BTC; 20/2015/TT-BTP; 23/2015/NĐ-CP; 33/2009/QH12
1.001590,"Thủ tục Chứng thực chữ ký trong các giấy tờ, văn bản",Đối tượng,5,Người Việt Nam định cư ở nước ngoài,,264/2016/TT-BTC; 20/2015/TT-BTP; 23/2015/NĐ-CP; 33/2009/QH12
1.001606,"Thủ tục Chứng thực bản sao từ bản chính các giấy tờ, văn bản do cơ qua",Đối tượng,1,Công dân Việt Nam,,23/2015/NĐ-CP; 20/2015/TT-BTP; 264/2016/TT-BTC; 33/2009/QH12
1.001606,"Thủ tục Chứng thực bản sao từ bản chính các giấy tờ, văn bản do cơ qua",Đối tượng,2,Hợp tác xã,,23/2015/NĐ-CP; 20/2015/TT-BTP; 264/2016/TT-BTC; 33/2009/QH12
1.001606,"Thủ tục Chứng thực bản sao từ bản chính các giấy tờ, văn bản do cơ qua",Đối tượng,3,Doanh nghiệp,,23/2015/NĐ-CP; 20/2015/TT-BTP; 264/2016/TT-BTC; 33/2009/QH12
1.001612,Đăng ký thành lập hộ kinh doanh,Đối tượng,1,"Tổ chức (không bao gồm doanh nghiệp, HTX)",,68/2025/TT-BTC; 168/2025/NĐ-CP; 85/2019/TT-BTC; 59/2020/QH14; 76/2025/QH15; 296/2026/NĐ-CP
1.001612,Đăng ký thành lập hộ kinh doanh,Đối tượng,2,Công dân Việt Nam,,68/2025/TT-BTC; 168/2025/NĐ-CP; 85/2019/TT-BTC; 59/2020/QH14; 76/2025/QH15; 296/2026/NĐ-CP
1.001623,"Cấp lại Giấy phép đào tạo lái xe ô tô khi điều chỉnh hạng xe đào tạo,",Đối tượng,1,Doanh nghiệp có vốn đầu tư nước ngoài,,24/2026/NQ-CP; 94/2026/NĐ-CP
1.001623,"Cấp lại Giấy phép đào tạo lái xe ô tô khi điều chỉnh hạng xe đào tạo,",Đối tượng,2,"Tổ chức (không bao gồm doanh nghiệp, HTX)",,24/2026/NQ-CP; 94/2026/NĐ-CP
1.001623,"Cấp lại Giấy phép đào tạo lái xe ô tô khi điều chỉnh hạng xe đào tạo,",Đối tượng,3,Doanh nghiệp,,24/2026/NQ-CP; 94/2026/NĐ-CP
1.001623,"Cấp lại Giấy phép đào tạo lái xe ô tô khi điều chỉnh hạng xe đào tạo,",Đối tượng,4,Tổ chức nước ngoài,,24/2026/NQ-CP; 94/2026/NĐ-CP
1.001623,"Cấp lại Giấy phép đào tạo lái xe ô tô khi điều chỉnh hạng xe đào tạo,",Đối tượng,5,Hợp tác xã,,24/2026/NQ-CP; 94/2026/NĐ-CP
1.001632,"Giải quyết hưởng chế độ TNLĐ, BNN đối với trường hợp bị TNLĐ, BNN lần",Đối tượng,1,Công dân Việt Nam,,366/QĐ-BHXH; 2222/QĐ-BHXH; 25/2025/TT-BYT; 88/2020/NĐ-CP; 164/2025/NĐ-CP; 28/2021/TT-BLĐTBXH; 313/QĐ-BHXH; 84/2015/QH13; 143/2024/NĐ-CP
1.001632,"Giải quyết hưởng chế độ TNLĐ, BNN đối với trường hợp bị TNLĐ, BNN lần",Đối tượng,2,Doanh nghiệp,,366/QĐ-BHXH; 2222/QĐ-BHXH; 25/2025/TT-BYT; 88/2020/NĐ-CP; 164/2025/NĐ-CP; 28/2021/TT-BLĐTBXH; 313/QĐ-BHXH; 84/2015/QH13; 143/2024/NĐ-CP
1.001632,"Giải quyết hưởng chế độ TNLĐ, BNN đối với trường hợp bị TNLĐ, BNN lần",Đối tượng,3,Tổ chức nước ngoài,,366/QĐ-BHXH; 2222/QĐ-BHXH; 25/2025/TT-BYT; 88/2020/NĐ-CP; 164/2025/NĐ-CP; 28/2021/TT-BLĐTBXH; 313/QĐ-BHXH; 84/2015/QH13; 143/2024/NĐ-CP
1.001632,"Giải quyết hưởng chế độ TNLĐ, BNN đối với trường hợp bị TNLĐ, BNN lần",Đối tượng,4,Hợp tác xã,,366/QĐ-BHXH; 2222/QĐ-BHXH; 25/2025/TT-BYT; 88/2020/NĐ-CP; 164/2025/NĐ-CP; 28/2021/TT-BLĐTBXH; 313/QĐ-BHXH; 84/2015/QH13; 143/2024/NĐ-CP
1.001632,"Giải quyết hưởng chế độ TNLĐ, BNN đối với trường hợp bị TNLĐ, BNN lần",Đối tượng,5,"Cán bộ, công chức, viên chức",,366/QĐ-BHXH; 2222/QĐ-BHXH; 25/2025/TT-BYT; 88/2020/NĐ-CP; 164/2025/NĐ-CP; 28/2021/TT-BLĐTBXH; 313/QĐ-BHXH; 84/2015/QH13; 143/2024/NĐ-CP
1.001632,"Giải quyết hưởng chế độ TNLĐ, BNN đối với trường hợp bị TNLĐ, BNN lần",Đối tượng,6,Doanh nghiệp có vốn đầu tư nước ngoài,,366/QĐ-BHXH; 2222/QĐ-BHXH; 25/2025/TT-BYT; 88/2020/NĐ-CP; 164/2025/NĐ-CP; 28/2021/TT-BLĐTBXH; 313/QĐ-BHXH; 84/2015/QH13; 143/2024/NĐ-CP
1.001632,"Giải quyết hưởng chế độ TNLĐ, BNN đối với trường hợp bị TNLĐ, BNN lần",Đối tượng,7,"Tổ chức (không bao gồm doanh nghiệp, HTX)",,366/QĐ-BHXH; 2222/QĐ-BHXH; 25/2025/TT-BYT; 88/2020/NĐ-CP; 164/2025/NĐ-CP; 28/2021/TT-BLĐTBXH; 313/QĐ-BHXH; 84/2015/QH13; 143/2024/NĐ-CP
1.001639,"Giải thể trường tiểu học (theo đề nghị của tổ chức, cá nhân đề nghị th",Đối tượng,1,Công dân Việt Nam,,66.16/2026/NQ-CP; 125/2024/NĐ-CP; 23/2026/NQ-CP; 142/2025/NĐ-CP
1.001639,"Giải thể trường tiểu học (theo đề nghị của tổ chức, cá nhân đề nghị th",Đối tượng,2,Doanh nghiệp,,66.16/2026/NQ-CP; 125/2024/NĐ-CP; 23/2026/NQ-CP; 142/2025/NĐ-CP
1.001639,"Giải thể trường tiểu học (theo đề nghị của tổ chức, cá nhân đề nghị th",Đối tượng,3,"Tổ chức (không bao gồm doanh nghiệp, HTX)",,66.16/2026/NQ-CP; 125/2024/NĐ-CP; 23/2026/NQ-CP; 142/2025/NĐ-CP
1.001643,"Giải quyết hưởng chế độ TNLĐ, BNN đối với trường hợp đã bị TNLĐ, BNN,",Đối tượng,1,Doanh nghiệp có vốn đầu tư nước ngoài,,2222/QĐ-BHXH; 366/QĐ-BHXH; 313/QĐ-BHXH; 84/2015/QH13; 25/2025/TT-BYT; 88/2020/NĐ-CP; 164/2025/NĐ-CP; 28/2021/TT-BLĐTBXH
1.001643,"Giải quyết hưởng chế độ TNLĐ, BNN đối với trường hợp đã bị TNLĐ, BNN,",Đối tượng,2,Công dân Việt Nam,,2222/QĐ-BHXH; 366/QĐ-BHXH; 313/QĐ-BHXH; 84/2015/QH13; 25/2025/TT-BYT; 88/2020/NĐ-CP; 164/2025/NĐ-CP; 28/2021/TT-BLĐTBXH
1.001643,"Giải quyết hưởng chế độ TNLĐ, BNN đối với trường hợp đã bị TNLĐ, BNN,",Đối tượng,3,Doanh nghiệp,,2222/QĐ-BHXH; 366/QĐ-BHXH; 313/QĐ-BHXH; 84/2015/QH13; 25/2025/TT-BYT; 88/2020/NĐ-CP; 164/2025/NĐ-CP; 28/2021/TT-BLĐTBXH
1.001643,"Giải quyết hưởng chế độ TNLĐ, BNN đối với trường hợp đã bị TNLĐ, BNN,",Đối tượng,4,Tổ chức nước ngoài,,2222/QĐ-BHXH; 366/QĐ-BHXH; 313/QĐ-BHXH; 84/2015/QH13; 25/2025/TT-BYT; 88/2020/NĐ-CP; 164/2025/NĐ-CP; 28/2021/TT-BLĐTBXH
1.001643,"Giải quyết hưởng chế độ TNLĐ, BNN đối với trường hợp đã bị TNLĐ, BNN,",Đối tượng,5,Hợp tác xã,,2222/QĐ-BHXH; 366/QĐ-BHXH; 313/QĐ-BHXH; 84/2015/QH13; 25/2025/TT-BYT; 88/2020/NĐ-CP; 164/2025/NĐ-CP; 28/2021/TT-BLĐTBXH
1.001643,"Giải quyết hưởng chế độ TNLĐ, BNN đối với trường hợp đã bị TNLĐ, BNN,",Đối tượng,6,"Tổ chức (không bao gồm doanh nghiệp, HTX)",,2222/QĐ-BHXH; 366/QĐ-BHXH; 313/QĐ-BHXH; 84/2015/QH13; 25/2025/TT-BYT; 88/2020/NĐ-CP; 164/2025/NĐ-CP; 28/2021/TT-BLĐTBXH
1.001656,"Thanh toán trực tiếp chi phí khám bệnh, chữa bệnh giữa cơ quan bảo hiể",Đối tượng,1,Công dân Việt Nam,,25/2008/QH12; 51/2024/QH15; 188/2025/NĐ-CP; 46/2014/QH13; 580/QĐ-BYT; 241/QĐ-BTC
1.001656,"Thanh toán trực tiếp chi phí khám bệnh, chữa bệnh giữa cơ quan bảo hiể",Đối tượng,2,Người nước ngoài,,25/2008/QH12; 51/2024/QH15; 188/2025/NĐ-CP; 46/2014/QH13; 580/QĐ-BYT; 241/QĐ-BTC
1.001656,"Thanh toán trực tiếp chi phí khám bệnh, chữa bệnh giữa cơ quan bảo hiể",Đối tượng,3,"Cán bộ, công chức, viên chức",,25/2008/QH12; 51/2024/QH15; 188/2025/NĐ-CP; 46/2014/QH13; 580/QĐ-BYT; 241/QĐ-BTC
1.001656,"Thanh toán trực tiếp chi phí khám bệnh, chữa bệnh giữa cơ quan bảo hiể",Đối tượng,4,Người Việt Nam định cư ở nước ngoài,,25/2008/QH12; 51/2024/QH15; 188/2025/NĐ-CP; 46/2014/QH13; 580/QĐ-BYT; 241/QĐ-BTC
1.001664,Giải ngân khoản vốn hỗ trợ cho doanh nghiệp (cấp tỉnh),Đối tượng,1,Doanh nghiệp,,Không có thông tin căn cứ pháp lý trong dữ liệu gốc
1.001664,Giải ngân khoản vốn hỗ trợ cho doanh nghiệp (cấp tỉnh),Đối tượng,2,Tổ chức nước ngoài,,Không có thông tin căn cứ pháp lý trong dữ liệu gốc
1.001664,Giải ngân khoản vốn hỗ trợ cho doanh nghiệp (cấp tỉnh),Đối tượng,3,Hợp tác xã,,Không có thông tin căn cứ pháp lý trong dữ liệu gốc
1.001664,Giải ngân khoản vốn hỗ trợ cho doanh nghiệp (cấp tỉnh),Đối tượng,4,Doanh nghiệp có vốn đầu tư nước ngoài,,Không có thông tin căn cứ pháp lý trong dữ liệu gốc
1.001667,"Giải quyết hưởng chế độ ốm đau, thai sản, trợ cấp dưỡng sức phục hồi s",Đối tượng,1,"Tổ chức (không bao gồm doanh nghiệp, HTX)",,41/2024/QH15; 84/2015/QH13; 366/QĐ-BHXH; 2376/BHXH-CSXH; 12/2025/TT-BNV; 25/2025/TT-BYT; 158/2025/NĐ-CP; 164/2025/NĐ-CP; 313/QĐ-BHXH
1.001667,"Giải quyết hưởng chế độ ốm đau, thai sản, trợ cấp dưỡng sức phục hồi s",Đối tượng,2,Doanh nghiệp,,41/2024/QH15; 84/2015/QH13; 366/QĐ-BHXH; 2376/BHXH-CSXH; 12/2025/TT-BNV; 25/2025/TT-BYT; 158/2025/NĐ-CP; 164/2025/NĐ-CP; 313/QĐ-BHXH
1.001667,"Giải quyết hưởng chế độ ốm đau, thai sản, trợ cấp dưỡng sức phục hồi s",Đối tượng,3,Tổ chức nước ngoài,,41/2024/QH15; 84/2015/QH13; 366/QĐ-BHXH; 2376/BHXH-CSXH; 12/2025/TT-BNV; 25/2025/TT-BYT; 158/2025/NĐ-CP; 164/2025/NĐ-CP; 313/QĐ-BHXH
1.001667,"Giải quyết hưởng chế độ ốm đau, thai sản, trợ cấp dưỡng sức phục hồi s",Đối tượng,4,Doanh nghiệp có vốn đầu tư nước ngoài,,41/2024/QH15; 84/2015/QH13; 366/QĐ-BHXH; 2376/BHXH-CSXH; 12/2025/TT-BNV; 25/2025/TT-BYT; 158/2025/NĐ-CP; 164/2025/NĐ-CP; 313/QĐ-BHXH
1.001667,"Giải quyết hưởng chế độ ốm đau, thai sản, trợ cấp dưỡng sức phục hồi s",Đối tượng,5,Hợp tác xã,,41/2024/QH15; 84/2015/QH13; 366/QĐ-BHXH; 2376/BHXH-CSXH; 12/2025/TT-BNV; 25/2025/TT-BYT; 158/2025/NĐ-CP; 164/2025/NĐ-CP; 313/QĐ-BHXH
1.001669,Thủ tục đăng ký giám hộ có yếu tố nước ngoài,Đối tượng,1,Công dân Việt Nam,,04/2024/TT-BTP; 106/2021/TT-BTC; 85/2019/TT-BTC; 104/2022/NĐ-CP; 123/2015/NĐ-CP; 08/2025/TT-BTP; 18/2026/NĐ-CP; 87/2020/NĐ-CP; 04/2020/TT-BTP; 07/2025/NĐ-CP; 120/2025/NĐ-CP; 66.7/2025/NQ-CP; 60/2014/QH13; 01/2022/TT-BTP; 91/2015/QH13
1.001669,Thủ tục đăng ký giám hộ có yếu tố nước ngoài,Đối tượng,2,Người nước ngoài,,04/2024/TT-BTP; 106/2021/TT-BTC; 85/2019/TT-BTC; 104/2022/NĐ-CP; 123/2015/NĐ-CP; 08/2025/TT-BTP; 18/2026/NĐ-CP; 87/2020/NĐ-CP; 04/2020/TT-BTP; 07/2025/NĐ-CP; 120/2025/NĐ-CP; 66.7/2025/NQ-CP; 60/2014/QH13; 01/2022/TT-BTP; 91/2015/QH13
1.001669,Thủ tục đăng ký giám hộ có yếu tố nước ngoài,Đối tượng,3,Người Việt Nam định cư ở nước ngoài,,04/2024/TT-BTP; 106/2021/TT-BTC; 85/2019/TT-BTC; 104/2022/NĐ-CP; 123/2015/NĐ-CP; 08/2025/TT-BTP; 18/2026/NĐ-CP; 87/2020/NĐ-CP; 04/2020/TT-BTP; 07/2025/NĐ-CP; 120/2025/NĐ-CP; 66.7/2025/NQ-CP; 60/2014/QH13; 01/2022/TT-BTP; 91/2015/QH13
1.001678,"Thủ tục công chứng tính xác thực, tính hợp pháp của hợp đồng, giao dịc",Đối tượng,1,Người Việt Nam định cư ở nước ngoài,,33/2009/QH12; 264/2016/TT-BTC; 06/2015/TT-BTP; 53/2014/QH13; 29/2015/NĐ-CP
1.001678,"Thủ tục công chứng tính xác thực, tính hợp pháp của hợp đồng, giao dịc",Đối tượng,2,Doanh nghiệp,,33/2009/QH12; 264/2016/TT-BTC; 06/2015/TT-BTP; 53/2014/QH13; 29/2015/NĐ-CP
1.001678,"Thủ tục công chứng tính xác thực, tính hợp pháp của hợp đồng, giao dịc",Đối tượng,3,Người nước ngoài,,33/2009/QH12; 264/2016/TT-BTC; 06/2015/TT-BTP; 53/2014/QH13; 29/2015/NĐ-CP
1.001678,"Thủ tục công chứng tính xác thực, tính hợp pháp của hợp đồng, giao dịc",Đối tượng,4,Hợp tác xã,,33/2009/QH12; 264/2016/TT-BTC; 06/2015/TT-BTP; 53/2014/QH13; 29/2015/NĐ-CP
1.001678,"Thủ tục công chứng tính xác thực, tính hợp pháp của hợp đồng, giao dịc",Đối tượng,5,Tổ chức nước ngoài,,33/2009/QH12; 264/2016/TT-BTC; 06/2015/TT-BTP; 53/2014/QH13; 29/2015/NĐ-CP
1.001695,"Thủ tục đăng ký khai sinh kết hợp đăng ký nhận cha, mẹ, con có yếu tố",Đối tượng,1,Công dân Việt Nam,,04/2024/TT-BTP; 106/2021/TT-BTC; 85/2019/TT-BTC; 104/2022/NĐ-CP; 123/2015/NĐ-CP; 08/2025/TT-BTP; 18/2026/NĐ-CP; 04/2020/TT-BTP; 07/2025/NĐ-CP; 120/2025/NĐ-CP; 66.7/2025/NQ-CP; 52/2014/QH13; 60/2014/QH13; 281/2016/TT-BTC
1.001695,"Thủ tục đăng ký khai sinh kết hợp đăng ký nhận cha, mẹ, con có yếu tố",Đối tượng,2,Người nước ngoài,,04/2024/TT-BTP; 106/2021/TT-BTC; 85/2019/TT-BTC; 104/2022/NĐ-CP; 123/2015/NĐ-CP; 08/2025/TT-BTP; 18/2026/NĐ-CP; 04/2020/TT-BTP; 07/2025/NĐ-CP; 120/2025/NĐ-CP; 66.7/2025/NQ-CP; 52/2014/QH13; 60/2014/QH13; 281/2016/TT-BTC
1.001695,"Thủ tục đăng ký khai sinh kết hợp đăng ký nhận cha, mẹ, con có yếu tố",Đối tượng,3,Người Việt Nam định cư ở nước ngoài,,04/2024/TT-BTP; 106/2021/TT-BTC; 85/2019/TT-BTC; 104/2022/NĐ-CP; 123/2015/NĐ-CP; 08/2025/TT-BTP; 18/2026/NĐ-CP; 04/2020/TT-BTP; 07/2025/NĐ-CP; 120/2025/NĐ-CP; 66.7/2025/NQ-CP; 52/2014/QH13; 60/2014/QH13; 281/2016/TT-BTC
1.001710,"Giải quyết điều chỉnh, tạm dừng, hủy quyết định, chấm dứt hưởng, hưởng",Đối tượng,1,Công dân Việt Nam,,2222/QĐ-BHXH; 12/2025/TT-BNV; 158/2025/NĐ-CP; 159/2025/NĐ-CP; 41/2024/QH15; 313/QĐ-BHXH; 11/2025/TT-BNV; 366/QĐ-BHXH
1.001710,"Giải quyết điều chỉnh, tạm dừng, hủy quyết định, chấm dứt hưởng, hưởng",Đối tượng,2,Doanh nghiệp,,2222/QĐ-BHXH; 12/2025/TT-BNV; 158/2025/NĐ-CP; 159/2025/NĐ-CP; 41/2024/QH15; 313/QĐ-BHXH; 11/2025/TT-BNV; 366/QĐ-BHXH
1.001710,"Giải quyết điều chỉnh, tạm dừng, hủy quyết định, chấm dứt hưởng, hưởng",Đối tượng,3,Hợp tác xã,,2222/QĐ-BHXH; 12/2025/TT-BNV; 158/2025/NĐ-CP; 159/2025/NĐ-CP; 41/2024/QH15; 313/QĐ-BHXH; 11/2025/TT-BNV; 366/QĐ-BHXH
1.001710,"Giải quyết điều chỉnh, tạm dừng, hủy quyết định, chấm dứt hưởng, hưởng",Đối tượng,4,"Cán bộ, công chức, viên chức",,2222/QĐ-BHXH; 12/2025/TT-BNV; 158/2025/NĐ-CP; 159/2025/NĐ-CP; 41/2024/QH15; 313/QĐ-BHXH; 11/2025/TT-BNV; 366/QĐ-BHXH
1.001710,"Giải quyết điều chỉnh, tạm dừng, hủy quyết định, chấm dứt hưởng, hưởng",Đối tượng,5,"Tổ chức (không bao gồm doanh nghiệp, HTX)",,2222/QĐ-BHXH; 12/2025/TT-BNV; 158/2025/NĐ-CP; 159/2025/NĐ-CP; 41/2024/QH15; 313/QĐ-BHXH; 11/2025/TT-BNV; 366/QĐ-BHXH
1.001730,Thủ tục xin thôi quốc tịch Việt Nam tại cơ quan đại diện Việt Nam ở nư,Đối tượng,1,Công dân Việt Nam,,264/2016/TT-BTC; 56/2014/QH13; 24/2008/QH12; 78/2009/NĐ-CP; 08/2010/TT-BTP; 05/2013/TTLT-BTP-BNG-BCA; 97/2014/NĐ-CP
1.001730,Thủ tục xin thôi quốc tịch Việt Nam tại cơ quan đại diện Việt Nam ở nư,Đối tượng,2,Người Việt Nam định cư ở nước ngoài,,264/2016/TT-BTC; 56/2014/QH13; 24/2008/QH12; 78/2009/NĐ-CP; 08/2010/TT-BTP; 05/2013/TTLT-BTP-BNG-BCA; 97/2014/NĐ-CP
1.001731,Hỗ trợ chi phí mai táng cho đối tượng bảo trợ xã hội,Đối tượng,1,Công dân Việt Nam,,42/2025/NĐ-CP; 45/2025/NĐ-CP; 147/2025/NĐ-CP; 20/2021/NĐ-CP
1.001731,Hỗ trợ chi phí mai táng cho đối tượng bảo trợ xã hội,Đối tượng,2,"Tổ chức (không bao gồm doanh nghiệp, HTX)",,42/2025/NĐ-CP; 45/2025/NĐ-CP; 147/2025/NĐ-CP; 20/2021/NĐ-CP
1.001737,Gia hạn thời gian lưu hành tại Việt Nam cho phương tiện của Trung Quốc,Đối tượng,1,Doanh nghiệp có vốn đầu tư nước ngoài,,158/2024/NĐ-CP
1.001737,Gia hạn thời gian lưu hành tại Việt Nam cho phương tiện của Trung Quốc,Đối tượng,2,Công dân Việt Nam,,158/2024/NĐ-CP
1.001737,Gia hạn thời gian lưu hành tại Việt Nam cho phương tiện của Trung Quốc,Đối tượng,3,Doanh nghiệp,,158/2024/NĐ-CP
1.001737,Gia hạn thời gian lưu hành tại Việt Nam cho phương tiện của Trung Quốc,Đối tượng,4,Người nước ngoài,,158/2024/NĐ-CP
1.001737,Gia hạn thời gian lưu hành tại Việt Nam cho phương tiện của Trung Quốc,Đối tượng,5,Tổ chức nước ngoài,,158/2024/NĐ-CP
1.001737,Gia hạn thời gian lưu hành tại Việt Nam cho phương tiện của Trung Quốc,Đối tượng,6,Hợp tác xã,,158/2024/NĐ-CP
1.001737,Gia hạn thời gian lưu hành tại Việt Nam cho phương tiện của Trung Quốc,Đối tượng,7,"Tổ chức (không bao gồm doanh nghiệp, HTX)",,158/2024/NĐ-CP
1.001751,"Cấp bổ sung xe tập lái, cấp lại Giấy phép xe tập lái",Đối tượng,1,"Tổ chức (không bao gồm doanh nghiệp, HTX)",,94/2026/NĐ-CP
1.001751,"Cấp bổ sung xe tập lái, cấp lại Giấy phép xe tập lái",Đối tượng,2,Doanh nghiệp có vốn đầu tư nước ngoài,,94/2026/NĐ-CP
1.001751,"Cấp bổ sung xe tập lái, cấp lại Giấy phép xe tập lái",Đối tượng,3,Doanh nghiệp,,94/2026/NĐ-CP
1.001751,"Cấp bổ sung xe tập lái, cấp lại Giấy phép xe tập lái",Đối tượng,4,Tổ chức nước ngoài,,94/2026/NĐ-CP
1.001751,"Cấp bổ sung xe tập lái, cấp lại Giấy phép xe tập lái",Đối tượng,5,Hợp tác xã,,94/2026/NĐ-CP
1.001765,Cấp Giấy chứng nhận giáo viên dạy thực hành lái xe,Đối tượng,1,Doanh nghiệp có vốn đầu tư nước ngoài,,94/2026/NĐ-CP
1.001765,Cấp Giấy chứng nhận giáo viên dạy thực hành lái xe,Đối tượng,2,Doanh nghiệp,,94/2026/NĐ-CP
1.001765,Cấp Giấy chứng nhận giáo viên dạy thực hành lái xe,Đối tượng,3,Người nước ngoài,,94/2026/NĐ-CP
1.001765,Cấp Giấy chứng nhận giáo viên dạy thực hành lái xe,Đối tượng,4,Tổ chức nước ngoài,,94/2026/NĐ-CP
1.001765,Cấp Giấy chứng nhận giáo viên dạy thực hành lái xe,Đối tượng,5,Hợp tác xã,,94/2026/NĐ-CP
1.001765,Cấp Giấy chứng nhận giáo viên dạy thực hành lái xe,Đối tượng,6,Công dân Việt Nam,,94/2026/NĐ-CP
1.001765,Cấp Giấy chứng nhận giáo viên dạy thực hành lái xe,Đối tượng,7,"Tổ chức (không bao gồm doanh nghiệp, HTX)",,94/2026/NĐ-CP
1.001765,Cấp Giấy chứng nhận giáo viên dạy thực hành lái xe,Đối tượng,8,Người Việt Nam định cư ở nước ngoài,,94/2026/NĐ-CP
1.001766,Thủ tục đăng ký khai tử có yếu tố nước ngoài,Đối tượng,1,Công dân Việt Nam,,104/2022/NĐ-CP; 18/2026/NĐ-CP; 85/2019/TT-BTC; 123/2015/NĐ-CP; 08/2025/TT-BTP; 04/2024/TT-BTP; 106/2021/TT-BTC; 120/2025/NĐ-CP; 66.7/2025/NQ-CP; 04/2020/TT-BTP; 07/2025/NĐ-CP; 87/2020/NĐ-CP; 03/2023/TT-BTP; 60/2014/QH13; 01/2022/TT-BTP
1.001766,Thủ tục đăng ký khai tử có yếu tố nước ngoài,Đối tượng,2,Người Việt Nam định cư ở nước ngoài,,104/2022/NĐ-CP; 18/2026/NĐ-CP; 85/2019/TT-BTC; 123/2015/NĐ-CP; 08/2025/TT-BTP; 04/2024/TT-BTP; 106/2021/TT-BTC; 120/2025/NĐ-CP; 66.7/2025/NQ-CP; 04/2020/TT-BTP; 07/2025/NĐ-CP; 87/2020/NĐ-CP; 03/2023/TT-BTP; 60/2014/QH13; 01/2022/TT-BTP
1.001777,"Cấp Giấy phép đào tạo lái xe, cấp Giấy phép xe tập lái",Đối tượng,1,Công dân Việt Nam,,94/2026/NĐ-CP; 24/2026/NQ-CP
1.001777,"Cấp Giấy phép đào tạo lái xe, cấp Giấy phép xe tập lái",Đối tượng,2,Doanh nghiệp,,94/2026/NĐ-CP; 24/2026/NQ-CP
1.001777,"Cấp Giấy phép đào tạo lái xe, cấp Giấy phép xe tập lái",Đối tượng,3,Người nước ngoài,,94/2026/NĐ-CP; 24/2026/NQ-CP
1.001777,"Cấp Giấy phép đào tạo lái xe, cấp Giấy phép xe tập lái",Đối tượng,4,Tổ chức nước ngoài,,94/2026/NĐ-CP; 24/2026/NQ-CP
1.001777,"Cấp Giấy phép đào tạo lái xe, cấp Giấy phép xe tập lái",Đối tượng,5,Hợp tác xã,,94/2026/NĐ-CP; 24/2026/NQ-CP
1.001777,"Cấp Giấy phép đào tạo lái xe, cấp Giấy phép xe tập lái",Đối tượng,6,"Tổ chức (không bao gồm doanh nghiệp, HTX)",,94/2026/NĐ-CP; 24/2026/NQ-CP
1.001777,"Cấp Giấy phép đào tạo lái xe, cấp Giấy phép xe tập lái",Đối tượng,7,Doanh nghiệp có vốn đầu tư nước ngoài,,94/2026/NĐ-CP; 24/2026/NQ-CP
1.001782,Thủ tục đăng cai tổ chức giải thi đấu vô địch từng môn thể thao của tỉ,Đối tượng,1,Doanh nghiệp có vốn đầu tư nước ngoài,,26/2018/QH14
1.001782,Thủ tục đăng cai tổ chức giải thi đấu vô địch từng môn thể thao của tỉ,Đối tượng,2,Doanh nghiệp,,26/2018/QH14
1.001782,Thủ tục đăng cai tổ chức giải thi đấu vô địch từng môn thể thao của tỉ,Đối tượng,3,Công dân Việt Nam,,26/2018/QH14
1.001782,Thủ tục đăng cai tổ chức giải thi đấu vô địch từng môn thể thao của tỉ,Đối tượng,4,"Tổ chức (không bao gồm doanh nghiệp, HTX)",,26/2018/QH14
1.001798,"Ký hợp đồng khám bệnh, chữa bệnh bảo hiểm y tế",Đối tượng,1,Doanh nghiệp,,25/2008/QH12; 51/2024/QH15; 188/2025/NĐ-CP; 46/2014/QH13
1.001798,"Ký hợp đồng khám bệnh, chữa bệnh bảo hiểm y tế",Đối tượng,2,"Tổ chức (không bao gồm doanh nghiệp, HTX)",,25/2008/QH12; 51/2024/QH15; 188/2025/NĐ-CP; 46/2014/QH13
1.001801,Thủ tục cấp Giấy chứng nhận đủ điều kiện kinh doanh hoạt động thể thao,Đối tượng,1,Doanh nghiệp,,36/2019/NĐ-CP; 97/2015/QH13; 26/2018/QH14; 04/2019/TT-BVHTTDL; 31/2024/NĐ-CP; 77/2006/QH11; 31/2018/TT-BVHTTDL
1.001801,Thủ tục cấp Giấy chứng nhận đủ điều kiện kinh doanh hoạt động thể thao,Đối tượng,2,Công dân Việt Nam,,36/2019/NĐ-CP; 97/2015/QH13; 26/2018/QH14; 04/2019/TT-BVHTTDL; 31/2024/NĐ-CP; 77/2006/QH11; 31/2018/TT-BVHTTDL
1.001837,Thủ tục chấm dứt hoạt động của Văn phòng đại diện tại Việt Nam của doa,Đối tượng,1,"Tổ chức (không bao gồm doanh nghiệp, HTX)",,09/2017/QH14; 11/2016/TT-BCT; 07/2016/NĐ-CP
1.001837,Thủ tục chấm dứt hoạt động của Văn phòng đại diện tại Việt Nam của doa,Đối tượng,2,Công dân Việt Nam,,09/2017/QH14; 11/2016/TT-BCT; 07/2016/NĐ-CP
1.001909,"Thanh toán chi phí khám bệnh, chữa bệnh giữa cơ quan bảo hiểm xã hội v",Đối tượng,1,"Tổ chức (không bao gồm doanh nghiệp, HTX)",,25/2008/QH12; 188/2025/NĐ-CP; 12/2026/TT-BYT; 233/2025/NĐ-CP
1.001909,"Thanh toán chi phí khám bệnh, chữa bệnh giữa cơ quan bảo hiểm xã hội v",Đối tượng,2,Doanh nghiệp,,25/2008/QH12; 188/2025/NĐ-CP; 12/2026/TT-BYT; 233/2025/NĐ-CP
1.001939,"Đăng ký đóng, cấp thẻ BHYT đối với người chỉ tham gia BHYT",Đối tượng,1,"Tổ chức (không bao gồm doanh nghiệp, HTX)",,104/2022/NĐ-CP; 25/2008/QH12; 46/2014/QH13; 102/2018/TT-BTC; 3510/QĐ-BHXH; 948/QĐ-BHXH; 146/2018/NĐ-CP; 490/QĐ-BHXH; 505/QĐ-BHXH; 838/QĐ-BHXH; 888/QĐ-BHXH
1.001939,"Đăng ký đóng, cấp thẻ BHYT đối với người chỉ tham gia BHYT",Đối tượng,2,Người Việt Nam định cư ở nước ngoài,,104/2022/NĐ-CP; 25/2008/QH12; 46/2014/QH13; 102/2018/TT-BTC; 3510/QĐ-BHXH; 948/QĐ-BHXH; 146/2018/NĐ-CP; 490/QĐ-BHXH; 505/QĐ-BHXH; 838/QĐ-BHXH; 888/QĐ-BHXH
1.001939,"Đăng ký đóng, cấp thẻ BHYT đối với người chỉ tham gia BHYT",Đối tượng,3,Công dân Việt Nam,,104/2022/NĐ-CP; 25/2008/QH12; 46/2014/QH13; 102/2018/TT-BTC; 3510/QĐ-BHXH; 948/QĐ-BHXH; 146/2018/NĐ-CP; 490/QĐ-BHXH; 505/QĐ-BHXH; 838/QĐ-BHXH; 888/QĐ-BHXH
1.001951,Cấp lại thẻ Kiểm định viên kiểm định chất lượng giáo dục,Đối tượng,1,Người Việt Nam định cư ở nước ngoài,,14/2022/TT-BGDĐT
1.001951,Cấp lại thẻ Kiểm định viên kiểm định chất lượng giáo dục,Đối tượng,2,Công dân Việt Nam,,14/2022/TT-BGDĐT
1.001951,Cấp lại thẻ Kiểm định viên kiểm định chất lượng giáo dục,Đối tượng,3,Người nước ngoài,,14/2022/TT-BGDĐT
1.001951,Cấp lại thẻ Kiểm định viên kiểm định chất lượng giáo dục,Đối tượng,4,"Cán bộ, công chức, viên chức",,14/2022/TT-BGDĐT
1.001955,Cấp thẻ Kiểm định viên kiểm định chất lượng giáo dục,Đối tượng,1,Người Việt Nam định cư ở nước ngoài,,14/2022/TT-BGDĐT
1.001955,Cấp thẻ Kiểm định viên kiểm định chất lượng giáo dục,Đối tượng,2,Công dân Việt Nam,,14/2022/TT-BGDĐT
1.001955,Cấp thẻ Kiểm định viên kiểm định chất lượng giáo dục,Đối tượng,3,Người nước ngoài,,14/2022/TT-BGDĐT
1.001955,Cấp thẻ Kiểm định viên kiểm định chất lượng giáo dục,Đối tượng,4,"Cán bộ, công chức, viên chức",,14/2022/TT-BGDĐT
1.002013,"Thủ tục đăng cai giải thi đấu, trận thi đấu thể thao thành tích cao kh",Đối tượng,1,"Tổ chức (không bao gồm doanh nghiệp, HTX)",,26/2018/QH14
1.002013,"Thủ tục đăng cai giải thi đấu, trận thi đấu thể thao thành tích cao kh",Đối tượng,2,Doanh nghiệp,,26/2018/QH14
1.002013,"Thủ tục đăng cai giải thi đấu, trận thi đấu thể thao thành tích cao kh",Đối tượng,3,Công dân Việt Nam,,26/2018/QH14
1.002013,"Thủ tục đăng cai giải thi đấu, trận thi đấu thể thao thành tích cao kh",Đối tượng,4,Doanh nghiệp có vốn đầu tư nước ngoài,,26/2018/QH14
1.002022,"Thủ tục đăng cai giải thi đấu, trận thi đấu do liên đoàn thể thao quốc",Đối tượng,1,"Tổ chức (không bao gồm doanh nghiệp, HTX)",,26/2018/QH14
1.002022,"Thủ tục đăng cai giải thi đấu, trận thi đấu do liên đoàn thể thao quốc",Đối tượng,2,Công dân Việt Nam,,26/2018/QH14
1.002046,Gia hạn thời gian lưu hành tại Việt Nam cho phương tiện của các nước t,Đối tượng,1,Công dân Việt Nam,,158/2024/NĐ-CP
1.002046,Gia hạn thời gian lưu hành tại Việt Nam cho phương tiện của các nước t,Đối tượng,2,Doanh nghiệp,,158/2024/NĐ-CP
1.002046,Gia hạn thời gian lưu hành tại Việt Nam cho phương tiện của các nước t,Đối tượng,3,Người nước ngoài,,158/2024/NĐ-CP
1.002046,Gia hạn thời gian lưu hành tại Việt Nam cho phương tiện của các nước t,Đối tượng,4,Tổ chức nước ngoài,,158/2024/NĐ-CP
1.002046,Gia hạn thời gian lưu hành tại Việt Nam cho phương tiện của các nước t,Đối tượng,5,Hợp tác xã,,158/2024/NĐ-CP
1.002046,Gia hạn thời gian lưu hành tại Việt Nam cho phương tiện của các nước t,Đối tượng,6,"Tổ chức (không bao gồm doanh nghiệp, HTX)",,158/2024/NĐ-CP
1.002046,Gia hạn thời gian lưu hành tại Việt Nam cho phương tiện của các nước t,Đối tượng,7,Doanh nghiệp có vốn đầu tư nước ngoài,,158/2024/NĐ-CP
1.002046,Gia hạn thời gian lưu hành tại Việt Nam cho phương tiện của các nước t,Đối tượng,8,Người Việt Nam định cư ở nước ngoài,,158/2024/NĐ-CP
1.002051,"Đăng ký, điều chỉnh đóng BHXH, BHYT, BHTN, BHTNLĐ, BNN; cấp sổ BHXH, t",Đối tượng,1,Doanh nghiệp có vốn đầu tư nước ngoài,,2222/QĐ-BHXH; 1040/QĐ-BHXH; 38/2013/QH13; 46/2014/QH13; 505/QĐ-BHXH; 838/QĐ-BHXH; 888/QĐ-BHXH; 28/2015/NĐ-CP; 58/2014/QH13; 948/QĐ-BHXH; 28/2015/TT-BLĐTBXH; 104/2022/NĐ-CP; 115/2015/NĐ-CP; 146/2018/NĐ-CP; 25/2008/QH12; 490/QĐ-BHXH; 01/2013/TT-BVHTTDL; 58/2020/NĐ-CP; 88/2020/NĐ-CP
1.002051,"Đăng ký, điều chỉnh đóng BHXH, BHYT, BHTN, BHTNLĐ, BNN; cấp sổ BHXH, t",Đối tượng,2,"Tổ chức (không bao gồm doanh nghiệp, HTX)",,2222/QĐ-BHXH; 1040/QĐ-BHXH; 38/2013/QH13; 46/2014/QH13; 505/QĐ-BHXH; 838/QĐ-BHXH; 888/QĐ-BHXH; 28/2015/NĐ-CP; 58/2014/QH13; 948/QĐ-BHXH; 28/2015/TT-BLĐTBXH; 104/2022/NĐ-CP; 115/2015/NĐ-CP; 146/2018/NĐ-CP; 25/2008/QH12; 490/QĐ-BHXH; 01/2013/TT-BVHTTDL; 58/2020/NĐ-CP; 88/2020/NĐ-CP
1.002051,"Đăng ký, điều chỉnh đóng BHXH, BHYT, BHTN, BHTNLĐ, BNN; cấp sổ BHXH, t",Đối tượng,3,Người Việt Nam định cư ở nước ngoài,,2222/QĐ-BHXH; 1040/QĐ-BHXH; 38/2013/QH13; 46/2014/QH13; 505/QĐ-BHXH; 838/QĐ-BHXH; 888/QĐ-BHXH; 28/2015/NĐ-CP; 58/2014/QH13; 948/QĐ-BHXH; 28/2015/TT-BLĐTBXH; 104/2022/NĐ-CP; 115/2015/NĐ-CP; 146/2018/NĐ-CP; 25/2008/QH12; 490/QĐ-BHXH; 01/2013/TT-BVHTTDL; 58/2020/NĐ-CP; 88/2020/NĐ-CP
1.002051,"Đăng ký, điều chỉnh đóng BHXH, BHYT, BHTN, BHTNLĐ, BNN; cấp sổ BHXH, t",Đối tượng,4,Công dân Việt Nam,,2222/QĐ-BHXH; 1040/QĐ-BHXH; 38/2013/QH13; 46/2014/QH13; 505/QĐ-BHXH; 838/QĐ-BHXH; 888/QĐ-BHXH; 28/2015/NĐ-CP; 58/2014/QH13; 948/QĐ-BHXH; 28/2015/TT-BLĐTBXH; 104/2022/NĐ-CP; 115/2015/NĐ-CP; 146/2018/NĐ-CP; 25/2008/QH12; 490/QĐ-BHXH; 01/2013/TT-BVHTTDL; 58/2020/NĐ-CP; 88/2020/NĐ-CP
1.002051,"Đăng ký, điều chỉnh đóng BHXH, BHYT, BHTN, BHTNLĐ, BNN; cấp sổ BHXH, t",Đối tượng,5,Doanh nghiệp,,2222/QĐ-BHXH; 1040/QĐ-BHXH; 38/2013/QH13; 46/2014/QH13; 505/QĐ-BHXH; 838/QĐ-BHXH; 888/QĐ-BHXH; 28/2015/NĐ-CP; 58/2014/QH13; 948/QĐ-BHXH; 28/2015/TT-BLĐTBXH; 104/2022/NĐ-CP; 115/2015/NĐ-CP; 146/2018/NĐ-CP; 25/2008/QH12; 490/QĐ-BHXH; 01/2013/TT-BVHTTDL; 58/2020/NĐ-CP; 88/2020/NĐ-CP
1.002051,"Đăng ký, điều chỉnh đóng BHXH, BHYT, BHTN, BHTNLĐ, BNN; cấp sổ BHXH, t",Đối tượng,6,Tổ chức nước ngoài,,2222/QĐ-BHXH; 1040/QĐ-BHXH; 38/2013/QH13; 46/2014/QH13; 505/QĐ-BHXH; 838/QĐ-BHXH; 888/QĐ-BHXH; 28/2015/NĐ-CP; 58/2014/QH13; 948/QĐ-BHXH; 28/2015/TT-BLĐTBXH; 104/2022/NĐ-CP; 115/2015/NĐ-CP; 146/2018/NĐ-CP; 25/2008/QH12; 490/QĐ-BHXH; 01/2013/TT-BVHTTDL; 58/2020/NĐ-CP; 88/2020/NĐ-CP
1.002051,"Đăng ký, điều chỉnh đóng BHXH, BHYT, BHTN, BHTNLĐ, BNN; cấp sổ BHXH, t",Đối tượng,7,Hợp tác xã,,2222/QĐ-BHXH; 1040/QĐ-BHXH; 38/2013/QH13; 46/2014/QH13; 505/QĐ-BHXH; 838/QĐ-BHXH; 888/QĐ-BHXH; 28/2015/NĐ-CP; 58/2014/QH13; 948/QĐ-BHXH; 28/2015/TT-BLĐTBXH; 104/2022/NĐ-CP; 115/2015/NĐ-CP; 146/2018/NĐ-CP; 25/2008/QH12; 490/QĐ-BHXH; 01/2013/TT-BVHTTDL; 58/2020/NĐ-CP; 88/2020/NĐ-CP
1.002063,Gia hạn thời gian lưu hành tại Việt Nam cho phương tiện của Lào,Đối tượng,1,Công dân Việt Nam,,158/2024/NĐ-CP
1.002063,Gia hạn thời gian lưu hành tại Việt Nam cho phương tiện của Lào,Đối tượng,2,Doanh nghiệp,,158/2024/NĐ-CP
1.002063,Gia hạn thời gian lưu hành tại Việt Nam cho phương tiện của Lào,Đối tượng,3,Người nước ngoài,,158/2024/NĐ-CP
1.002063,Gia hạn thời gian lưu hành tại Việt Nam cho phương tiện của Lào,Đối tượng,4,Tổ chức nước ngoài,,158/2024/NĐ-CP
1.002063,Gia hạn thời gian lưu hành tại Việt Nam cho phương tiện của Lào,Đối tượng,5,Hợp tác xã,,158/2024/NĐ-CP
1.002063,Gia hạn thời gian lưu hành tại Việt Nam cho phương tiện của Lào,Đối tượng,6,Doanh nghiệp có vốn đầu tư nước ngoài,,158/2024/NĐ-CP
1.002063,Gia hạn thời gian lưu hành tại Việt Nam cho phương tiện của Lào,Đối tượng,7,"Tổ chức (không bao gồm doanh nghiệp, HTX)",,158/2024/NĐ-CP
1.002063,Gia hạn thời gian lưu hành tại Việt Nam cho phương tiện của Lào,Đối tượng,8,Người Việt Nam định cư ở nước ngoài,,158/2024/NĐ-CP
1.002179,"Đăng ký, đăng ký lại, điều chỉnh đóng BHXH tự nguyện; cấp sổ BHXH",Đối tượng,1,"Tổ chức (không bao gồm doanh nghiệp, HTX)",,104/2022/NĐ-CP; 505/QĐ-BHXH; 838/QĐ-BHXH; 888/QĐ-BHXH; 58/2014/QH13; 948/QĐ-BHXH; 01/2016/TT-BLĐTBXH; 490/QĐ-BHXH; 134/2015/NĐ-CP; 102/2018/TT-BTC
1.002179,"Đăng ký, đăng ký lại, điều chỉnh đóng BHXH tự nguyện; cấp sổ BHXH",Đối tượng,2,Người Việt Nam định cư ở nước ngoài,,104/2022/NĐ-CP; 505/QĐ-BHXH; 838/QĐ-BHXH; 888/QĐ-BHXH; 58/2014/QH13; 948/QĐ-BHXH; 01/2016/TT-BLĐTBXH; 490/QĐ-BHXH; 134/2015/NĐ-CP; 102/2018/TT-BTC
1.002179,"Đăng ký, đăng ký lại, điều chỉnh đóng BHXH tự nguyện; cấp sổ BHXH",Đối tượng,3,Công dân Việt Nam,,104/2022/NĐ-CP; 505/QĐ-BHXH; 838/QĐ-BHXH; 888/QĐ-BHXH; 58/2014/QH13; 948/QĐ-BHXH; 01/2016/TT-BLĐTBXH; 490/QĐ-BHXH; 134/2015/NĐ-CP; 102/2018/TT-BTC
1.002268,"Đăng ký khai thác tuyến, bổ sung hoặc thay thế phương tiện khai thác t",Đối tượng,1,Doanh nghiệp,,158/2024/NĐ-CP
1.002268,"Đăng ký khai thác tuyến, bổ sung hoặc thay thế phương tiện khai thác t",Đối tượng,2,Hợp tác xã,,158/2024/NĐ-CP
1.002268,"Đăng ký khai thác tuyến, bổ sung hoặc thay thế phương tiện khai thác t",Đối tượng,3,Doanh nghiệp có vốn đầu tư nước ngoài,,158/2024/NĐ-CP
1.002268,"Đăng ký khai thác tuyến, bổ sung hoặc thay thế phương tiện khai thác t",Đối tượng,4,"Tổ chức (không bao gồm doanh nghiệp, HTX)",,158/2024/NĐ-CP
1.002286,"Gia hạn thời gian lưu hành tại Việt Nam cho phương tiện của Lào, Campu",Đối tượng,1,Công dân Việt Nam,,158/2024/NĐ-CP
1.002286,"Gia hạn thời gian lưu hành tại Việt Nam cho phương tiện của Lào, Campu",Đối tượng,2,Người nước ngoài,,158/2024/NĐ-CP
1.002286,"Gia hạn thời gian lưu hành tại Việt Nam cho phương tiện của Lào, Campu",Đối tượng,3,Doanh nghiệp,,158/2024/NĐ-CP
1.002286,"Gia hạn thời gian lưu hành tại Việt Nam cho phương tiện của Lào, Campu",Đối tượng,4,Tổ chức nước ngoài,,158/2024/NĐ-CP
1.002286,"Gia hạn thời gian lưu hành tại Việt Nam cho phương tiện của Lào, Campu",Đối tượng,5,Hợp tác xã,,158/2024/NĐ-CP
1.002286,"Gia hạn thời gian lưu hành tại Việt Nam cho phương tiện của Lào, Campu",Đối tượng,6,Doanh nghiệp có vốn đầu tư nước ngoài,,158/2024/NĐ-CP
1.002286,"Gia hạn thời gian lưu hành tại Việt Nam cho phương tiện của Lào, Campu",Đối tượng,7,Người Việt Nam định cư ở nước ngoài,,158/2024/NĐ-CP
1.002286,"Gia hạn thời gian lưu hành tại Việt Nam cho phương tiện của Lào, Campu",Đối tượng,8,"Tổ chức (không bao gồm doanh nghiệp, HTX)",,158/2024/NĐ-CP
1.002334,"Đăng ký khai thác tuyến, bổ sung hoặc thay thế phương tiện khai thác t",Đối tượng,1,Doanh nghiệp,,158/2024/NĐ-CP; 144/2025/NĐ-CP
1.002334,"Đăng ký khai thác tuyến, bổ sung hoặc thay thế phương tiện khai thác t",Đối tượng,2,Hợp tác xã,,158/2024/NĐ-CP; 144/2025/NĐ-CP
1.002334,"Đăng ký khai thác tuyến, bổ sung hoặc thay thế phương tiện khai thác t",Đối tượng,3,Doanh nghiệp có vốn đầu tư nước ngoài,,158/2024/NĐ-CP; 144/2025/NĐ-CP
1.002334,"Đăng ký khai thác tuyến, bổ sung hoặc thay thế phương tiện khai thác t",Đối tượng,4,Doanh nghiệp Việt Nam,,158/2024/NĐ-CP; 144/2025/NĐ-CP
1.002334,"Đăng ký khai thác tuyến, bổ sung hoặc thay thế phương tiện khai thác t",Đối tượng,5,"Tổ chức (không bao gồm doanh nghiệp, HTX)",,158/2024/NĐ-CP; 144/2025/NĐ-CP
1.002357,Cấp lại Giấy phép vận tải đường bộ quốc tế giữa Việt Nam và Trung Quốc,Đối tượng,1,Người Việt Nam định cư ở nước ngoài,,158/2024/NĐ-CP
1.002357,Cấp lại Giấy phép vận tải đường bộ quốc tế giữa Việt Nam và Trung Quốc,Đối tượng,2,"Tổ chức (không bao gồm doanh nghiệp, HTX)",,158/2024/NĐ-CP
1.002357,Cấp lại Giấy phép vận tải đường bộ quốc tế giữa Việt Nam và Trung Quốc,Đối tượng,3,Công dân Việt Nam,,158/2024/NĐ-CP
1.002357,Cấp lại Giấy phép vận tải đường bộ quốc tế giữa Việt Nam và Trung Quốc,Đối tượng,4,Người nước ngoài,,158/2024/NĐ-CP
1.002357,Cấp lại Giấy phép vận tải đường bộ quốc tế giữa Việt Nam và Trung Quốc,Đối tượng,5,Doanh nghiệp,,158/2024/NĐ-CP
1.002357,Cấp lại Giấy phép vận tải đường bộ quốc tế giữa Việt Nam và Trung Quốc,Đối tượng,6,Tổ chức nước ngoài,,158/2024/NĐ-CP
1.002357,Cấp lại Giấy phép vận tải đường bộ quốc tế giữa Việt Nam và Trung Quốc,Đối tượng,7,Hợp tác xã,,158/2024/NĐ-CP
1.002357,Cấp lại Giấy phép vận tải đường bộ quốc tế giữa Việt Nam và Trung Quốc,Đối tượng,8,Doanh nghiệp có vốn đầu tư nước ngoài,,158/2024/NĐ-CP
1.002374,Cấp Giấy phép vận tải đường bộ quốc tế giữa Việt Nam và Trung Quốc loạ,Đối tượng,1,Doanh nghiệp có vốn đầu tư nước ngoài,,158/2024/NĐ-CP
1.002374,Cấp Giấy phép vận tải đường bộ quốc tế giữa Việt Nam và Trung Quốc loạ,Đối tượng,2,Doanh nghiệp,,158/2024/NĐ-CP
1.002374,Cấp Giấy phép vận tải đường bộ quốc tế giữa Việt Nam và Trung Quốc loạ,Đối tượng,3,Người nước ngoài,,158/2024/NĐ-CP
1.002374,Cấp Giấy phép vận tải đường bộ quốc tế giữa Việt Nam và Trung Quốc loạ,Đối tượng,4,Tổ chức nước ngoài,,158/2024/NĐ-CP
1.002374,Cấp Giấy phép vận tải đường bộ quốc tế giữa Việt Nam và Trung Quốc loạ,Đối tượng,5,Hợp tác xã,,158/2024/NĐ-CP
1.002374,Cấp Giấy phép vận tải đường bộ quốc tế giữa Việt Nam và Trung Quốc loạ,Đối tượng,6,"Tổ chức (không bao gồm doanh nghiệp, HTX)",,158/2024/NĐ-CP
1.002374,Cấp Giấy phép vận tải đường bộ quốc tế giữa Việt Nam và Trung Quốc loạ,Đối tượng,7,Người Việt Nam định cư ở nước ngoài,,158/2024/NĐ-CP
1.002381,Giới thiệu đề nghị cấp Giấy phép vận tải đường bộ quốc tế giữa Việt Na,Đối tượng,1,"Tổ chức (không bao gồm doanh nghiệp, HTX)",,158/2024/NĐ-CP
1.002381,Giới thiệu đề nghị cấp Giấy phép vận tải đường bộ quốc tế giữa Việt Na,Đối tượng,2,Doanh nghiệp có vốn đầu tư nước ngoài,,158/2024/NĐ-CP
1.002381,Giới thiệu đề nghị cấp Giấy phép vận tải đường bộ quốc tế giữa Việt Na,Đối tượng,3,Doanh nghiệp,,158/2024/NĐ-CP
1.002381,Giới thiệu đề nghị cấp Giấy phép vận tải đường bộ quốc tế giữa Việt Na,Đối tượng,4,Hợp tác xã,,158/2024/NĐ-CP
1.002396,Thủ tục cấp Giấy chứng nhận đủ điều kiện kinh doanh hoạt động thể thao,Đối tượng,1,Doanh nghiệp,,31/2024/NĐ-CP; 77/2006/QH11; 36/2019/NĐ-CP; 97/2015/QH13; 26/2018/QH14
1.002396,Thủ tục cấp Giấy chứng nhận đủ điều kiện kinh doanh hoạt động thể thao,Đối tượng,2,Công dân Việt Nam,,31/2024/NĐ-CP; 77/2006/QH11; 36/2019/NĐ-CP; 97/2015/QH13; 26/2018/QH14
1.002445,Thủ tục cấp Giấy chứng nhận đủ điều kiện kinh doanh hoạt động thể thao,Đối tượng,1,Doanh nghiệp,,26/2018/QH14; 36/2019/NĐ-CP; 97/2015/QH13; 31/2024/NĐ-CP; 77/2006/QH11
1.002445,Thủ tục cấp Giấy chứng nhận đủ điều kiện kinh doanh hoạt động thể thao,Đối tượng,2,Công dân Việt Nam,,26/2018/QH14; 36/2019/NĐ-CP; 97/2015/QH13; 31/2024/NĐ-CP; 77/2006/QH11
1.002551,Cấp lại chứng chỉ kiểm định viên cho các cá nhân thực hiện kiểm định đ,Đối tượng,1,Công dân Việt Nam,,84/2024/NĐ-CP; 44/2016/NĐ-CP; 140/2018/NĐ-CP; 04/2023/NĐ-CP
1.002551,Cấp lại chứng chỉ kiểm định viên cho các cá nhân thực hiện kiểm định đ,Đối tượng,2,Người nước ngoài,,84/2024/NĐ-CP; 44/2016/NĐ-CP; 140/2018/NĐ-CP; 04/2023/NĐ-CP
1.002551,Cấp lại chứng chỉ kiểm định viên cho các cá nhân thực hiện kiểm định đ,Đối tượng,3,"Cán bộ, công chức, viên chức",,84/2024/NĐ-CP; 44/2016/NĐ-CP; 140/2018/NĐ-CP; 04/2023/NĐ-CP
1.002551,Cấp lại chứng chỉ kiểm định viên cho các cá nhân thực hiện kiểm định đ,Đối tượng,4,Người Việt Nam định cư ở nước ngoài,,84/2024/NĐ-CP; 44/2016/NĐ-CP; 140/2018/NĐ-CP; 04/2023/NĐ-CP
1.002589,Cấp chứng chỉ kiểm định viên cho các cá nhân thực hiện kiểm định đối v,Đối tượng,1,Công dân Việt Nam,,44/2016/NĐ-CP; 04/2023/NĐ-CP; 140/2018/NĐ-CP; 84/2024/NĐ-CP
1.002589,Cấp chứng chỉ kiểm định viên cho các cá nhân thực hiện kiểm định đối v,Đối tượng,2,Người nước ngoài,,44/2016/NĐ-CP; 04/2023/NĐ-CP; 140/2018/NĐ-CP; 84/2024/NĐ-CP
1.002589,Cấp chứng chỉ kiểm định viên cho các cá nhân thực hiện kiểm định đối v,Đối tượng,3,"Cán bộ, công chức, viên chức",,44/2016/NĐ-CP; 04/2023/NĐ-CP; 140/2018/NĐ-CP; 84/2024/NĐ-CP
1.002589,Cấp chứng chỉ kiểm định viên cho các cá nhân thực hiện kiểm định đối v,Đối tượng,4,Người Việt Nam định cư ở nước ngoài,,44/2016/NĐ-CP; 04/2023/NĐ-CP; 140/2018/NĐ-CP; 84/2024/NĐ-CP
1.002613,Cấp lại Giấy chứng nhận đủ điều kiện hoạt động kiểm định kỹ thuật an t,Đối tượng,1,Doanh nghiệp có vốn đầu tư nước ngoài,,84/2024/NĐ-CP; 24/2026/NQ-CP; 44/2016/NĐ-CP; 64/2025/TT-BCT; 140/2018/NĐ-CP; 04/2023/NĐ-CP; 110/2017/TT-BTC; 84/2015/QH13
1.002613,Cấp lại Giấy chứng nhận đủ điều kiện hoạt động kiểm định kỹ thuật an t,Đối tượng,2,Doanh nghiệp,,84/2024/NĐ-CP; 24/2026/NQ-CP; 44/2016/NĐ-CP; 64/2025/TT-BCT; 140/2018/NĐ-CP; 04/2023/NĐ-CP; 110/2017/TT-BTC; 84/2015/QH13
1.002613,Cấp lại Giấy chứng nhận đủ điều kiện hoạt động kiểm định kỹ thuật an t,Đối tượng,3,Tổ chức nước ngoài,,84/2024/NĐ-CP; 24/2026/NQ-CP; 44/2016/NĐ-CP; 64/2025/TT-BCT; 140/2018/NĐ-CP; 04/2023/NĐ-CP; 110/2017/TT-BTC; 84/2015/QH13
1.002613,Cấp lại Giấy chứng nhận đủ điều kiện hoạt động kiểm định kỹ thuật an t,Đối tượng,4,Hợp tác xã,,84/2024/NĐ-CP; 24/2026/NQ-CP; 44/2016/NĐ-CP; 64/2025/TT-BCT; 140/2018/NĐ-CP; 04/2023/NĐ-CP; 110/2017/TT-BTC; 84/2015/QH13
1.002613,Cấp lại Giấy chứng nhận đủ điều kiện hoạt động kiểm định kỹ thuật an t,Đối tượng,5,"Tổ chức (không bao gồm doanh nghiệp, HTX)",,84/2024/NĐ-CP; 24/2026/NQ-CP; 44/2016/NĐ-CP; 64/2025/TT-BCT; 140/2018/NĐ-CP; 04/2023/NĐ-CP; 110/2017/TT-BTC; 84/2015/QH13
1.002636,Gia hạn Giấy chứng nhận đủ điều kiện hoạt động kiểm định kỹ thuật an t,Đối tượng,1,Hợp tác xã,,24/2026/NQ-CP; 140/2018/NĐ-CP; 63/2023/TT-BTC; 110/2017/TT-BTC; 84/2024/NĐ-CP; 44/2016/NĐ-CP; 64/2025/TT-BCT; 04/2023/NĐ-CP
1.002636,Gia hạn Giấy chứng nhận đủ điều kiện hoạt động kiểm định kỹ thuật an t,Đối tượng,2,Doanh nghiệp,,24/2026/NQ-CP; 140/2018/NĐ-CP; 63/2023/TT-BTC; 110/2017/TT-BTC; 84/2024/NĐ-CP; 44/2016/NĐ-CP; 64/2025/TT-BCT; 04/2023/NĐ-CP
1.002636,Gia hạn Giấy chứng nhận đủ điều kiện hoạt động kiểm định kỹ thuật an t,Đối tượng,3,Tổ chức nước ngoài,,24/2026/NQ-CP; 140/2018/NĐ-CP; 63/2023/TT-BTC; 110/2017/TT-BTC; 84/2024/NĐ-CP; 44/2016/NĐ-CP; 64/2025/TT-BCT; 04/2023/NĐ-CP
1.002636,Gia hạn Giấy chứng nhận đủ điều kiện hoạt động kiểm định kỹ thuật an t,Đối tượng,4,Doanh nghiệp có vốn đầu tư nước ngoài,,24/2026/NQ-CP; 140/2018/NĐ-CP; 63/2023/TT-BTC; 110/2017/TT-BTC; 84/2024/NĐ-CP; 44/2016/NĐ-CP; 64/2025/TT-BCT; 04/2023/NĐ-CP
1.002636,Gia hạn Giấy chứng nhận đủ điều kiện hoạt động kiểm định kỹ thuật an t,Đối tượng,5,"Tổ chức (không bao gồm doanh nghiệp, HTX)",,24/2026/NQ-CP; 140/2018/NĐ-CP; 63/2023/TT-BTC; 110/2017/TT-BTC; 84/2024/NĐ-CP; 44/2016/NĐ-CP; 64/2025/TT-BCT; 04/2023/NĐ-CP
1.002650,Cấp Giấy chứng nhận đủ điều kiện hoạt động kiểm định kỹ thuật an toàn,Đối tượng,1,Doanh nghiệp có vốn đầu tư nước ngoài,,24/2026/NQ-CP; 110/2017/TT-BTC; 84/2024/NĐ-CP; 140/2018/NĐ-CP; 04/2023/NĐ-CP; 44/2016/NĐ-CP; 64/2025/TT-BCT; 84/2015/QH13
1.002650,Cấp Giấy chứng nhận đủ điều kiện hoạt động kiểm định kỹ thuật an toàn,Đối tượng,2,"Tổ chức (không bao gồm doanh nghiệp, HTX)",,24/2026/NQ-CP; 110/2017/TT-BTC; 84/2024/NĐ-CP; 140/2018/NĐ-CP; 04/2023/NĐ-CP; 44/2016/NĐ-CP; 64/2025/TT-BCT; 84/2015/QH13
1.002650,Cấp Giấy chứng nhận đủ điều kiện hoạt động kiểm định kỹ thuật an toàn,Đối tượng,3,Doanh nghiệp,,24/2026/NQ-CP; 110/2017/TT-BTC; 84/2024/NĐ-CP; 140/2018/NĐ-CP; 04/2023/NĐ-CP; 44/2016/NĐ-CP; 64/2025/TT-BCT; 84/2015/QH13
1.002650,Cấp Giấy chứng nhận đủ điều kiện hoạt động kiểm định kỹ thuật an toàn,Đối tượng,4,Tổ chức nước ngoài,,24/2026/NQ-CP; 110/2017/TT-BTC; 84/2024/NĐ-CP; 140/2018/NĐ-CP; 04/2023/NĐ-CP; 44/2016/NĐ-CP; 64/2025/TT-BCT; 84/2015/QH13
1.002650,Cấp Giấy chứng nhận đủ điều kiện hoạt động kiểm định kỹ thuật an toàn,Đối tượng,5,Hợp tác xã,,24/2026/NQ-CP; 110/2017/TT-BTC; 84/2024/NĐ-CP; 140/2018/NĐ-CP; 04/2023/NĐ-CP; 44/2016/NĐ-CP; 64/2025/TT-BCT; 84/2015/QH13
1.002693,"Cấp giấy phép chặt hạ, dịch chuyển cây xanh",Đối tượng,1,"Tổ chức (không bao gồm doanh nghiệp, HTX)",,47/2024/QH15; 258/2025/NĐ-CP
1.002693,"Cấp giấy phép chặt hạ, dịch chuyển cây xanh",Đối tượng,2,Người Việt Nam định cư ở nước ngoài,,47/2024/QH15; 258/2025/NĐ-CP
1.002693,"Cấp giấy phép chặt hạ, dịch chuyển cây xanh",Đối tượng,3,Công dân Việt Nam,,47/2024/QH15; 258/2025/NĐ-CP
1.002693,"Cấp giấy phép chặt hạ, dịch chuyển cây xanh",Đối tượng,4,Doanh nghiệp,,47/2024/QH15; 258/2025/NĐ-CP
1.002693,"Cấp giấy phép chặt hạ, dịch chuyển cây xanh",Đối tượng,5,Người nước ngoài,,47/2024/QH15; 258/2025/NĐ-CP
1.002693,"Cấp giấy phép chặt hạ, dịch chuyển cây xanh",Đối tượng,6,Tổ chức nước ngoài,,47/2024/QH15; 258/2025/NĐ-CP
1.002693,"Cấp giấy phép chặt hạ, dịch chuyển cây xanh",Đối tượng,7,Hợp tác xã,,47/2024/QH15; 258/2025/NĐ-CP
1.002693,"Cấp giấy phép chặt hạ, dịch chuyển cây xanh",Đối tượng,8,"Cán bộ, công chức, viên chức",,47/2024/QH15; 258/2025/NĐ-CP
1.002693,"Cấp giấy phép chặt hạ, dịch chuyển cây xanh",Đối tượng,9,Doanh nghiệp có vốn đầu tư nước ngoài,,47/2024/QH15; 258/2025/NĐ-CP
1.002759,"Cấp lại, đổi, điều chỉnh thông tin trên sổ BHXH, thẻ BHYT",Đối tượng,1,Công dân Việt Nam,,104/2022/NĐ-CP; 123/2015/NĐ-CP; 01/2013/TT-BVHTTDL; 948/QĐ-BHXH; 01/2016/TT-BLĐTBXH; 01/2019/TT-BLĐTBXH; 28/2015/TT-BLĐTBXH; 115/2015/NĐ-CP; 146/2018/NĐ-CP; 25/2008/QH12; 250/QĐ-TT; 490/QĐ-BHXH; 2754/BHXH-CSXH; 4533/BHXH-CSXH; 838/QĐ-BHXH; 888/QĐ-BHXH; 13/TT-NV; 28/2015/NĐ-CP; 58/2014/QH13; 13-TB/TW; 134/2015/NĐ-CP; 38/2013/QH13; 46/2014/QH13; 18/2009/TTLT
1.002759,"Cấp lại, đổi, điều chỉnh thông tin trên sổ BHXH, thẻ BHYT",Đối tượng,2,Doanh nghiệp,,104/2022/NĐ-CP; 123/2015/NĐ-CP; 01/2013/TT-BVHTTDL; 948/QĐ-BHXH; 01/2016/TT-BLĐTBXH; 01/2019/TT-BLĐTBXH; 28/2015/TT-BLĐTBXH; 115/2015/NĐ-CP; 146/2018/NĐ-CP; 25/2008/QH12; 250/QĐ-TT; 490/QĐ-BHXH; 2754/BHXH-CSXH; 4533/BHXH-CSXH; 838/QĐ-BHXH; 888/QĐ-BHXH; 13/TT-NV; 28/2015/NĐ-CP; 58/2014/QH13; 13-TB/TW; 134/2015/NĐ-CP; 38/2013/QH13; 46/2014/QH13; 18/2009/TTLT
1.002759,"Cấp lại, đổi, điều chỉnh thông tin trên sổ BHXH, thẻ BHYT",Đối tượng,3,Hợp tác xã,,104/2022/NĐ-CP; 123/2015/NĐ-CP; 01/2013/TT-BVHTTDL; 948/QĐ-BHXH; 01/2016/TT-BLĐTBXH; 01/2019/TT-BLĐTBXH; 28/2015/TT-BLĐTBXH; 115/2015/NĐ-CP; 146/2018/NĐ-CP; 25/2008/QH12; 250/QĐ-TT; 490/QĐ-BHXH; 2754/BHXH-CSXH; 4533/BHXH-CSXH; 838/QĐ-BHXH; 888/QĐ-BHXH; 13/TT-NV; 28/2015/NĐ-CP; 58/2014/QH13; 13-TB/TW; 134/2015/NĐ-CP; 38/2013/QH13; 46/2014/QH13; 18/2009/TTLT
1.002759,"Cấp lại, đổi, điều chỉnh thông tin trên sổ BHXH, thẻ BHYT",Đối tượng,4,"Tổ chức (không bao gồm doanh nghiệp, HTX)",,104/2022/NĐ-CP; 123/2015/NĐ-CP; 01/2013/TT-BVHTTDL; 948/QĐ-BHXH; 01/2016/TT-BLĐTBXH; 01/2019/TT-BLĐTBXH; 28/2015/TT-BLĐTBXH; 115/2015/NĐ-CP; 146/2018/NĐ-CP; 25/2008/QH12; 250/QĐ-TT; 490/QĐ-BHXH; 2754/BHXH-CSXH; 4533/BHXH-CSXH; 838/QĐ-BHXH; 888/QĐ-BHXH; 13/TT-NV; 28/2015/NĐ-CP; 58/2014/QH13; 13-TB/TW; 134/2015/NĐ-CP; 38/2013/QH13; 46/2014/QH13; 18/2009/TTLT
1.002759,"Cấp lại, đổi, điều chỉnh thông tin trên sổ BHXH, thẻ BHYT",Đối tượng,5,Doanh nghiệp có vốn đầu tư nước ngoài,,104/2022/NĐ-CP; 123/2015/NĐ-CP; 01/2013/TT-BVHTTDL; 948/QĐ-BHXH; 01/2016/TT-BLĐTBXH; 01/2019/TT-BLĐTBXH; 28/2015/TT-BLĐTBXH; 115/2015/NĐ-CP; 146/2018/NĐ-CP; 25/2008/QH12; 250/QĐ-TT; 490/QĐ-BHXH; 2754/BHXH-CSXH; 4533/BHXH-CSXH; 838/QĐ-BHXH; 888/QĐ-BHXH; 13/TT-NV; 28/2015/NĐ-CP; 58/2014/QH13; 13-TB/TW; 134/2015/NĐ-CP; 38/2013/QH13; 46/2014/QH13; 18/2009/TTLT
1.002798,Phê duyệt phương án tổ chức giao thông trước khi đưa đường cao tốc vào,Đối tượng,1,Công dân Việt Nam,,165/2024/NĐ-CP; 241/2026/NĐ-CP
1.002798,Phê duyệt phương án tổ chức giao thông trước khi đưa đường cao tốc vào,Đối tượng,2,Doanh nghiệp,,165/2024/NĐ-CP; 241/2026/NĐ-CP
1.002798,Phê duyệt phương án tổ chức giao thông trước khi đưa đường cao tốc vào,Đối tượng,3,Người nước ngoài,,165/2024/NĐ-CP; 241/2026/NĐ-CP
1.002798,Phê duyệt phương án tổ chức giao thông trước khi đưa đường cao tốc vào,Đối tượng,4,Tổ chức nước ngoài,,165/2024/NĐ-CP; 241/2026/NĐ-CP
1.002798,Phê duyệt phương án tổ chức giao thông trước khi đưa đường cao tốc vào,Đối tượng,5,Hợp tác xã,,165/2024/NĐ-CP; 241/2026/NĐ-CP
1.002798,Phê duyệt phương án tổ chức giao thông trước khi đưa đường cao tốc vào,Đối tượng,6,"Tổ chức (không bao gồm doanh nghiệp, HTX)",,165/2024/NĐ-CP; 241/2026/NĐ-CP
1.002798,Phê duyệt phương án tổ chức giao thông trước khi đưa đường cao tốc vào,Đối tượng,7,Doanh nghiệp có vốn đầu tư nước ngoài,,165/2024/NĐ-CP; 241/2026/NĐ-CP
1.002817,"Cấp, cấp lại Giấy phép liên vận GMS hoặc sổ TAD",Đối tượng,1,"Tổ chức (không bao gồm doanh nghiệp, HTX)",,144/2025/NĐ-CP; 158/2024/NĐ-CP
1.002817,"Cấp, cấp lại Giấy phép liên vận GMS hoặc sổ TAD",Đối tượng,2,Doanh nghiệp có vốn đầu tư nước ngoài,,144/2025/NĐ-CP; 158/2024/NĐ-CP
1.002817,"Cấp, cấp lại Giấy phép liên vận GMS hoặc sổ TAD",Đối tượng,3,Doanh nghiệp,,144/2025/NĐ-CP; 158/2024/NĐ-CP
1.002817,"Cấp, cấp lại Giấy phép liên vận GMS hoặc sổ TAD",Đối tượng,4,Hợp tác xã,,144/2025/NĐ-CP; 158/2024/NĐ-CP
1.002829,"Cấp, cấp lại Giấy phép vận tải đường bộ quốc tế GMS",Đối tượng,1,"Tổ chức (không bao gồm doanh nghiệp, HTX)",,144/2025/NĐ-CP; 158/2024/NĐ-CP
1.002829,"Cấp, cấp lại Giấy phép vận tải đường bộ quốc tế GMS",Đối tượng,2,Doanh nghiệp có vốn đầu tư nước ngoài,,144/2025/NĐ-CP; 158/2024/NĐ-CP
1.002829,"Cấp, cấp lại Giấy phép vận tải đường bộ quốc tế GMS",Đối tượng,3,Doanh nghiệp,,144/2025/NĐ-CP; 158/2024/NĐ-CP
1.002829,"Cấp, cấp lại Giấy phép vận tải đường bộ quốc tế GMS",Đối tượng,4,Tổ chức nước ngoài,,144/2025/NĐ-CP; 158/2024/NĐ-CP
1.002829,"Cấp, cấp lại Giấy phép vận tải đường bộ quốc tế GMS",Đối tượng,5,Hợp tác xã,,144/2025/NĐ-CP; 158/2024/NĐ-CP
1.002847,"Đăng ký khai thác tuyến, bổ sung, thay thế phương tiện khai thác tuyến",Đối tượng,1,Doanh nghiệp có vốn đầu tư nước ngoài,,158/2024/NĐ-CP; 144/2025/NĐ-CP
1.002847,"Đăng ký khai thác tuyến, bổ sung, thay thế phương tiện khai thác tuyến",Đối tượng,2,Doanh nghiệp,,158/2024/NĐ-CP; 144/2025/NĐ-CP
1.002847,"Đăng ký khai thác tuyến, bổ sung, thay thế phương tiện khai thác tuyến",Đối tượng,3,Hợp tác xã,,158/2024/NĐ-CP; 144/2025/NĐ-CP
1.002847,"Đăng ký khai thác tuyến, bổ sung, thay thế phương tiện khai thác tuyến",Đối tượng,4,"Tổ chức (không bao gồm doanh nghiệp, HTX)",,158/2024/NĐ-CP; 144/2025/NĐ-CP
1.002856,"Cấp, cấp lại Giấy phép liên vận giữa Việt Nam và Lào",Đối tượng,1,"Tổ chức (không bao gồm doanh nghiệp, HTX)",,158/2024/NĐ-CP
1.002856,"Cấp, cấp lại Giấy phép liên vận giữa Việt Nam và Lào",Đối tượng,2,Người Việt Nam định cư ở nước ngoài,,158/2024/NĐ-CP
1.002856,"Cấp, cấp lại Giấy phép liên vận giữa Việt Nam và Lào",Đối tượng,3,Doanh nghiệp có vốn đầu tư nước ngoài,,158/2024/NĐ-CP
1.002856,"Cấp, cấp lại Giấy phép liên vận giữa Việt Nam và Lào",Đối tượng,4,Công dân Việt Nam,,158/2024/NĐ-CP
1.002856,"Cấp, cấp lại Giấy phép liên vận giữa Việt Nam và Lào",Đối tượng,5,Doanh nghiệp,,158/2024/NĐ-CP
1.002856,"Cấp, cấp lại Giấy phép liên vận giữa Việt Nam và Lào",Đối tượng,6,Người nước ngoài,,158/2024/NĐ-CP
1.002856,"Cấp, cấp lại Giấy phép liên vận giữa Việt Nam và Lào",Đối tượng,7,Tổ chức nước ngoài,,158/2024/NĐ-CP
1.002856,"Cấp, cấp lại Giấy phép liên vận giữa Việt Nam và Lào",Đối tượng,8,Hợp tác xã,,158/2024/NĐ-CP
1.002861,"Cấp, cấp lại Giấy phép vận tải đường bộ quốc tế giữa Việt Nam và Lào",Đối tượng,1,"Tổ chức (không bao gồm doanh nghiệp, HTX)",,158/2024/NĐ-CP
1.002861,"Cấp, cấp lại Giấy phép vận tải đường bộ quốc tế giữa Việt Nam và Lào",Đối tượng,2,Doanh nghiệp có vốn đầu tư nước ngoài,,158/2024/NĐ-CP
1.002861,"Cấp, cấp lại Giấy phép vận tải đường bộ quốc tế giữa Việt Nam và Lào",Đối tượng,3,Doanh nghiệp,,158/2024/NĐ-CP
1.002861,"Cấp, cấp lại Giấy phép vận tải đường bộ quốc tế giữa Việt Nam và Lào",Đối tượng,4,Hợp tác xã,,158/2024/NĐ-CP
1.002877,"Cấp, cấp lại Giấy phép liên vận giữa Việt Nam, Lào và Campuchia",Đối tượng,1,Người Việt Nam định cư ở nước ngoài,,158/2024/NĐ-CP; 144/2025/NĐ-CP
1.002877,"Cấp, cấp lại Giấy phép liên vận giữa Việt Nam, Lào và Campuchia",Đối tượng,2,"Tổ chức (không bao gồm doanh nghiệp, HTX)",,158/2024/NĐ-CP; 144/2025/NĐ-CP
1.002877,"Cấp, cấp lại Giấy phép liên vận giữa Việt Nam, Lào và Campuchia",Đối tượng,3,Doanh nghiệp có vốn đầu tư nước ngoài,,158/2024/NĐ-CP; 144/2025/NĐ-CP
1.002877,"Cấp, cấp lại Giấy phép liên vận giữa Việt Nam, Lào và Campuchia",Đối tượng,4,Công dân Việt Nam,,158/2024/NĐ-CP; 144/2025/NĐ-CP
1.002877,"Cấp, cấp lại Giấy phép liên vận giữa Việt Nam, Lào và Campuchia",Đối tượng,5,Doanh nghiệp,,158/2024/NĐ-CP; 144/2025/NĐ-CP
1.002877,"Cấp, cấp lại Giấy phép liên vận giữa Việt Nam, Lào và Campuchia",Đối tượng,6,Người nước ngoài,,158/2024/NĐ-CP; 144/2025/NĐ-CP
1.002877,"Cấp, cấp lại Giấy phép liên vận giữa Việt Nam, Lào và Campuchia",Đối tượng,7,Tổ chức nước ngoài,,158/2024/NĐ-CP; 144/2025/NĐ-CP
1.002877,"Cấp, cấp lại Giấy phép liên vận giữa Việt Nam, Lào và Campuchia",Đối tượng,8,Hợp tác xã,,158/2024/NĐ-CP; 144/2025/NĐ-CP
1.003002,Thủ tục gia hạn Giấy phép thành lập Văn phòng đại diện tại Việt Nam củ,Đối tượng,1,"Tổ chức (không bao gồm doanh nghiệp, HTX)",,Không có thông tin căn cứ pháp lý trong dữ liệu gốc
1.003002,Thủ tục gia hạn Giấy phép thành lập Văn phòng đại diện tại Việt Nam củ,Đối tượng,2,Công dân Việt Nam,,Không có thông tin căn cứ pháp lý trong dữ liệu gốc
1.003176,"Cấp đổi Giấy chứng nhận đủ điều kiện về an ninh, trật tự (thực hiện tạ",Đối tượng,1,Doanh nghiệp có vốn đầu tư nước ngoài,,218/2016/TT-BTC; 23/2019/TT-BTC; 42/2017/TT-BCA; 96/2016/NĐ-CP; 56/2023/NĐ-CP; 15/2022/TT-BCA
1.003176,"Cấp đổi Giấy chứng nhận đủ điều kiện về an ninh, trật tự (thực hiện tạ",Đối tượng,2,"Tổ chức (không bao gồm doanh nghiệp, HTX)",,218/2016/TT-BTC; 23/2019/TT-BTC; 42/2017/TT-BCA; 96/2016/NĐ-CP; 56/2023/NĐ-CP; 15/2022/TT-BCA
1.003176,"Cấp đổi Giấy chứng nhận đủ điều kiện về an ninh, trật tự (thực hiện tạ",Đối tượng,3,Người Việt Nam định cư ở nước ngoài,,218/2016/TT-BTC; 23/2019/TT-BTC; 42/2017/TT-BCA; 96/2016/NĐ-CP; 56/2023/NĐ-CP; 15/2022/TT-BCA
1.003176,"Cấp đổi Giấy chứng nhận đủ điều kiện về an ninh, trật tự (thực hiện tạ",Đối tượng,4,Doanh nghiệp,,218/2016/TT-BTC; 23/2019/TT-BTC; 42/2017/TT-BCA; 96/2016/NĐ-CP; 56/2023/NĐ-CP; 15/2022/TT-BCA
1.003176,"Cấp đổi Giấy chứng nhận đủ điều kiện về an ninh, trật tự (thực hiện tạ",Đối tượng,5,Người nước ngoài,,218/2016/TT-BTC; 23/2019/TT-BTC; 42/2017/TT-BCA; 96/2016/NĐ-CP; 56/2023/NĐ-CP; 15/2022/TT-BCA
1.003176,"Cấp đổi Giấy chứng nhận đủ điều kiện về an ninh, trật tự (thực hiện tạ",Đối tượng,6,Tổ chức nước ngoài,,218/2016/TT-BTC; 23/2019/TT-BTC; 42/2017/TT-BCA; 96/2016/NĐ-CP; 56/2023/NĐ-CP; 15/2022/TT-BCA
1.003179,Đăng ký lại việc nuôi con nuôi có yếu tố nước ngoài,Đối tượng,1,Người Việt Nam định cư ở nước ngoài,,07/2023/TT-BTP; 267/2016/TT-BTC; 104/2022/NĐ-CP; 19/2011/NĐ-CP; 10/2020/TT-BTP; 114/2016/NĐ-CP; 52/2010/QH12; 06/2025/NĐ-CP
1.003179,Đăng ký lại việc nuôi con nuôi có yếu tố nước ngoài,Đối tượng,2,Công dân Việt Nam,,07/2023/TT-BTP; 267/2016/TT-BTC; 104/2022/NĐ-CP; 19/2011/NĐ-CP; 10/2020/TT-BTP; 114/2016/NĐ-CP; 52/2010/QH12; 06/2025/NĐ-CP
1.003179,Đăng ký lại việc nuôi con nuôi có yếu tố nước ngoài,Đối tượng,3,Người nước ngoài,,07/2023/TT-BTP; 267/2016/TT-BTC; 104/2022/NĐ-CP; 19/2011/NĐ-CP; 10/2020/TT-BTP; 114/2016/NĐ-CP; 52/2010/QH12; 06/2025/NĐ-CP
1.003204,"Cấp mới Giấy chứng nhận đủ điều kiện về an ninh, trật tự (thực hiện tạ",Đối tượng,1,Doanh nghiệp có vốn đầu tư nước ngoài,,218/2016/TT-BTC; 96/2016/NĐ-CP; 56/2023/NĐ-CP; 15/2022/TT-BCA; 23/2019/TT-BTC
1.003204,"Cấp mới Giấy chứng nhận đủ điều kiện về an ninh, trật tự (thực hiện tạ",Đối tượng,2,Công dân Việt Nam,,218/2016/TT-BTC; 96/2016/NĐ-CP; 56/2023/NĐ-CP; 15/2022/TT-BCA; 23/2019/TT-BTC
1.003204,"Cấp mới Giấy chứng nhận đủ điều kiện về an ninh, trật tự (thực hiện tạ",Đối tượng,3,Doanh nghiệp,,218/2016/TT-BTC; 96/2016/NĐ-CP; 56/2023/NĐ-CP; 15/2022/TT-BCA; 23/2019/TT-BTC
1.003204,"Cấp mới Giấy chứng nhận đủ điều kiện về an ninh, trật tự (thực hiện tạ",Đối tượng,4,Người nước ngoài,,218/2016/TT-BTC; 96/2016/NĐ-CP; 56/2023/NĐ-CP; 15/2022/TT-BCA; 23/2019/TT-BTC
1.003204,"Cấp mới Giấy chứng nhận đủ điều kiện về an ninh, trật tự (thực hiện tạ",Đối tượng,5,Tổ chức nước ngoài,,218/2016/TT-BTC; 96/2016/NĐ-CP; 56/2023/NĐ-CP; 15/2022/TT-BCA; 23/2019/TT-BTC
1.003204,"Cấp mới Giấy chứng nhận đủ điều kiện về an ninh, trật tự (thực hiện tạ",Đối tượng,6,Hợp tác xã,,218/2016/TT-BTC; 96/2016/NĐ-CP; 56/2023/NĐ-CP; 15/2022/TT-BCA; 23/2019/TT-BTC
1.003204,"Cấp mới Giấy chứng nhận đủ điều kiện về an ninh, trật tự (thực hiện tạ",Đối tượng,7,"Tổ chức (không bao gồm doanh nghiệp, HTX)",,218/2016/TT-BTC; 96/2016/NĐ-CP; 56/2023/NĐ-CP; 15/2022/TT-BCA; 23/2019/TT-BTC
1.003204,"Cấp mới Giấy chứng nhận đủ điều kiện về an ninh, trật tự (thực hiện tạ",Đối tượng,8,Người Việt Nam định cư ở nước ngoài,,218/2016/TT-BTC; 96/2016/NĐ-CP; 56/2023/NĐ-CP; 15/2022/TT-BCA; 23/2019/TT-BTC
1.003240,Thủ tục cấp lại Giấy phép thành lập Văn phòng đại diện tại Việt Nam củ,Đối tượng,1,"Tổ chức (không bao gồm doanh nghiệp, HTX)",,Không có thông tin căn cứ pháp lý trong dữ liệu gốc
1.003240,Thủ tục cấp lại Giấy phép thành lập Văn phòng đại diện tại Việt Nam củ,Đối tượng,2,Công dân Việt Nam,,Không có thông tin căn cứ pháp lý trong dữ liệu gốc
1.003275,Thủ tục cấp lại giấy phép thành lập Văn phòng đại diện tại Việt Nam củ,Đối tượng,1,Công dân Việt Nam,,11/2016/TT-BCT
1.003275,Thủ tục cấp lại giấy phép thành lập Văn phòng đại diện tại Việt Nam củ,Đối tượng,2,"Tổ chức (không bao gồm doanh nghiệp, HTX)",,11/2016/TT-BCT
1.003441,Thủ tục cấp lại Giấy chứng nhận đủ điều kiện kinh doanh hoạt động thể,Đối tượng,1,Doanh nghiệp,,26/2018/QH14; 31/2024/NĐ-CP; 77/2006/QH11; 36/2019/NĐ-CP; 97/2015/QH13
1.003441,Thủ tục cấp lại Giấy chứng nhận đủ điều kiện kinh doanh hoạt động thể,Đối tượng,2,Công dân Việt Nam,,26/2018/QH14; 31/2024/NĐ-CP; 77/2006/QH11; 36/2019/NĐ-CP; 97/2015/QH13
1.003490,Thủ tục công nhận khu du lịch cấp tỉnh,Đối tượng,1,Công dân Việt Nam,,138/2025/NĐ-CP; 09/2017/QH14; 137/2025/NĐ-CP; 06/2017/TT-BVHTTDL; 168/2017/NĐ-CP
1.003490,Thủ tục công nhận khu du lịch cấp tỉnh,Đối tượng,2,"Tổ chức (không bao gồm doanh nghiệp, HTX)",,138/2025/NĐ-CP; 09/2017/QH14; 137/2025/NĐ-CP; 06/2017/TT-BVHTTDL; 168/2017/NĐ-CP
1.003560,Thủ tục xác nhận danh mục sản phẩm nghe nhìn có nội dung vui chơi giải,Đối tượng,1,"Tổ chức (không bao gồm doanh nghiệp, HTX)",,66.7/2025/NQ-CP; 28/2014/TT-BVHTTDL; 26/2018/TT-BVHTTDL; 153/TT-BTC; 09/2026/TT-BVHTTDL
1.003560,Thủ tục xác nhận danh mục sản phẩm nghe nhìn có nội dung vui chơi giải,Đối tượng,2,Công dân Việt Nam,,66.7/2025/NQ-CP; 28/2014/TT-BVHTTDL; 26/2018/TT-BVHTTDL; 153/TT-BTC; 09/2026/TT-BVHTTDL
1.003560,Thủ tục xác nhận danh mục sản phẩm nghe nhìn có nội dung vui chơi giải,Đối tượng,3,Doanh nghiệp,,66.7/2025/NQ-CP; 28/2014/TT-BVHTTDL; 26/2018/TT-BVHTTDL; 153/TT-BTC; 09/2026/TT-BVHTTDL
1.003560,Thủ tục xác nhận danh mục sản phẩm nghe nhìn có nội dung vui chơi giải,Đối tượng,4,Hợp tác xã,,66.7/2025/NQ-CP; 28/2014/TT-BVHTTDL; 26/2018/TT-BVHTTDL; 153/TT-BTC; 09/2026/TT-BVHTTDL
1.003622,Thủ tục thông báo tổ chức lễ hội cấp xã,Đối tượng,1,Công dân Việt Nam,,110/2018/NĐ-CP
1.003622,Thủ tục thông báo tổ chức lễ hội cấp xã,Đối tượng,2,"Tổ chức (không bao gồm doanh nghiệp, HTX)",,110/2018/NĐ-CP
1.003654,Thủ tục thông báo tổ chức lễ hội (thẩm quyền của UBND cấp tỉnh),Đối tượng,1,Công dân Việt Nam,,110/2018/NĐ-CP; 138/2025/NĐ-CP
1.003654,Thủ tục thông báo tổ chức lễ hội (thẩm quyền của UBND cấp tỉnh),Đối tượng,2,"Tổ chức (không bao gồm doanh nghiệp, HTX)",,110/2018/NĐ-CP; 138/2025/NĐ-CP
1.003676,Thủ tục đăng ký tổ chức lễ hội (thẩm quyền của UBND cấp tỉnh),Đối tượng,1,Công dân Việt Nam,,137/2025/NĐ-CP; 138/2025/NĐ-CP; 110/2018/NĐ-CP
1.003676,Thủ tục đăng ký tổ chức lễ hội (thẩm quyền của UBND cấp tỉnh),Đối tượng,2,"Tổ chức (không bao gồm doanh nghiệp, HTX)",,137/2025/NĐ-CP; 138/2025/NĐ-CP; 110/2018/NĐ-CP
1.003716,"Thủ tục đăng cai tổ chức giải thi đấu vô địch, giải thi đấu vô địch tr",Đối tượng,1,Công dân Việt Nam,,26/2018/QH14
1.003716,"Thủ tục đăng cai tổ chức giải thi đấu vô địch, giải thi đấu vô địch tr",Đối tượng,2,"Tổ chức (không bao gồm doanh nghiệp, HTX)",,26/2018/QH14
1.003717,Thủ tục cấp giấy phép thành lập Văn phòng đại diện tại Việt Nam của do,Đối tượng,1,Công dân Việt Nam,,Không có thông tin căn cứ pháp lý trong dữ liệu gốc
1.003717,Thủ tục cấp giấy phép thành lập Văn phòng đại diện tại Việt Nam của do,Đối tượng,2,"Tổ chức (không bao gồm doanh nghiệp, HTX)",,Không có thông tin căn cứ pháp lý trong dữ liệu gốc
1.003743,Thủ tục kiểm tra chuyên ngành văn hóa phẩm không nhằm mục đích kinh do,Đối tượng,1,Công dân Việt Nam,,32/2012/NĐ-CP; 18/2026/NQ-CP
1.003743,Thủ tục kiểm tra chuyên ngành văn hóa phẩm không nhằm mục đích kinh do,Đối tượng,2,Người nước ngoài,,32/2012/NĐ-CP; 18/2026/NQ-CP
1.003743,Thủ tục kiểm tra chuyên ngành văn hóa phẩm không nhằm mục đích kinh do,Đối tượng,3,Tổ chức nước ngoài,,32/2012/NĐ-CP; 18/2026/NQ-CP
1.003743,Thủ tục kiểm tra chuyên ngành văn hóa phẩm không nhằm mục đích kinh do,Đối tượng,4,"Tổ chức (không bao gồm doanh nghiệp, HTX)",,32/2012/NĐ-CP; 18/2026/NQ-CP
1.003784,"Thủ tục thông báo nhập khẩu văn hóa phẩm (trừ di vật, cổ vật) không nh",Đối tượng,1,"Tổ chức (không bao gồm doanh nghiệp, HTX)",,32/2012/NĐ-CP; 18/2026/NQ-CP
1.003784,"Thủ tục thông báo nhập khẩu văn hóa phẩm (trừ di vật, cổ vật) không nh",Đối tượng,2,Công dân Việt Nam,,32/2012/NĐ-CP; 18/2026/NQ-CP
1.003784,"Thủ tục thông báo nhập khẩu văn hóa phẩm (trừ di vật, cổ vật) không nh",Đối tượng,3,Người nước ngoài,,32/2012/NĐ-CP; 18/2026/NQ-CP
1.003784,"Thủ tục thông báo nhập khẩu văn hóa phẩm (trừ di vật, cổ vật) không nh",Đối tượng,4,Tổ chức nước ngoài,,32/2012/NĐ-CP; 18/2026/NQ-CP
1.003793,Thủ tục cấp giấy phép hoạt động bảo tàng ngoài công lập,Đối tượng,1,Công dân Việt Nam,,45/2024/QH15
1.003793,Thủ tục cấp giấy phép hoạt động bảo tàng ngoài công lập,Đối tượng,2,Doanh nghiệp,,45/2024/QH15
1.003793,Thủ tục cấp giấy phép hoạt động bảo tàng ngoài công lập,Đối tượng,3,Hợp tác xã,,45/2024/QH15
1.003793,Thủ tục cấp giấy phép hoạt động bảo tàng ngoài công lập,Đối tượng,4,"Tổ chức (không bao gồm doanh nghiệp, HTX)",,45/2024/QH15
1.003819,"Thủ tục đăng cai tổ chức Đại hội thể thao khu vực, châu lục và thế giớ",Đối tượng,1,"Tổ chức (không bao gồm doanh nghiệp, HTX)",,26/2018/QH14
1.003819,"Thủ tục đăng cai tổ chức Đại hội thể thao khu vực, châu lục và thế giớ",Đối tượng,2,Công dân Việt Nam,,26/2018/QH14
1.003838,"Thủ tục cho phép người Việt Nam định cư ở nước ngoài, tổ chức, cá nhân",Đối tượng,1,Người Việt Nam định cư ở nước ngoài,,Không có thông tin căn cứ pháp lý trong dữ liệu gốc
1.003838,"Thủ tục cho phép người Việt Nam định cư ở nước ngoài, tổ chức, cá nhân",Đối tượng,2,Người nước ngoài,,Không có thông tin căn cứ pháp lý trong dữ liệu gốc
1.003838,"Thủ tục cho phép người Việt Nam định cư ở nước ngoài, tổ chức, cá nhân",Đối tượng,3,Tổ chức nước ngoài,,Không có thông tin căn cứ pháp lý trong dữ liệu gốc
1.003838,"Thủ tục cho phép người Việt Nam định cư ở nước ngoài, tổ chức, cá nhân",Đối tượng,4,Công dân Việt Nam,,Không có thông tin căn cứ pháp lý trong dữ liệu gốc
1.003901,"Thủ tục cấp Giấy chứng nhận đủ điều kiện hành nghề bảo quản, tu bổ, ph",Đối tượng,1,"Tổ chức (không bao gồm doanh nghiệp, HTX)",,45/2024/QH15
1.003901,"Thủ tục cấp Giấy chứng nhận đủ điều kiện hành nghề bảo quản, tu bổ, ph",Đối tượng,2,Hợp tác xã,,45/2024/QH15
1.003901,"Thủ tục cấp Giấy chứng nhận đủ điều kiện hành nghề bảo quản, tu bổ, ph",Đối tượng,3,Công dân Việt Nam,,45/2024/QH15
1.003901,"Thủ tục cấp Giấy chứng nhận đủ điều kiện hành nghề bảo quản, tu bổ, ph",Đối tượng,4,Doanh nghiệp,,45/2024/QH15
1.003976,Giải quyết việc nuôi con nuôi có yếu tố nước ngoài đối với trẻ em sống,Đối tượng,1,Người nước ngoài,,267/2016/TT-BTC; 07/2023/TT-BTP; 06/2025/NĐ-CP; 120/2025/NĐ-CP; 24/2019/NĐ-CP; 10/2020/TT-BTP; 19/2011/NĐ-CP; 52/2010/QH12; 08/2025/TT-BTP; 146/2012/TTLT-BTC-BTP; 21/2011/TT-BTP; 11/2021/TT-BTP; 114/2016/NĐ-CP; 18/2026/NĐ-CP
1.003976,Giải quyết việc nuôi con nuôi có yếu tố nước ngoài đối với trẻ em sống,Đối tượng,2,Người Việt Nam định cư ở nước ngoài,,267/2016/TT-BTC; 07/2023/TT-BTP; 06/2025/NĐ-CP; 120/2025/NĐ-CP; 24/2019/NĐ-CP; 10/2020/TT-BTP; 19/2011/NĐ-CP; 52/2010/QH12; 08/2025/TT-BTP; 146/2012/TTLT-BTC-BTP; 21/2011/TT-BTP; 11/2021/TT-BTP; 114/2016/NĐ-CP; 18/2026/NĐ-CP
1.004503,"Thủ tục công nhận cơ sở kinh doanh dịch vụ vui chơi, giải trí đạt tiêu",Đối tượng,1,Công dân Việt Nam,,13/2019/TT-BVHTTDL; 04/2024/TT-BVHTTDL; 09/2017/QH14; 06/2017/TT-BVHTTDL
1.004503,"Thủ tục công nhận cơ sở kinh doanh dịch vụ vui chơi, giải trí đạt tiêu",Đối tượng,2,Doanh nghiệp,,13/2019/TT-BVHTTDL; 04/2024/TT-BVHTTDL; 09/2017/QH14; 06/2017/TT-BVHTTDL
1.004503,"Thủ tục công nhận cơ sở kinh doanh dịch vụ vui chơi, giải trí đạt tiêu",Đối tượng,3,"Tổ chức (không bao gồm doanh nghiệp, HTX)",,13/2019/TT-BVHTTDL; 04/2024/TT-BVHTTDL; 09/2017/QH14; 06/2017/TT-BVHTTDL
1.004528,Thủ tục công nhận điểm du lịch,Đối tượng,1,Công dân Việt Nam,,168/2017/NĐ-CP; 09/2017/QH14; 06/2017/TT-BVHTTDL
1.004528,Thủ tục công nhận điểm du lịch,Đối tượng,2,"Cán bộ, công chức, viên chức",,168/2017/NĐ-CP; 09/2017/QH14; 06/2017/TT-BVHTTDL
1.004528,Thủ tục công nhận điểm du lịch,Đối tượng,3,Doanh nghiệp,,168/2017/NĐ-CP; 09/2017/QH14; 06/2017/TT-BVHTTDL
1.004528,Thủ tục công nhận điểm du lịch,Đối tượng,4,Hợp tác xã,,168/2017/NĐ-CP; 09/2017/QH14; 06/2017/TT-BVHTTDL
1.004528,Thủ tục công nhận điểm du lịch,Đối tượng,5,Người Việt Nam định cư ở nước ngoài,,168/2017/NĐ-CP; 09/2017/QH14; 06/2017/TT-BVHTTDL
1.004528,Thủ tục công nhận điểm du lịch,Đối tượng,6,"Tổ chức (không bao gồm doanh nghiệp, HTX)",,168/2017/NĐ-CP; 09/2017/QH14; 06/2017/TT-BVHTTDL
1.004539,Công bố đáp ứng yêu cầu là cơ sở thực hành trong đào tạo khối ngành sứ,Đối tượng,1,"Tổ chức (không bao gồm doanh nghiệp, HTX)",,111/2017/NĐ-CP
1.004539,Công bố đáp ứng yêu cầu là cơ sở thực hành trong đào tạo khối ngành sứ,Đối tượng,2,Doanh nghiệp có vốn đầu tư nước ngoài,,111/2017/NĐ-CP
1.004539,Công bố đáp ứng yêu cầu là cơ sở thực hành trong đào tạo khối ngành sứ,Đối tượng,3,Doanh nghiệp,,111/2017/NĐ-CP
1.004539,Công bố đáp ứng yêu cầu là cơ sở thực hành trong đào tạo khối ngành sứ,Đối tượng,4,Hợp tác xã,,111/2017/NĐ-CP
1.004551,Thủ tục công nhận cơ sở kinh doanh dịch vụ thể thao đạt tiêu chuẩn phụ,Đối tượng,1,Công dân Việt Nam,,04/2024/TT-BVHTTDL; 09/2017/QH14; 13/2019/TT-BVHTTDL; 06/2017/TT-BVHTTDL
1.004551,Thủ tục công nhận cơ sở kinh doanh dịch vụ thể thao đạt tiêu chuẩn phụ,Đối tượng,2,Doanh nghiệp,,04/2024/TT-BVHTTDL; 09/2017/QH14; 13/2019/TT-BVHTTDL; 06/2017/TT-BVHTTDL
1.004551,Thủ tục công nhận cơ sở kinh doanh dịch vụ thể thao đạt tiêu chuẩn phụ,Đối tượng,3,"Tổ chức (không bao gồm doanh nghiệp, HTX)",,04/2024/TT-BVHTTDL; 09/2017/QH14; 13/2019/TT-BVHTTDL; 06/2017/TT-BVHTTDL
1.004563,"Sáp nhập, chia, tách trường tiểu học",Đối tượng,1,"Tổ chức (không bao gồm doanh nghiệp, HTX)",,43/2019/QH14; 125/2024/NĐ-CP; 142/2025/NĐ-CP; 66.16/2026/NQ-CP
1.004563,"Sáp nhập, chia, tách trường tiểu học",Đối tượng,2,Công dân Việt Nam,,43/2019/QH14; 125/2024/NĐ-CP; 142/2025/NĐ-CP; 66.16/2026/NQ-CP
1.004563,"Sáp nhập, chia, tách trường tiểu học",Đối tượng,3,Doanh nghiệp,,43/2019/QH14; 125/2024/NĐ-CP; 142/2025/NĐ-CP; 66.16/2026/NQ-CP
1.004566,"Thủ tục công nhận hạng cơ sở lưu trú du lịch: hạng 4 sao, 5 sao đối vớ",Đối tượng,1,Người Việt Nam định cư ở nước ngoài,,09/2017/QH14; 06/2017/TT-BVHTTDL
1.004566,"Thủ tục công nhận hạng cơ sở lưu trú du lịch: hạng 4 sao, 5 sao đối vớ",Đối tượng,2,Công dân Việt Nam,,09/2017/QH14; 06/2017/TT-BVHTTDL
1.004566,"Thủ tục công nhận hạng cơ sở lưu trú du lịch: hạng 4 sao, 5 sao đối vớ",Đối tượng,3,"Cán bộ, công chức, viên chức",,09/2017/QH14; 06/2017/TT-BVHTTDL
1.004566,"Thủ tục công nhận hạng cơ sở lưu trú du lịch: hạng 4 sao, 5 sao đối vớ",Đối tượng,4,Doanh nghiệp,,09/2017/QH14; 06/2017/TT-BVHTTDL
1.004566,"Thủ tục công nhận hạng cơ sở lưu trú du lịch: hạng 4 sao, 5 sao đối vớ",Đối tượng,5,"Tổ chức (không bao gồm doanh nghiệp, HTX)",,09/2017/QH14; 06/2017/TT-BVHTTDL
1.004572,Thủ tục công nhận cơ sở kinh doanh dịch vụ ăn uống đạt tiêu chuẩn phục,Đối tượng,1,Công dân Việt Nam,,13/2019/TT-BVHTTDL; 04/2024/TT-BVHTTDL; 09/2017/QH14; 06/2017/TT-BVHTTDL
1.004572,Thủ tục công nhận cơ sở kinh doanh dịch vụ ăn uống đạt tiêu chuẩn phục,Đối tượng,2,Doanh nghiệp,,13/2019/TT-BVHTTDL; 04/2024/TT-BVHTTDL; 09/2017/QH14; 06/2017/TT-BVHTTDL
1.004572,Thủ tục công nhận cơ sở kinh doanh dịch vụ ăn uống đạt tiêu chuẩn phục,Đối tượng,3,"Tổ chức (không bao gồm doanh nghiệp, HTX)",,13/2019/TT-BVHTTDL; 04/2024/TT-BVHTTDL; 09/2017/QH14; 06/2017/TT-BVHTTDL
1.004580,Thủ tục công nhận cơ sở kinh doanh dịch vụ mua sắm đạt tiêu chuẩn phục,Đối tượng,1,Công dân Việt Nam,,04/2024/TT-BVHTTDL; 09/2017/QH14; 06/2017/TT-BVHTTDL
1.004580,Thủ tục công nhận cơ sở kinh doanh dịch vụ mua sắm đạt tiêu chuẩn phục,Đối tượng,2,Doanh nghiệp,,04/2024/TT-BVHTTDL; 09/2017/QH14; 06/2017/TT-BVHTTDL
1.004580,Thủ tục công nhận cơ sở kinh doanh dịch vụ mua sắm đạt tiêu chuẩn phục,Đối tượng,3,"Tổ chức (không bao gồm doanh nghiệp, HTX)",,04/2024/TT-BVHTTDL; 09/2017/QH14; 06/2017/TT-BVHTTDL
1.004594,"Thủ tục công nhận hạng cơ sở lưu trú du lịch: hạng 1 sao, 2 sao, 3 sao",Đối tượng,1,Hợp tác xã,,09/2017/QH14; 06/2017/TT-BVHTTDL
1.004594,"Thủ tục công nhận hạng cơ sở lưu trú du lịch: hạng 1 sao, 2 sao, 3 sao",Đối tượng,2,Công dân Việt Nam,,09/2017/QH14; 06/2017/TT-BVHTTDL
1.004594,"Thủ tục công nhận hạng cơ sở lưu trú du lịch: hạng 1 sao, 2 sao, 3 sao",Đối tượng,3,Doanh nghiệp,,09/2017/QH14; 06/2017/TT-BVHTTDL
1.004594,"Thủ tục công nhận hạng cơ sở lưu trú du lịch: hạng 1 sao, 2 sao, 3 sao",Đối tượng,4,"Tổ chức (không bao gồm doanh nghiệp, HTX)",,09/2017/QH14; 06/2017/TT-BVHTTDL
1.004602,Thủ tục cấp giấy phép kinh doanh dịch vụ lữ hành quốc tế,Đối tượng,1,Công dân Việt Nam,,04/2024/TT-BVHTTDL; 168/2017/NĐ-CP; 66.18/2026/NQ-CP; 06/2017/TT-BVHTTDL; 13/2019/TT-BVHTTDL; 09/2017/QH14
1.004602,Thủ tục cấp giấy phép kinh doanh dịch vụ lữ hành quốc tế,Đối tượng,2,Doanh nghiệp,,04/2024/TT-BVHTTDL; 168/2017/NĐ-CP; 66.18/2026/NQ-CP; 06/2017/TT-BVHTTDL; 13/2019/TT-BVHTTDL; 09/2017/QH14
1.004602,Thủ tục cấp giấy phép kinh doanh dịch vụ lữ hành quốc tế,Đối tượng,3,"Tổ chức (không bao gồm doanh nghiệp, HTX)",,04/2024/TT-BVHTTDL; 168/2017/NĐ-CP; 66.18/2026/NQ-CP; 06/2017/TT-BVHTTDL; 13/2019/TT-BVHTTDL; 09/2017/QH14
1.004610,Thủ tục thành lập văn phòng đại diện tại Việt Nam của cơ quan du lịch,Đối tượng,1,Công dân Việt Nam,,66.18/2026/NQ-CP; 09/2017/QH14; 06/2017/TT-BVHTTDL
1.004610,Thủ tục thành lập văn phòng đại diện tại Việt Nam của cơ quan du lịch,Đối tượng,2,Doanh nghiệp,,66.18/2026/NQ-CP; 09/2017/QH14; 06/2017/TT-BVHTTDL
1.004610,Thủ tục thành lập văn phòng đại diện tại Việt Nam của cơ quan du lịch,Đối tượng,3,Tổ chức nước ngoài,,66.18/2026/NQ-CP; 09/2017/QH14; 06/2017/TT-BVHTTDL
1.004617,Thủ tục xác nhận đủ điều kiện nhập khẩu máy trò chơi điện tử có cài đặ,Đối tượng,1,Doanh nghiệp có vốn đầu tư nước ngoài,,26/2018/TT-BVHTTDL; 28/2014/TT-BVHTTDL; 260/2016/TT-BTC
1.004617,Thủ tục xác nhận đủ điều kiện nhập khẩu máy trò chơi điện tử có cài đặ,Đối tượng,2,Doanh nghiệp,,26/2018/TT-BVHTTDL; 28/2014/TT-BVHTTDL; 260/2016/TT-BTC
1.004617,Thủ tục xác nhận đủ điều kiện nhập khẩu máy trò chơi điện tử có cài đặ,Đối tượng,3,"Cán bộ, công chức, viên chức",,26/2018/TT-BVHTTDL; 28/2014/TT-BVHTTDL; 260/2016/TT-BTC
1.004617,Thủ tục xác nhận đủ điều kiện nhập khẩu máy trò chơi điện tử có cài đặ,Đối tượng,4,Công dân Việt Nam,,26/2018/TT-BVHTTDL; 28/2014/TT-BVHTTDL; 260/2016/TT-BTC
1.004837,Thủ tục đăng ký giám hộ,Đối tượng,1,Người Việt Nam định cư ở nước ngoài,,04/2020/TT-BTP; 07/2025/NĐ-CP; 120/2025/NĐ-CP; 66.7/2025/NQ-CP; 60/2014/QH13; 01/2022/TT-BTP; 04/2024/TT-BTP; 03/2023/TT-BTP; 106/2021/TT-BTC; 85/2019/TT-BTC; 104/2022/NĐ-CP; 123/2015/NĐ-CP; 91/2015/QH13; 08/2025/TT-BTP; 18/2026/NĐ-CP; 87/2020/NĐ-CP
1.004837,Thủ tục đăng ký giám hộ,Đối tượng,2,Công dân Việt Nam,,04/2020/TT-BTP; 07/2025/NĐ-CP; 120/2025/NĐ-CP; 66.7/2025/NQ-CP; 60/2014/QH13; 01/2022/TT-BTP; 04/2024/TT-BTP; 03/2023/TT-BTP; 106/2021/TT-BTC; 85/2019/TT-BTC; 104/2022/NĐ-CP; 123/2015/NĐ-CP; 91/2015/QH13; 08/2025/TT-BTP; 18/2026/NĐ-CP; 87/2020/NĐ-CP
1.004845,Thủ tục đăng ký chấm dứt giám hộ,Đối tượng,1,Người Việt Nam định cư ở nước ngoài,,04/2020/TT-BTP; 07/2025/NĐ-CP; 120/2025/NĐ-CP; 66.7/2025/NQ-CP; 60/2014/QH13; 01/2022/TT-BTP; 85/2019/TT-BTC; 104/2022/NĐ-CP; 123/2015/NĐ-CP; 91/2015/QH13; 08/2025/TT-BTP; 18/2026/NĐ-CP; 87/2020/NĐ-CP; 04/2024/TT-BTP; 03/2023/TT-BTP; 106/2021/TT-BTC
1.004845,Thủ tục đăng ký chấm dứt giám hộ,Đối tượng,2,"Tổ chức (không bao gồm doanh nghiệp, HTX)",,04/2020/TT-BTP; 07/2025/NĐ-CP; 120/2025/NĐ-CP; 66.7/2025/NQ-CP; 60/2014/QH13; 01/2022/TT-BTP; 85/2019/TT-BTC; 104/2022/NĐ-CP; 123/2015/NĐ-CP; 91/2015/QH13; 08/2025/TT-BTP; 18/2026/NĐ-CP; 87/2020/NĐ-CP; 04/2024/TT-BTP; 03/2023/TT-BTP; 106/2021/TT-BTC
1.004845,Thủ tục đăng ký chấm dứt giám hộ,Đối tượng,3,Công dân Việt Nam,,04/2020/TT-BTP; 07/2025/NĐ-CP; 120/2025/NĐ-CP; 66.7/2025/NQ-CP; 60/2014/QH13; 01/2022/TT-BTP; 85/2019/TT-BTC; 104/2022/NĐ-CP; 123/2015/NĐ-CP; 91/2015/QH13; 08/2025/TT-BTP; 18/2026/NĐ-CP; 87/2020/NĐ-CP; 04/2024/TT-BTP; 03/2023/TT-BTP; 106/2021/TT-BTC
1.004845,Thủ tục đăng ký chấm dứt giám hộ,Đối tượng,4,Doanh nghiệp,,04/2020/TT-BTP; 07/2025/NĐ-CP; 120/2025/NĐ-CP; 66.7/2025/NQ-CP; 60/2014/QH13; 01/2022/TT-BTP; 85/2019/TT-BTC; 104/2022/NĐ-CP; 123/2015/NĐ-CP; 91/2015/QH13; 08/2025/TT-BTP; 18/2026/NĐ-CP; 87/2020/NĐ-CP; 04/2024/TT-BTP; 03/2023/TT-BTP; 106/2021/TT-BTC
1.004873,Thủ tục cấp Giấy xác nhận tình trạng hôn nhân,Đối tượng,1,Công dân Việt Nam,,85/2019/TT-BTC; 104/2022/NĐ-CP; 123/2015/NĐ-CP; 08/2025/TT-BTP; 18/2026/NĐ-CP; 87/2020/NĐ-CP; 04/2024/TT-BTP; 03/2023/TT-BTP; 106/2021/TT-BTC; 04/2020/TT-BTP; 07/2025/NĐ-CP; 120/2025/NĐ-CP; 52/2014/QH13; 60/2014/QH13; 01/2022/TT-BTP; 66.7/2025/NQ-CP
1.004873,Thủ tục cấp Giấy xác nhận tình trạng hôn nhân,Đối tượng,2,Người Việt Nam định cư ở nước ngoài,,85/2019/TT-BTC; 104/2022/NĐ-CP; 123/2015/NĐ-CP; 08/2025/TT-BTP; 18/2026/NĐ-CP; 87/2020/NĐ-CP; 04/2024/TT-BTP; 03/2023/TT-BTP; 106/2021/TT-BTC; 04/2020/TT-BTP; 07/2025/NĐ-CP; 120/2025/NĐ-CP; 52/2014/QH13; 60/2014/QH13; 01/2022/TT-BTP; 66.7/2025/NQ-CP
1.004878,Giải quyết việc nuôi con nuôi có yếu tố nước ngoài đối với trường hợp,Đối tượng,1,Công dân Việt Nam,,18/2026/NĐ-CP; 104/2022/NĐ-CP; 10/2020/TT-BTP; 08/2025/TT-BTP; 52/2010/QH12; 06/2025/NĐ-CP; 24/2019/NĐ-CP; 07/2023/TT-BTP; 120/2025/NĐ-CP; 114/2016/NĐ-CP; 19/2011/NĐ-CP; 267/2016/TT-BTC
1.004878,Giải quyết việc nuôi con nuôi có yếu tố nước ngoài đối với trường hợp,Đối tượng,2,Người Việt Nam định cư ở nước ngoài,,18/2026/NĐ-CP; 104/2022/NĐ-CP; 10/2020/TT-BTP; 08/2025/TT-BTP; 52/2010/QH12; 06/2025/NĐ-CP; 24/2019/NĐ-CP; 07/2023/TT-BTP; 120/2025/NĐ-CP; 114/2016/NĐ-CP; 19/2011/NĐ-CP; 267/2016/TT-BTC
1.004944,Chấm dứt việc chăm sóc thay thế cho trẻ em,Đối tượng,1,Công dân Việt Nam,,42/2025/NĐ-CP; 147/2025/NĐ-CP; 56/2017/NĐ-CP; 102/2016/QH13
1.004944,Chấm dứt việc chăm sóc thay thế cho trẻ em,Đối tượng,2,"Tổ chức (không bao gồm doanh nghiệp, HTX)",,42/2025/NĐ-CP; 147/2025/NĐ-CP; 56/2017/NĐ-CP; 102/2016/QH13
1.004993,Cấp lại Giấy chứng nhận giáo viên dạy thực hành lái xe,Đối tượng,1,Người Việt Nam định cư ở nước ngoài,,94/2026/NĐ-CP; 24/2026/NQ-CP
1.004993,Cấp lại Giấy chứng nhận giáo viên dạy thực hành lái xe,Đối tượng,2,Công dân Việt Nam,,94/2026/NĐ-CP; 24/2026/NQ-CP
1.004993,Cấp lại Giấy chứng nhận giáo viên dạy thực hành lái xe,Đối tượng,3,Người nước ngoài,,94/2026/NĐ-CP; 24/2026/NQ-CP
1.005021,"Phê duyệt quy trình vận hành, khai thác bến phà, bến khách ngang sông",Đối tượng,1,"Tổ chức (không bao gồm doanh nghiệp, HTX)",,22/2014/TT-BGTVT; 72/2025/TT-BXD; 45/2026/TT-BXD
1.005021,"Phê duyệt quy trình vận hành, khai thác bến phà, bến khách ngang sông",Đối tượng,2,Công dân Việt Nam,,22/2014/TT-BGTVT; 72/2025/TT-BXD; 45/2026/TT-BXD
1.005021,"Phê duyệt quy trình vận hành, khai thác bến phà, bến khách ngang sông",Đối tượng,3,Doanh nghiệp,,22/2014/TT-BGTVT; 72/2025/TT-BXD; 45/2026/TT-BXD
1.005021,"Phê duyệt quy trình vận hành, khai thác bến phà, bến khách ngang sông",Đối tượng,4,Hợp tác xã,,22/2014/TT-BGTVT; 72/2025/TT-BXD; 45/2026/TT-BXD
1.005021,"Phê duyệt quy trình vận hành, khai thác bến phà, bến khách ngang sông",Đối tượng,5,Doanh nghiệp có vốn đầu tư nước ngoài,,22/2014/TT-BGTVT; 72/2025/TT-BXD; 45/2026/TT-BXD
1.005027,"Đề nghị cấp giấy phép cho lực lượng, phương tiện nước ngoài vào tìm ki",Đối tượng,1,Tổ chức nước ngoài,,15/2015/TTLT-BGTVT-BQP-BCA-BNG
1.005027,"Đề nghị cấp giấy phép cho lực lượng, phương tiện nước ngoài vào tìm ki",Đối tượng,2,Doanh nghiệp có vốn đầu tư nước ngoài,,15/2015/TTLT-BGTVT-BQP-BCA-BNG
1.005032,"Gia hạn thời hạn giấy phép cho lực lượng, phương tiện nước ngoài vào t",Đối tượng,1,Doanh nghiệp có vốn đầu tư nước ngoài,,15/2015/TTLT-BGTVT-BQP-BCA-BNG
1.005032,"Gia hạn thời hạn giấy phép cho lực lượng, phương tiện nước ngoài vào t",Đối tượng,2,Tổ chức nước ngoài,,15/2015/TTLT-BGTVT-BQP-BCA-BNG
1.005041,Cho phép trường đại học hoạt động đào tạo,Đối tượng,1,"Tổ chức (không bao gồm doanh nghiệp, HTX)",,124/2024/NĐ-CP; 23/2026/NQ-CP; 86/2018/NĐ-CP; 125/2024/NĐ-CP
1.005041,Cho phép trường đại học hoạt động đào tạo,Đối tượng,2,Người nước ngoài,,124/2024/NĐ-CP; 23/2026/NQ-CP; 86/2018/NĐ-CP; 125/2024/NĐ-CP
1.005041,Cho phép trường đại học hoạt động đào tạo,Đối tượng,3,Tổ chức nước ngoài,,124/2024/NĐ-CP; 23/2026/NQ-CP; 86/2018/NĐ-CP; 125/2024/NĐ-CP
1.005041,Cho phép trường đại học hoạt động đào tạo,Đối tượng,4,Doanh nghiệp có vốn đầu tư nước ngoài,,124/2024/NĐ-CP; 23/2026/NQ-CP; 86/2018/NĐ-CP; 125/2024/NĐ-CP
1.005136,Cấp Giấy xác nhận có quốc tịch Việt Nam ở trong nước,Đối tượng,1,Công dân Việt Nam,,191/2025/NĐ-CP; 24/2008/QH12; 12/2025/TT-BTP; 79/2025/QH15; 66.7/2025/NQ-CP
1.005136,Cấp Giấy xác nhận có quốc tịch Việt Nam ở trong nước,Đối tượng,2,Người nước ngoài,,191/2025/NĐ-CP; 24/2008/QH12; 12/2025/TT-BTP; 79/2025/QH15; 66.7/2025/NQ-CP
1.005137,Cấp Giấy xác nhận có quốc tịch Việt Nam ở nước ngoài,Đối tượng,1,Người Việt Nam định cư ở nước ngoài,,191/2025/NĐ-CP; 66.7/2025/NQ-CP; 79/2025/QH15; 12/2025/TT-BTP; 24/2008/QH12; 264/2016/TT-BTC
1.005137,Cấp Giấy xác nhận có quốc tịch Việt Nam ở nước ngoài,Đối tượng,2,Công dân Việt Nam,,191/2025/NĐ-CP; 66.7/2025/NQ-CP; 79/2025/QH15; 12/2025/TT-BTP; 24/2008/QH12; 264/2016/TT-BTC
1.005137,Cấp Giấy xác nhận có quốc tịch Việt Nam ở nước ngoài,Đối tượng,3,Người nước ngoài,,191/2025/NĐ-CP; 66.7/2025/NQ-CP; 79/2025/QH15; 12/2025/TT-BTP; 24/2008/QH12; 264/2016/TT-BTC
1.005141,Thôi quốc tịch Việt Nam ở nước ngoài,Đối tượng,1,Công dân Việt Nam,,12/2025/TT-BTP; 79/2025/QH15; 264/2016/TT-BTC; 24/2008/QH12; 191/2025/NĐ-CP; 66.7/2025/NQ-CP
1.005141,Thôi quốc tịch Việt Nam ở nước ngoài,Đối tượng,2,Người Việt Nam định cư ở nước ngoài,,12/2025/TT-BTP; 79/2025/QH15; 264/2016/TT-BTC; 24/2008/QH12; 191/2025/NĐ-CP; 66.7/2025/NQ-CP
1.005162,Thủ tục cấp giấy chứng nhận đủ điều kiện kinh doanh hoạt động thể thao,Đối tượng,1,Doanh nghiệp,,31/2024/NĐ-CP; 77/2006/QH11; 26/2018/QH14; 36/2019/NĐ-CP; 97/2015/QH13
1.005162,Thủ tục cấp giấy chứng nhận đủ điều kiện kinh doanh hoạt động thể thao,Đối tượng,2,Công dân Việt Nam,,31/2024/NĐ-CP; 77/2006/QH11; 26/2018/QH14; 36/2019/NĐ-CP; 97/2015/QH13
1.005210,"Cấp lại Giấy phép đào tạo lái xe ô tô khi bị mất, bị hỏng, có sự thay",Đối tượng,1,Doanh nghiệp có vốn đầu tư nước ngoài,,94/2026/NĐ-CP
1.005210,"Cấp lại Giấy phép đào tạo lái xe ô tô khi bị mất, bị hỏng, có sự thay",Đối tượng,2,"Tổ chức (không bao gồm doanh nghiệp, HTX)",,94/2026/NĐ-CP
1.005210,"Cấp lại Giấy phép đào tạo lái xe ô tô khi bị mất, bị hỏng, có sự thay",Đối tượng,3,Doanh nghiệp,,94/2026/NĐ-CP
1.005210,"Cấp lại Giấy phép đào tạo lái xe ô tô khi bị mất, bị hỏng, có sự thay",Đối tượng,4,Hợp tác xã,,94/2026/NĐ-CP
1.005210,"Cấp lại Giấy phép đào tạo lái xe ô tô khi bị mất, bị hỏng, có sự thay",Đối tượng,5,Tổ chức nước ngoài,,94/2026/NĐ-CP
1.005357,Thủ tục cấp Giấy chứng nhận đủ điều kiện kinh doanh hoạt động thể thao,Đối tượng,1,Doanh nghiệp,,36/2019/NĐ-CP; 97/2015/QH13; 26/2018/QH14; 77/2006/QH11; 31/2024/NĐ-CP; 04/2019/TT-BVHTTDL; 21/2018/TT-BVHTTDL
1.005357,Thủ tục cấp Giấy chứng nhận đủ điều kiện kinh doanh hoạt động thể thao,Đối tượng,2,Công dân Việt Nam,,36/2019/NĐ-CP; 97/2015/QH13; 26/2018/QH14; 77/2006/QH11; 31/2024/NĐ-CP; 04/2019/TT-BVHTTDL; 21/2018/TT-BVHTTDL
1.007765,Cho thuê nhà ở sinh viên thuộc sở hữu nhà nước,Đối tượng,1,Công dân Việt Nam,,19/2016/TT-BXD; 99/2015/NĐ-CP; 65/2014/QH13
1.007765,Cho thuê nhà ở sinh viên thuộc sở hữu nhà nước,Đối tượng,2,Người nước ngoài,,19/2016/TT-BXD; 99/2015/NĐ-CP; 65/2014/QH13
1.008720,"Chuyển đổi nhà trẻ, trường mẫu giáo, trường mầm non tư thục do cơ quan",Đối tượng,1,Doanh nghiệp có vốn đầu tư nước ngoài,,84/2020/NĐ-CP; 143/2025/NĐ-CP
1.008720,"Chuyển đổi nhà trẻ, trường mẫu giáo, trường mầm non tư thục do cơ quan",Đối tượng,2,Tổ chức nước ngoài,,84/2020/NĐ-CP; 143/2025/NĐ-CP
1.008721,Chuyển đổi cơ sở giáo dục phổ thông tư thục do cơ quan đại diện ngoại,Đối tượng,1,Tổ chức nước ngoài,,84/2020/NĐ-CP; 143/2025/NĐ-CP
1.008721,Chuyển đổi cơ sở giáo dục phổ thông tư thục do cơ quan đại diện ngoại,Đối tượng,2,Doanh nghiệp có vốn đầu tư nước ngoài,,84/2020/NĐ-CP; 143/2025/NĐ-CP
1.008723,"Chuyển đổi trường trung học phổ thông tư thục, trường phổ thông tư thụ",Đối tượng,1,Doanh nghiệp có vốn đầu tư nước ngoài,,142/2025/NĐ-CP; 84/2020/NĐ-CP
1.008723,"Chuyển đổi trường trung học phổ thông tư thục, trường phổ thông tư thụ",Đối tượng,2,Doanh nghiệp,,142/2025/NĐ-CP; 84/2020/NĐ-CP
1.008723,"Chuyển đổi trường trung học phổ thông tư thục, trường phổ thông tư thụ",Đối tượng,3,"Tổ chức (không bao gồm doanh nghiệp, HTX)",,142/2025/NĐ-CP; 84/2020/NĐ-CP
1.008725,"Chuyển đổi trường tiểu học tư thục, trường trung học cơ sở tư thục và",Đối tượng,1,"Tổ chức (không bao gồm doanh nghiệp, HTX)",,142/2025/NĐ-CP; 84/2020/NĐ-CP
1.008725,"Chuyển đổi trường tiểu học tư thục, trường trung học cơ sở tư thục và",Đối tượng,2,Doanh nghiệp,,142/2025/NĐ-CP; 84/2020/NĐ-CP
1.009022,Thủ tục xác nhận hồ sơ cấp mới/cấp lại Giấy chứng nhận biển số nhà,Đối tượng,1,Công dân Việt Nam,,05/2006/QĐ-BXD
1.009022,Thủ tục xác nhận hồ sơ cấp mới/cấp lại Giấy chứng nhận biển số nhà,Đối tượng,2,"Tổ chức (không bao gồm doanh nghiệp, HTX)",,05/2006/QĐ-BXD
1.009122,"Cấp giấy phép xây dựng có thời hạn đối với công trình, nhà ở riêng lẻ",Đối tượng,1,Doanh nghiệp,,40/2029/QH14; 06/2021/NĐ-CP; 15/2021/NĐ-CP; 16/2022/NĐ-CP; 06/2021/TT-BXD; 53/2017/NĐ-CP; 57/2016/NQ-HĐND; 02/2016/QH14; 38/2021/QĐ-UBND; 72/2020/QH14; 85/2020/NĐ-CP; 136/2020/NĐ-CP; 50/2014/QH13
1.009122,"Cấp giấy phép xây dựng có thời hạn đối với công trình, nhà ở riêng lẻ",Đối tượng,2,"Tổ chức (không bao gồm doanh nghiệp, HTX)",,40/2029/QH14; 06/2021/NĐ-CP; 15/2021/NĐ-CP; 16/2022/NĐ-CP; 06/2021/TT-BXD; 53/2017/NĐ-CP; 57/2016/NQ-HĐND; 02/2016/QH14; 38/2021/QĐ-UBND; 72/2020/QH14; 85/2020/NĐ-CP; 136/2020/NĐ-CP; 50/2014/QH13
1.009141,Cấp mới/cấp lại Giấy chứng nhận số nhà,Đối tượng,1,"Tổ chức (không bao gồm doanh nghiệp, HTX)",,09/2025/TT-BXD; 2298/QĐ-UBND; 08/2024/TT-BXD
1.009141,Cấp mới/cấp lại Giấy chứng nhận số nhà,Đối tượng,2,Công dân Việt Nam,,09/2025/TT-BXD; 2298/QĐ-UBND; 08/2024/TT-BXD
1.009159,Cấp giấy phép thi công lắp đặt cấp nước cho các hộ dân,Đối tượng,1,"Tổ chức (không bao gồm doanh nghiệp, HTX)",,13/2020/TT-BGTVT; 50/2015/TT-BGTVT; 06/2023/QĐ-UBND; 05/2013/QĐ-UBND; 23/2008/QH12; 35/2017/TT-BGTVT; 11/2010/NĐ-CP; 34/2018/QĐ-UBND; 55/2014/QĐ-UBND; 100/2013/NĐ-CP; 39/2021/TT-BGTVT; 18/2015/QĐ-UBND; 24/2019/QĐ-UBND
1.009159,Cấp giấy phép thi công lắp đặt cấp nước cho các hộ dân,Đối tượng,2,Công dân Việt Nam,,13/2020/TT-BGTVT; 50/2015/TT-BGTVT; 06/2023/QĐ-UBND; 05/2013/QĐ-UBND; 23/2008/QH12; 35/2017/TT-BGTVT; 11/2010/NĐ-CP; 34/2018/QĐ-UBND; 55/2014/QĐ-UBND; 100/2013/NĐ-CP; 39/2021/TT-BGTVT; 18/2015/QĐ-UBND; 24/2019/QĐ-UBND
1.009160,"Cấp phép thi công lắp đặt công trình ngầm, công trình trên mặt đường b",Đối tượng,1,Công dân Việt Nam,,50/2015/TT-BGTVT; 06/2023/QĐ-UBND; 05/2013/QĐ-UBND; 100/2013/NĐ-CP; 23/2008/QH12; 35/2017/TT-BGTVT; 11/2010/NĐ-CP; 18/2015/QĐ-UBND; 39/2021/TT-BGTVT
1.009160,"Cấp phép thi công lắp đặt công trình ngầm, công trình trên mặt đường b",Đối tượng,2,"Tổ chức (không bao gồm doanh nghiệp, HTX)",,50/2015/TT-BGTVT; 06/2023/QĐ-UBND; 05/2013/QĐ-UBND; 100/2013/NĐ-CP; 23/2008/QH12; 35/2017/TT-BGTVT; 11/2010/NĐ-CP; 18/2015/QĐ-UBND; 39/2021/TT-BGTVT
1.009161,"Cấp giấy phép thi công các công trình sửa chữa, cải tạo nâng cấp đường",Đối tượng,1,Doanh nghiệp,,50/2015/TT-BGTVT; 05/2013/QĐ-UBND; 100/2013/NĐ-CP; 23/2008/QH12; 18/2015/QĐ-UBND; 111/2010/NĐ-CP
1.009161,"Cấp giấy phép thi công các công trình sửa chữa, cải tạo nâng cấp đường",Đối tượng,2,"Tổ chức (không bao gồm doanh nghiệp, HTX)",,50/2015/TT-BGTVT; 05/2013/QĐ-UBND; 100/2013/NĐ-CP; 23/2008/QH12; 18/2015/QĐ-UBND; 111/2010/NĐ-CP
1.009165,"Đăng ký cấp giấy phép thi công chỉnh trang, gia cố vỉa hè, hạ bó vỉa h",Đối tượng,1,"Tổ chức (không bao gồm doanh nghiệp, HTX)",,50/2015/TT-BGTVT; 05/2013/QĐ-UBND; 23/2008/QH12; 35/2017/TT-BGTVT; 11/2010/NĐ-CP; 34/2018/QĐ-UBND; 18/2015/QĐ-UBND; 55/2014/QĐ-UBND; 24/2019/QĐ-UBND
1.009165,"Đăng ký cấp giấy phép thi công chỉnh trang, gia cố vỉa hè, hạ bó vỉa h",Đối tượng,2,Công dân Việt Nam,,50/2015/TT-BGTVT; 05/2013/QĐ-UBND; 23/2008/QH12; 35/2017/TT-BGTVT; 11/2010/NĐ-CP; 34/2018/QĐ-UBND; 18/2015/QĐ-UBND; 55/2014/QĐ-UBND; 24/2019/QĐ-UBND
1.009249,Xét tặng giải thưởng Hải Thượng Lãn Ông về công tác y dược cổ truyền,Đối tượng,1,Công dân Việt Nam,,91/2017/NĐ-CP; 24/2024/TT-BYT; 16/2020/TT-BYT; 06/2022/QH15
1.009249,Xét tặng giải thưởng Hải Thượng Lãn Ông về công tác y dược cổ truyền,Đối tượng,2,Người nước ngoài,,91/2017/NĐ-CP; 24/2024/TT-BYT; 16/2020/TT-BYT; 06/2022/QH15
1.009249,Xét tặng giải thưởng Hải Thượng Lãn Ông về công tác y dược cổ truyền,Đối tượng,3,Tổ chức nước ngoài,,91/2017/NĐ-CP; 24/2024/TT-BYT; 16/2020/TT-BYT; 06/2022/QH15
1.009249,Xét tặng giải thưởng Hải Thượng Lãn Ông về công tác y dược cổ truyền,Đối tượng,4,"Tổ chức (không bao gồm doanh nghiệp, HTX)",,91/2017/NĐ-CP; 24/2024/TT-BYT; 16/2020/TT-BYT; 06/2022/QH15
1.009249,Xét tặng giải thưởng Hải Thượng Lãn Ông về công tác y dược cổ truyền,Đối tượng,5,Người Việt Nam định cư ở nước ngoài,,91/2017/NĐ-CP; 24/2024/TT-BYT; 16/2020/TT-BYT; 06/2022/QH15
1.009346,Xét tặng giải thưởng Đặng Văn Ngữ trong lĩnh vực Y tế dự phòng,Đối tượng,1,Công dân Việt Nam,,23/2020/TT-BYT; 75/2017/NĐ-CP
1.009346,Xét tặng giải thưởng Đặng Văn Ngữ trong lĩnh vực Y tế dự phòng,Đối tượng,2,Doanh nghiệp,,23/2020/TT-BYT; 75/2017/NĐ-CP
1.009346,Xét tặng giải thưởng Đặng Văn Ngữ trong lĩnh vực Y tế dự phòng,Đối tượng,3,Doanh nghiệp có vốn đầu tư nước ngoài,,23/2020/TT-BYT; 75/2017/NĐ-CP
1.009346,Xét tặng giải thưởng Đặng Văn Ngữ trong lĩnh vực Y tế dự phòng,Đối tượng,4,"Tổ chức (không bao gồm doanh nghiệp, HTX)",,23/2020/TT-BYT; 75/2017/NĐ-CP
1.009346,Xét tặng giải thưởng Đặng Văn Ngữ trong lĩnh vực Y tế dự phòng,Đối tượng,5,Người Việt Nam định cư ở nước ngoài,,23/2020/TT-BYT; 75/2017/NĐ-CP
1.009346,Xét tặng giải thưởng Đặng Văn Ngữ trong lĩnh vực Y tế dự phòng,Đối tượng,6,"Cán bộ, công chức, viên chức",,23/2020/TT-BYT; 75/2017/NĐ-CP
1.009466,Thành lập Hội đồng thương lượng tập thể,Đối tượng,1,Công dân Việt Nam,,45/2025/NĐ-CP; 25/2025/NĐ-CP; 190/2025/NQ-QH15; 45/2019/QH14; 10/2020/TT-BLĐTBXH
1.009466,Thành lập Hội đồng thương lượng tập thể,Đối tượng,2,"Tổ chức (không bao gồm doanh nghiệp, HTX)",,45/2025/NĐ-CP; 25/2025/NĐ-CP; 190/2025/NQ-QH15; 45/2019/QH14; 10/2020/TT-BLĐTBXH
1.009467,"Thay đổi Chủ tịch Hội đồng thương lượng tập thể, đại diện Ủy ban nhân",Đối tượng,1,"Tổ chức (không bao gồm doanh nghiệp, HTX)",,45/2025/NĐ-CP; 25/2025/NĐ-CP; 190/2025/NQ-QH15; 45/2019/QH14
1.009467,"Thay đổi Chủ tịch Hội đồng thương lượng tập thể, đại diện Ủy ban nhân",Đối tượng,2,Công dân Việt Nam,,45/2025/NĐ-CP; 25/2025/NĐ-CP; 190/2025/NQ-QH15; 45/2019/QH14
1.009467,"Thay đổi Chủ tịch Hội đồng thương lượng tập thể, đại diện Ủy ban nhân",Đối tượng,3,Hợp tác xã,,45/2025/NĐ-CP; 25/2025/NĐ-CP; 190/2025/NQ-QH15; 45/2019/QH14
1.009487,Trình tự chuẩn bị dự án đầu tư do nhà đầu tư đề xuất,Đối tượng,1,Doanh nghiệp có vốn đầu tư nước ngoài,,243/2025/NĐ-CP; 57/2024/QH15; 03/2022/QH15; 90/2025/QH15; 64/2020/QH14; 257/2025/NĐ-CP; 29/2021/NĐ-CP
1.009487,Trình tự chuẩn bị dự án đầu tư do nhà đầu tư đề xuất,Đối tượng,2,Công dân Việt Nam,,243/2025/NĐ-CP; 57/2024/QH15; 03/2022/QH15; 90/2025/QH15; 64/2020/QH14; 257/2025/NĐ-CP; 29/2021/NĐ-CP
1.009487,Trình tự chuẩn bị dự án đầu tư do nhà đầu tư đề xuất,Đối tượng,3,Người nước ngoài,,243/2025/NĐ-CP; 57/2024/QH15; 03/2022/QH15; 90/2025/QH15; 64/2020/QH14; 257/2025/NĐ-CP; 29/2021/NĐ-CP
1.009487,Trình tự chuẩn bị dự án đầu tư do nhà đầu tư đề xuất,Đối tượng,4,Doanh nghiệp,,243/2025/NĐ-CP; 57/2024/QH15; 03/2022/QH15; 90/2025/QH15; 64/2020/QH14; 257/2025/NĐ-CP; 29/2021/NĐ-CP
1.009487,Trình tự chuẩn bị dự án đầu tư do nhà đầu tư đề xuất,Đối tượng,5,Tổ chức nước ngoài,,243/2025/NĐ-CP; 57/2024/QH15; 03/2022/QH15; 90/2025/QH15; 64/2020/QH14; 257/2025/NĐ-CP; 29/2021/NĐ-CP
1.009487,Trình tự chuẩn bị dự án đầu tư do nhà đầu tư đề xuất,Đối tượng,6,Hợp tác xã,,243/2025/NĐ-CP; 57/2024/QH15; 03/2022/QH15; 90/2025/QH15; 64/2020/QH14; 257/2025/NĐ-CP; 29/2021/NĐ-CP
1.009487,Trình tự chuẩn bị dự án đầu tư do nhà đầu tư đề xuất,Đối tượng,7,Người Việt Nam định cư ở nước ngoài,,243/2025/NĐ-CP; 57/2024/QH15; 03/2022/QH15; 90/2025/QH15; 64/2020/QH14; 257/2025/NĐ-CP; 29/2021/NĐ-CP
1.009487,Trình tự chuẩn bị dự án đầu tư do nhà đầu tư đề xuất,Đối tượng,8,"Tổ chức (không bao gồm doanh nghiệp, HTX)",,243/2025/NĐ-CP; 57/2024/QH15; 03/2022/QH15; 90/2025/QH15; 64/2020/QH14; 257/2025/NĐ-CP; 29/2021/NĐ-CP
1.009488,"Thẩm định báo cáo nghiên cứu khả thi, phê duyệt dự án, điều chỉnh dự á",Đối tượng,1,Doanh nghiệp có vốn đầu tư nước ngoài,,243/2025/NĐ-CP; 29/2021/NĐ-CP; 64/2020/QH14; 03/2022/QH15; 90/2025/QH15; 57/2024/QH15
1.009488,"Thẩm định báo cáo nghiên cứu khả thi, phê duyệt dự án, điều chỉnh dự á",Đối tượng,2,Người Việt Nam định cư ở nước ngoài,,243/2025/NĐ-CP; 29/2021/NĐ-CP; 64/2020/QH14; 03/2022/QH15; 90/2025/QH15; 57/2024/QH15
1.009488,"Thẩm định báo cáo nghiên cứu khả thi, phê duyệt dự án, điều chỉnh dự á",Đối tượng,3,"Tổ chức (không bao gồm doanh nghiệp, HTX)",,243/2025/NĐ-CP; 29/2021/NĐ-CP; 64/2020/QH14; 03/2022/QH15; 90/2025/QH15; 57/2024/QH15
1.009488,"Thẩm định báo cáo nghiên cứu khả thi, phê duyệt dự án, điều chỉnh dự á",Đối tượng,4,Công dân Việt Nam,,243/2025/NĐ-CP; 29/2021/NĐ-CP; 64/2020/QH14; 03/2022/QH15; 90/2025/QH15; 57/2024/QH15
1.009488,"Thẩm định báo cáo nghiên cứu khả thi, phê duyệt dự án, điều chỉnh dự á",Đối tượng,5,Người nước ngoài,,243/2025/NĐ-CP; 29/2021/NĐ-CP; 64/2020/QH14; 03/2022/QH15; 90/2025/QH15; 57/2024/QH15
1.009488,"Thẩm định báo cáo nghiên cứu khả thi, phê duyệt dự án, điều chỉnh dự á",Đối tượng,6,Doanh nghiệp,,243/2025/NĐ-CP; 29/2021/NĐ-CP; 64/2020/QH14; 03/2022/QH15; 90/2025/QH15; 57/2024/QH15
1.009488,"Thẩm định báo cáo nghiên cứu khả thi, phê duyệt dự án, điều chỉnh dự á",Đối tượng,7,Tổ chức nước ngoài,,243/2025/NĐ-CP; 29/2021/NĐ-CP; 64/2020/QH14; 03/2022/QH15; 90/2025/QH15; 57/2024/QH15
1.009488,"Thẩm định báo cáo nghiên cứu khả thi, phê duyệt dự án, điều chỉnh dự á",Đối tượng,8,Hợp tác xã,,243/2025/NĐ-CP; 29/2021/NĐ-CP; 64/2020/QH14; 03/2022/QH15; 90/2025/QH15; 57/2024/QH15
1.009491,Trình tự chuẩn bị dự án đầu tư do nhà đầu tư đề xuất (cấp tỉnh),Đối tượng,1,Công dân Việt Nam,,64/2020/QH14; 03/2022/QH15; 243/2025/NĐ-CP; 57/2024/QH15; 257/2025/NĐ-CP; 90/2025/QH15; 29/2021/NĐ-CP
1.009491,Trình tự chuẩn bị dự án đầu tư do nhà đầu tư đề xuất (cấp tỉnh),Đối tượng,2,Người nước ngoài,,64/2020/QH14; 03/2022/QH15; 243/2025/NĐ-CP; 57/2024/QH15; 257/2025/NĐ-CP; 90/2025/QH15; 29/2021/NĐ-CP
1.009491,Trình tự chuẩn bị dự án đầu tư do nhà đầu tư đề xuất (cấp tỉnh),Đối tượng,3,Doanh nghiệp,,64/2020/QH14; 03/2022/QH15; 243/2025/NĐ-CP; 57/2024/QH15; 257/2025/NĐ-CP; 90/2025/QH15; 29/2021/NĐ-CP
1.009491,Trình tự chuẩn bị dự án đầu tư do nhà đầu tư đề xuất (cấp tỉnh),Đối tượng,4,Tổ chức nước ngoài,,64/2020/QH14; 03/2022/QH15; 243/2025/NĐ-CP; 57/2024/QH15; 257/2025/NĐ-CP; 90/2025/QH15; 29/2021/NĐ-CP
1.009491,Trình tự chuẩn bị dự án đầu tư do nhà đầu tư đề xuất (cấp tỉnh),Đối tượng,5,Hợp tác xã,,64/2020/QH14; 03/2022/QH15; 243/2025/NĐ-CP; 57/2024/QH15; 257/2025/NĐ-CP; 90/2025/QH15; 29/2021/NĐ-CP
1.009491,Trình tự chuẩn bị dự án đầu tư do nhà đầu tư đề xuất (cấp tỉnh),Đối tượng,6,Doanh nghiệp có vốn đầu tư nước ngoài,,64/2020/QH14; 03/2022/QH15; 243/2025/NĐ-CP; 57/2024/QH15; 257/2025/NĐ-CP; 90/2025/QH15; 29/2021/NĐ-CP
1.009491,Trình tự chuẩn bị dự án đầu tư do nhà đầu tư đề xuất (cấp tỉnh),Đối tượng,7,Người Việt Nam định cư ở nước ngoài,,64/2020/QH14; 03/2022/QH15; 243/2025/NĐ-CP; 57/2024/QH15; 257/2025/NĐ-CP; 90/2025/QH15; 29/2021/NĐ-CP
1.009491,Trình tự chuẩn bị dự án đầu tư do nhà đầu tư đề xuất (cấp tỉnh),Đối tượng,8,"Tổ chức (không bao gồm doanh nghiệp, HTX)",,64/2020/QH14; 03/2022/QH15; 243/2025/NĐ-CP; 57/2024/QH15; 257/2025/NĐ-CP; 90/2025/QH15; 29/2021/NĐ-CP
1.009492,"Thẩm định báo cáo nghiên cứu khả thi, phê duyệt dự án, điều chỉnh dự á",Đối tượng,1,Doanh nghiệp có vốn đầu tư nước ngoài,,243/2025/NĐ-CP; 57/2024/QH15; 90/2025/QH15; 64/2020/QH14; 03/2022/QH15; 29/2021/NĐ-CP
1.009492,"Thẩm định báo cáo nghiên cứu khả thi, phê duyệt dự án, điều chỉnh dự á",Đối tượng,2,Công dân Việt Nam,,243/2025/NĐ-CP; 57/2024/QH15; 90/2025/QH15; 64/2020/QH14; 03/2022/QH15; 29/2021/NĐ-CP
1.009492,"Thẩm định báo cáo nghiên cứu khả thi, phê duyệt dự án, điều chỉnh dự á",Đối tượng,3,Người nước ngoài,,243/2025/NĐ-CP; 57/2024/QH15; 90/2025/QH15; 64/2020/QH14; 03/2022/QH15; 29/2021/NĐ-CP
1.009492,"Thẩm định báo cáo nghiên cứu khả thi, phê duyệt dự án, điều chỉnh dự á",Đối tượng,4,Doanh nghiệp,,243/2025/NĐ-CP; 57/2024/QH15; 90/2025/QH15; 64/2020/QH14; 03/2022/QH15; 29/2021/NĐ-CP
1.009492,"Thẩm định báo cáo nghiên cứu khả thi, phê duyệt dự án, điều chỉnh dự á",Đối tượng,5,Tổ chức nước ngoài,,243/2025/NĐ-CP; 57/2024/QH15; 90/2025/QH15; 64/2020/QH14; 03/2022/QH15; 29/2021/NĐ-CP
1.009492,"Thẩm định báo cáo nghiên cứu khả thi, phê duyệt dự án, điều chỉnh dự á",Đối tượng,6,Hợp tác xã,,243/2025/NĐ-CP; 57/2024/QH15; 90/2025/QH15; 64/2020/QH14; 03/2022/QH15; 29/2021/NĐ-CP
1.009492,"Thẩm định báo cáo nghiên cứu khả thi, phê duyệt dự án, điều chỉnh dự á",Đối tượng,7,Người Việt Nam định cư ở nước ngoài,,243/2025/NĐ-CP; 57/2024/QH15; 90/2025/QH15; 64/2020/QH14; 03/2022/QH15; 29/2021/NĐ-CP
1.009492,"Thẩm định báo cáo nghiên cứu khả thi, phê duyệt dự án, điều chỉnh dự á",Đối tượng,8,"Tổ chức (không bao gồm doanh nghiệp, HTX)",,243/2025/NĐ-CP; 57/2024/QH15; 90/2025/QH15; 64/2020/QH14; 03/2022/QH15; 29/2021/NĐ-CP
1.009565,Hiệu đính Giấy chứng nhận đăng ký đầu tư ra nước ngoài,Đối tượng,1,Công dân Việt Nam,,25/2023/TT-BKHĐT; 03/2021/TT-BKHĐT; 31/2021/NĐ-CP; 61/2020/QH14
1.009565,Hiệu đính Giấy chứng nhận đăng ký đầu tư ra nước ngoài,Đối tượng,2,Doanh nghiệp,,25/2023/TT-BKHĐT; 03/2021/TT-BKHĐT; 31/2021/NĐ-CP; 61/2020/QH14
1.009565,Hiệu đính Giấy chứng nhận đăng ký đầu tư ra nước ngoài,Đối tượng,3,Hợp tác xã,,25/2023/TT-BKHĐT; 03/2021/TT-BKHĐT; 31/2021/NĐ-CP; 61/2020/QH14
1.009565,Hiệu đính Giấy chứng nhận đăng ký đầu tư ra nước ngoài,Đối tượng,4,"Tổ chức (không bao gồm doanh nghiệp, HTX)",,25/2023/TT-BKHĐT; 03/2021/TT-BKHĐT; 31/2021/NĐ-CP; 61/2020/QH14
1.009627,Thủ tục chấp thuận chủ trương đầu tư thuộc thẩm quyền của Thủ tướng Ch,Đối tượng,1,Công dân Việt Nam,,96/2026/NĐ-CP; 55/2026/TT-BTC; 143/2025/QH15
1.009627,Thủ tục chấp thuận chủ trương đầu tư thuộc thẩm quyền của Thủ tướng Ch,Đối tượng,2,Doanh nghiệp,,96/2026/NĐ-CP; 55/2026/TT-BTC; 143/2025/QH15
1.009627,Thủ tục chấp thuận chủ trương đầu tư thuộc thẩm quyền của Thủ tướng Ch,Đối tượng,3,Người nước ngoài,,96/2026/NĐ-CP; 55/2026/TT-BTC; 143/2025/QH15
1.009627,Thủ tục chấp thuận chủ trương đầu tư thuộc thẩm quyền của Thủ tướng Ch,Đối tượng,4,Hợp tác xã,,96/2026/NĐ-CP; 55/2026/TT-BTC; 143/2025/QH15
1.009627,Thủ tục chấp thuận chủ trương đầu tư thuộc thẩm quyền của Thủ tướng Ch,Đối tượng,5,"Cán bộ, công chức, viên chức",,96/2026/NĐ-CP; 55/2026/TT-BTC; 143/2025/QH15
1.009627,Thủ tục chấp thuận chủ trương đầu tư thuộc thẩm quyền của Thủ tướng Ch,Đối tượng,6,Tổ chức nước ngoài,,96/2026/NĐ-CP; 55/2026/TT-BTC; 143/2025/QH15
1.009627,Thủ tục chấp thuận chủ trương đầu tư thuộc thẩm quyền của Thủ tướng Ch,Đối tượng,7,"Tổ chức (không bao gồm doanh nghiệp, HTX)",,96/2026/NĐ-CP; 55/2026/TT-BTC; 143/2025/QH15
1.009627,Thủ tục chấp thuận chủ trương đầu tư thuộc thẩm quyền của Thủ tướng Ch,Đối tượng,8,Người Việt Nam định cư ở nước ngoài,,96/2026/NĐ-CP; 55/2026/TT-BTC; 143/2025/QH15
1.009627,Thủ tục chấp thuận chủ trương đầu tư thuộc thẩm quyền của Thủ tướng Ch,Đối tượng,9,Doanh nghiệp có vốn đầu tư nước ngoài,,96/2026/NĐ-CP; 55/2026/TT-BTC; 143/2025/QH15
1.009628,Thủ tục điều chỉnh dự án đầu tư thuộc thẩm quyền chấp thuận chủ trương,Đối tượng,1,Công dân Việt Nam,,96/2026/NĐ-CP; 55/2026/TT-BTC; 143/2025/QH15
1.009628,Thủ tục điều chỉnh dự án đầu tư thuộc thẩm quyền chấp thuận chủ trương,Đối tượng,2,Doanh nghiệp,,96/2026/NĐ-CP; 55/2026/TT-BTC; 143/2025/QH15
1.009628,Thủ tục điều chỉnh dự án đầu tư thuộc thẩm quyền chấp thuận chủ trương,Đối tượng,3,Người nước ngoài,,96/2026/NĐ-CP; 55/2026/TT-BTC; 143/2025/QH15
1.009628,Thủ tục điều chỉnh dự án đầu tư thuộc thẩm quyền chấp thuận chủ trương,Đối tượng,4,Tổ chức nước ngoài,,96/2026/NĐ-CP; 55/2026/TT-BTC; 143/2025/QH15
1.009628,Thủ tục điều chỉnh dự án đầu tư thuộc thẩm quyền chấp thuận chủ trương,Đối tượng,5,Hợp tác xã,,96/2026/NĐ-CP; 55/2026/TT-BTC; 143/2025/QH15
1.009628,Thủ tục điều chỉnh dự án đầu tư thuộc thẩm quyền chấp thuận chủ trương,Đối tượng,6,"Tổ chức (không bao gồm doanh nghiệp, HTX)",,96/2026/NĐ-CP; 55/2026/TT-BTC; 143/2025/QH15
1.009628,Thủ tục điều chỉnh dự án đầu tư thuộc thẩm quyền chấp thuận chủ trương,Đối tượng,7,Người Việt Nam định cư ở nước ngoài,,96/2026/NĐ-CP; 55/2026/TT-BTC; 143/2025/QH15
1.009628,Thủ tục điều chỉnh dự án đầu tư thuộc thẩm quyền chấp thuận chủ trương,Đối tượng,8,Doanh nghiệp Việt Nam,,96/2026/NĐ-CP; 55/2026/TT-BTC; 143/2025/QH15
1.009628,Thủ tục điều chỉnh dự án đầu tư thuộc thẩm quyền chấp thuận chủ trương,Đối tượng,9,Doanh nghiệp có vốn đầu tư nước ngoài,,96/2026/NĐ-CP; 55/2026/TT-BTC; 143/2025/QH15
1.009636,Thủ tục gia hạn thời hạn hoạt động của dự án đầu tư thuộc thẩm quyền c,Đối tượng,1,Doanh nghiệp Việt Nam,,96/2026/NĐ-CP; 55/2026/TT-BTC; 143/2025/QH15
1.009636,Thủ tục gia hạn thời hạn hoạt động của dự án đầu tư thuộc thẩm quyền c,Đối tượng,2,Công dân Việt Nam,,96/2026/NĐ-CP; 55/2026/TT-BTC; 143/2025/QH15
1.009636,Thủ tục gia hạn thời hạn hoạt động của dự án đầu tư thuộc thẩm quyền c,Đối tượng,3,Doanh nghiệp,,96/2026/NĐ-CP; 55/2026/TT-BTC; 143/2025/QH15
1.009636,Thủ tục gia hạn thời hạn hoạt động của dự án đầu tư thuộc thẩm quyền c,Đối tượng,4,Người nước ngoài,,96/2026/NĐ-CP; 55/2026/TT-BTC; 143/2025/QH15
1.009636,Thủ tục gia hạn thời hạn hoạt động của dự án đầu tư thuộc thẩm quyền c,Đối tượng,5,Hợp tác xã,,96/2026/NĐ-CP; 55/2026/TT-BTC; 143/2025/QH15
1.009636,Thủ tục gia hạn thời hạn hoạt động của dự án đầu tư thuộc thẩm quyền c,Đối tượng,6,"Cán bộ, công chức, viên chức",,96/2026/NĐ-CP; 55/2026/TT-BTC; 143/2025/QH15
1.009636,Thủ tục gia hạn thời hạn hoạt động của dự án đầu tư thuộc thẩm quyền c,Đối tượng,7,Đảng viên,,96/2026/NĐ-CP; 55/2026/TT-BTC; 143/2025/QH15
1.009636,Thủ tục gia hạn thời hạn hoạt động của dự án đầu tư thuộc thẩm quyền c,Đối tượng,8,"Tổ chức (không bao gồm doanh nghiệp, HTX)",,96/2026/NĐ-CP; 55/2026/TT-BTC; 143/2025/QH15
1.009636,Thủ tục gia hạn thời hạn hoạt động của dự án đầu tư thuộc thẩm quyền c,Đối tượng,9,Người Việt Nam định cư ở nước ngoài,,96/2026/NĐ-CP; 55/2026/TT-BTC; 143/2025/QH15
1.009636,Thủ tục gia hạn thời hạn hoạt động của dự án đầu tư thuộc thẩm quyền c,Đối tượng,10,Tổ chức nước ngoài,,96/2026/NĐ-CP; 55/2026/TT-BTC; 143/2025/QH15
1.009636,Thủ tục gia hạn thời hạn hoạt động của dự án đầu tư thuộc thẩm quyền c,Đối tượng,11,Doanh nghiệp có vốn đầu tư nước ngoài,,96/2026/NĐ-CP; 55/2026/TT-BTC; 143/2025/QH15
1.009642,Thủ tục chấp thuận nhà đầu tư thuộc thẩm quyền của Chủ tịch Uỷ ban nhâ,Đối tượng,1,Doanh nghiệp Việt Nam,,143/2025/QH15; 96/2026/NĐ-CP; 55/2026/TT-BTC
1.009642,Thủ tục chấp thuận nhà đầu tư thuộc thẩm quyền của Chủ tịch Uỷ ban nhâ,Đối tượng,2,Doanh nghiệp có vốn đầu tư nước ngoài,,143/2025/QH15; 96/2026/NĐ-CP; 55/2026/TT-BTC
1.009642,Thủ tục chấp thuận nhà đầu tư thuộc thẩm quyền của Chủ tịch Uỷ ban nhâ,Đối tượng,3,"Tổ chức (không bao gồm doanh nghiệp, HTX)",,143/2025/QH15; 96/2026/NĐ-CP; 55/2026/TT-BTC
1.009642,Thủ tục chấp thuận nhà đầu tư thuộc thẩm quyền của Chủ tịch Uỷ ban nhâ,Đối tượng,4,Người Việt Nam định cư ở nước ngoài,,143/2025/QH15; 96/2026/NĐ-CP; 55/2026/TT-BTC
1.009642,Thủ tục chấp thuận nhà đầu tư thuộc thẩm quyền của Chủ tịch Uỷ ban nhâ,Đối tượng,5,Công dân Việt Nam,,143/2025/QH15; 96/2026/NĐ-CP; 55/2026/TT-BTC
1.009642,Thủ tục chấp thuận nhà đầu tư thuộc thẩm quyền của Chủ tịch Uỷ ban nhâ,Đối tượng,6,Doanh nghiệp,,143/2025/QH15; 96/2026/NĐ-CP; 55/2026/TT-BTC
1.009642,Thủ tục chấp thuận nhà đầu tư thuộc thẩm quyền của Chủ tịch Uỷ ban nhâ,Đối tượng,7,Người nước ngoài,,143/2025/QH15; 96/2026/NĐ-CP; 55/2026/TT-BTC
1.009642,Thủ tục chấp thuận nhà đầu tư thuộc thẩm quyền của Chủ tịch Uỷ ban nhâ,Đối tượng,8,Tổ chức nước ngoài,,143/2025/QH15; 96/2026/NĐ-CP; 55/2026/TT-BTC
1.009642,Thủ tục chấp thuận nhà đầu tư thuộc thẩm quyền của Chủ tịch Uỷ ban nhâ,Đối tượng,9,Hợp tác xã,,143/2025/QH15; 96/2026/NĐ-CP; 55/2026/TT-BTC
1.009644,Thủ tục điều chỉnh Quyết định chấp thuận nhà đầu tư thuộc thẩm quyền c,Đối tượng,1,"Tổ chức (không bao gồm doanh nghiệp, HTX)",,143/2025/QH15; 96/2026/NĐ-CP; 55/2026/TT-BTC
1.009644,Thủ tục điều chỉnh Quyết định chấp thuận nhà đầu tư thuộc thẩm quyền c,Đối tượng,2,Người Việt Nam định cư ở nước ngoài,,143/2025/QH15; 96/2026/NĐ-CP; 55/2026/TT-BTC
1.009644,Thủ tục điều chỉnh Quyết định chấp thuận nhà đầu tư thuộc thẩm quyền c,Đối tượng,3,Công dân Việt Nam,,143/2025/QH15; 96/2026/NĐ-CP; 55/2026/TT-BTC
1.009644,Thủ tục điều chỉnh Quyết định chấp thuận nhà đầu tư thuộc thẩm quyền c,Đối tượng,4,Người nước ngoài,,143/2025/QH15; 96/2026/NĐ-CP; 55/2026/TT-BTC
1.009644,Thủ tục điều chỉnh Quyết định chấp thuận nhà đầu tư thuộc thẩm quyền c,Đối tượng,5,Tổ chức nước ngoài,,143/2025/QH15; 96/2026/NĐ-CP; 55/2026/TT-BTC
1.009644,Thủ tục điều chỉnh Quyết định chấp thuận nhà đầu tư thuộc thẩm quyền c,Đối tượng,6,Hợp tác xã,,143/2025/QH15; 96/2026/NĐ-CP; 55/2026/TT-BTC
1.009644,Thủ tục điều chỉnh Quyết định chấp thuận nhà đầu tư thuộc thẩm quyền c,Đối tượng,7,Doanh nghiệp Việt Nam,,143/2025/QH15; 96/2026/NĐ-CP; 55/2026/TT-BTC
1.009644,Thủ tục điều chỉnh Quyết định chấp thuận nhà đầu tư thuộc thẩm quyền c,Đối tượng,8,Doanh nghiệp có vốn đầu tư nước ngoài,,143/2025/QH15; 96/2026/NĐ-CP; 55/2026/TT-BTC
1.009644,Thủ tục điều chỉnh Quyết định chấp thuận nhà đầu tư thuộc thẩm quyền c,Đối tượng,9,Doanh nghiệp,,143/2025/QH15; 96/2026/NĐ-CP; 55/2026/TT-BTC
1.009645,Thủ tục chấp thuận chủ trương đầu tư thuộc thẩm quyền của Chủ tịch Uỷ,Đối tượng,1,"Tổ chức (không bao gồm doanh nghiệp, HTX)",,143/2025/QH15; 96/2026/NĐ-CP; 55/2026/TT-BTC
1.009645,Thủ tục chấp thuận chủ trương đầu tư thuộc thẩm quyền của Chủ tịch Uỷ,Đối tượng,2,Người Việt Nam định cư ở nước ngoài,,143/2025/QH15; 96/2026/NĐ-CP; 55/2026/TT-BTC
1.009645,Thủ tục chấp thuận chủ trương đầu tư thuộc thẩm quyền của Chủ tịch Uỷ,Đối tượng,3,Doanh nghiệp Việt Nam,,143/2025/QH15; 96/2026/NĐ-CP; 55/2026/TT-BTC
1.009645,Thủ tục chấp thuận chủ trương đầu tư thuộc thẩm quyền của Chủ tịch Uỷ,Đối tượng,4,Doanh nghiệp có vốn đầu tư nước ngoài,,143/2025/QH15; 96/2026/NĐ-CP; 55/2026/TT-BTC
1.009645,Thủ tục chấp thuận chủ trương đầu tư thuộc thẩm quyền của Chủ tịch Uỷ,Đối tượng,5,Công dân Việt Nam,,143/2025/QH15; 96/2026/NĐ-CP; 55/2026/TT-BTC
1.009645,Thủ tục chấp thuận chủ trương đầu tư thuộc thẩm quyền của Chủ tịch Uỷ,Đối tượng,6,Doanh nghiệp,,143/2025/QH15; 96/2026/NĐ-CP; 55/2026/TT-BTC
1.009645,Thủ tục chấp thuận chủ trương đầu tư thuộc thẩm quyền của Chủ tịch Uỷ,Đối tượng,7,Người nước ngoài,,143/2025/QH15; 96/2026/NĐ-CP; 55/2026/TT-BTC
1.009645,Thủ tục chấp thuận chủ trương đầu tư thuộc thẩm quyền của Chủ tịch Uỷ,Đối tượng,8,Tổ chức nước ngoài,,143/2025/QH15; 96/2026/NĐ-CP; 55/2026/TT-BTC
1.009645,Thủ tục chấp thuận chủ trương đầu tư thuộc thẩm quyền của Chủ tịch Uỷ,Đối tượng,9,Hợp tác xã,,143/2025/QH15; 96/2026/NĐ-CP; 55/2026/TT-BTC
1.009645,Thủ tục chấp thuận chủ trương đầu tư thuộc thẩm quyền của Chủ tịch Uỷ,Đối tượng,10,"Cán bộ, công chức, viên chức",,143/2025/QH15; 96/2026/NĐ-CP; 55/2026/TT-BTC
1.009645,Thủ tục chấp thuận chủ trương đầu tư thuộc thẩm quyền của Chủ tịch Uỷ,Đối tượng,11,Đảng viên,,143/2025/QH15; 96/2026/NĐ-CP; 55/2026/TT-BTC
1.009646,Thủ tục chấp thuận điều chỉnh chủ trương đầu tư thuộc thẩm quyền của C,Đối tượng,1,"Tổ chức (không bao gồm doanh nghiệp, HTX)",,143/2025/QH15; 96/2026/NĐ-CP; 55/2026/TT-BTC
1.009646,Thủ tục chấp thuận điều chỉnh chủ trương đầu tư thuộc thẩm quyền của C,Đối tượng,2,Người Việt Nam định cư ở nước ngoài,,143/2025/QH15; 96/2026/NĐ-CP; 55/2026/TT-BTC
1.009646,Thủ tục chấp thuận điều chỉnh chủ trương đầu tư thuộc thẩm quyền của C,Đối tượng,3,Đảng viên,,143/2025/QH15; 96/2026/NĐ-CP; 55/2026/TT-BTC
1.009646,Thủ tục chấp thuận điều chỉnh chủ trương đầu tư thuộc thẩm quyền của C,Đối tượng,4,Doanh nghiệp Việt Nam,,143/2025/QH15; 96/2026/NĐ-CP; 55/2026/TT-BTC
1.009646,Thủ tục chấp thuận điều chỉnh chủ trương đầu tư thuộc thẩm quyền của C,Đối tượng,5,Doanh nghiệp có vốn đầu tư nước ngoài,,143/2025/QH15; 96/2026/NĐ-CP; 55/2026/TT-BTC
1.009646,Thủ tục chấp thuận điều chỉnh chủ trương đầu tư thuộc thẩm quyền của C,Đối tượng,6,Công dân Việt Nam,,143/2025/QH15; 96/2026/NĐ-CP; 55/2026/TT-BTC
1.009646,Thủ tục chấp thuận điều chỉnh chủ trương đầu tư thuộc thẩm quyền của C,Đối tượng,7,Người nước ngoài,,143/2025/QH15; 96/2026/NĐ-CP; 55/2026/TT-BTC
1.009646,Thủ tục chấp thuận điều chỉnh chủ trương đầu tư thuộc thẩm quyền của C,Đối tượng,8,Tổ chức nước ngoài,,143/2025/QH15; 96/2026/NĐ-CP; 55/2026/TT-BTC
1.009646,Thủ tục chấp thuận điều chỉnh chủ trương đầu tư thuộc thẩm quyền của C,Đối tượng,9,Hợp tác xã,,143/2025/QH15; 96/2026/NĐ-CP; 55/2026/TT-BTC
1.009646,Thủ tục chấp thuận điều chỉnh chủ trương đầu tư thuộc thẩm quyền của C,Đối tượng,10,"Cán bộ, công chức, viên chức",,143/2025/QH15; 96/2026/NĐ-CP; 55/2026/TT-BTC
1.009646,Thủ tục chấp thuận điều chỉnh chủ trương đầu tư thuộc thẩm quyền của C,Đối tượng,11,Doanh nghiệp,,143/2025/QH15; 96/2026/NĐ-CP; 55/2026/TT-BTC
1.009646,Thủ tục chấp thuận điều chỉnh chủ trương đầu tư thuộc thẩm quyền của C,Đối tượng,12,Người nước ngoài cư trú tại Việt Nam,,143/2025/QH15; 96/2026/NĐ-CP; 55/2026/TT-BTC
1.009647,Thủ tục điều chỉnh Giấy chứng nhận đăng ký đầu tư,Đối tượng,1,Người nước ngoài,,96/2026/NĐ-CP; 55/2026/TT-BTC; 143/2025/QH15
1.009647,Thủ tục điều chỉnh Giấy chứng nhận đăng ký đầu tư,Đối tượng,2,Tổ chức nước ngoài,,96/2026/NĐ-CP; 55/2026/TT-BTC; 143/2025/QH15
1.009647,Thủ tục điều chỉnh Giấy chứng nhận đăng ký đầu tư,Đối tượng,3,Hợp tác xã,,96/2026/NĐ-CP; 55/2026/TT-BTC; 143/2025/QH15
1.009647,Thủ tục điều chỉnh Giấy chứng nhận đăng ký đầu tư,Đối tượng,4,Công dân Việt Nam,,96/2026/NĐ-CP; 55/2026/TT-BTC; 143/2025/QH15
1.009647,Thủ tục điều chỉnh Giấy chứng nhận đăng ký đầu tư,Đối tượng,5,"Tổ chức (không bao gồm doanh nghiệp, HTX)",,96/2026/NĐ-CP; 55/2026/TT-BTC; 143/2025/QH15
1.009647,Thủ tục điều chỉnh Giấy chứng nhận đăng ký đầu tư,Đối tượng,6,Người Việt Nam định cư ở nước ngoài,,96/2026/NĐ-CP; 55/2026/TT-BTC; 143/2025/QH15
1.009647,Thủ tục điều chỉnh Giấy chứng nhận đăng ký đầu tư,Đối tượng,7,Doanh nghiệp có vốn đầu tư nước ngoài,,96/2026/NĐ-CP; 55/2026/TT-BTC; 143/2025/QH15
1.009647,Thủ tục điều chỉnh Giấy chứng nhận đăng ký đầu tư,Đối tượng,8,Doanh nghiệp,,96/2026/NĐ-CP; 55/2026/TT-BTC; 143/2025/QH15
1.009659,Thủ tục gia hạn thời hạn hoạt động của dự án đầu tư thuộc thẩm quyền c,Đối tượng,1,Công dân Việt Nam,,96/2026/NĐ-CP; 55/2026/TT-BTC; 143/2025/QH15
1.009659,Thủ tục gia hạn thời hạn hoạt động của dự án đầu tư thuộc thẩm quyền c,Đối tượng,2,Doanh nghiệp,,96/2026/NĐ-CP; 55/2026/TT-BTC; 143/2025/QH15
1.009659,Thủ tục gia hạn thời hạn hoạt động của dự án đầu tư thuộc thẩm quyền c,Đối tượng,3,Người nước ngoài,,96/2026/NĐ-CP; 55/2026/TT-BTC; 143/2025/QH15
1.009659,Thủ tục gia hạn thời hạn hoạt động của dự án đầu tư thuộc thẩm quyền c,Đối tượng,4,Tổ chức nước ngoài,,96/2026/NĐ-CP; 55/2026/TT-BTC; 143/2025/QH15
1.009659,Thủ tục gia hạn thời hạn hoạt động của dự án đầu tư thuộc thẩm quyền c,Đối tượng,5,Hợp tác xã,,96/2026/NĐ-CP; 55/2026/TT-BTC; 143/2025/QH15
1.009659,Thủ tục gia hạn thời hạn hoạt động của dự án đầu tư thuộc thẩm quyền c,Đối tượng,6,"Tổ chức (không bao gồm doanh nghiệp, HTX)",,96/2026/NĐ-CP; 55/2026/TT-BTC; 143/2025/QH15
1.009659,Thủ tục gia hạn thời hạn hoạt động của dự án đầu tư thuộc thẩm quyền c,Đối tượng,7,Người Việt Nam định cư ở nước ngoài,,96/2026/NĐ-CP; 55/2026/TT-BTC; 143/2025/QH15
1.009659,Thủ tục gia hạn thời hạn hoạt động của dự án đầu tư thuộc thẩm quyền c,Đối tượng,8,Doanh nghiệp Việt Nam,,96/2026/NĐ-CP; 55/2026/TT-BTC; 143/2025/QH15
1.009659,Thủ tục gia hạn thời hạn hoạt động của dự án đầu tư thuộc thẩm quyền c,Đối tượng,9,Doanh nghiệp có vốn đầu tư nước ngoài,,96/2026/NĐ-CP; 55/2026/TT-BTC; 143/2025/QH15
1.009661,Thủ tục thông báo về việc tự quyết định ngừng hoạt động dự án của nhà,Đối tượng,1,Doanh nghiệp có vốn đầu tư nước ngoài,,96/2026/NĐ-CP; 55/2026/TT-BTC; 143/2025/QH15
1.009661,Thủ tục thông báo về việc tự quyết định ngừng hoạt động dự án của nhà,Đối tượng,2,Công dân Việt Nam,,96/2026/NĐ-CP; 55/2026/TT-BTC; 143/2025/QH15
1.009661,Thủ tục thông báo về việc tự quyết định ngừng hoạt động dự án của nhà,Đối tượng,3,Doanh nghiệp,,96/2026/NĐ-CP; 55/2026/TT-BTC; 143/2025/QH15
1.009661,Thủ tục thông báo về việc tự quyết định ngừng hoạt động dự án của nhà,Đối tượng,4,Tổ chức nước ngoài,,96/2026/NĐ-CP; 55/2026/TT-BTC; 143/2025/QH15
1.009661,Thủ tục thông báo về việc tự quyết định ngừng hoạt động dự án của nhà,Đối tượng,5,Người nước ngoài,,96/2026/NĐ-CP; 55/2026/TT-BTC; 143/2025/QH15
1.009661,Thủ tục thông báo về việc tự quyết định ngừng hoạt động dự án của nhà,Đối tượng,6,"Tổ chức (không bao gồm doanh nghiệp, HTX)",,96/2026/NĐ-CP; 55/2026/TT-BTC; 143/2025/QH15
1.009662,Thủ tục thông báo về việc tự quyết định chấm dứt hoạt động dự án của n,Đối tượng,1,"Tổ chức (không bao gồm doanh nghiệp, HTX)",,96/2026/NĐ-CP; 55/2026/TT-BTC; 143/2025/QH15
1.009662,Thủ tục thông báo về việc tự quyết định chấm dứt hoạt động dự án của n,Đối tượng,2,Doanh nghiệp có vốn đầu tư nước ngoài,,96/2026/NĐ-CP; 55/2026/TT-BTC; 143/2025/QH15
1.009662,Thủ tục thông báo về việc tự quyết định chấm dứt hoạt động dự án của n,Đối tượng,3,Công dân Việt Nam,,96/2026/NĐ-CP; 55/2026/TT-BTC; 143/2025/QH15
1.009662,Thủ tục thông báo về việc tự quyết định chấm dứt hoạt động dự án của n,Đối tượng,4,Doanh nghiệp,,96/2026/NĐ-CP; 55/2026/TT-BTC; 143/2025/QH15
1.009662,Thủ tục thông báo về việc tự quyết định chấm dứt hoạt động dự án của n,Đối tượng,5,Tổ chức nước ngoài,,96/2026/NĐ-CP; 55/2026/TT-BTC; 143/2025/QH15
1.009662,Thủ tục thông báo về việc tự quyết định chấm dứt hoạt động dự án của n,Đối tượng,6,Người nước ngoài,,96/2026/NĐ-CP; 55/2026/TT-BTC; 143/2025/QH15
1.009664,Thủ tục cấp Giấy chứng nhận đăng ký đầu tư,Đối tượng,1,Người Việt Nam định cư ở nước ngoài,,96/2026/NĐ-CP; 55/2026/TT-BTC; 143/2025/QH15
1.009664,Thủ tục cấp Giấy chứng nhận đăng ký đầu tư,Đối tượng,2,Doanh nghiệp có vốn đầu tư nước ngoài,,96/2026/NĐ-CP; 55/2026/TT-BTC; 143/2025/QH15
1.009664,Thủ tục cấp Giấy chứng nhận đăng ký đầu tư,Đối tượng,3,Công dân Việt Nam,,96/2026/NĐ-CP; 55/2026/TT-BTC; 143/2025/QH15
1.009664,Thủ tục cấp Giấy chứng nhận đăng ký đầu tư,Đối tượng,4,Doanh nghiệp,,96/2026/NĐ-CP; 55/2026/TT-BTC; 143/2025/QH15
1.009664,Thủ tục cấp Giấy chứng nhận đăng ký đầu tư,Đối tượng,5,Người nước ngoài,,96/2026/NĐ-CP; 55/2026/TT-BTC; 143/2025/QH15
1.009664,Thủ tục cấp Giấy chứng nhận đăng ký đầu tư,Đối tượng,6,Tổ chức nước ngoài,,96/2026/NĐ-CP; 55/2026/TT-BTC; 143/2025/QH15
1.009664,Thủ tục cấp Giấy chứng nhận đăng ký đầu tư,Đối tượng,7,Hợp tác xã,,96/2026/NĐ-CP; 55/2026/TT-BTC; 143/2025/QH15
1.009664,Thủ tục cấp Giấy chứng nhận đăng ký đầu tư,Đối tượng,8,"Tổ chức (không bao gồm doanh nghiệp, HTX)",,96/2026/NĐ-CP; 55/2026/TT-BTC; 143/2025/QH15
1.009665,Thủ tục cấp lại và hiệu đính thông tin trên Giấy chứng nhận đăng ký đầ,Đối tượng,1,Công dân Việt Nam,,96/2026/NĐ-CP; 55/2026/TT-BTC; 143/2025/QH15
1.009665,Thủ tục cấp lại và hiệu đính thông tin trên Giấy chứng nhận đăng ký đầ,Đối tượng,2,Doanh nghiệp,,96/2026/NĐ-CP; 55/2026/TT-BTC; 143/2025/QH15
1.009665,Thủ tục cấp lại và hiệu đính thông tin trên Giấy chứng nhận đăng ký đầ,Đối tượng,3,Người nước ngoài,,96/2026/NĐ-CP; 55/2026/TT-BTC; 143/2025/QH15
1.009665,Thủ tục cấp lại và hiệu đính thông tin trên Giấy chứng nhận đăng ký đầ,Đối tượng,4,Tổ chức nước ngoài,,96/2026/NĐ-CP; 55/2026/TT-BTC; 143/2025/QH15
1.009665,Thủ tục cấp lại và hiệu đính thông tin trên Giấy chứng nhận đăng ký đầ,Đối tượng,5,Doanh nghiệp có vốn đầu tư nước ngoài,,96/2026/NĐ-CP; 55/2026/TT-BTC; 143/2025/QH15
1.009665,Thủ tục cấp lại và hiệu đính thông tin trên Giấy chứng nhận đăng ký đầ,Đối tượng,6,"Tổ chức (không bao gồm doanh nghiệp, HTX)",,96/2026/NĐ-CP; 55/2026/TT-BTC; 143/2025/QH15
1.009671,Thủ tục đổi Giấy chứng nhận đăng ký đầu tư,Đối tượng,1,Doanh nghiệp có vốn đầu tư nước ngoài,,96/2026/NĐ-CP; 55/2026/TT-BTC; 143/2025/QH15
1.009671,Thủ tục đổi Giấy chứng nhận đăng ký đầu tư,Đối tượng,2,"Tổ chức (không bao gồm doanh nghiệp, HTX)",,96/2026/NĐ-CP; 55/2026/TT-BTC; 143/2025/QH15
1.009671,Thủ tục đổi Giấy chứng nhận đăng ký đầu tư,Đối tượng,3,Doanh nghiệp,,96/2026/NĐ-CP; 55/2026/TT-BTC; 143/2025/QH15
1.009671,Thủ tục đổi Giấy chứng nhận đăng ký đầu tư,Đối tượng,4,Người nước ngoài,,96/2026/NĐ-CP; 55/2026/TT-BTC; 143/2025/QH15
1.009671,Thủ tục đổi Giấy chứng nhận đăng ký đầu tư,Đối tượng,5,Tổ chức nước ngoài,,96/2026/NĐ-CP; 55/2026/TT-BTC; 143/2025/QH15
1.009671,Thủ tục đổi Giấy chứng nhận đăng ký đầu tư,Đối tượng,6,Công dân Việt Nam,,96/2026/NĐ-CP; 55/2026/TT-BTC; 143/2025/QH15
1.009729,"Thủ tục góp vốn, mua cổ phần, mua phần vốn góp",Đối tượng,1,Doanh nghiệp,,143/2025/QH15; 96/2026/NĐ-CP; 55/2026/TT-BTC
1.009729,"Thủ tục góp vốn, mua cổ phần, mua phần vốn góp",Đối tượng,2,Người nước ngoài,,143/2025/QH15; 96/2026/NĐ-CP; 55/2026/TT-BTC
1.009729,"Thủ tục góp vốn, mua cổ phần, mua phần vốn góp",Đối tượng,3,Tổ chức nước ngoài,,143/2025/QH15; 96/2026/NĐ-CP; 55/2026/TT-BTC
1.009729,"Thủ tục góp vốn, mua cổ phần, mua phần vốn góp",Đối tượng,4,Hợp tác xã,,143/2025/QH15; 96/2026/NĐ-CP; 55/2026/TT-BTC
1.009729,"Thủ tục góp vốn, mua cổ phần, mua phần vốn góp",Đối tượng,5,"Tổ chức (không bao gồm doanh nghiệp, HTX)",,143/2025/QH15; 96/2026/NĐ-CP; 55/2026/TT-BTC
1.009729,"Thủ tục góp vốn, mua cổ phần, mua phần vốn góp",Đối tượng,6,Người Việt Nam định cư ở nước ngoài,,143/2025/QH15; 96/2026/NĐ-CP; 55/2026/TT-BTC
1.009729,"Thủ tục góp vốn, mua cổ phần, mua phần vốn góp",Đối tượng,7,Doanh nghiệp có vốn đầu tư nước ngoài,,143/2025/QH15; 96/2026/NĐ-CP; 55/2026/TT-BTC
1.009729,"Thủ tục góp vốn, mua cổ phần, mua phần vốn góp",Đối tượng,8,Công dân Việt Nam,,143/2025/QH15; 96/2026/NĐ-CP; 55/2026/TT-BTC
1.009731,Thủ tục thành lập văn phòng điều hành của nhà đầu tư nước ngoài trong,Đối tượng,1,Tổ chức nước ngoài,,96/2026/NĐ-CP; 55/2026/TT-BTC; 143/2025/QH15
1.009731,Thủ tục thành lập văn phòng điều hành của nhà đầu tư nước ngoài trong,Đối tượng,2,Doanh nghiệp có vốn đầu tư nước ngoài,,96/2026/NĐ-CP; 55/2026/TT-BTC; 143/2025/QH15
1.009731,Thủ tục thành lập văn phòng điều hành của nhà đầu tư nước ngoài trong,Đối tượng,3,Người nước ngoài,,96/2026/NĐ-CP; 55/2026/TT-BTC; 143/2025/QH15
1.009736,Thủ tục chấm dứt hoạt động văn phòng điều hành của nhà đầu tư nước ngo,Đối tượng,1,Doanh nghiệp có vốn đầu tư nước ngoài,,96/2026/NĐ-CP; 55/2026/TT-BTC; 143/2025/QH15
1.009736,Thủ tục chấm dứt hoạt động văn phòng điều hành của nhà đầu tư nước ngo,Đối tượng,2,Người nước ngoài,,96/2026/NĐ-CP; 55/2026/TT-BTC; 143/2025/QH15
1.009736,Thủ tục chấm dứt hoạt động văn phòng điều hành của nhà đầu tư nước ngo,Đối tượng,3,Tổ chức nước ngoài,,96/2026/NĐ-CP; 55/2026/TT-BTC; 143/2025/QH15
1.009748,Thủ tục chấp thuận chủ trương đầu tư thuộc thẩm quyền của Ban quản lý,Đối tượng,1,Doanh nghiệp Việt Nam,,96/2026/NĐ-CP; 55/2026/TT-BTC; 143/2025/QH15
1.009748,Thủ tục chấp thuận chủ trương đầu tư thuộc thẩm quyền của Ban quản lý,Đối tượng,2,Doanh nghiệp có vốn đầu tư nước ngoài,,96/2026/NĐ-CP; 55/2026/TT-BTC; 143/2025/QH15
1.009748,Thủ tục chấp thuận chủ trương đầu tư thuộc thẩm quyền của Ban quản lý,Đối tượng,3,Công dân Việt Nam,,96/2026/NĐ-CP; 55/2026/TT-BTC; 143/2025/QH15
1.009748,Thủ tục chấp thuận chủ trương đầu tư thuộc thẩm quyền của Ban quản lý,Đối tượng,4,Doanh nghiệp,,96/2026/NĐ-CP; 55/2026/TT-BTC; 143/2025/QH15
1.009748,Thủ tục chấp thuận chủ trương đầu tư thuộc thẩm quyền của Ban quản lý,Đối tượng,5,Người nước ngoài,,96/2026/NĐ-CP; 55/2026/TT-BTC; 143/2025/QH15
1.009748,Thủ tục chấp thuận chủ trương đầu tư thuộc thẩm quyền của Ban quản lý,Đối tượng,6,Tổ chức nước ngoài,,96/2026/NĐ-CP; 55/2026/TT-BTC; 143/2025/QH15
1.009748,Thủ tục chấp thuận chủ trương đầu tư thuộc thẩm quyền của Ban quản lý,Đối tượng,7,Hợp tác xã,,96/2026/NĐ-CP; 55/2026/TT-BTC; 143/2025/QH15
1.009748,Thủ tục chấp thuận chủ trương đầu tư thuộc thẩm quyền của Ban quản lý,Đối tượng,8,"Cán bộ, công chức, viên chức",,96/2026/NĐ-CP; 55/2026/TT-BTC; 143/2025/QH15
1.009748,Thủ tục chấp thuận chủ trương đầu tư thuộc thẩm quyền của Ban quản lý,Đối tượng,9,"Tổ chức (không bao gồm doanh nghiệp, HTX)",,96/2026/NĐ-CP; 55/2026/TT-BTC; 143/2025/QH15
1.009748,Thủ tục chấp thuận chủ trương đầu tư thuộc thẩm quyền của Ban quản lý,Đối tượng,10,Người Việt Nam định cư ở nước ngoài,,96/2026/NĐ-CP; 55/2026/TT-BTC; 143/2025/QH15
1.009755,Thủ tục chấp thuận nhà đầu tư thuộc thẩm quyền của Ban quản lý khu kin,Đối tượng,1,Công dân Việt Nam,,96/2026/NĐ-CP; 55/2026/TT-BTC; 143/2025/QH15
1.009755,Thủ tục chấp thuận nhà đầu tư thuộc thẩm quyền của Ban quản lý khu kin,Đối tượng,2,Doanh nghiệp,,96/2026/NĐ-CP; 55/2026/TT-BTC; 143/2025/QH15
1.009755,Thủ tục chấp thuận nhà đầu tư thuộc thẩm quyền của Ban quản lý khu kin,Đối tượng,3,Người nước ngoài,,96/2026/NĐ-CP; 55/2026/TT-BTC; 143/2025/QH15
1.009755,Thủ tục chấp thuận nhà đầu tư thuộc thẩm quyền của Ban quản lý khu kin,Đối tượng,4,Tổ chức nước ngoài,,96/2026/NĐ-CP; 55/2026/TT-BTC; 143/2025/QH15
1.009755,Thủ tục chấp thuận nhà đầu tư thuộc thẩm quyền của Ban quản lý khu kin,Đối tượng,5,Hợp tác xã,,96/2026/NĐ-CP; 55/2026/TT-BTC; 143/2025/QH15
1.009755,Thủ tục chấp thuận nhà đầu tư thuộc thẩm quyền của Ban quản lý khu kin,Đối tượng,6,"Tổ chức (không bao gồm doanh nghiệp, HTX)",,96/2026/NĐ-CP; 55/2026/TT-BTC; 143/2025/QH15
1.009755,Thủ tục chấp thuận nhà đầu tư thuộc thẩm quyền của Ban quản lý khu kin,Đối tượng,7,Người Việt Nam định cư ở nước ngoài,,96/2026/NĐ-CP; 55/2026/TT-BTC; 143/2025/QH15
1.009755,Thủ tục chấp thuận nhà đầu tư thuộc thẩm quyền của Ban quản lý khu kin,Đối tượng,8,Doanh nghiệp có vốn đầu tư nước ngoài,,96/2026/NĐ-CP; 55/2026/TT-BTC; 143/2025/QH15
1.009759,Thủ tục chấp thuận điều chỉnh chủ trương đầu tư thuộc thẩm quyền của B,Đối tượng,1,Doanh nghiệp Việt Nam,,03/2021/TT-BKHĐT; 25/2023/TT-BKHĐT; 19/2025/NĐ-CP; 239/2025/NĐ-CP; 31/2021/NĐ-CP; 61/2020/QH14; 90/2025/QH15
1.009759,Thủ tục chấp thuận điều chỉnh chủ trương đầu tư thuộc thẩm quyền của B,Đối tượng,2,Doanh nghiệp có vốn đầu tư nước ngoài,,03/2021/TT-BKHĐT; 25/2023/TT-BKHĐT; 19/2025/NĐ-CP; 239/2025/NĐ-CP; 31/2021/NĐ-CP; 61/2020/QH14; 90/2025/QH15
1.009759,Thủ tục chấp thuận điều chỉnh chủ trương đầu tư thuộc thẩm quyền của B,Đối tượng,3,Công dân Việt Nam,,03/2021/TT-BKHĐT; 25/2023/TT-BKHĐT; 19/2025/NĐ-CP; 239/2025/NĐ-CP; 31/2021/NĐ-CP; 61/2020/QH14; 90/2025/QH15
1.009759,Thủ tục chấp thuận điều chỉnh chủ trương đầu tư thuộc thẩm quyền của B,Đối tượng,4,Doanh nghiệp,,03/2021/TT-BKHĐT; 25/2023/TT-BKHĐT; 19/2025/NĐ-CP; 239/2025/NĐ-CP; 31/2021/NĐ-CP; 61/2020/QH14; 90/2025/QH15
1.009759,Thủ tục chấp thuận điều chỉnh chủ trương đầu tư thuộc thẩm quyền của B,Đối tượng,5,Người nước ngoài,,03/2021/TT-BKHĐT; 25/2023/TT-BKHĐT; 19/2025/NĐ-CP; 239/2025/NĐ-CP; 31/2021/NĐ-CP; 61/2020/QH14; 90/2025/QH15
1.009759,Thủ tục chấp thuận điều chỉnh chủ trương đầu tư thuộc thẩm quyền của B,Đối tượng,6,Tổ chức nước ngoài,,03/2021/TT-BKHĐT; 25/2023/TT-BKHĐT; 19/2025/NĐ-CP; 239/2025/NĐ-CP; 31/2021/NĐ-CP; 61/2020/QH14; 90/2025/QH15
1.009759,Thủ tục chấp thuận điều chỉnh chủ trương đầu tư thuộc thẩm quyền của B,Đối tượng,7,Hợp tác xã,,03/2021/TT-BKHĐT; 25/2023/TT-BKHĐT; 19/2025/NĐ-CP; 239/2025/NĐ-CP; 31/2021/NĐ-CP; 61/2020/QH14; 90/2025/QH15
1.009759,Thủ tục chấp thuận điều chỉnh chủ trương đầu tư thuộc thẩm quyền của B,Đối tượng,8,Người nước ngoài cư trú tại Việt Nam,,03/2021/TT-BKHĐT; 25/2023/TT-BKHĐT; 19/2025/NĐ-CP; 239/2025/NĐ-CP; 31/2021/NĐ-CP; 61/2020/QH14; 90/2025/QH15
1.009759,Thủ tục chấp thuận điều chỉnh chủ trương đầu tư thuộc thẩm quyền của B,Đối tượng,9,"Tổ chức (không bao gồm doanh nghiệp, HTX)",,03/2021/TT-BKHĐT; 25/2023/TT-BKHĐT; 19/2025/NĐ-CP; 239/2025/NĐ-CP; 31/2021/NĐ-CP; 61/2020/QH14; 90/2025/QH15
1.009759,Thủ tục chấp thuận điều chỉnh chủ trương đầu tư thuộc thẩm quyền của B,Đối tượng,10,Người Việt Nam định cư ở nước ngoài,,03/2021/TT-BKHĐT; 25/2023/TT-BKHĐT; 19/2025/NĐ-CP; 239/2025/NĐ-CP; 31/2021/NĐ-CP; 61/2020/QH14; 90/2025/QH15
1.009770,Thủ tục gia hạn thời hạn hoạt động của dự án đầu tư thuộc thẩm quyền c,Đối tượng,1,Công dân Việt Nam,,96/2026/NĐ-CP; 55/2026/TT-BTC; 143/2025/QH15
1.009770,Thủ tục gia hạn thời hạn hoạt động của dự án đầu tư thuộc thẩm quyền c,Đối tượng,2,Doanh nghiệp,,96/2026/NĐ-CP; 55/2026/TT-BTC; 143/2025/QH15
1.009770,Thủ tục gia hạn thời hạn hoạt động của dự án đầu tư thuộc thẩm quyền c,Đối tượng,3,Người nước ngoài,,96/2026/NĐ-CP; 55/2026/TT-BTC; 143/2025/QH15
1.009770,Thủ tục gia hạn thời hạn hoạt động của dự án đầu tư thuộc thẩm quyền c,Đối tượng,4,Tổ chức nước ngoài,,96/2026/NĐ-CP; 55/2026/TT-BTC; 143/2025/QH15
1.009770,Thủ tục gia hạn thời hạn hoạt động của dự án đầu tư thuộc thẩm quyền c,Đối tượng,5,Hợp tác xã,,96/2026/NĐ-CP; 55/2026/TT-BTC; 143/2025/QH15
1.009770,Thủ tục gia hạn thời hạn hoạt động của dự án đầu tư thuộc thẩm quyền c,Đối tượng,6,"Tổ chức (không bao gồm doanh nghiệp, HTX)",,96/2026/NĐ-CP; 55/2026/TT-BTC; 143/2025/QH15
1.009770,Thủ tục gia hạn thời hạn hoạt động của dự án đầu tư thuộc thẩm quyền c,Đối tượng,7,Người Việt Nam định cư ở nước ngoài,,96/2026/NĐ-CP; 55/2026/TT-BTC; 143/2025/QH15
1.009770,Thủ tục gia hạn thời hạn hoạt động của dự án đầu tư thuộc thẩm quyền c,Đối tượng,8,Doanh nghiệp có vốn đầu tư nước ngoài,,96/2026/NĐ-CP; 55/2026/TT-BTC; 143/2025/QH15
1.009791,Cho ý kiến về việc kéo dài thời hạn sử dụng của công trình hết thời hạ,Đối tượng,1,"Tổ chức (không bao gồm doanh nghiệp, HTX)",,207/2026/NĐ-CP; 135/2025/QH15
1.009791,Cho ý kiến về việc kéo dài thời hạn sử dụng của công trình hết thời hạ,Đối tượng,2,Doanh nghiệp Việt Nam,,207/2026/NĐ-CP; 135/2025/QH15
1.009791,Cho ý kiến về việc kéo dài thời hạn sử dụng của công trình hết thời hạ,Đối tượng,3,Doanh nghiệp có vốn đầu tư nước ngoài,,207/2026/NĐ-CP; 135/2025/QH15
1.009791,Cho ý kiến về việc kéo dài thời hạn sử dụng của công trình hết thời hạ,Đối tượng,4,Công dân Việt Nam,,207/2026/NĐ-CP; 135/2025/QH15
1.009791,Cho ý kiến về việc kéo dài thời hạn sử dụng của công trình hết thời hạ,Đối tượng,5,Doanh nghiệp,,207/2026/NĐ-CP; 135/2025/QH15
1.009793,Kiểm tra công tác nghiệm thu hoàn thành công trình của cơ quan chuyên,Đối tượng,1,Doanh nghiệp Việt Nam,,207/2026/NĐ-CP; 135/2025/QH15
1.009793,Kiểm tra công tác nghiệm thu hoàn thành công trình của cơ quan chuyên,Đối tượng,2,Doanh nghiệp có vốn đầu tư nước ngoài,,207/2026/NĐ-CP; 135/2025/QH15
1.009793,Kiểm tra công tác nghiệm thu hoàn thành công trình của cơ quan chuyên,Đối tượng,3,"Tổ chức (không bao gồm doanh nghiệp, HTX)",,207/2026/NĐ-CP; 135/2025/QH15
1.009793,Kiểm tra công tác nghiệm thu hoàn thành công trình của cơ quan chuyên,Đối tượng,4,Công dân Việt Nam,,207/2026/NĐ-CP; 135/2025/QH15
1.009793,Kiểm tra công tác nghiệm thu hoàn thành công trình của cơ quan chuyên,Đối tượng,5,Doanh nghiệp,,207/2026/NĐ-CP; 135/2025/QH15
1.009794,Kiểm tra công tác nghiệm thu hoàn thành công trình của cơ quan chuyên,Đối tượng,1,Doanh nghiệp Việt Nam,,135/2025/QH15; 207/2026/NĐ-CP
1.009794,Kiểm tra công tác nghiệm thu hoàn thành công trình của cơ quan chuyên,Đối tượng,2,Doanh nghiệp có vốn đầu tư nước ngoài,,135/2025/QH15; 207/2026/NĐ-CP
1.009794,Kiểm tra công tác nghiệm thu hoàn thành công trình của cơ quan chuyên,Đối tượng,3,Công dân Việt Nam,,135/2025/QH15; 207/2026/NĐ-CP
1.009794,Kiểm tra công tác nghiệm thu hoàn thành công trình của cơ quan chuyên,Đối tượng,4,Doanh nghiệp,,135/2025/QH15; 207/2026/NĐ-CP
1.009794,Kiểm tra công tác nghiệm thu hoàn thành công trình của cơ quan chuyên,Đối tượng,5,"Tổ chức (không bao gồm doanh nghiệp, HTX)",,135/2025/QH15; 207/2026/NĐ-CP
1.010104,Xác nhận đủ điều kiện nhập khẩu máy trò chơi điện tử có cài đặt chương,Đối tượng,1,Công dân Việt Nam,,260/2016/TT-BTC; 26/2018/TT-BVHTTDL; 1344/QĐ-UBND; 28/2014/TT-BVHTTDL
1.010104,Xác nhận đủ điều kiện nhập khẩu máy trò chơi điện tử có cài đặt chương,Đối tượng,2,Doanh nghiệp Việt Nam,,260/2016/TT-BTC; 26/2018/TT-BVHTTDL; 1344/QĐ-UBND; 28/2014/TT-BVHTTDL
1.010125,"Trình cấp phép xuất nhập cảnh cho cán bộ, công chức, viên chức, người",Đối tượng,1,"Tổ chức (không bao gồm doanh nghiệp, HTX)",,04/2020/TT-BNG; 49/2019/QH14; 2294/QĐ-UBND; 7365-QĐ/TU; Chỉ thị số 38-CT/TW
1.010125,"Trình cấp phép xuất nhập cảnh cho cán bộ, công chức, viên chức, người",Đối tượng,2,Doanh nghiệp Việt Nam,,04/2020/TT-BNG; 49/2019/QH14; 2294/QĐ-UBND; 7365-QĐ/TU; Chỉ thị số 38-CT/TW
1.010125,"Trình cấp phép xuất nhập cảnh cho cán bộ, công chức, viên chức, người",Đối tượng,3,"Cán bộ, công chức, viên chức",,04/2020/TT-BNG; 49/2019/QH14; 2294/QĐ-UBND; 7365-QĐ/TU; Chỉ thị số 38-CT/TW
1.010702,"Cấp, cấp lại Giấy phép vận tải đường bộ quốc tế ASEAN",Đối tượng,1,Doanh nghiệp,,158/2024/NĐ-CP; 144/2025/NĐ-CP
1.010702,"Cấp, cấp lại Giấy phép vận tải đường bộ quốc tế ASEAN",Đối tượng,2,Hợp tác xã,,158/2024/NĐ-CP; 144/2025/NĐ-CP
1.010702,"Cấp, cấp lại Giấy phép vận tải đường bộ quốc tế ASEAN",Đối tượng,3,Doanh nghiệp có vốn đầu tư nước ngoài,,158/2024/NĐ-CP; 144/2025/NĐ-CP
1.010702,"Cấp, cấp lại Giấy phép vận tải đường bộ quốc tế ASEAN",Đối tượng,4,"Tổ chức (không bao gồm doanh nghiệp, HTX)",,158/2024/NĐ-CP; 144/2025/NĐ-CP
1.010704,"Cấp, cấp lại Giấy phép liên vận ASEAN",Đối tượng,1,"Tổ chức (không bao gồm doanh nghiệp, HTX)",,144/2025/NĐ-CP; 158/2024/NĐ-CP
1.010704,"Cấp, cấp lại Giấy phép liên vận ASEAN",Đối tượng,2,Doanh nghiệp có vốn đầu tư nước ngoài,,144/2025/NĐ-CP; 158/2024/NĐ-CP
1.010704,"Cấp, cấp lại Giấy phép liên vận ASEAN",Đối tượng,3,Doanh nghiệp,,144/2025/NĐ-CP; 158/2024/NĐ-CP
1.010704,"Cấp, cấp lại Giấy phép liên vận ASEAN",Đối tượng,4,Hợp tác xã,,144/2025/NĐ-CP; 158/2024/NĐ-CP
1.010707,Gia hạn thời gian lưu hành tại Việt Nam cho phương tiện của các nước t,Đối tượng,1,Công dân Việt Nam,,158/2024/NĐ-CP
1.010707,Gia hạn thời gian lưu hành tại Việt Nam cho phương tiện của các nước t,Đối tượng,2,Doanh nghiệp,,158/2024/NĐ-CP
1.010707,Gia hạn thời gian lưu hành tại Việt Nam cho phương tiện của các nước t,Đối tượng,3,Người nước ngoài,,158/2024/NĐ-CP
1.010707,Gia hạn thời gian lưu hành tại Việt Nam cho phương tiện của các nước t,Đối tượng,4,Tổ chức nước ngoài,,158/2024/NĐ-CP
1.010707,Gia hạn thời gian lưu hành tại Việt Nam cho phương tiện của các nước t,Đối tượng,5,Hợp tác xã,,158/2024/NĐ-CP
1.010707,Gia hạn thời gian lưu hành tại Việt Nam cho phương tiện của các nước t,Đối tượng,6,Doanh nghiệp có vốn đầu tư nước ngoài,,158/2024/NĐ-CP
1.010707,Gia hạn thời gian lưu hành tại Việt Nam cho phương tiện của các nước t,Đối tượng,7,"Tổ chức (không bao gồm doanh nghiệp, HTX)",,158/2024/NĐ-CP
1.010707,Gia hạn thời gian lưu hành tại Việt Nam cho phương tiện của các nước t,Đối tượng,8,Người Việt Nam định cư ở nước ngoài,,158/2024/NĐ-CP
1.010772,Cấp Bằng “Tổ quốc ghi công”,Đối tượng,1,"Tổ chức (không bao gồm doanh nghiệp, HTX)",,25/2025/NĐ-CP; 190/2025/NQ-QH15; 131/2021/NĐ-CP; 02/2020/UBTVQH14; 129/2025/NĐ-CP
1.010772,Cấp Bằng “Tổ quốc ghi công”,Đối tượng,2,Công dân Việt Nam,,25/2025/NĐ-CP; 190/2025/NQ-QH15; 131/2021/NĐ-CP; 02/2020/UBTVQH14; 129/2025/NĐ-CP
1.010806,"Công nhận thương binh, người hưởng chính sách như thương binh",Đối tượng,1,Công dân Việt Nam,,25/2025/NĐ-CP; 190/2025/NQ-QH15; 45/2025/NĐ-CP; 131/2021/NĐ-CP; 02/2020/UBTVQH14
1.010806,"Công nhận thương binh, người hưởng chính sách như thương binh",Đối tượng,2,"Tổ chức (không bao gồm doanh nghiệp, HTX)",,25/2025/NĐ-CP; 190/2025/NQ-QH15; 45/2025/NĐ-CP; 131/2021/NĐ-CP; 02/2020/UBTVQH14
1.010824,Hưởng trợ cấp khi người có công đang hưởng trợ cấp ưu đãi từ trần,Đối tượng,1,Công dân Việt Nam,,45/2025/NĐ-CP; 129/2025/NĐ-CP; 131/2021/NĐ-CP; 02/2020/UBTVQH14; 190/2025/NQ-QH15; 25/2025/NĐ-CP
1.010824,Hưởng trợ cấp khi người có công đang hưởng trợ cấp ưu đãi từ trần,Đối tượng,2,"Tổ chức (không bao gồm doanh nghiệp, HTX)",,45/2025/NĐ-CP; 129/2025/NĐ-CP; 131/2021/NĐ-CP; 02/2020/UBTVQH14; 190/2025/NQ-QH15; 25/2025/NĐ-CP
1.010900,"Mở ngành đào tạo trình độ đại học, trình độ thạc sĩ hoặc trình độ tiến",Đối tượng,1,"Tổ chức (không bao gồm doanh nghiệp, HTX)",,12/2024/TT-BGDĐT; 02/2022/TT-BGDĐT
1.010900,"Mở ngành đào tạo trình độ đại học, trình độ thạc sĩ hoặc trình độ tiến",Đối tượng,2,Công dân Việt Nam,,12/2024/TT-BGDĐT; 02/2022/TT-BGDĐT
1.010900,"Mở ngành đào tạo trình độ đại học, trình độ thạc sĩ hoặc trình độ tiến",Đối tượng,3,Doanh nghiệp,,12/2024/TT-BGDĐT; 02/2022/TT-BGDĐT
1.010900,"Mở ngành đào tạo trình độ đại học, trình độ thạc sĩ hoặc trình độ tiến",Đối tượng,4,"Cán bộ, công chức, viên chức",,12/2024/TT-BGDĐT; 02/2022/TT-BGDĐT
1.010947,Thủ tục xét tặng danh hiệu Nghệ nhân thành phố Huế trong lĩnh vực nghề,Đối tượng,1,"Tổ chức (không bao gồm doanh nghiệp, HTX)",,64/2015/QĐ-UBND; 20/2023/QĐ-UBND; 58/2024/QĐ-UBND
1.010947,Thủ tục xét tặng danh hiệu Nghệ nhân thành phố Huế trong lĩnh vực nghề,Đối tượng,2,Công dân Việt Nam,,64/2015/QĐ-UBND; 20/2023/QĐ-UBND; 58/2024/QĐ-UBND
1.012080,Thủ tục cấp lần đầu Giấy chứng nhận đăng ký thành lập của cơ sở cung c,Đối tượng,1,Công dân Việt Nam,,13/2022/QH15; 76/2023/NĐ-CP; 116/2026/NĐ-CP
1.012080,Thủ tục cấp lần đầu Giấy chứng nhận đăng ký thành lập của cơ sở cung c,Đối tượng,2,Doanh nghiệp,,13/2022/QH15; 76/2023/NĐ-CP; 116/2026/NĐ-CP
1.012080,Thủ tục cấp lần đầu Giấy chứng nhận đăng ký thành lập của cơ sở cung c,Đối tượng,3,"Tổ chức (không bao gồm doanh nghiệp, HTX)",,13/2022/QH15; 76/2023/NĐ-CP; 116/2026/NĐ-CP
1.012080,Thủ tục cấp lần đầu Giấy chứng nhận đăng ký thành lập của cơ sở cung c,Đối tượng,4,Hợp tác xã,,13/2022/QH15; 76/2023/NĐ-CP; 116/2026/NĐ-CP
1.012081,Thủ tục cấp lại Giấy chứng nhận đăng ký thành lập cơ sở cung cấp dịch,Đối tượng,1,"Tổ chức (không bao gồm doanh nghiệp, HTX)",,76/2023/NĐ-CP; 13/2022/QH15
1.012081,Thủ tục cấp lại Giấy chứng nhận đăng ký thành lập cơ sở cung cấp dịch,Đối tượng,2,Công dân Việt Nam,,76/2023/NĐ-CP; 13/2022/QH15
1.012081,Thủ tục cấp lại Giấy chứng nhận đăng ký thành lập cơ sở cung cấp dịch,Đối tượng,3,Doanh nghiệp,,76/2023/NĐ-CP; 13/2022/QH15
1.012081,Thủ tục cấp lại Giấy chứng nhận đăng ký thành lập cơ sở cung cấp dịch,Đối tượng,4,Hợp tác xã,,76/2023/NĐ-CP; 13/2022/QH15
1.012082,Thủ tục cấp đổi giấy chứng nhận đăng ký thành lập cơ sở cung cấp dịch,Đối tượng,1,"Tổ chức (không bao gồm doanh nghiệp, HTX)",,76/2023/NĐ-CP; 116/2026/NĐ-CP; 13/2022/QH15
1.012082,Thủ tục cấp đổi giấy chứng nhận đăng ký thành lập cơ sở cung cấp dịch,Đối tượng,2,Công dân Việt Nam,,76/2023/NĐ-CP; 116/2026/NĐ-CP; 13/2022/QH15
1.012082,Thủ tục cấp đổi giấy chứng nhận đăng ký thành lập cơ sở cung cấp dịch,Đối tượng,3,Doanh nghiệp,,76/2023/NĐ-CP; 116/2026/NĐ-CP; 13/2022/QH15
1.012082,Thủ tục cấp đổi giấy chứng nhận đăng ký thành lập cơ sở cung cấp dịch,Đối tượng,4,Hợp tác xã,,76/2023/NĐ-CP; 116/2026/NĐ-CP; 13/2022/QH15
1.012084,Thủ tục cấm tiếp xúc theo Quyết định của Chủ tịch Ủy ban nhân dân cấp,Đối tượng,1,"Tổ chức (không bao gồm doanh nghiệp, HTX)",,76/2023/NĐ-CP; 13/2022/QH15
1.012084,Thủ tục cấm tiếp xúc theo Quyết định của Chủ tịch Ủy ban nhân dân cấp,Đối tượng,2,Công dân Việt Nam,,76/2023/NĐ-CP; 13/2022/QH15
1.012084,Thủ tục cấm tiếp xúc theo Quyết định của Chủ tịch Ủy ban nhân dân cấp,Đối tượng,3,"Cán bộ, công chức, viên chức",,76/2023/NĐ-CP; 13/2022/QH15
1.012085,Thủ tục hủy bỏ Quyết định cấm tiếp xúc theo đơn đề nghị,Đối tượng,1,Công dân Việt Nam,,76/2023/NĐ-CP; 13/2022/QH15
1.012085,Thủ tục hủy bỏ Quyết định cấm tiếp xúc theo đơn đề nghị,Đối tượng,2,"Cán bộ, công chức, viên chức",,76/2023/NĐ-CP; 13/2022/QH15
1.012085,Thủ tục hủy bỏ Quyết định cấm tiếp xúc theo đơn đề nghị,Đối tượng,3,"Tổ chức (không bao gồm doanh nghiệp, HTX)",,76/2023/NĐ-CP; 13/2022/QH15
1.012091,Đề nghị việc sử dụng người chưa đủ 13 tuổi làm việc,Đối tượng,1,Doanh nghiệp có vốn đầu tư nước ngoài,,45/2025/NĐ-CP; 25/2025/NĐ-CP; 45/2019/QH14; 08/2023/TT-BLĐTBXH; 09/2020/TT-BLĐTBXH; 190/2025/NQ-CP
1.012091,Đề nghị việc sử dụng người chưa đủ 13 tuổi làm việc,Đối tượng,2,Doanh nghiệp,,45/2025/NĐ-CP; 25/2025/NĐ-CP; 45/2019/QH14; 08/2023/TT-BLĐTBXH; 09/2020/TT-BLĐTBXH; 190/2025/NQ-CP
1.012091,Đề nghị việc sử dụng người chưa đủ 13 tuổi làm việc,Đối tượng,3,Tổ chức nước ngoài,,45/2025/NĐ-CP; 25/2025/NĐ-CP; 45/2019/QH14; 08/2023/TT-BLĐTBXH; 09/2020/TT-BLĐTBXH; 190/2025/NQ-CP
1.012091,Đề nghị việc sử dụng người chưa đủ 13 tuổi làm việc,Đối tượng,4,"Tổ chức (không bao gồm doanh nghiệp, HTX)",,45/2025/NĐ-CP; 25/2025/NĐ-CP; 45/2019/QH14; 08/2023/TT-BLĐTBXH; 09/2020/TT-BLĐTBXH; 190/2025/NQ-CP
1.012091,Đề nghị việc sử dụng người chưa đủ 13 tuổi làm việc,Đối tượng,5,Hợp tác xã,,45/2025/NĐ-CP; 25/2025/NĐ-CP; 45/2019/QH14; 08/2023/TT-BLĐTBXH; 09/2020/TT-BLĐTBXH; 190/2025/NQ-CP
1.012169,Hỗ trợ chi phí hỏa táng trên địa bàn thành phố Huế,Đối tượng,1,"Tổ chức (không bao gồm doanh nghiệp, HTX)",,27/2023/NQ-HĐND; 30/2026/NQ-HĐND
1.012169,Hỗ trợ chi phí hỏa táng trên địa bàn thành phố Huế,Đối tượng,2,Người Việt Nam định cư ở nước ngoài,,27/2023/NQ-HĐND; 30/2026/NQ-HĐND
1.012169,Hỗ trợ chi phí hỏa táng trên địa bàn thành phố Huế,Đối tượng,3,Doanh nghiệp Việt Nam,,27/2023/NQ-HĐND; 30/2026/NQ-HĐND
1.012169,Hỗ trợ chi phí hỏa táng trên địa bàn thành phố Huế,Đối tượng,4,Doanh nghiệp có vốn đầu tư nước ngoài,,27/2023/NQ-HĐND; 30/2026/NQ-HĐND
1.012169,Hỗ trợ chi phí hỏa táng trên địa bàn thành phố Huế,Đối tượng,5,Công dân Việt Nam,,27/2023/NQ-HĐND; 30/2026/NQ-HĐND
1.012169,Hỗ trợ chi phí hỏa táng trên địa bàn thành phố Huế,Đối tượng,6,Doanh nghiệp,,27/2023/NQ-HĐND; 30/2026/NQ-HĐND
1.012169,Hỗ trợ chi phí hỏa táng trên địa bàn thành phố Huế,Đối tượng,7,Người nước ngoài,,27/2023/NQ-HĐND; 30/2026/NQ-HĐND
1.012169,Hỗ trợ chi phí hỏa táng trên địa bàn thành phố Huế,Đối tượng,8,Tổ chức nước ngoài,,27/2023/NQ-HĐND; 30/2026/NQ-HĐND
1.012169,Hỗ trợ chi phí hỏa táng trên địa bàn thành phố Huế,Đối tượng,9,Hợp tác xã,,27/2023/NQ-HĐND; 30/2026/NQ-HĐND
1.012169,Hỗ trợ chi phí hỏa táng trên địa bàn thành phố Huế,Đối tượng,10,"Cán bộ, công chức, viên chức",,27/2023/NQ-HĐND; 30/2026/NQ-HĐND
1.012286,"Phê duyệt nghiên cứu thử nghiệm lâm sàng kỹ thuật mới, phương pháp mới",Đối tượng,1,"Tổ chức (không bao gồm doanh nghiệp, HTX)",,15/2023/QH15; 96/2023/NĐ-CP
1.012286,"Phê duyệt nghiên cứu thử nghiệm lâm sàng kỹ thuật mới, phương pháp mới",Đối tượng,2,Doanh nghiệp,,15/2023/QH15; 96/2023/NĐ-CP
1.012286,"Phê duyệt nghiên cứu thử nghiệm lâm sàng kỹ thuật mới, phương pháp mới",Đối tượng,3,Tổ chức nước ngoài,,15/2023/QH15; 96/2023/NĐ-CP
1.012286,"Phê duyệt nghiên cứu thử nghiệm lâm sàng kỹ thuật mới, phương pháp mới",Đối tượng,4,Hợp tác xã,,15/2023/QH15; 96/2023/NĐ-CP
1.012286,"Phê duyệt nghiên cứu thử nghiệm lâm sàng kỹ thuật mới, phương pháp mới",Đối tượng,5,Doanh nghiệp có vốn đầu tư nước ngoài,,15/2023/QH15; 96/2023/NĐ-CP
1.012287,"Phê duyệt thay đổi nghiên cứu thử nghiệm lâm sàng kỹ thuật mới, phương",Đối tượng,1,"Tổ chức (không bao gồm doanh nghiệp, HTX)",,15/2023/QH15; 96/2023/NĐ-CP
1.012287,"Phê duyệt thay đổi nghiên cứu thử nghiệm lâm sàng kỹ thuật mới, phương",Đối tượng,2,Hợp tác xã,,15/2023/QH15; 96/2023/NĐ-CP
1.012287,"Phê duyệt thay đổi nghiên cứu thử nghiệm lâm sàng kỹ thuật mới, phương",Đối tượng,3,Doanh nghiệp,,15/2023/QH15; 96/2023/NĐ-CP
1.012287,"Phê duyệt thay đổi nghiên cứu thử nghiệm lâm sàng kỹ thuật mới, phương",Đối tượng,4,Tổ chức nước ngoài,,15/2023/QH15; 96/2023/NĐ-CP
1.012287,"Phê duyệt thay đổi nghiên cứu thử nghiệm lâm sàng kỹ thuật mới, phương",Đối tượng,5,Doanh nghiệp có vốn đầu tư nước ngoài,,15/2023/QH15; 96/2023/NĐ-CP
1.012288,"Phê duyệt kết quả nghiên cứu thử nghiệm lâm sàng kỹ thuật mới, phương",Đối tượng,1,Doanh nghiệp có vốn đầu tư nước ngoài,,15/2023/QH15; 96/2023/NĐ-CP
1.012288,"Phê duyệt kết quả nghiên cứu thử nghiệm lâm sàng kỹ thuật mới, phương",Đối tượng,2,"Tổ chức (không bao gồm doanh nghiệp, HTX)",,15/2023/QH15; 96/2023/NĐ-CP
1.012288,"Phê duyệt kết quả nghiên cứu thử nghiệm lâm sàng kỹ thuật mới, phương",Đối tượng,3,Hợp tác xã,,15/2023/QH15; 96/2023/NĐ-CP
1.012288,"Phê duyệt kết quả nghiên cứu thử nghiệm lâm sàng kỹ thuật mới, phương",Đối tượng,4,Doanh nghiệp,,15/2023/QH15; 96/2023/NĐ-CP
1.012288,"Phê duyệt kết quả nghiên cứu thử nghiệm lâm sàng kỹ thuật mới, phương",Đối tượng,5,Tổ chức nước ngoài,,15/2023/QH15; 96/2023/NĐ-CP
1.012294,"Kiểm tra và công nhận thành thạo ngôn ngữ trong khám bệnh, chữa bệnh",Đối tượng,1,"Tổ chức (không bao gồm doanh nghiệp, HTX)",,15/2023/QH15; 96/2023/NĐ-CP
1.012294,"Kiểm tra và công nhận thành thạo ngôn ngữ trong khám bệnh, chữa bệnh",Đối tượng,2,Doanh nghiệp có vốn đầu tư nước ngoài,,15/2023/QH15; 96/2023/NĐ-CP
1.012294,"Kiểm tra và công nhận thành thạo ngôn ngữ trong khám bệnh, chữa bệnh",Đối tượng,3,Hợp tác xã,,15/2023/QH15; 96/2023/NĐ-CP
1.012294,"Kiểm tra và công nhận thành thạo ngôn ngữ trong khám bệnh, chữa bệnh",Đối tượng,4,Doanh nghiệp,,15/2023/QH15; 96/2023/NĐ-CP
1.012295,Công nhận biết tiếng Việt thành thạo hoặc sử dụng thành thạo ngôn ngữ,Đối tượng,1,"Tổ chức (không bao gồm doanh nghiệp, HTX)",,15/2023/QH15; 96/2023/NĐ-CP
1.012295,Công nhận biết tiếng Việt thành thạo hoặc sử dụng thành thạo ngôn ngữ,Đối tượng,2,Doanh nghiệp có vốn đầu tư nước ngoài,,15/2023/QH15; 96/2023/NĐ-CP
1.012295,Công nhận biết tiếng Việt thành thạo hoặc sử dụng thành thạo ngôn ngữ,Đối tượng,3,Doanh nghiệp,,15/2023/QH15; 96/2023/NĐ-CP
1.012295,Công nhận biết tiếng Việt thành thạo hoặc sử dụng thành thạo ngôn ngữ,Đối tượng,4,Tổ chức nước ngoài,,15/2023/QH15; 96/2023/NĐ-CP
1.012296,Phê duyệt nghiên cứu thử nghiệm lâm sàng thiết bị y tế.,Đối tượng,1,Hợp tác xã,,15/2023/QH15; 96/2023/NĐ-CP
1.012296,Phê duyệt nghiên cứu thử nghiệm lâm sàng thiết bị y tế.,Đối tượng,2,Doanh nghiệp,,15/2023/QH15; 96/2023/NĐ-CP
1.012296,Phê duyệt nghiên cứu thử nghiệm lâm sàng thiết bị y tế.,Đối tượng,3,Tổ chức nước ngoài,,15/2023/QH15; 96/2023/NĐ-CP
1.012296,Phê duyệt nghiên cứu thử nghiệm lâm sàng thiết bị y tế.,Đối tượng,4,Doanh nghiệp có vốn đầu tư nước ngoài,,15/2023/QH15; 96/2023/NĐ-CP
1.012296,Phê duyệt nghiên cứu thử nghiệm lâm sàng thiết bị y tế.,Đối tượng,5,"Tổ chức (không bao gồm doanh nghiệp, HTX)",,15/2023/QH15; 96/2023/NĐ-CP
1.012297,Phê duyệt thay đổi nghiên cứu thử nghiệm lâm sàng thiết bị y tế,Đối tượng,1,Doanh nghiệp có vốn đầu tư nước ngoài,,15/2023/QH15; 96/2023/NĐ-CP
1.012297,Phê duyệt thay đổi nghiên cứu thử nghiệm lâm sàng thiết bị y tế,Đối tượng,2,Hợp tác xã,,15/2023/QH15; 96/2023/NĐ-CP
1.012297,Phê duyệt thay đổi nghiên cứu thử nghiệm lâm sàng thiết bị y tế,Đối tượng,3,Doanh nghiệp,,15/2023/QH15; 96/2023/NĐ-CP
1.012297,Phê duyệt thay đổi nghiên cứu thử nghiệm lâm sàng thiết bị y tế,Đối tượng,4,Tổ chức nước ngoài,,15/2023/QH15; 96/2023/NĐ-CP
1.012297,Phê duyệt thay đổi nghiên cứu thử nghiệm lâm sàng thiết bị y tế,Đối tượng,5,"Tổ chức (không bao gồm doanh nghiệp, HTX)",,15/2023/QH15; 96/2023/NĐ-CP
1.012298,Phê duyệt kết quả nghiên cứu thử nghiệm lâm sàng thiết bị y tế,Đối tượng,1,"Tổ chức (không bao gồm doanh nghiệp, HTX)",,15/2023/QH15; 96/2023/NĐ-CP; 98/2021/NĐ-CP
1.012298,Phê duyệt kết quả nghiên cứu thử nghiệm lâm sàng thiết bị y tế,Đối tượng,2,Doanh nghiệp có vốn đầu tư nước ngoài,,15/2023/QH15; 96/2023/NĐ-CP; 98/2021/NĐ-CP
1.012298,Phê duyệt kết quả nghiên cứu thử nghiệm lâm sàng thiết bị y tế,Đối tượng,3,Doanh nghiệp,,15/2023/QH15; 96/2023/NĐ-CP; 98/2021/NĐ-CP
1.012298,Phê duyệt kết quả nghiên cứu thử nghiệm lâm sàng thiết bị y tế,Đối tượng,4,Tổ chức nước ngoài,,15/2023/QH15; 96/2023/NĐ-CP; 98/2021/NĐ-CP
1.012328,Đánh giá lần đầu việc đáp ứng thực hành tốt thử nghiệm lâm sàng kỹ thu,Đối tượng,1,"Tổ chức (không bao gồm doanh nghiệp, HTX)",,32/2023/TT-BYT; 96/2023/NĐ-CP; 15/2023/QH15
1.012328,Đánh giá lần đầu việc đáp ứng thực hành tốt thử nghiệm lâm sàng kỹ thu,Đối tượng,2,Doanh nghiệp có vốn đầu tư nước ngoài,,32/2023/TT-BYT; 96/2023/NĐ-CP; 15/2023/QH15
1.012328,Đánh giá lần đầu việc đáp ứng thực hành tốt thử nghiệm lâm sàng kỹ thu,Đối tượng,3,Doanh nghiệp,,32/2023/TT-BYT; 96/2023/NĐ-CP; 15/2023/QH15
1.012328,Đánh giá lần đầu việc đáp ứng thực hành tốt thử nghiệm lâm sàng kỹ thu,Đối tượng,4,Hợp tác xã,,32/2023/TT-BYT; 96/2023/NĐ-CP; 15/2023/QH15
1.012328,Đánh giá lần đầu việc đáp ứng thực hành tốt thử nghiệm lâm sàng kỹ thu,Đối tượng,5,Tổ chức nước ngoài,,32/2023/TT-BYT; 96/2023/NĐ-CP; 15/2023/QH15
1.012330,"Đánh giá đột xuất việc đáp ứng Thực hành tốt thử kỹ thuật mới, phương",Đối tượng,1,Doanh nghiệp,,15/2023/QH15; 96/2023/NĐ-CP; 32/2023/TT-BYT
1.012330,"Đánh giá đột xuất việc đáp ứng Thực hành tốt thử kỹ thuật mới, phương",Đối tượng,2,Tổ chức nước ngoài,,15/2023/QH15; 96/2023/NĐ-CP; 32/2023/TT-BYT
1.012330,"Đánh giá đột xuất việc đáp ứng Thực hành tốt thử kỹ thuật mới, phương",Đối tượng,3,Hợp tác xã,,15/2023/QH15; 96/2023/NĐ-CP; 32/2023/TT-BYT
1.012330,"Đánh giá đột xuất việc đáp ứng Thực hành tốt thử kỹ thuật mới, phương",Đối tượng,4,Doanh nghiệp có vốn đầu tư nước ngoài,,15/2023/QH15; 96/2023/NĐ-CP; 32/2023/TT-BYT
1.012330,"Đánh giá đột xuất việc đáp ứng Thực hành tốt thử kỹ thuật mới, phương",Đối tượng,5,"Tổ chức (không bao gồm doanh nghiệp, HTX)",,15/2023/QH15; 96/2023/NĐ-CP; 32/2023/TT-BYT
1.012332,"Kiểm soát thay đổi trong thử kỹ thuật mới, phương pháp mới hoặc thử th",Đối tượng,1,"Tổ chức (không bao gồm doanh nghiệp, HTX)",,96/2023/NĐ-CP; 15/2023/QH15; 32/2023/TT-BYT
1.012332,"Kiểm soát thay đổi trong thử kỹ thuật mới, phương pháp mới hoặc thử th",Đối tượng,2,Doanh nghiệp có vốn đầu tư nước ngoài,,96/2023/NĐ-CP; 15/2023/QH15; 32/2023/TT-BYT
1.012332,"Kiểm soát thay đổi trong thử kỹ thuật mới, phương pháp mới hoặc thử th",Đối tượng,3,Doanh nghiệp,,96/2023/NĐ-CP; 15/2023/QH15; 32/2023/TT-BYT
1.012332,"Kiểm soát thay đổi trong thử kỹ thuật mới, phương pháp mới hoặc thử th",Đối tượng,4,Hợp tác xã,,96/2023/NĐ-CP; 15/2023/QH15; 32/2023/TT-BYT
1.012332,"Kiểm soát thay đổi trong thử kỹ thuật mới, phương pháp mới hoặc thử th",Đối tượng,5,Tổ chức nước ngoài,,96/2023/NĐ-CP; 15/2023/QH15; 32/2023/TT-BYT
1.012422,"Đề nghị xét tặng Danh hiệu “Thầy thuốc Nhân dân”, “Thầy thuốc Ưu tú”",Đối tượng,1,Người Việt Nam định cư ở nước ngoài,,147/2025/NĐ-CP; 25/2024/NĐ-CP; 06/2022/QH15; 98/2023/NĐ-CP
1.012422,"Đề nghị xét tặng Danh hiệu “Thầy thuốc Nhân dân”, “Thầy thuốc Ưu tú”",Đối tượng,2,Công dân Việt Nam,,147/2025/NĐ-CP; 25/2024/NĐ-CP; 06/2022/QH15; 98/2023/NĐ-CP
1.012422,"Đề nghị xét tặng Danh hiệu “Thầy thuốc Nhân dân”, “Thầy thuốc Ưu tú”",Đối tượng,3,Người nước ngoài,,147/2025/NĐ-CP; 25/2024/NĐ-CP; 06/2022/QH15; 98/2023/NĐ-CP
1.012422,"Đề nghị xét tặng Danh hiệu “Thầy thuốc Nhân dân”, “Thầy thuốc Ưu tú”",Đối tượng,4,"Cán bộ, công chức, viên chức",,147/2025/NĐ-CP; 25/2024/NĐ-CP; 06/2022/QH15; 98/2023/NĐ-CP
1.012435,"Thủ tục xét tặng “Giải thưởng Hồ Chí Minh” về văn học, nghệ thuật (đối",Đối tượng,1,Người Việt Nam định cư ở nước ngoài,,06/2022/QH15; 36/2024/NĐ-CP
1.012435,"Thủ tục xét tặng “Giải thưởng Hồ Chí Minh” về văn học, nghệ thuật (đối",Đối tượng,2,Công dân Việt Nam,,06/2022/QH15; 36/2024/NĐ-CP
1.012435,"Thủ tục xét tặng “Giải thưởng Hồ Chí Minh” về văn học, nghệ thuật (đối",Đối tượng,3,Người nước ngoài,,06/2022/QH15; 36/2024/NĐ-CP
1.012436,"Thủ tục xét tặng “Giải thưởng Nhà nước” về văn học, nghệ thuật (đối vớ",Đối tượng,1,Người Việt Nam định cư ở nước ngoài,,06/2022/QH15; 36/2024/NĐ-CP
1.012436,"Thủ tục xét tặng “Giải thưởng Nhà nước” về văn học, nghệ thuật (đối vớ",Đối tượng,2,Công dân Việt Nam,,06/2022/QH15; 36/2024/NĐ-CP
1.012436,"Thủ tục xét tặng “Giải thưởng Nhà nước” về văn học, nghệ thuật (đối vớ",Đối tượng,3,Người nước ngoài,,06/2022/QH15; 36/2024/NĐ-CP
1.012582,THỦ TỤC ĐỀ NGHỊ THAY ĐỔI ĐỊA ĐIỂM SINH HOẠT TÔN GIÁO TẬP TRUNG ĐẾN ĐỊA,Đối tượng,1,Công dân Việt Nam,,02/2016/QH14; 66.7/2025/NQ-CP; 95/2023/NĐ-CP
1.012582,THỦ TỤC ĐỀ NGHỊ THAY ĐỔI ĐỊA ĐIỂM SINH HOẠT TÔN GIÁO TẬP TRUNG ĐẾN ĐỊA,Đối tượng,2,"Tổ chức (không bao gồm doanh nghiệp, HTX)",,02/2016/QH14; 66.7/2025/NQ-CP; 95/2023/NĐ-CP
1.012584,THỦ TỤC ĐỀ NGHỊ THAY ĐỔI ĐỊA ĐIỂM SINH HOẠT TÔN GIÁO TẬP TRUNG TRONG Đ,Đối tượng,1,Công dân Việt Nam,,02/2016/QH14; 95/2023/NĐ-CP; 66.7/2025/NQ-CP
1.012584,THỦ TỤC ĐỀ NGHỊ THAY ĐỔI ĐỊA ĐIỂM SINH HOẠT TÔN GIÁO TẬP TRUNG TRONG Đ,Đối tượng,2,"Tổ chức (không bao gồm doanh nghiệp, HTX)",,02/2016/QH14; 95/2023/NĐ-CP; 66.7/2025/NQ-CP
1.012585,THỦ TỤC ĐĂNG KÝ THAY ĐỔI NGƯỜI ĐẠI DIỆN CỦA NHÓM SINH HOẠT TÔN GIÁO TẬ,Đối tượng,1,"Tổ chức (không bao gồm doanh nghiệp, HTX)",,95/2023/NĐ-CP; 02/2016/QH14; 124/2025/NĐ-CP
1.012585,THỦ TỤC ĐĂNG KÝ THAY ĐỔI NGƯỜI ĐẠI DIỆN CỦA NHÓM SINH HOẠT TÔN GIÁO TẬ,Đối tượng,2,Công dân Việt Nam,,95/2023/NĐ-CP; 02/2016/QH14; 124/2025/NĐ-CP
1.012590,THỦ TỤC ĐĂNG KÝ SINH HOẠT TÔN GIÁO TẬP TRUNG (CẤP XÃ),Đối tượng,1,Công dân Việt Nam,,124/2025/NĐ-CP; 95/2023/NĐ-CP; 02/2016/QH14; 66.7/2025/NQ-CP
1.012590,THỦ TỤC ĐĂNG KÝ SINH HOẠT TÔN GIÁO TẬP TRUNG (CẤP XÃ),Đối tượng,2,"Tổ chức (không bao gồm doanh nghiệp, HTX)",,124/2025/NĐ-CP; 95/2023/NĐ-CP; 02/2016/QH14; 66.7/2025/NQ-CP
1.012591,THỦ TỤC ĐĂNG KÝ BỔ SUNG HOẠT ĐỘNG TÍN NGƯỠNG (CẤP XÃ),Đối tượng,1,"Tổ chức (không bao gồm doanh nghiệp, HTX)",,95/2023/NĐ-CP; 02/2016/QH14
1.012591,THỦ TỤC ĐĂNG KÝ BỔ SUNG HOẠT ĐỘNG TÍN NGƯỠNG (CẤP XÃ),Đối tượng,2,Công dân Việt Nam,,95/2023/NĐ-CP; 02/2016/QH14
1.012592,THỦ TỤC ĐĂNG KÝ HOẠT ĐỘNG TÍN NGƯỠNG (CẤP XÃ),Đối tượng,1,Công dân Việt Nam,,02/2016/QH14; 95/2023/NĐ-CP
1.012592,THỦ TỤC ĐĂNG KÝ HOẠT ĐỘNG TÍN NGƯỠNG (CẤP XÃ),Đối tượng,2,"Tổ chức (không bao gồm doanh nghiệp, HTX)",,02/2016/QH14; 95/2023/NĐ-CP
1.012605,"THỦ TỤC ĐỀ NGHỊ GIẢNG ĐẠO NGOÀI ĐỊA BÀN PHỤ TRÁCH, CƠ SỞ TÔN GIÁO, ĐỊA",Đối tượng,1,Công dân Việt Nam,,02/2016/QH14; 124/2025/NĐ-CP; 95/2023/NĐ-CP
1.012605,"THỦ TỤC ĐỀ NGHỊ GIẢNG ĐẠO NGOÀI ĐỊA BÀN PHỤ TRÁCH, CƠ SỞ TÔN GIÁO, ĐỊA",Đối tượng,2,"Tổ chức (không bao gồm doanh nghiệp, HTX)",,02/2016/QH14; 124/2025/NĐ-CP; 95/2023/NĐ-CP
1.012606,"THỦ TỤC ĐỀ NGHỊ TỔ CHỨC CUỘC LỄ NGOÀI CƠ SỞ TÔN GIÁO, ĐỊA ĐIỂM HỢP PHÁ",Đối tượng,1,Công dân Việt Nam,,124/2025/NĐ-CP; 02/2016/QH14; 95/2023/NĐ-CP
1.012606,"THỦ TỤC ĐỀ NGHỊ TỔ CHỨC CUỘC LỄ NGOÀI CƠ SỞ TÔN GIÁO, ĐỊA ĐIỂM HỢP PHÁ",Đối tượng,2,"Tổ chức (không bao gồm doanh nghiệp, HTX)",,124/2025/NĐ-CP; 02/2016/QH14; 95/2023/NĐ-CP
1.012607,"THỦ TỤC ĐỀ NGHỊ TỔ CHỨC ĐẠI HỘI CỦA TỔ CHỨC TÔN GIÁO, TỔ CHỨC TÔN GIÁO",Đối tượng,1,"Tổ chức (không bao gồm doanh nghiệp, HTX)",,124/2025/NĐ-CP; 95/2023/NĐ-CP; 02/2016/QH14
1.012607,"THỦ TỤC ĐỀ NGHỊ TỔ CHỨC ĐẠI HỘI CỦA TỔ CHỨC TÔN GIÁO, TỔ CHỨC TÔN GIÁO",Đối tượng,2,Công dân Việt Nam,,124/2025/NĐ-CP; 95/2023/NĐ-CP; 02/2016/QH14
1.012616,THỦ TỤC ĐĂNG KÝ MỞ LỚP BỒI DƯỠNG VỀ TÔN GIÁO CHO NGƯỜI CHUYÊN HOẠT ĐỘN,Đối tượng,1,Công dân Việt Nam,,02/2016/QH14; 95/2023/NĐ-CP
1.012616,THỦ TỤC ĐĂNG KÝ MỞ LỚP BỒI DƯỠNG VỀ TÔN GIÁO CHO NGƯỜI CHUYÊN HOẠT ĐỘN,Đối tượng,2,"Tổ chức (không bao gồm doanh nghiệp, HTX)",,02/2016/QH14; 95/2023/NĐ-CP
1.012628,"THỦ TỤC ĐĂNG KÝ NGƯỜI ĐƯỢC BỔ NHIỆM, BẦU CỬ, SUY CỬ LÀM CHỨC VIỆC CỦA",Đối tượng,1,Công dân Việt Nam,,95/2023/NĐ-CP; 124/2025/NĐ-CP; 02/2016/QH14
1.012628,"THỦ TỤC ĐĂNG KÝ NGƯỜI ĐƯỢC BỔ NHIỆM, BẦU CỬ, SUY CỬ LÀM CHỨC VIỆC CỦA",Đối tượng,2,"Tổ chức (không bao gồm doanh nghiệp, HTX)",,95/2023/NĐ-CP; 124/2025/NĐ-CP; 02/2016/QH14
1.012629,"THỦ TỤC ĐĂNG KÝ NGƯỜI ĐƯỢC BỔ NHIỆM, BẦU CỬ, SUY CỬ LÀM CHỨC VIỆC ĐỐI",Đối tượng,1,"Tổ chức (không bao gồm doanh nghiệp, HTX)",,95/2023/NĐ-CP; 124/2025/NĐ-CP; 02/2016/QH14
1.012629,"THỦ TỤC ĐĂNG KÝ NGƯỜI ĐƯỢC BỔ NHIỆM, BẦU CỬ, SUY CỬ LÀM CHỨC VIỆC ĐỐI",Đối tượng,2,Công dân Việt Nam,,95/2023/NĐ-CP; 124/2025/NĐ-CP; 02/2016/QH14
1.012632,THỦ TỤC ĐỀ NGHỊ CẤP CHỨNG NHẬN ĐĂNG KÝ HOẠT ĐỘNG TÔN GIÁO CHO TỔ CHỨC,Đối tượng,1,"Tổ chức (không bao gồm doanh nghiệp, HTX)",,95/2023/NĐ-CP; 124/2025/NĐ-CP; 66.7/2025/NQ-CP; 02/2016/QH14
1.012632,THỦ TỤC ĐỀ NGHỊ CẤP CHỨNG NHẬN ĐĂNG KÝ HOẠT ĐỘNG TÔN GIÁO CHO TỔ CHỨC,Đối tượng,2,Công dân Việt Nam,,95/2023/NĐ-CP; 124/2025/NĐ-CP; 66.7/2025/NQ-CP; 02/2016/QH14
1.012637,THỦ TỤC ĐỀ NGHỊ GIẢI THỂ TỔ CHỨC TÔN GIÁO TRỰC THUỘC CÓ ĐỊA BÀN HOẠT Đ,Đối tượng,1,Công dân Việt Nam,,02/2016/QH14; 124/2025/NĐ-CP; 95/2023/NĐ-CP
1.012637,THỦ TỤC ĐỀ NGHỊ GIẢI THỂ TỔ CHỨC TÔN GIÁO TRỰC THUỘC CÓ ĐỊA BÀN HOẠT Đ,Đối tượng,2,"Tổ chức (không bao gồm doanh nghiệp, HTX)",,02/2016/QH14; 124/2025/NĐ-CP; 95/2023/NĐ-CP
1.012639,THỦ TỤC ĐỀ NGHỊ TỰ GIẢI THỂ CỦA TỔ CHỨC TÔN GIÁO CÓ ĐỊA BÀN HOẠT ĐỘNG,Đối tượng,1,Công dân Việt Nam,,02/2016/QH14; 124/2025/NĐ-CP; 95/2023/NĐ-CP
1.012639,THỦ TỤC ĐỀ NGHỊ TỰ GIẢI THỂ CỦA TỔ CHỨC TÔN GIÁO CÓ ĐỊA BÀN HOẠT ĐỘNG,Đối tượng,2,"Tổ chức (không bao gồm doanh nghiệp, HTX)",,02/2016/QH14; 124/2025/NĐ-CP; 95/2023/NĐ-CP
1.012641,THỦ TỤC ĐỀ NGHỊ CẤP ĐĂNG KÝ PHÁP NHÂN PHI THƯƠNG MẠI CHO TỔ CHỨC TÔN G,Đối tượng,1,"Tổ chức (không bao gồm doanh nghiệp, HTX)",,124/2025/NĐ-CP; 66.7/2025/NQ-CP; 95/2023/NĐ-CP; 02/2016/QH14
1.012641,THỦ TỤC ĐỀ NGHỊ CẤP ĐĂNG KÝ PHÁP NHÂN PHI THƯƠNG MẠI CHO TỔ CHỨC TÔN G,Đối tượng,2,Công dân Việt Nam,,124/2025/NĐ-CP; 66.7/2025/NQ-CP; 95/2023/NĐ-CP; 02/2016/QH14
1.012646,"THỦ TỤC ĐỀ NGHỊ MỜI CHỨC SẮC, NHÀ TU HÀNH LÀ NGƯỜI NƯỚC NGOÀI ĐẾN GIẢN",Đối tượng,1,"Tổ chức (không bao gồm doanh nghiệp, HTX)",,95/2023/NĐ-CP; 02/2016/QH14
1.012646,"THỦ TỤC ĐỀ NGHỊ MỜI CHỨC SẮC, NHÀ TU HÀNH LÀ NGƯỜI NƯỚC NGOÀI ĐẾN GIẢN",Đối tượng,2,Công dân Việt Nam,,95/2023/NĐ-CP; 02/2016/QH14
1.012648,"THỦ TỤC ĐỀ NGHỊ MỜI TỔ CHỨC, CÁ NHÂN NƯỚC NGOÀI VÀO VIỆT NAM THỰC HIỆN",Đối tượng,1,Công dân Việt Nam,,02/2016/QH14; 95/2023/NĐ-CP
1.012648,"THỦ TỤC ĐỀ NGHỊ MỜI TỔ CHỨC, CÁ NHÂN NƯỚC NGOÀI VÀO VIỆT NAM THỰC HIỆN",Đối tượng,2,"Tổ chức (không bao gồm doanh nghiệp, HTX)",,02/2016/QH14; 95/2023/NĐ-CP
1.012653,THỦ TỤC ĐỀ NGHỊ THAY ĐỔI ĐỊA ĐIỂM SINH HOẠT TÔN GIÁO TẬP TRUNG CỦA NGƯ,Đối tượng,1,"Tổ chức (không bao gồm doanh nghiệp, HTX)",,95/2023/NĐ-CP; 66.7/2025/NQ-CP; 02/2016/QH14
1.012653,THỦ TỤC ĐỀ NGHỊ THAY ĐỔI ĐỊA ĐIỂM SINH HOẠT TÔN GIÁO TẬP TRUNG CỦA NGƯ,Đối tượng,2,Công dân Việt Nam,,95/2023/NĐ-CP; 66.7/2025/NQ-CP; 02/2016/QH14
1.012656,THỦ TỤC ĐỀ NGHỊ THAY ĐỔI ĐỊA ĐIỂM SINH HOẠT TÔN GIÁO TẬP TRUNG CỦA NGƯ,Đối tượng,1,"Tổ chức (không bao gồm doanh nghiệp, HTX)",,95/2023/NĐ-CP; 02/2016/QH14; 66.7/2025/NQ-CP
1.012656,THỦ TỤC ĐỀ NGHỊ THAY ĐỔI ĐỊA ĐIỂM SINH HOẠT TÔN GIÁO TẬP TRUNG CỦA NGƯ,Đối tượng,2,Người nước ngoài đã cư trú tại Việt Nam,,95/2023/NĐ-CP; 02/2016/QH14; 66.7/2025/NQ-CP
1.012657,THỦ TỤC ĐĂNG KÝ THAY ĐỔI NGƯỜI ĐẠI DIỆN CỦA NHÓM SINH HOẠT TÔN GIÁO TẬ,Đối tượng,1,Công dân Việt Nam,,02/2016/QH14; 124/2025/NĐ-CP; 95/2023/NĐ-CP
1.012657,THỦ TỤC ĐĂNG KÝ THAY ĐỔI NGƯỜI ĐẠI DIỆN CỦA NHÓM SINH HOẠT TÔN GIÁO TẬ,Đối tượng,2,"Tổ chức (không bao gồm doanh nghiệp, HTX)",,02/2016/QH14; 124/2025/NĐ-CP; 95/2023/NĐ-CP
1.012658,THỦ TỤC ĐỀ NGHỊ SINH HOẠT TÔN GIÁO TẬP TRUNG CỦA NGƯỜI NƯỚC NGOÀI CƯ T,Đối tượng,1,"Tổ chức (không bao gồm doanh nghiệp, HTX)",,95/2023/NĐ-CP; 02/2016/QH14
1.012658,THỦ TỤC ĐỀ NGHỊ SINH HOẠT TÔN GIÁO TẬP TRUNG CỦA NGƯỜI NƯỚC NGOÀI CƯ T,Đối tượng,2,Công dân Việt Nam,,95/2023/NĐ-CP; 02/2016/QH14
1.012659,"THỦ TỤC ĐĂNG KÝ THUYÊN CHUYỂN CHỨC SẮC, CHỨC VIỆC, NHÀ TU HÀNH LÀ NGƯỜ",Đối tượng,1,Công dân Việt Nam,,02/2016/QH14; 95/2023/NĐ-CP
1.012659,"THỦ TỤC ĐĂNG KÝ THUYÊN CHUYỂN CHỨC SẮC, CHỨC VIỆC, NHÀ TU HÀNH LÀ NGƯỜ",Đối tượng,2,"Tổ chức (không bao gồm doanh nghiệp, HTX)",,02/2016/QH14; 95/2023/NĐ-CP
1.012660,Thủ tục đề nghị cho người nước ngoài học tại cơ sở đào tạo tôn giáo ở,Đối tượng,1,"Tổ chức (không bao gồm doanh nghiệp, HTX)",,95/2023/NĐ-CP; 124/2025/NĐ-CP; 02/2016/QH14
1.012660,Thủ tục đề nghị cho người nước ngoài học tại cơ sở đào tạo tôn giáo ở,Đối tượng,2,Người nước ngoài,,95/2023/NĐ-CP; 124/2025/NĐ-CP; 02/2016/QH14
1.012749,Hỗ trợ chi phí khuyến khích sử dụng hình thức hỏa táng,Đối tượng,1,Công dân Việt Nam,,163/2016/NĐ-CP; 23/2016/NĐ-CP
1.012749,Hỗ trợ chi phí khuyến khích sử dụng hình thức hỏa táng,Đối tượng,2,"Cán bộ, công chức, viên chức",,163/2016/NĐ-CP; 23/2016/NĐ-CP
1.012749,Hỗ trợ chi phí khuyến khích sử dụng hình thức hỏa táng,Đối tượng,3,"Tổ chức (không bao gồm doanh nghiệp, HTX)",,163/2016/NĐ-CP; 23/2016/NĐ-CP
1.012882,"Thông báo đủ điều kiện được huy động vốn thông qua việc góp vốn, hợp t",Đối tượng,1,Doanh nghiệp có vốn đầu tư nước ngoài,,27/2023/QH15; 95/2024/NĐ-CP
1.012882,"Thông báo đủ điều kiện được huy động vốn thông qua việc góp vốn, hợp t",Đối tượng,2,Doanh nghiệp Việt Nam,,27/2023/QH15; 95/2024/NĐ-CP
1.012882,"Thông báo đủ điều kiện được huy động vốn thông qua việc góp vốn, hợp t",Đối tượng,3,"Tổ chức (không bao gồm doanh nghiệp, HTX)",,27/2023/QH15; 95/2024/NĐ-CP
1.012882,"Thông báo đủ điều kiện được huy động vốn thông qua việc góp vốn, hợp t",Đối tượng,4,Doanh nghiệp,,27/2023/QH15; 95/2024/NĐ-CP
1.012883,Chuyển đổi công năng nhà ở đối với nhà ở xây dựng trong dự án thuộc th,Đối tượng,1,"Tổ chức (không bao gồm doanh nghiệp, HTX)",,95/2024/NĐ-CP; 54/2026/NĐ-CP; 27/2023/QH15
1.012883,Chuyển đổi công năng nhà ở đối với nhà ở xây dựng trong dự án thuộc th,Đối tượng,2,Doanh nghiệp Việt Nam,,95/2024/NĐ-CP; 54/2026/NĐ-CP; 27/2023/QH15
1.012883,Chuyển đổi công năng nhà ở đối với nhà ở xây dựng trong dự án thuộc th,Đối tượng,3,Doanh nghiệp có vốn đầu tư nước ngoài,,95/2024/NĐ-CP; 54/2026/NĐ-CP; 27/2023/QH15
1.012883,Chuyển đổi công năng nhà ở đối với nhà ở xây dựng trong dự án thuộc th,Đối tượng,4,Doanh nghiệp,,95/2024/NĐ-CP; 54/2026/NĐ-CP; 27/2023/QH15
1.012885,Chấp thuận chủ trương đầu tư đồng thời với chấp thuận nhà đầu tư làm c,Đối tượng,1,"Tổ chức (không bao gồm doanh nghiệp, HTX)",,54/2026/NĐ-CP; 27/2023/QH15; 98/2024/NĐ-CP
1.012885,Chấp thuận chủ trương đầu tư đồng thời với chấp thuận nhà đầu tư làm c,Đối tượng,2,Doanh nghiệp Việt Nam,,54/2026/NĐ-CP; 27/2023/QH15; 98/2024/NĐ-CP
1.012885,Chấp thuận chủ trương đầu tư đồng thời với chấp thuận nhà đầu tư làm c,Đối tượng,3,Doanh nghiệp có vốn đầu tư nước ngoài,,54/2026/NĐ-CP; 27/2023/QH15; 98/2024/NĐ-CP
1.012885,Chấp thuận chủ trương đầu tư đồng thời với chấp thuận nhà đầu tư làm c,Đối tượng,4,Doanh nghiệp,,54/2026/NĐ-CP; 27/2023/QH15; 98/2024/NĐ-CP
1.012885,Chấp thuận chủ trương đầu tư đồng thời với chấp thuận nhà đầu tư làm c,Đối tượng,5,"Cán bộ, công chức, viên chức",,54/2026/NĐ-CP; 27/2023/QH15; 98/2024/NĐ-CP
1.012886,Điều chỉnh chấp thuận chủ trương đầu tư đồng thời với chấp thuận nhà đ,Đối tượng,1,Doanh nghiệp Việt Nam,,27/2023/QH15
1.012886,Điều chỉnh chấp thuận chủ trương đầu tư đồng thời với chấp thuận nhà đ,Đối tượng,2,Người Việt Nam định cư ở nước ngoài,,27/2023/QH15
1.012886,Điều chỉnh chấp thuận chủ trương đầu tư đồng thời với chấp thuận nhà đ,Đối tượng,3,Doanh nghiệp,,27/2023/QH15
1.012886,Điều chỉnh chấp thuận chủ trương đầu tư đồng thời với chấp thuận nhà đ,Đối tượng,4,"Cán bộ, công chức, viên chức",,27/2023/QH15
1.012886,Điều chỉnh chấp thuận chủ trương đầu tư đồng thời với chấp thuận nhà đ,Đối tượng,5,Người nước ngoài,,27/2023/QH15
1.012887,Đề xuất cơ chế ưu đãi đầu tư theo quy định tại điểm c khoản 2 Điều 198,Đối tượng,1,Doanh nghiệp Việt Nam,,27/2023/QH15; 54/2026/NĐ-CP; 98/2024/NĐ-CP
1.012887,Đề xuất cơ chế ưu đãi đầu tư theo quy định tại điểm c khoản 2 Điều 198,Đối tượng,2,Doanh nghiệp có vốn đầu tư nước ngoài,,27/2023/QH15; 54/2026/NĐ-CP; 98/2024/NĐ-CP
1.012887,Đề xuất cơ chế ưu đãi đầu tư theo quy định tại điểm c khoản 2 Điều 198,Đối tượng,3,"Tổ chức (không bao gồm doanh nghiệp, HTX)",,27/2023/QH15; 54/2026/NĐ-CP; 98/2024/NĐ-CP
1.012887,Đề xuất cơ chế ưu đãi đầu tư theo quy định tại điểm c khoản 2 Điều 198,Đối tượng,4,Doanh nghiệp,,27/2023/QH15; 54/2026/NĐ-CP; 98/2024/NĐ-CP
1.012887,Đề xuất cơ chế ưu đãi đầu tư theo quy định tại điểm c khoản 2 Điều 198,Đối tượng,5,"Cán bộ, công chức, viên chức",,27/2023/QH15; 54/2026/NĐ-CP; 98/2024/NĐ-CP
1.012890,"Gia hạn thời hạn sở hữu nhà ở tại Việt Nam của tổ chức, cá nhân nước n",Đối tượng,1,Người Việt Nam định cư ở nước ngoài,,95/2024/NĐ-CP; 54/2026/NĐ-CP; 27/2023/QH15
1.012890,"Gia hạn thời hạn sở hữu nhà ở tại Việt Nam của tổ chức, cá nhân nước n",Đối tượng,2,Người nước ngoài,,95/2024/NĐ-CP; 54/2026/NĐ-CP; 27/2023/QH15
1.012890,"Gia hạn thời hạn sở hữu nhà ở tại Việt Nam của tổ chức, cá nhân nước n",Đối tượng,3,Tổ chức nước ngoài,,95/2024/NĐ-CP; 54/2026/NĐ-CP; 27/2023/QH15
1.012894,Giải quyết bán phần diện tích nhà đất sử dụng chung của nhà ở cũ thuộc,Đối tượng,1,"Tổ chức (không bao gồm doanh nghiệp, HTX)",,95/2024/NĐ-CP; 27/2023/QH15; 54/2026/NĐ-CP
1.012894,Giải quyết bán phần diện tích nhà đất sử dụng chung của nhà ở cũ thuộc,Đối tượng,2,Công dân Việt Nam,,95/2024/NĐ-CP; 27/2023/QH15; 54/2026/NĐ-CP
1.012895,"Thẩm định giá bán, giá thuê mua nhà ở xã hội/nhà ở cho lực lượng vũ tr",Đối tượng,1,"Tổ chức (không bao gồm doanh nghiệp, HTX)",,27/2023/QH15; 100/2024/NĐ-CP
1.012895,"Thẩm định giá bán, giá thuê mua nhà ở xã hội/nhà ở cho lực lượng vũ tr",Đối tượng,2,Doanh nghiệp Việt Nam,,27/2023/QH15; 100/2024/NĐ-CP
1.012895,"Thẩm định giá bán, giá thuê mua nhà ở xã hội/nhà ở cho lực lượng vũ tr",Đối tượng,3,Công dân Việt Nam,,27/2023/QH15; 100/2024/NĐ-CP
1.012896,"Cho thuê, cho thuê mua nhà ở xã hội do Nhà nước đầu tư xây dựng bằng v",Đối tượng,1,Công dân Việt Nam,,27/2023/QH15; 100/2024/NĐ-CP
1.012896,"Cho thuê, cho thuê mua nhà ở xã hội do Nhà nước đầu tư xây dựng bằng v",Đối tượng,2,"Cán bộ, công chức, viên chức",,27/2023/QH15; 100/2024/NĐ-CP
1.012896,"Cho thuê, cho thuê mua nhà ở xã hội do Nhà nước đầu tư xây dựng bằng v",Đối tượng,3,Đảng viên,,27/2023/QH15; 100/2024/NĐ-CP
1.012897,Cho thuê nhà ở cũ thuộc tài sản công đối với trường hợp nhận chuyển qu,Đối tượng,1,Công dân Việt Nam,,27/2023/QH15; 95/2024/NĐ-CP; 54/2026/NĐ-CP
1.012897,Cho thuê nhà ở cũ thuộc tài sản công đối với trường hợp nhận chuyển qu,Đối tượng,2,"Cán bộ, công chức, viên chức",,27/2023/QH15; 95/2024/NĐ-CP; 54/2026/NĐ-CP
1.012898,Cho thuê nhà ở cũ thuộc tài sản công đối với trường hợp ký lại hợp đồn,Đối tượng,1,Công dân Việt Nam,,95/2024/NĐ-CP; 54/2026/NĐ-CP; 27/2023/QH15
1.012898,Cho thuê nhà ở cũ thuộc tài sản công đối với trường hợp ký lại hợp đồn,Đối tượng,2,"Cán bộ, công chức, viên chức",,95/2024/NĐ-CP; 54/2026/NĐ-CP; 27/2023/QH15
1.012899,"Đăng ký cấp quyền khai thác, sử dụng thông tin, dữ liệu về nhà ở và th",Đối tượng,1,Công dân Việt Nam,,357/2025/NĐ-CP
1.012899,"Đăng ký cấp quyền khai thác, sử dụng thông tin, dữ liệu về nhà ở và th",Đối tượng,2,Doanh nghiệp,,357/2025/NĐ-CP
1.012899,"Đăng ký cấp quyền khai thác, sử dụng thông tin, dữ liệu về nhà ở và th",Đối tượng,3,"Tổ chức (không bao gồm doanh nghiệp, HTX)",,357/2025/NĐ-CP
1.012899,"Đăng ký cấp quyền khai thác, sử dụng thông tin, dữ liệu về nhà ở và th",Đối tượng,4,Doanh nghiệp có vốn đầu tư nước ngoài,,357/2025/NĐ-CP
1.012900,Cấp giấy phép hoạt động của Sàn giao dịch bất động sản,Đối tượng,1,Công dân Việt Nam,,96/2024/NĐ-CP; 54/2026/NĐ-CP; 144/2025/NĐ-CP
1.012900,Cấp giấy phép hoạt động của Sàn giao dịch bất động sản,Đối tượng,2,Doanh nghiệp,,96/2024/NĐ-CP; 54/2026/NĐ-CP; 144/2025/NĐ-CP
1.012900,Cấp giấy phép hoạt động của Sàn giao dịch bất động sản,Đối tượng,3,"Tổ chức (không bao gồm doanh nghiệp, HTX)",,96/2024/NĐ-CP; 54/2026/NĐ-CP; 144/2025/NĐ-CP
1.012901,Cấp lại giấy phép hoạt động của Sàn giao dịch bất động sản (trong trườ,Đối tượng,1,Doanh nghiệp,,96/2024/NĐ-CP; 54/2026/NĐ-CP; 144/2025/NĐ-CP
1.012901,Cấp lại giấy phép hoạt động của Sàn giao dịch bất động sản (trong trườ,Đối tượng,2,"Tổ chức (không bao gồm doanh nghiệp, HTX)",,96/2024/NĐ-CP; 54/2026/NĐ-CP; 144/2025/NĐ-CP
1.012902,Cấp lại giấy phép hoạt động của Sàn giao dịch bất động sản (trong trườ,Đối tượng,1,"Tổ chức (không bao gồm doanh nghiệp, HTX)",,96/2024/NĐ-CP; 54/2026/NĐ-CP; 144/2025/NĐ-CP
1.012902,Cấp lại giấy phép hoạt động của Sàn giao dịch bất động sản (trong trườ,Đối tượng,2,Doanh nghiệp,,96/2024/NĐ-CP; 54/2026/NĐ-CP; 144/2025/NĐ-CP
1.012903,Thông báo quyền sử dụng đất đã có hạ tầng kỹ thuật trong dự án bất độn,Đối tượng,1,"Tổ chức (không bao gồm doanh nghiệp, HTX)",,144/2025/NĐ-CP; 54/2026/NĐ-CP; 96/2024/NĐ-CP
1.012903,Thông báo quyền sử dụng đất đã có hạ tầng kỹ thuật trong dự án bất độn,Đối tượng,2,Doanh nghiệp có vốn đầu tư nước ngoài,,144/2025/NĐ-CP; 54/2026/NĐ-CP; 96/2024/NĐ-CP
1.012903,Thông báo quyền sử dụng đất đã có hạ tầng kỹ thuật trong dự án bất độn,Đối tượng,3,Doanh nghiệp,,144/2025/NĐ-CP; 54/2026/NĐ-CP; 96/2024/NĐ-CP
1.012906,Cấp mới chứng chỉ hành nghề môi giới bất động sản.,Đối tượng,1,Người Việt Nam định cư ở nước ngoài,,144/2025/NĐ-CP; 96/2024/NĐ-CP; 54/2026/NĐ-CP
1.012906,Cấp mới chứng chỉ hành nghề môi giới bất động sản.,Đối tượng,2,Công dân Việt Nam,,144/2025/NĐ-CP; 96/2024/NĐ-CP; 54/2026/NĐ-CP
1.012906,Cấp mới chứng chỉ hành nghề môi giới bất động sản.,Đối tượng,3,Người nước ngoài,,144/2025/NĐ-CP; 96/2024/NĐ-CP; 54/2026/NĐ-CP
1.012907,Cấp lại chứng chỉ hành nghề môi giới bất động sản (trong trường hợp ch,Đối tượng,1,Công dân Việt Nam,,96/2024/NĐ-CP; 144/2025/NĐ-CP; 54/2026/NĐ-CP
1.012907,Cấp lại chứng chỉ hành nghề môi giới bất động sản (trong trường hợp ch,Đối tượng,2,Người nước ngoài,,96/2024/NĐ-CP; 144/2025/NĐ-CP; 54/2026/NĐ-CP
1.012907,Cấp lại chứng chỉ hành nghề môi giới bất động sản (trong trường hợp ch,Đối tượng,3,Người Việt Nam định cư ở nước ngoài,,96/2024/NĐ-CP; 144/2025/NĐ-CP; 54/2026/NĐ-CP
1.012910,Cấp lại chứng chỉ hành nghề môi giới bất động sản (trong trường hợp ch,Đối tượng,1,Công dân Việt Nam,,96/2024/NĐ-CP; 54/2026/NĐ-CP; 144/2025/NĐ-CP
1.012910,Cấp lại chứng chỉ hành nghề môi giới bất động sản (trong trường hợp ch,Đối tượng,2,Người Việt Nam định cư ở nước ngoài,,96/2024/NĐ-CP; 54/2026/NĐ-CP; 144/2025/NĐ-CP
1.012910,Cấp lại chứng chỉ hành nghề môi giới bất động sản (trong trường hợp ch,Đối tượng,3,Người nước ngoài,,96/2024/NĐ-CP; 54/2026/NĐ-CP; 144/2025/NĐ-CP
1.012910,Cấp lại chứng chỉ hành nghề môi giới bất động sản (trong trường hợp ch,Đối tượng,4,"Cán bộ, công chức, viên chức",,96/2024/NĐ-CP; 54/2026/NĐ-CP; 144/2025/NĐ-CP
1.012944,"Thành lập hoặc cho phép thành lập trường trung học phổ thông, trường p",Đối tượng,1,"Tổ chức (không bao gồm doanh nghiệp, HTX)",,142/2025/NĐ-CP; 125/2024/NĐ-CP; 124/2024/NĐ-CP; 66.16/2026/NQ-CP; 23/2026/NQ-CP; 86/2018/NĐ-CP; 66.18/2026/NQ-CP
1.012944,"Thành lập hoặc cho phép thành lập trường trung học phổ thông, trường p",Đối tượng,2,Công dân Việt Nam,,142/2025/NĐ-CP; 125/2024/NĐ-CP; 124/2024/NĐ-CP; 66.16/2026/NQ-CP; 23/2026/NQ-CP; 86/2018/NĐ-CP; 66.18/2026/NQ-CP
1.012944,"Thành lập hoặc cho phép thành lập trường trung học phổ thông, trường p",Đối tượng,3,Doanh nghiệp,,142/2025/NĐ-CP; 125/2024/NĐ-CP; 124/2024/NĐ-CP; 66.16/2026/NQ-CP; 23/2026/NQ-CP; 86/2018/NĐ-CP; 66.18/2026/NQ-CP
1.012944,"Thành lập hoặc cho phép thành lập trường trung học phổ thông, trường p",Đối tượng,4,Người nước ngoài,,142/2025/NĐ-CP; 125/2024/NĐ-CP; 124/2024/NĐ-CP; 66.16/2026/NQ-CP; 23/2026/NQ-CP; 86/2018/NĐ-CP; 66.18/2026/NQ-CP
1.012953,"Cho phép trường trung học phổ thông, trường phổ thông có nhiều cấp học",Đối tượng,1,"Tổ chức (không bao gồm doanh nghiệp, HTX)",,66.16/2026/NQ-CP; 66.18/2026/NQ-CP; 142/2025/NĐ-CP; 125/2024/NĐ-CP; 124/2024/NĐ-CP; 23/2026/NQ-CP; 86/2018/NĐ-CP
1.012953,"Cho phép trường trung học phổ thông, trường phổ thông có nhiều cấp học",Đối tượng,2,Người nước ngoài,,66.16/2026/NQ-CP; 66.18/2026/NQ-CP; 142/2025/NĐ-CP; 125/2024/NĐ-CP; 124/2024/NĐ-CP; 23/2026/NQ-CP; 86/2018/NĐ-CP
1.012955,"Sáp nhập, chia, tách trường trung học phổ thông, trường phổ thông có n",Đối tượng,1,"Tổ chức (không bao gồm doanh nghiệp, HTX)",,66.16/2026/NQ-CP; 66.18/2026/NQ-CP; 125/2024/NĐ-CP; 43/2019/QH14
1.012955,"Sáp nhập, chia, tách trường trung học phổ thông, trường phổ thông có n",Đối tượng,2,Công dân Việt Nam,,66.16/2026/NQ-CP; 66.18/2026/NQ-CP; 125/2024/NĐ-CP; 43/2019/QH14
1.012955,"Sáp nhập, chia, tách trường trung học phổ thông, trường phổ thông có n",Đối tượng,3,Người nước ngoài,,66.16/2026/NQ-CP; 66.18/2026/NQ-CP; 125/2024/NĐ-CP; 43/2019/QH14
1.012956,"Giải thể trường trung học phổ thông, trường phổ thông có nhiều cấp học",Đối tượng,1,Công dân Việt Nam,,66.18/2026/NQ-CP; 125/2024/NĐ-CP; 124/2024/NĐ-CP; 86/2018/NĐ-CP; 142/2025/NĐ-CP
1.012956,"Giải thể trường trung học phổ thông, trường phổ thông có nhiều cấp học",Đối tượng,2,"Tổ chức (không bao gồm doanh nghiệp, HTX)",,66.18/2026/NQ-CP; 125/2024/NĐ-CP; 124/2024/NĐ-CP; 86/2018/NĐ-CP; 142/2025/NĐ-CP
1.012956,"Giải thể trường trung học phổ thông, trường phổ thông có nhiều cấp học",Đối tượng,3,Người nước ngoài,,66.18/2026/NQ-CP; 125/2024/NĐ-CP; 124/2024/NĐ-CP; 86/2018/NĐ-CP; 142/2025/NĐ-CP
1.012963,Thành lập hoặc cho phép thành lập trường tiểu học,Đối tượng,1,"Tổ chức (không bao gồm doanh nghiệp, HTX)",,125/2024/NĐ-CP; 124/2024/NĐ-CP; 23/2026/NQ-CP; 86/2018/NĐ-CP; 142/2025/NĐ-CP; 66.16/2026/NQ-CP
1.012963,Thành lập hoặc cho phép thành lập trường tiểu học,Đối tượng,2,Công dân Việt Nam,,125/2024/NĐ-CP; 124/2024/NĐ-CP; 23/2026/NQ-CP; 86/2018/NĐ-CP; 142/2025/NĐ-CP; 66.16/2026/NQ-CP
1.012963,Thành lập hoặc cho phép thành lập trường tiểu học,Đối tượng,3,Doanh nghiệp,,125/2024/NĐ-CP; 124/2024/NĐ-CP; 23/2026/NQ-CP; 86/2018/NĐ-CP; 142/2025/NĐ-CP; 66.16/2026/NQ-CP
1.012964,"Thành lập hoặc cho phép thành lập trường trung học cơ sở, trường phổ t",Đối tượng,1,Công dân Việt Nam,,125/2024/NĐ-CP; 66.16/2026/NQ-CP; 23/2026/NQ-CP; 142/2025/NĐ-CP
1.012964,"Thành lập hoặc cho phép thành lập trường trung học cơ sở, trường phổ t",Đối tượng,2,Doanh nghiệp,,125/2024/NĐ-CP; 66.16/2026/NQ-CP; 23/2026/NQ-CP; 142/2025/NĐ-CP
1.012964,"Thành lập hoặc cho phép thành lập trường trung học cơ sở, trường phổ t",Đối tượng,3,"Tổ chức (không bao gồm doanh nghiệp, HTX)",,125/2024/NĐ-CP; 66.16/2026/NQ-CP; 23/2026/NQ-CP; 142/2025/NĐ-CP
1.012965,"Cho phép trường trung học cơ sở, trường phổ thông có nhiều cấp học có",Đối tượng,1,Người nước ngoài,,66.16/2026/NQ-CP; 125/2024/NĐ-CP; 124/2024/NĐ-CP; 23/2026/NQ-CP; 86/2018/NĐ-CP; 142/2025/NĐ-CP; 66.18/2026/NQ-CP
1.012965,"Cho phép trường trung học cơ sở, trường phổ thông có nhiều cấp học có",Đối tượng,2,"Tổ chức (không bao gồm doanh nghiệp, HTX)",,66.16/2026/NQ-CP; 125/2024/NĐ-CP; 124/2024/NĐ-CP; 23/2026/NQ-CP; 86/2018/NĐ-CP; 142/2025/NĐ-CP; 66.18/2026/NQ-CP
1.012967,"Sáp nhập, chia, tách trường trung học cơ sở, trường phổ thông có nhiều",Đối tượng,1,"Tổ chức (không bao gồm doanh nghiệp, HTX)",,142/2025/NĐ-CP; 66.16/2026/NQ-CP; 125/2024/NĐ-CP; 43/2019/QH14
1.012967,"Sáp nhập, chia, tách trường trung học cơ sở, trường phổ thông có nhiều",Đối tượng,2,Công dân Việt Nam,,142/2025/NĐ-CP; 66.16/2026/NQ-CP; 125/2024/NĐ-CP; 43/2019/QH14
1.012967,"Sáp nhập, chia, tách trường trung học cơ sở, trường phổ thông có nhiều",Đối tượng,3,Doanh nghiệp,,142/2025/NĐ-CP; 66.16/2026/NQ-CP; 125/2024/NĐ-CP; 43/2019/QH14
1.012968,"Giải thể trường trung học cơ sở, trường phổ thông có nhiều cấp học có",Đối tượng,1,"Tổ chức (không bao gồm doanh nghiệp, HTX)",,125/2024/NĐ-CP; 86/2018/NĐ-CP; 124/2024/NĐ-CP; 66.16/2026/NQ-CP; 23/2026/NQ-CP
1.012968,"Giải thể trường trung học cơ sở, trường phổ thông có nhiều cấp học có",Đối tượng,2,Công dân Việt Nam,,125/2024/NĐ-CP; 86/2018/NĐ-CP; 124/2024/NĐ-CP; 66.16/2026/NQ-CP; 23/2026/NQ-CP
1.012968,"Giải thể trường trung học cơ sở, trường phổ thông có nhiều cấp học có",Đối tượng,3,Doanh nghiệp,,125/2024/NĐ-CP; 86/2018/NĐ-CP; 124/2024/NĐ-CP; 66.16/2026/NQ-CP; 23/2026/NQ-CP
1.012969,Thành lập hoặc cho phép thành lập trung tâm học tập cộng đồng,Đối tượng,1,"Tổ chức (không bao gồm doanh nghiệp, HTX)",,66.16/2026/NQ-CP; 142/2025/NĐ-CP; 125/2024/NĐ-CP
1.012969,Thành lập hoặc cho phép thành lập trung tâm học tập cộng đồng,Đối tượng,2,Công dân Việt Nam,,66.16/2026/NQ-CP; 142/2025/NĐ-CP; 125/2024/NĐ-CP
1.012969,Thành lập hoặc cho phép thành lập trung tâm học tập cộng đồng,Đối tượng,3,Doanh nghiệp,,66.16/2026/NQ-CP; 142/2025/NĐ-CP; 125/2024/NĐ-CP
1.012971,Thành lập hoặc cho phép thành lập cơ sở giáo dục mầm non độc lập,Đối tượng,1,"Tổ chức (không bao gồm doanh nghiệp, HTX)",,125/2024/NĐ-CP; 142/2025/NĐ-CP; 66.16/2026/NQ-CP
1.012971,Thành lập hoặc cho phép thành lập cơ sở giáo dục mầm non độc lập,Đối tượng,2,Công dân Việt Nam,,125/2024/NĐ-CP; 142/2025/NĐ-CP; 66.16/2026/NQ-CP
1.012971,Thành lập hoặc cho phép thành lập cơ sở giáo dục mầm non độc lập,Đối tượng,3,Doanh nghiệp,,125/2024/NĐ-CP; 142/2025/NĐ-CP; 66.16/2026/NQ-CP
1.012973,"Sáp nhập, chia, tách cơ sở giáo dục mầm non độc lập",Đối tượng,1,Công dân Việt Nam,,125/2024/NĐ-CP; 66.16/2026/NQ-CP; 142/2025/NĐ-CP
1.012973,"Sáp nhập, chia, tách cơ sở giáo dục mầm non độc lập",Đối tượng,2,Doanh nghiệp,,125/2024/NĐ-CP; 66.16/2026/NQ-CP; 142/2025/NĐ-CP
1.012973,"Sáp nhập, chia, tách cơ sở giáo dục mầm non độc lập",Đối tượng,3,"Tổ chức (không bao gồm doanh nghiệp, HTX)",,125/2024/NĐ-CP; 66.16/2026/NQ-CP; 142/2025/NĐ-CP
1.012974,"Giải thể cơ sở giáo dục mầm non độc lập (theo đề nghị của tổ chức, cá",Đối tượng,1,"Tổ chức (không bao gồm doanh nghiệp, HTX)",,142/2025/NĐ-CP; 125/2024/NĐ-CP; 66.16/2026/NQ-CP
1.012974,"Giải thể cơ sở giáo dục mầm non độc lập (theo đề nghị của tổ chức, cá",Đối tượng,2,Công dân Việt Nam,,142/2025/NĐ-CP; 125/2024/NĐ-CP; 66.16/2026/NQ-CP
1.012974,"Giải thể cơ sở giáo dục mầm non độc lập (theo đề nghị của tổ chức, cá",Đối tượng,3,Doanh nghiệp,,142/2025/NĐ-CP; 125/2024/NĐ-CP; 66.16/2026/NQ-CP
1.012975,Cho phép cơ sở giáo dục khác thực hiện chương trình giáo dục phổ thông,Đối tượng,1,Công dân Việt Nam,,125/2024/NĐ-CP; 142/2025/NĐ-CP; 66.16/2026/NQ-CP
1.012975,Cho phép cơ sở giáo dục khác thực hiện chương trình giáo dục phổ thông,Đối tượng,2,Doanh nghiệp,,125/2024/NĐ-CP; 142/2025/NĐ-CP; 66.16/2026/NQ-CP
1.012975,Cho phép cơ sở giáo dục khác thực hiện chương trình giáo dục phổ thông,Đối tượng,3,"Tổ chức (không bao gồm doanh nghiệp, HTX)",,125/2024/NĐ-CP; 142/2025/NĐ-CP; 66.16/2026/NQ-CP
1.012976,Thành lập hoặc cho phép thành lập trường đại học,Đối tượng,1,Công dân Việt Nam,,125/2024/NĐ-CP; 66.18/2026/NQ-CP
1.012976,Thành lập hoặc cho phép thành lập trường đại học,Đối tượng,2,Doanh nghiệp,,125/2024/NĐ-CP; 66.18/2026/NQ-CP
1.012976,Thành lập hoặc cho phép thành lập trường đại học,Đối tượng,3,Tổ chức nước ngoài,,125/2024/NĐ-CP; 66.18/2026/NQ-CP
1.012976,Thành lập hoặc cho phép thành lập trường đại học,Đối tượng,4,Người nước ngoài,,125/2024/NĐ-CP; 66.18/2026/NQ-CP
1.012976,Thành lập hoặc cho phép thành lập trường đại học,Đối tượng,5,"Tổ chức (không bao gồm doanh nghiệp, HTX)",,125/2024/NĐ-CP; 66.18/2026/NQ-CP
1.012978,Cho phép phân hiệu của cơ sở giáo dục đại học hoạt động đào tạo,Đối tượng,1,Doanh nghiệp,,125/2024/NĐ-CP; 124/2024/NĐ-CP; 86/2018/NĐ-CP; 23/2026/NQ-CP
1.012978,Cho phép phân hiệu của cơ sở giáo dục đại học hoạt động đào tạo,Đối tượng,2,"Tổ chức (không bao gồm doanh nghiệp, HTX)",,125/2024/NĐ-CP; 124/2024/NĐ-CP; 86/2018/NĐ-CP; 23/2026/NQ-CP
1.012978,Cho phép phân hiệu của cơ sở giáo dục đại học hoạt động đào tạo,Đối tượng,3,Doanh nghiệp có vốn đầu tư nước ngoài,,125/2024/NĐ-CP; 124/2024/NĐ-CP; 86/2018/NĐ-CP; 23/2026/NQ-CP
1.012988,Giải thể trung tâm khác thực hiện nhiệm vụ giáo dục thường xuyên (Theo,Đối tượng,1,"Tổ chức (không bao gồm doanh nghiệp, HTX)",,142/2025/NĐ-CP; 125/2024/NĐ-CP; 66.16/2026/NQ-CP
1.012988,Giải thể trung tâm khác thực hiện nhiệm vụ giáo dục thường xuyên (Theo,Đối tượng,2,Công dân Việt Nam,,142/2025/NĐ-CP; 125/2024/NĐ-CP; 66.16/2026/NQ-CP
1.012988,Giải thể trung tâm khác thực hiện nhiệm vụ giáo dục thường xuyên (Theo,Đối tượng,3,Doanh nghiệp,,142/2025/NĐ-CP; 125/2024/NĐ-CP; 66.16/2026/NQ-CP
1.012993,Đăng ký hành nghề công tác xã hội tại Việt Nam đối với người nước ngoà,Đối tượng,1,Người Việt Nam định cư ở nước ngoài,,147/2025/NĐ-CP; 110/2024/NĐ-CP; 42/2025/NĐ-CP; 45/2025/NĐ-CP
1.012993,Đăng ký hành nghề công tác xã hội tại Việt Nam đối với người nước ngoà,Đối tượng,2,Người nước ngoài,,147/2025/NĐ-CP; 110/2024/NĐ-CP; 42/2025/NĐ-CP; 45/2025/NĐ-CP
1.013004,Cấp giấy chứng nhận đăng ký phát triển điện mặt trời mái nhà tự sản xu,Đối tượng,1,Công dân Việt Nam,,58/2025/NĐ-CP; 62/2026/TT-BCA
1.013004,Cấp giấy chứng nhận đăng ký phát triển điện mặt trời mái nhà tự sản xu,Đối tượng,2,"Tổ chức (không bao gồm doanh nghiệp, HTX)",,58/2025/NĐ-CP; 62/2026/TT-BCA
1.013005,"Điều chỉnh, bổ sung giấy chứng nhận đăng ký phát triển điện mặt trời m",Đối tượng,1,Công dân Việt Nam,,62/2026/TT-BCA; 58/2025/NĐ-CP
1.013005,"Điều chỉnh, bổ sung giấy chứng nhận đăng ký phát triển điện mặt trời m",Đối tượng,2,"Tổ chức (không bao gồm doanh nghiệp, HTX)",,62/2026/TT-BCA; 58/2025/NĐ-CP
1.013061,Cấp giấy phép thi công công trình trên đường bộ đang khai thác,Đối tượng,1,Doanh nghiệp có vốn đầu tư nước ngoài,,41/2024/TT-BGTVT; 09/2025/TT-BXD; 72/2025/TT-BXD
1.013061,Cấp giấy phép thi công công trình trên đường bộ đang khai thác,Đối tượng,2,"Tổ chức (không bao gồm doanh nghiệp, HTX)",,41/2024/TT-BGTVT; 09/2025/TT-BXD; 72/2025/TT-BXD
1.013061,Cấp giấy phép thi công công trình trên đường bộ đang khai thác,Đối tượng,3,Doanh nghiệp,,41/2024/TT-BGTVT; 09/2025/TT-BXD; 72/2025/TT-BXD
1.013072,"Cấp, cấp lại Giấy phép liên vận cho phương tiện cơ giới đường bộ qua l",Đối tượng,1,Công dân Việt Nam,,20/2024/NQ-HĐND
1.013072,"Cấp, cấp lại Giấy phép liên vận cho phương tiện cơ giới đường bộ qua l",Đối tượng,2,Doanh nghiệp,,20/2024/NQ-HĐND
1.013072,"Cấp, cấp lại Giấy phép liên vận cho phương tiện cơ giới đường bộ qua l",Đối tượng,3,Doanh nghiệp Việt Nam,,20/2024/NQ-HĐND
1.013072,"Cấp, cấp lại Giấy phép liên vận cho phương tiện cơ giới đường bộ qua l",Đối tượng,4,"Tổ chức (không bao gồm doanh nghiệp, HTX)",,20/2024/NQ-HĐND
1.013216,Thẩm định Báo cáo nghiên cứu khả thi đầu tư xây dựng/ Báo cáo nghiên c,Đối tượng,1,Doanh nghiệp Việt Nam,,105/2025/NĐ-CP; 217/2026/NĐ-CP; 135/2025/QH15
1.013216,Thẩm định Báo cáo nghiên cứu khả thi đầu tư xây dựng/ Báo cáo nghiên c,Đối tượng,2,Công dân Việt Nam,,105/2025/NĐ-CP; 217/2026/NĐ-CP; 135/2025/QH15
1.013217,Cấp lại chứng chỉ hành nghề hoạt động xây dựng,Đối tượng,1,Người Việt Nam định cư ở nước ngoài,,212/2026/NĐ-CP; 135/2025/QH15
1.013217,Cấp lại chứng chỉ hành nghề hoạt động xây dựng,Đối tượng,2,Công dân Việt Nam,,212/2026/NĐ-CP; 135/2025/QH15
1.013217,Cấp lại chứng chỉ hành nghề hoạt động xây dựng,Đối tượng,3,Người nước ngoài,,212/2026/NĐ-CP; 135/2025/QH15
1.013219,Cấp chuyển đổi chứng chỉ hành nghề hoạt động xây dựng,Đối tượng,1,Người nước ngoài,,135/2025/QH15; 212/2026/NĐ-CP
1.013219,Cấp chuyển đổi chứng chỉ hành nghề hoạt động xây dựng,Đối tượng,2,Người Việt Nam định cư ở nước ngoài,,135/2025/QH15; 212/2026/NĐ-CP
1.013222,Cấp giấy phép hoạt động xây dựng cho nhà thầu nước ngoài..,Đối tượng,1,Tổ chức nước ngoài,,135/2025/QH15; 212/2026/NĐ-CP
1.013222,Cấp giấy phép hoạt động xây dựng cho nhà thầu nước ngoài..,Đối tượng,2,Người nước ngoài,,135/2025/QH15; 212/2026/NĐ-CP
1.013224,Cấp điều chỉnh giấy phép hoạt động xây dựng cho nhà thầu nước ngoài..,Đối tượng,1,Người nước ngoài,,135/2025/QH15; 212/2026/NĐ-CP
1.013224,Cấp điều chỉnh giấy phép hoạt động xây dựng cho nhà thầu nước ngoài..,Đối tượng,2,Tổ chức nước ngoài,,135/2025/QH15; 212/2026/NĐ-CP
1.013225,"Cấp giấy phép xây dựng mới, có thời hạn đối với công trình cấp III, cấ",Đối tượng,1,Công dân Việt Nam,,135/2025/QH15; 105/2025/CP-NĐ; 217/2026/NĐ-CP
1.013225,"Cấp giấy phép xây dựng mới, có thời hạn đối với công trình cấp III, cấ",Đối tượng,2,"Tổ chức (không bao gồm doanh nghiệp, HTX)",,135/2025/QH15; 105/2025/CP-NĐ; 217/2026/NĐ-CP
1.013225,"Cấp giấy phép xây dựng mới, có thời hạn đối với công trình cấp III, cấ",Đối tượng,3,Doanh nghiệp Việt Nam,,135/2025/QH15; 105/2025/CP-NĐ; 217/2026/NĐ-CP
1.013225,"Cấp giấy phép xây dựng mới, có thời hạn đối với công trình cấp III, cấ",Đối tượng,4,Doanh nghiệp có vốn đầu tư nước ngoài,,135/2025/QH15; 105/2025/CP-NĐ; 217/2026/NĐ-CP
1.013226,"Cấp điều chỉnh giấy phép xây dựng đối với công trình cấp III, cấp IV (",Đối tượng,1,Công dân Việt Nam,,135/2025/QH15; 217/2026/NĐ-CP; 105/2025/NĐ-CP
1.013226,"Cấp điều chỉnh giấy phép xây dựng đối với công trình cấp III, cấp IV (",Đối tượng,2,Doanh nghiệp,,135/2025/QH15; 217/2026/NĐ-CP; 105/2025/NĐ-CP
1.013226,"Cấp điều chỉnh giấy phép xây dựng đối với công trình cấp III, cấp IV (",Đối tượng,3,"Tổ chức (không bao gồm doanh nghiệp, HTX)",,135/2025/QH15; 217/2026/NĐ-CP; 105/2025/NĐ-CP
1.013227,"Gia hạn giấy phép xây dựng đối với công trình cấp III, cấp IV (công tr",Đối tượng,1,Công dân Việt Nam,,135/2025/QH15; 217/2026/NĐ-CP; 105/2025/NĐ-CP
1.013227,"Gia hạn giấy phép xây dựng đối với công trình cấp III, cấp IV (công tr",Đối tượng,2,Doanh nghiệp,,135/2025/QH15; 217/2026/NĐ-CP; 105/2025/NĐ-CP
1.013227,"Gia hạn giấy phép xây dựng đối với công trình cấp III, cấp IV (công tr",Đối tượng,3,"Tổ chức (không bao gồm doanh nghiệp, HTX)",,135/2025/QH15; 217/2026/NĐ-CP; 105/2025/NĐ-CP
1.013228,"Cấp lại giấy phép xây dựng đối với công trình cấp III, cấp IV (công tr",Đối tượng,1,Doanh nghiệp Việt Nam,,217/2026/NĐ-CP; 135/2025/QH15
1.013228,"Cấp lại giấy phép xây dựng đối với công trình cấp III, cấp IV (công tr",Đối tượng,2,"Tổ chức (không bao gồm doanh nghiệp, HTX)",,217/2026/NĐ-CP; 135/2025/QH15
1.013228,"Cấp lại giấy phép xây dựng đối với công trình cấp III, cấp IV (công tr",Đối tượng,3,Công dân Việt Nam,,217/2026/NĐ-CP; 135/2025/QH15
1.013229,"Cấp giấy phép xây dựng sửa chữa, cải tạo đối với công trình cấp III, c",Đối tượng,1,Công dân Việt Nam,,105/2025/NĐ-CP; 135/2025/QH15; 217/2026/NĐ-CP
1.013229,"Cấp giấy phép xây dựng sửa chữa, cải tạo đối với công trình cấp III, c",Đối tượng,2,Doanh nghiệp,,105/2025/NĐ-CP; 135/2025/QH15; 217/2026/NĐ-CP
1.013229,"Cấp giấy phép xây dựng sửa chữa, cải tạo đối với công trình cấp III, c",Đối tượng,3,"Tổ chức (không bao gồm doanh nghiệp, HTX)",,105/2025/NĐ-CP; 135/2025/QH15; 217/2026/NĐ-CP
1.013230,"Cấp giấy phép di dời đối với công trình cấp đặc biệt, cấp I và cấp II",Đối tượng,1,Công dân Việt Nam,,135/2025/QH15; 105/2025/NĐ-CP; 217/2026/NĐ-CP
1.013230,"Cấp giấy phép di dời đối với công trình cấp đặc biệt, cấp I và cấp II",Đối tượng,2,Doanh nghiệp,,135/2025/QH15; 105/2025/NĐ-CP; 217/2026/NĐ-CP
1.013230,"Cấp giấy phép di dời đối với công trình cấp đặc biệt, cấp I và cấp II",Đối tượng,3,"Tổ chức (không bao gồm doanh nghiệp, HTX)",,135/2025/QH15; 105/2025/NĐ-CP; 217/2026/NĐ-CP
1.013231,"Cấp điều chỉnh giấy phép xây dựng đối với công trình cấp đặc biệt, cấp",Đối tượng,1,Công dân Việt Nam,,105/2025/NĐ-CP; 135/2025/QH15; 217/2026/NĐ-CP
1.013231,"Cấp điều chỉnh giấy phép xây dựng đối với công trình cấp đặc biệt, cấp",Đối tượng,2,Doanh nghiệp,,105/2025/NĐ-CP; 135/2025/QH15; 217/2026/NĐ-CP
1.013231,"Cấp điều chỉnh giấy phép xây dựng đối với công trình cấp đặc biệt, cấp",Đối tượng,3,"Tổ chức (không bao gồm doanh nghiệp, HTX)",,105/2025/NĐ-CP; 135/2025/QH15; 217/2026/NĐ-CP
1.013232,"Cấp giấy phép di dời đối với công trình cấp III, cấp IV (Công trình kh",Đối tượng,1,Doanh nghiệp Việt Nam,,135/2025/QH15; 217/2026/NĐ-CP
1.013232,"Cấp giấy phép di dời đối với công trình cấp III, cấp IV (Công trình kh",Đối tượng,2,Công dân Việt Nam,,135/2025/QH15; 217/2026/NĐ-CP
1.013232,"Cấp giấy phép di dời đối với công trình cấp III, cấp IV (Công trình kh",Đối tượng,3,"Tổ chức (không bao gồm doanh nghiệp, HTX)",,135/2025/QH15; 217/2026/NĐ-CP
1.013233,"Gia hạn giấy phép xây dựng đối với công trình cấp đặc biệt, cấp I, cấp",Đối tượng,1,Công dân Việt Nam,,135/2025/QH15; 105/2025/NĐ-CP; 217/2026/NĐ-CP
1.013233,"Gia hạn giấy phép xây dựng đối với công trình cấp đặc biệt, cấp I, cấp",Đối tượng,2,Doanh nghiệp Việt Nam,,135/2025/QH15; 105/2025/NĐ-CP; 217/2026/NĐ-CP
1.013233,"Gia hạn giấy phép xây dựng đối với công trình cấp đặc biệt, cấp I, cấp",Đối tượng,3,"Tổ chức (không bao gồm doanh nghiệp, HTX)",,135/2025/QH15; 105/2025/NĐ-CP; 217/2026/NĐ-CP
1.013235,"Cấp lại giấy phép xây dựng đối với công trình cấp đặc biệt, cấp I, cấp",Đối tượng,1,"Tổ chức (không bao gồm doanh nghiệp, HTX)",,217/2026/NĐ-CP; 135/2025/QH15; 105/2025/NĐ-CP
1.013235,"Cấp lại giấy phép xây dựng đối với công trình cấp đặc biệt, cấp I, cấp",Đối tượng,2,Công dân Việt Nam,,217/2026/NĐ-CP; 135/2025/QH15; 105/2025/NĐ-CP
1.013235,"Cấp lại giấy phép xây dựng đối với công trình cấp đặc biệt, cấp I, cấp",Đối tượng,3,Doanh nghiệp,,217/2026/NĐ-CP; 135/2025/QH15; 105/2025/NĐ-CP
1.013236,"Cấp giấy phép xây dựng mới công trình cấp đặc biệt, cấp I, cấp II (Côn",Đối tượng,1,Công dân Việt Nam,,135/2025/QH15; 105/2025/NĐ-CP; 217/2026/NĐ-CP
1.013236,"Cấp giấy phép xây dựng mới công trình cấp đặc biệt, cấp I, cấp II (Côn",Đối tượng,2,Doanh nghiệp,,135/2025/QH15; 105/2025/NĐ-CP; 217/2026/NĐ-CP
1.013236,"Cấp giấy phép xây dựng mới công trình cấp đặc biệt, cấp I, cấp II (Côn",Đối tượng,3,"Tổ chức (không bao gồm doanh nghiệp, HTX)",,135/2025/QH15; 105/2025/NĐ-CP; 217/2026/NĐ-CP
1.013237,Cấp mới chứng chỉ hành nghề hoạt động xây dựng,Đối tượng,1,Công dân Việt Nam,,135/2025/QH15; 212/2026/NĐ-CP
1.013237,Cấp mới chứng chỉ hành nghề hoạt động xây dựng,Đối tượng,2,Người Việt Nam định cư ở nước ngoài,,135/2025/QH15; 212/2026/NĐ-CP
1.013237,Cấp mới chứng chỉ hành nghề hoạt động xây dựng,Đối tượng,3,Người nước ngoài đã cư trú tại Việt Nam,,135/2025/QH15; 212/2026/NĐ-CP
1.013238,"Cấp giấy phép xây dựng sửa chữa, cải tạo đối với công trình cấp đặc bi",Đối tượng,1,Doanh nghiệp,,105/2025/NĐ-CP; 135/2025/QH15; 217/2026/NĐ-CP
1.013238,"Cấp giấy phép xây dựng sửa chữa, cải tạo đối với công trình cấp đặc bi",Đối tượng,2,Công dân Việt Nam,,105/2025/NĐ-CP; 135/2025/QH15; 217/2026/NĐ-CP
1.013238,"Cấp giấy phép xây dựng sửa chữa, cải tạo đối với công trình cấp đặc bi",Đối tượng,3,"Tổ chức (không bao gồm doanh nghiệp, HTX)",,105/2025/NĐ-CP; 135/2025/QH15; 217/2026/NĐ-CP
1.013239,Thẩm định Báo cáo nghiên cứu khả thi đầu tư xây dựng/Báo cáo nghiên cứ,Đối tượng,1,Công dân Việt Nam,,135/2025/QH15; 105/2025/NĐ-CP; 217/2026/NĐ-CP
1.013239,Thẩm định Báo cáo nghiên cứu khả thi đầu tư xây dựng/Báo cáo nghiên cứ,Đối tượng,2,Doanh nghiệp,,135/2025/QH15; 105/2025/NĐ-CP; 217/2026/NĐ-CP
1.013259,Cấp Giấy phép vận chuyển hàng hóa nguy hiểm trên đường bộ,Đối tượng,1,"Tổ chức (không bao gồm doanh nghiệp, HTX)",,161/2024/NĐ-CP; 24/2026/NQ-CP; 105/2025/NĐ-CP
1.013259,Cấp Giấy phép vận chuyển hàng hóa nguy hiểm trên đường bộ,Đối tượng,2,Doanh nghiệp có vốn đầu tư nước ngoài,,161/2024/NĐ-CP; 24/2026/NQ-CP; 105/2025/NĐ-CP
1.013259,Cấp Giấy phép vận chuyển hàng hóa nguy hiểm trên đường bộ,Đối tượng,3,Công dân Việt Nam,,161/2024/NĐ-CP; 24/2026/NQ-CP; 105/2025/NĐ-CP
1.013259,Cấp Giấy phép vận chuyển hàng hóa nguy hiểm trên đường bộ,Đối tượng,4,Doanh nghiệp,,161/2024/NĐ-CP; 24/2026/NQ-CP; 105/2025/NĐ-CP
1.013259,Cấp Giấy phép vận chuyển hàng hóa nguy hiểm trên đường bộ,Đối tượng,5,Người nước ngoài,,161/2024/NĐ-CP; 24/2026/NQ-CP; 105/2025/NĐ-CP
1.013259,Cấp Giấy phép vận chuyển hàng hóa nguy hiểm trên đường bộ,Đối tượng,6,Tổ chức nước ngoài,,161/2024/NĐ-CP; 24/2026/NQ-CP; 105/2025/NĐ-CP
1.013259,Cấp Giấy phép vận chuyển hàng hóa nguy hiểm trên đường bộ,Đối tượng,7,Hợp tác xã,,161/2024/NĐ-CP; 24/2026/NQ-CP; 105/2025/NĐ-CP
1.013260,Điều chỉnh thông tin trên Giấy phép vận chuyển hàng hóa nguy hiểm trên,Đối tượng,1,"Tổ chức (không bao gồm doanh nghiệp, HTX)",,161/2024/NĐ-CP; 24/2026/NQ-CP; 105/2025/NĐ-CP
1.013260,Điều chỉnh thông tin trên Giấy phép vận chuyển hàng hóa nguy hiểm trên,Đối tượng,2,Doanh nghiệp có vốn đầu tư nước ngoài,,161/2024/NĐ-CP; 24/2026/NQ-CP; 105/2025/NĐ-CP
1.013260,Điều chỉnh thông tin trên Giấy phép vận chuyển hàng hóa nguy hiểm trên,Đối tượng,3,Doanh nghiệp,,161/2024/NĐ-CP; 24/2026/NQ-CP; 105/2025/NĐ-CP
1.013260,Điều chỉnh thông tin trên Giấy phép vận chuyển hàng hóa nguy hiểm trên,Đối tượng,4,Người nước ngoài,,161/2024/NĐ-CP; 24/2026/NQ-CP; 105/2025/NĐ-CP
1.013260,Điều chỉnh thông tin trên Giấy phép vận chuyển hàng hóa nguy hiểm trên,Đối tượng,5,Tổ chức nước ngoài,,161/2024/NĐ-CP; 24/2026/NQ-CP; 105/2025/NĐ-CP
1.013260,Điều chỉnh thông tin trên Giấy phép vận chuyển hàng hóa nguy hiểm trên,Đối tượng,6,Hợp tác xã,,161/2024/NĐ-CP; 24/2026/NQ-CP; 105/2025/NĐ-CP
1.013260,Điều chỉnh thông tin trên Giấy phép vận chuyển hàng hóa nguy hiểm trên,Đối tượng,7,Công dân Việt Nam,,161/2024/NĐ-CP; 24/2026/NQ-CP; 105/2025/NĐ-CP
1.013261,Cấp lại Giấy phép vận chuyển hàng hóa nguy hiểm trên đường bộ,Đối tượng,1,Doanh nghiệp có vốn đầu tư nước ngoài,,161/2024/NĐ-CP
1.013261,Cấp lại Giấy phép vận chuyển hàng hóa nguy hiểm trên đường bộ,Đối tượng,2,"Tổ chức (không bao gồm doanh nghiệp, HTX)",,161/2024/NĐ-CP
1.013261,Cấp lại Giấy phép vận chuyển hàng hóa nguy hiểm trên đường bộ,Đối tượng,3,Công dân Việt Nam,,161/2024/NĐ-CP
1.013261,Cấp lại Giấy phép vận chuyển hàng hóa nguy hiểm trên đường bộ,Đối tượng,4,Doanh nghiệp,,161/2024/NĐ-CP
1.013261,Cấp lại Giấy phép vận chuyển hàng hóa nguy hiểm trên đường bộ,Đối tượng,5,Người nước ngoài,,161/2024/NĐ-CP
1.013261,Cấp lại Giấy phép vận chuyển hàng hóa nguy hiểm trên đường bộ,Đối tượng,6,Hợp tác xã,,161/2024/NĐ-CP
1.013261,Cấp lại Giấy phép vận chuyển hàng hóa nguy hiểm trên đường bộ,Đối tượng,7,Tổ chức nước ngoài,,161/2024/NĐ-CP
1.013274,"Cấp phép sử dụng tạm thời lòng đường, vỉa hè vào mục đích khác",Đối tượng,1,"Tổ chức (không bao gồm doanh nghiệp, HTX)",,165/2024/NĐ-CP; 241/2026/NĐ-CP
1.013274,"Cấp phép sử dụng tạm thời lòng đường, vỉa hè vào mục đích khác",Đối tượng,2,Doanh nghiệp có vốn đầu tư nước ngoài,,165/2024/NĐ-CP; 241/2026/NĐ-CP
1.013274,"Cấp phép sử dụng tạm thời lòng đường, vỉa hè vào mục đích khác",Đối tượng,3,Công dân Việt Nam,,165/2024/NĐ-CP; 241/2026/NĐ-CP
1.013274,"Cấp phép sử dụng tạm thời lòng đường, vỉa hè vào mục đích khác",Đối tượng,4,Doanh nghiệp,,165/2024/NĐ-CP; 241/2026/NĐ-CP
1.013274,"Cấp phép sử dụng tạm thời lòng đường, vỉa hè vào mục đích khác",Đối tượng,5,Người nước ngoài,,165/2024/NĐ-CP; 241/2026/NĐ-CP
1.013274,"Cấp phép sử dụng tạm thời lòng đường, vỉa hè vào mục đích khác",Đối tượng,6,Tổ chức nước ngoài,,165/2024/NĐ-CP; 241/2026/NĐ-CP
1.013274,"Cấp phép sử dụng tạm thời lòng đường, vỉa hè vào mục đích khác",Đối tượng,7,Hợp tác xã,,165/2024/NĐ-CP; 241/2026/NĐ-CP
1.013276,Chấp thuận bổ sung vị trí nút giao đấu nối vào đường cao tốc,Đối tượng,1,"Tổ chức (không bao gồm doanh nghiệp, HTX)",,165/2024/NĐ-CP; 241/2026/NĐ-CP
1.013276,Chấp thuận bổ sung vị trí nút giao đấu nối vào đường cao tốc,Đối tượng,2,Doanh nghiệp có vốn đầu tư nước ngoài,,165/2024/NĐ-CP; 241/2026/NĐ-CP
1.013276,Chấp thuận bổ sung vị trí nút giao đấu nối vào đường cao tốc,Đối tượng,3,Doanh nghiệp,,165/2024/NĐ-CP; 241/2026/NĐ-CP
1.013276,Chấp thuận bổ sung vị trí nút giao đấu nối vào đường cao tốc,Đối tượng,4,Hợp tác xã,,165/2024/NĐ-CP; 241/2026/NĐ-CP
1.013276,Chấp thuận bổ sung vị trí nút giao đấu nối vào đường cao tốc,Đối tượng,5,Tổ chức nước ngoài,,165/2024/NĐ-CP; 241/2026/NĐ-CP
1.013277,Chấp thuận đấu nối đối với trường hợp kết nối với đường bộ không có tr,Đối tượng,1,Doanh nghiệp có vốn đầu tư nước ngoài,,165/2024/NĐ-CP; 241/2026/NĐ-CP
1.013277,Chấp thuận đấu nối đối với trường hợp kết nối với đường bộ không có tr,Đối tượng,2,"Tổ chức (không bao gồm doanh nghiệp, HTX)",,165/2024/NĐ-CP; 241/2026/NĐ-CP
1.013277,Chấp thuận đấu nối đối với trường hợp kết nối với đường bộ không có tr,Đối tượng,3,Doanh nghiệp,,165/2024/NĐ-CP; 241/2026/NĐ-CP
1.013277,Chấp thuận đấu nối đối với trường hợp kết nối với đường bộ không có tr,Đối tượng,4,Tổ chức nước ngoài,,165/2024/NĐ-CP; 241/2026/NĐ-CP
1.013277,Chấp thuận đấu nối đối với trường hợp kết nối với đường bộ không có tr,Đối tượng,5,Hợp tác xã,,165/2024/NĐ-CP; 241/2026/NĐ-CP
1.013315,Cấp Giấy phép xây dựng có thời hạn đối với các công trình công cộng ba,Đối tượng,1,Công dân Việt Nam,,89/2023/NQ-HĐND; 62/2024/NQ-HĐND
1.013315,Cấp Giấy phép xây dựng có thời hạn đối với các công trình công cộng ba,Đối tượng,2,Doanh nghiệp,,89/2023/NQ-HĐND; 62/2024/NQ-HĐND
1.013315,Cấp Giấy phép xây dựng có thời hạn đối với các công trình công cộng ba,Đối tượng,3,Hợp tác xã,,89/2023/NQ-HĐND; 62/2024/NQ-HĐND
1.013316,Cấp Giấy phép xây dựng có thời hạn đối với các công trình công cộng ba,Đối tượng,1,Công dân Việt Nam,,62/2024/NQ-HĐND; 89/2023/NQ-HĐND
1.013316,Cấp Giấy phép xây dựng có thời hạn đối với các công trình công cộng ba,Đối tượng,2,Doanh nghiệp,,62/2024/NQ-HĐND; 89/2023/NQ-HĐND
1.013316,Cấp Giấy phép xây dựng có thời hạn đối với các công trình công cộng ba,Đối tượng,3,Hợp tác xã,,62/2024/NQ-HĐND; 89/2023/NQ-HĐND
1.013345,Chấp thuận thiết kế nút giao đấu nối vào đường địa phương đang khai th,Đối tượng,1,Công dân Việt Nam,,06/2025/QĐ-UBND; 78/2025/QĐ-UBND
1.013345,Chấp thuận thiết kế nút giao đấu nối vào đường địa phương đang khai th,Đối tượng,2,Doanh nghiệp,,06/2025/QĐ-UBND; 78/2025/QĐ-UBND
1.013345,Chấp thuận thiết kế nút giao đấu nối vào đường địa phương đang khai th,Đối tượng,3,Hợp tác xã,,06/2025/QĐ-UBND; 78/2025/QĐ-UBND
1.013345,Chấp thuận thiết kế nút giao đấu nối vào đường địa phương đang khai th,Đối tượng,4,Doanh nghiệp có vốn đầu tư nước ngoài,,06/2025/QĐ-UBND; 78/2025/QĐ-UBND
1.013346,Cấp phép thi công nút giao đấu nối vào đường địa phương đang khai thác,Đối tượng,1,Công dân Việt Nam,,06/2025/QĐ-UBND; 78/2025/QĐ-UBND
1.013346,Cấp phép thi công nút giao đấu nối vào đường địa phương đang khai thác,Đối tượng,2,Doanh nghiệp,,06/2025/QĐ-UBND; 78/2025/QĐ-UBND
1.013346,Cấp phép thi công nút giao đấu nối vào đường địa phương đang khai thác,Đối tượng,3,Hợp tác xã,,06/2025/QĐ-UBND; 78/2025/QĐ-UBND
1.013346,Cấp phép thi công nút giao đấu nối vào đường địa phương đang khai thác,Đối tượng,4,Doanh nghiệp có vốn đầu tư nước ngoài,,06/2025/QĐ-UBND; 78/2025/QĐ-UBND
1.0133611,Cấp phép thi công nút giao đấu nối vào đường địa phương đang khai thác,Đối tượng,1,Công dân Việt Nam,,10/2025/QĐ-UBND
1.0133611,Cấp phép thi công nút giao đấu nối vào đường địa phương đang khai thác,Đối tượng,2,Doanh nghiệp,,10/2025/QĐ-UBND
1.0133611,Cấp phép thi công nút giao đấu nối vào đường địa phương đang khai thác,Đối tượng,3,Hợp tác xã,,10/2025/QĐ-UBND
1.0133611,Cấp phép thi công nút giao đấu nối vào đường địa phương đang khai thác,Đối tượng,4,Doanh nghiệp có vốn đầu tư nước ngoài,,10/2025/QĐ-UBND
1.013366,Chấp thuận thiết kế nút giao đấu nối vào đường địa phương đang khai th,Đối tượng,1,Doanh nghiệp có vốn đầu tư nước ngoài,,10/2025/QĐ-UBND
1.013366,Chấp thuận thiết kế nút giao đấu nối vào đường địa phương đang khai th,Đối tượng,2,Công dân Việt Nam,,10/2025/QĐ-UBND
1.013366,Chấp thuận thiết kế nút giao đấu nối vào đường địa phương đang khai th,Đối tượng,3,Doanh nghiệp,,10/2025/QĐ-UBND
1.013366,Chấp thuận thiết kế nút giao đấu nối vào đường địa phương đang khai th,Đối tượng,4,Hợp tác xã,,10/2025/QĐ-UBND
1.013368,Cấp phép thi công nút giao đấu nối vào đường địa phương đang khai thác,Đối tượng,1,Doanh nghiệp có vốn đầu tư nước ngoài,,10/2025/QĐ-UBND
1.013368,Cấp phép thi công nút giao đấu nối vào đường địa phương đang khai thác,Đối tượng,2,Công dân Việt Nam,,10/2025/QĐ-UBND
1.013368,Cấp phép thi công nút giao đấu nối vào đường địa phương đang khai thác,Đối tượng,3,Doanh nghiệp,,10/2025/QĐ-UBND
1.013368,Cấp phép thi công nút giao đấu nối vào đường địa phương đang khai thác,Đối tượng,4,Hợp tác xã,,10/2025/QĐ-UBND
1.013456,"Thủ tục cấp phép nhập khẩu di vật, cổ vật không nhằm mục đích kinh doa",Đối tượng,1,Công dân Việt Nam,,32/2009/QH12; 32/2012/NĐ-CP
1.013456,"Thủ tục cấp phép nhập khẩu di vật, cổ vật không nhằm mục đích kinh doa",Đối tượng,2,Doanh nghiệp,,32/2009/QH12; 32/2012/NĐ-CP
1.013456,"Thủ tục cấp phép nhập khẩu di vật, cổ vật không nhằm mục đích kinh doa",Đối tượng,3,"Tổ chức (không bao gồm doanh nghiệp, HTX)",,32/2009/QH12; 32/2012/NĐ-CP
1.013464,Cấp phép thi công nút giao đấu nối vào đường địa phương đang khai thác,Đối tượng,1,Công dân Việt Nam,,35/2024/QH15; 18/2026/QĐ-UBND
1.013464,Cấp phép thi công nút giao đấu nối vào đường địa phương đang khai thác,Đối tượng,2,Doanh nghiệp,,35/2024/QH15; 18/2026/QĐ-UBND
1.013464,Cấp phép thi công nút giao đấu nối vào đường địa phương đang khai thác,Đối tượng,3,"Tổ chức (không bao gồm doanh nghiệp, HTX)",,35/2024/QH15; 18/2026/QĐ-UBND
1.013464,Cấp phép thi công nút giao đấu nối vào đường địa phương đang khai thác,Đối tượng,4,Doanh nghiệp Việt Nam,,35/2024/QH15; 18/2026/QĐ-UBND
1.013465,Chấp thuận thiết kế nút giao đấu nối vào đường địa phương đang khai th,Đối tượng,1,Doanh nghiệp Việt Nam,,35/2024/QH15; 18/2026/QĐ-UBND
1.013465,Chấp thuận thiết kế nút giao đấu nối vào đường địa phương đang khai th,Đối tượng,2,"Tổ chức (không bao gồm doanh nghiệp, HTX)",,35/2024/QH15; 18/2026/QĐ-UBND
1.013465,Chấp thuận thiết kế nút giao đấu nối vào đường địa phương đang khai th,Đối tượng,3,Công dân Việt Nam,,35/2024/QH15; 18/2026/QĐ-UBND
1.013465,Chấp thuận thiết kế nút giao đấu nối vào đường địa phương đang khai th,Đối tượng,4,Doanh nghiệp,,35/2024/QH15; 18/2026/QĐ-UBND
1.013680,Hỗ trợ đào tạo nghề du lịch,Đối tượng,1,Doanh nghiệp Việt Nam,,Không có thông tin căn cứ pháp lý trong dữ liệu gốc
1.013680,Hỗ trợ đào tạo nghề du lịch,Đối tượng,2,Công dân Việt Nam,,Không có thông tin căn cứ pháp lý trong dữ liệu gốc
1.013680,Hỗ trợ đào tạo nghề du lịch,Đối tượng,3,"Cán bộ, công chức, viên chức",,Không có thông tin căn cứ pháp lý trong dữ liệu gốc
1.013680,Hỗ trợ đào tạo nghề du lịch,Đối tượng,4,Doanh nghiệp,,Không có thông tin căn cứ pháp lý trong dữ liệu gốc
1.013680,Hỗ trợ đào tạo nghề du lịch,Đối tượng,5,Doanh nghiệp có vốn đầu tư nước ngoài,,Không có thông tin căn cứ pháp lý trong dữ liệu gốc
1.013694,Chấp thuận thiết kế nút giao đấu nối đường nhánh vào đường chính đang,Đối tượng,1,"Tổ chức (không bao gồm doanh nghiệp, HTX)",,Luật đường bộ năm 2024; 34/2023/QĐ-UBND
1.013694,Chấp thuận thiết kế nút giao đấu nối đường nhánh vào đường chính đang,Đối tượng,2,Công dân Việt Nam,,Luật đường bộ năm 2024; 34/2023/QĐ-UBND
1.013694,Chấp thuận thiết kế nút giao đấu nối đường nhánh vào đường chính đang,Đối tượng,3,Doanh nghiệp,,Luật đường bộ năm 2024; 34/2023/QĐ-UBND
1.013694,Chấp thuận thiết kế nút giao đấu nối đường nhánh vào đường chính đang,Đối tượng,4,"Cán bộ, công chức, viên chức",,Luật đường bộ năm 2024; 34/2023/QĐ-UBND
1.013695,Cấp phép thi công nút giao đấu nối đường nhánh vào đường chính đang kh,Đối tượng,1,"Tổ chức (không bao gồm doanh nghiệp, HTX)",,Luật đường bộ năm 2024; 34/2023/QĐ-UBND
1.013695,Cấp phép thi công nút giao đấu nối đường nhánh vào đường chính đang kh,Đối tượng,2,Công dân Việt Nam,,Luật đường bộ năm 2024; 34/2023/QĐ-UBND
1.013695,Cấp phép thi công nút giao đấu nối đường nhánh vào đường chính đang kh,Đối tượng,3,Doanh nghiệp,,Luật đường bộ năm 2024; 34/2023/QĐ-UBND
1.013695,Cấp phép thi công nút giao đấu nối đường nhánh vào đường chính đang kh,Đối tượng,4,"Cán bộ, công chức, viên chức",,Luật đường bộ năm 2024; 34/2023/QĐ-UBND
1.013749,"Giải quyết chế độ đối với quân nhân, cán bộ đi chiến trường B,C,K tron",Đối tượng,1,Công dân Việt Nam,,09/2025/TT-BNV; 13/2002/BLĐTBXH-TT; 17/1999/TTLT-BLĐTBXH-BTC-BTCCBCP
1.013749,"Giải quyết chế độ đối với quân nhân, cán bộ đi chiến trường B,C,K tron",Đối tượng,2,"Cán bộ, công chức, viên chức",,09/2025/TT-BNV; 13/2002/BLĐTBXH-TT; 17/1999/TTLT-BLĐTBXH-BTC-BTCCBCP
1.013751,"Cho phép thành lập trung tâm giáo dục thường xuyên, trung tâm giáo dục",Đối tượng,1,Công dân Việt Nam,,66.16/2026/NQ-CP; 143/2016/NĐ-CP; 142/2025/NĐ-CP; 140/2018/NĐ-CP; 24/2022/NĐ-CP
1.013751,"Cho phép thành lập trung tâm giáo dục thường xuyên, trung tâm giáo dục",Đối tượng,2,Doanh nghiệp,,66.16/2026/NQ-CP; 143/2016/NĐ-CP; 142/2025/NĐ-CP; 140/2018/NĐ-CP; 24/2022/NĐ-CP
1.013751,"Cho phép thành lập trung tâm giáo dục thường xuyên, trung tâm giáo dục",Đối tượng,3,"Tổ chức (không bao gồm doanh nghiệp, HTX)",,66.16/2026/NQ-CP; 143/2016/NĐ-CP; 142/2025/NĐ-CP; 140/2018/NĐ-CP; 24/2022/NĐ-CP
1.013753,"Sáp nhập, chia, tách trung tâm giáo dục thường xuyên, trung tâm giáo d",Đối tượng,1,"Tổ chức (không bao gồm doanh nghiệp, HTX)",,142/2025/NĐ-CP; 66.16/2026/NQ-CP; 140/2018/NĐ-CP; 143/2016/NĐ-CP; 24/2022/NĐ-CP
1.013753,"Sáp nhập, chia, tách trung tâm giáo dục thường xuyên, trung tâm giáo d",Đối tượng,2,Công dân Việt Nam,,142/2025/NĐ-CP; 66.16/2026/NQ-CP; 140/2018/NĐ-CP; 143/2016/NĐ-CP; 24/2022/NĐ-CP
1.013753,"Sáp nhập, chia, tách trung tâm giáo dục thường xuyên, trung tâm giáo d",Đối tượng,3,Doanh nghiệp,,142/2025/NĐ-CP; 66.16/2026/NQ-CP; 140/2018/NĐ-CP; 143/2016/NĐ-CP; 24/2022/NĐ-CP
1.013754,"Giải thể trung tâm giáo dục thường xuyên, trung tâm giáo dục nghề nghi",Đối tượng,1,"Tổ chức (không bao gồm doanh nghiệp, HTX)",,140/2018/NĐ-CP; 24/2022/NĐ-CP; 143/2016/NĐ-CP; 142/2025/NĐ-CP; 66.16/2026/NQ-CP
1.013754,"Giải thể trung tâm giáo dục thường xuyên, trung tâm giáo dục nghề nghi",Đối tượng,2,Công dân Việt Nam,,140/2018/NĐ-CP; 24/2022/NĐ-CP; 143/2016/NĐ-CP; 142/2025/NĐ-CP; 66.16/2026/NQ-CP
1.013754,"Giải thể trung tâm giáo dục thường xuyên, trung tâm giáo dục nghề nghi",Đối tượng,3,Doanh nghiệp,,140/2018/NĐ-CP; 24/2022/NĐ-CP; 143/2016/NĐ-CP; 142/2025/NĐ-CP; 66.16/2026/NQ-CP
1.013755,Cho phép thành lập trung tâm hỗ trợ phát triển giáo dục hòa nhập tư th,Đối tượng,1,Công dân Việt Nam,,125/2024/NĐ-CP; 66.16/2026/NQ-CP; 142/2025/NĐ-CP
1.013755,Cho phép thành lập trung tâm hỗ trợ phát triển giáo dục hòa nhập tư th,Đối tượng,2,Doanh nghiệp,,125/2024/NĐ-CP; 66.16/2026/NQ-CP; 142/2025/NĐ-CP
1.013755,Cho phép thành lập trung tâm hỗ trợ phát triển giáo dục hòa nhập tư th,Đối tượng,3,"Tổ chức (không bao gồm doanh nghiệp, HTX)",,125/2024/NĐ-CP; 66.16/2026/NQ-CP; 142/2025/NĐ-CP
1.013757,"Sáp nhập, chia, tách trung tâm hỗ trợ phát triển giáo dục hòa nhập tư",Đối tượng,1,"Tổ chức (không bao gồm doanh nghiệp, HTX)",,142/2025/NĐ-CP; 125/2024/NĐ-CP; 66.16/2026/NQ-CP
1.013757,"Sáp nhập, chia, tách trung tâm hỗ trợ phát triển giáo dục hòa nhập tư",Đối tượng,2,Công dân Việt Nam,,142/2025/NĐ-CP; 125/2024/NĐ-CP; 66.16/2026/NQ-CP
1.013757,"Sáp nhập, chia, tách trung tâm hỗ trợ phát triển giáo dục hòa nhập tư",Đối tượng,3,Doanh nghiệp,,142/2025/NĐ-CP; 125/2024/NĐ-CP; 66.16/2026/NQ-CP
1.013758,Giải thể trung tâm hỗ trợ phát triển giáo dục hòa nhập tư thục (theo đ,Đối tượng,1,"Tổ chức (không bao gồm doanh nghiệp, HTX)",,142/2025/NĐ-CP; 125/2024/NĐ-CP
1.013758,Giải thể trung tâm hỗ trợ phát triển giáo dục hòa nhập tư thục (theo đ,Đối tượng,2,Công dân Việt Nam,,142/2025/NĐ-CP; 125/2024/NĐ-CP
1.013758,Giải thể trung tâm hỗ trợ phát triển giáo dục hòa nhập tư thục (theo đ,Đối tượng,3,Doanh nghiệp,,142/2025/NĐ-CP; 125/2024/NĐ-CP
1.013769,Chuyển đổi công năng nhà ở không thuộc tài sản công,Đối tượng,1,"Tổ chức (không bao gồm doanh nghiệp, HTX)",,144/2025/NĐ-CP; 27/2023/QH15; 95/2024/NĐ-CP
1.013769,Chuyển đổi công năng nhà ở không thuộc tài sản công,Đối tượng,2,Công dân Việt Nam,,144/2025/NĐ-CP; 27/2023/QH15; 95/2024/NĐ-CP
1.013769,Chuyển đổi công năng nhà ở không thuộc tài sản công,Đối tượng,3,Doanh nghiệp,,144/2025/NĐ-CP; 27/2023/QH15; 95/2024/NĐ-CP
1.013769,Chuyển đổi công năng nhà ở không thuộc tài sản công,Đối tượng,4,Hợp tác xã,,144/2025/NĐ-CP; 27/2023/QH15; 95/2024/NĐ-CP
1.013777,Cho phép chuyển nhượng toàn bộ hoặc một phần dự án bất động sản,Đối tượng,1,Doanh nghiệp có vốn đầu tư nước ngoài,,54/2026/NĐ-CP; 144/2025/NĐ-CP; 96/2024/NĐ-CP
1.013777,Cho phép chuyển nhượng toàn bộ hoặc một phần dự án bất động sản,Đối tượng,2,Doanh nghiệp,,54/2026/NĐ-CP; 144/2025/NĐ-CP; 96/2024/NĐ-CP
1.013777,Cho phép chuyển nhượng toàn bộ hoặc một phần dự án bất động sản,Đối tượng,3,Tổ chức nước ngoài,,54/2026/NĐ-CP; 144/2025/NĐ-CP; 96/2024/NĐ-CP
1.013777,Cho phép chuyển nhượng toàn bộ hoặc một phần dự án bất động sản,Đối tượng,4,Hợp tác xã,,54/2026/NĐ-CP; 144/2025/NĐ-CP; 96/2024/NĐ-CP
1.013777,Cho phép chuyển nhượng toàn bộ hoặc một phần dự án bất động sản,Đối tượng,5,"Tổ chức (không bao gồm doanh nghiệp, HTX)",,54/2026/NĐ-CP; 144/2025/NĐ-CP; 96/2024/NĐ-CP
1.013791,Thủ tục tiếp nhận hồ sơ đăng ký lễ hội quy mô cấp xã,Đối tượng,1,"Tổ chức (không bao gồm doanh nghiệp, HTX)",,137/2025/NĐ-CP; 138/2025/NĐ-CP; 110/2018/NĐ-CP
1.013791,Thủ tục tiếp nhận hồ sơ đăng ký lễ hội quy mô cấp xã,Đối tượng,2,Công dân Việt Nam,,137/2025/NĐ-CP; 138/2025/NĐ-CP; 110/2018/NĐ-CP
1.013800,"Thủ tục cho phép người Việt Nam định cư ở nước ngoài, tổ chức, cá nhân",Đối tượng,1,Người nước ngoài,,Không có thông tin căn cứ pháp lý trong dữ liệu gốc
1.013800,"Thủ tục cho phép người Việt Nam định cư ở nước ngoài, tổ chức, cá nhân",Đối tượng,2,Tổ chức nước ngoài,,Không có thông tin căn cứ pháp lý trong dữ liệu gốc
1.013800,"Thủ tục cho phép người Việt Nam định cư ở nước ngoài, tổ chức, cá nhân",Đối tượng,3,Người Việt Nam định cư ở nước ngoài,,Không có thông tin căn cứ pháp lý trong dữ liệu gốc
1.013801,"Thủ tục cho phép người Việt Nam định cư ở nước ngoài, tổ chức, cá nhân",Đối tượng,1,Người nước ngoài,,Không có thông tin căn cứ pháp lý trong dữ liệu gốc
1.013801,"Thủ tục cho phép người Việt Nam định cư ở nước ngoài, tổ chức, cá nhân",Đối tượng,2,Tổ chức nước ngoài,,Không có thông tin căn cứ pháp lý trong dữ liệu gốc
1.013801,"Thủ tục cho phép người Việt Nam định cư ở nước ngoài, tổ chức, cá nhân",Đối tượng,3,Người Việt Nam định cư ở nước ngoài,,Không có thông tin căn cứ pháp lý trong dữ liệu gốc
1.013806,Công nhận tương đương đối với người được đào tạo nghề công chứng ở nướ,Đối tượng,1,Công dân Việt Nam,,05/2025/TT-BTP; 46/2024/QH15; 121/2025/NĐ-CP
1.013806,Công nhận tương đương đối với người được đào tạo nghề công chứng ở nướ,Đối tượng,2,Người Việt Nam định cư ở nước ngoài,,05/2025/TT-BTP; 46/2024/QH15; 121/2025/NĐ-CP
1.013824,Cấp giấy chứng nhận cơ sở giáo dục đủ điều kiện kiểm tra và công nhận,Đối tượng,1,"Tổ chức (không bao gồm doanh nghiệp, HTX)",,96/2023/NĐ-CP; 148/2025/NĐ-CP; 15/QH15
1.013824,Cấp giấy chứng nhận cơ sở giáo dục đủ điều kiện kiểm tra và công nhận,Đối tượng,2,Doanh nghiệp có vốn đầu tư nước ngoài,,96/2023/NĐ-CP; 148/2025/NĐ-CP; 15/QH15
1.013824,Cấp giấy chứng nhận cơ sở giáo dục đủ điều kiện kiểm tra và công nhận,Đối tượng,3,Doanh nghiệp,,96/2023/NĐ-CP; 148/2025/NĐ-CP; 15/QH15
1.013824,Cấp giấy chứng nhận cơ sở giáo dục đủ điều kiện kiểm tra và công nhận,Đối tượng,4,Tổ chức nước ngoài,,96/2023/NĐ-CP; 148/2025/NĐ-CP; 15/QH15
1.013824,Cấp giấy chứng nhận cơ sở giáo dục đủ điều kiện kiểm tra và công nhận,Đối tượng,5,Hợp tác xã,,96/2023/NĐ-CP; 148/2025/NĐ-CP; 15/QH15
1.014005,Chấp thuận thiết kế nút giao đấu nối vào đường địa phương đang khai th,Đối tượng,1,"Tổ chức (không bao gồm doanh nghiệp, HTX)",,55/2025/QĐ-UBND
1.014005,Chấp thuận thiết kế nút giao đấu nối vào đường địa phương đang khai th,Đối tượng,2,Công dân Việt Nam,,55/2025/QĐ-UBND
1.014006,Cấp phép thi công nút giao đấu nối vào đường địa phương đang khai thác,Đối tượng,1,Công dân Việt Nam,,Không có thông tin căn cứ pháp lý trong dữ liệu gốc
1.014006,Cấp phép thi công nút giao đấu nối vào đường địa phương đang khai thác,Đối tượng,2,"Tổ chức (không bao gồm doanh nghiệp, HTX)",,Không có thông tin căn cứ pháp lý trong dữ liệu gốc
1.014010,Cấp Giấy phép hoạt động hỗ trợ nạn nhân,Đối tượng,1,"Tổ chức (không bao gồm doanh nghiệp, HTX)",,42/2025/NĐ-CP; 45/2025/NĐ-CP; 53/2024/QH15; 162/2025/NĐ-CP
1.014010,Cấp Giấy phép hoạt động hỗ trợ nạn nhân,Đối tượng,2,Người Việt Nam định cư ở nước ngoài,,42/2025/NĐ-CP; 45/2025/NĐ-CP; 53/2024/QH15; 162/2025/NĐ-CP
1.014010,Cấp Giấy phép hoạt động hỗ trợ nạn nhân,Đối tượng,3,Doanh nghiệp có vốn đầu tư nước ngoài,,42/2025/NĐ-CP; 45/2025/NĐ-CP; 53/2024/QH15; 162/2025/NĐ-CP
1.014010,Cấp Giấy phép hoạt động hỗ trợ nạn nhân,Đối tượng,4,Hợp tác xã,,42/2025/NĐ-CP; 45/2025/NĐ-CP; 53/2024/QH15; 162/2025/NĐ-CP
1.014010,Cấp Giấy phép hoạt động hỗ trợ nạn nhân,Đối tượng,5,Công dân Việt Nam,,42/2025/NĐ-CP; 45/2025/NĐ-CP; 53/2024/QH15; 162/2025/NĐ-CP
1.014010,Cấp Giấy phép hoạt động hỗ trợ nạn nhân,Đối tượng,6,Doanh nghiệp,,42/2025/NĐ-CP; 45/2025/NĐ-CP; 53/2024/QH15; 162/2025/NĐ-CP
1.014010,Cấp Giấy phép hoạt động hỗ trợ nạn nhân,Đối tượng,7,Người nước ngoài,,42/2025/NĐ-CP; 45/2025/NĐ-CP; 53/2024/QH15; 162/2025/NĐ-CP
1.014010,Cấp Giấy phép hoạt động hỗ trợ nạn nhân,Đối tượng,8,Tổ chức nước ngoài,,42/2025/NĐ-CP; 45/2025/NĐ-CP; 53/2024/QH15; 162/2025/NĐ-CP
1.014011,"Cấp lại, sửa đổi, bổ sung Giấy phép hoạt động hỗ trợ nạn nhân",Đối tượng,1,"Tổ chức (không bao gồm doanh nghiệp, HTX)",,42/2025/NĐ-CP; 162/2025/NĐ-CP; 45/2025/NĐ-CP; 53/2024/QH15
1.014011,"Cấp lại, sửa đổi, bổ sung Giấy phép hoạt động hỗ trợ nạn nhân",Đối tượng,2,Người Việt Nam định cư ở nước ngoài,,42/2025/NĐ-CP; 162/2025/NĐ-CP; 45/2025/NĐ-CP; 53/2024/QH15
1.014011,"Cấp lại, sửa đổi, bổ sung Giấy phép hoạt động hỗ trợ nạn nhân",Đối tượng,3,Hợp tác xã,,42/2025/NĐ-CP; 162/2025/NĐ-CP; 45/2025/NĐ-CP; 53/2024/QH15
1.014011,"Cấp lại, sửa đổi, bổ sung Giấy phép hoạt động hỗ trợ nạn nhân",Đối tượng,4,Công dân Việt Nam,,42/2025/NĐ-CP; 162/2025/NĐ-CP; 45/2025/NĐ-CP; 53/2024/QH15
1.014011,"Cấp lại, sửa đổi, bổ sung Giấy phép hoạt động hỗ trợ nạn nhân",Đối tượng,5,Doanh nghiệp,,42/2025/NĐ-CP; 162/2025/NĐ-CP; 45/2025/NĐ-CP; 53/2024/QH15
1.014011,"Cấp lại, sửa đổi, bổ sung Giấy phép hoạt động hỗ trợ nạn nhân",Đối tượng,6,Người nước ngoài,,42/2025/NĐ-CP; 162/2025/NĐ-CP; 45/2025/NĐ-CP; 53/2024/QH15
1.014011,"Cấp lại, sửa đổi, bổ sung Giấy phép hoạt động hỗ trợ nạn nhân",Đối tượng,7,Tổ chức nước ngoài,,42/2025/NĐ-CP; 162/2025/NĐ-CP; 45/2025/NĐ-CP; 53/2024/QH15
1.014011,"Cấp lại, sửa đổi, bổ sung Giấy phép hoạt động hỗ trợ nạn nhân",Đối tượng,8,Doanh nghiệp có vốn đầu tư nước ngoài,,42/2025/NĐ-CP; 162/2025/NĐ-CP; 45/2025/NĐ-CP; 53/2024/QH15
1.014028,Hỗ trợ chi phí mai táng đối với đối tượng hưởng trợ cấp hưu trí xã hội,Đối tượng,1,Doanh nghiệp có vốn đầu tư nước ngoài,,42/2025/NĐ-CP; 41/2024/QH15
1.014028,Hỗ trợ chi phí mai táng đối với đối tượng hưởng trợ cấp hưu trí xã hội,Đối tượng,2,"Tổ chức (không bao gồm doanh nghiệp, HTX)",,42/2025/NĐ-CP; 41/2024/QH15
1.014028,Hỗ trợ chi phí mai táng đối với đối tượng hưởng trợ cấp hưu trí xã hội,Đối tượng,3,Người Việt Nam định cư ở nước ngoài,,42/2025/NĐ-CP; 41/2024/QH15
1.014028,Hỗ trợ chi phí mai táng đối với đối tượng hưởng trợ cấp hưu trí xã hội,Đối tượng,4,Công dân Việt Nam,,42/2025/NĐ-CP; 41/2024/QH15
1.014028,Hỗ trợ chi phí mai táng đối với đối tượng hưởng trợ cấp hưu trí xã hội,Đối tượng,5,Doanh nghiệp,,42/2025/NĐ-CP; 41/2024/QH15
1.014028,Hỗ trợ chi phí mai táng đối với đối tượng hưởng trợ cấp hưu trí xã hội,Đối tượng,6,Người nước ngoài,,42/2025/NĐ-CP; 41/2024/QH15
1.014028,Hỗ trợ chi phí mai táng đối với đối tượng hưởng trợ cấp hưu trí xã hội,Đối tượng,7,Tổ chức nước ngoài,,42/2025/NĐ-CP; 41/2024/QH15
1.014028,Hỗ trợ chi phí mai táng đối với đối tượng hưởng trợ cấp hưu trí xã hội,Đối tượng,8,Hợp tác xã,,42/2025/NĐ-CP; 41/2024/QH15
1.014028,Hỗ trợ chi phí mai táng đối với đối tượng hưởng trợ cấp hưu trí xã hội,Đối tượng,9,"Cán bộ, công chức, viên chức",,42/2025/NĐ-CP; 41/2024/QH15
1.014029,"Cấp Giấy phép cho phương tiện vận tải vào đường cấm; dừng, đỗ xe tại k",Đối tượng,1,"Tổ chức (không bao gồm doanh nghiệp, HTX)",,29/2014/QĐ-UBND; 23/2008/QH12
1.014029,"Cấp Giấy phép cho phương tiện vận tải vào đường cấm; dừng, đỗ xe tại k",Đối tượng,2,Công dân Việt Nam,,29/2014/QĐ-UBND; 23/2008/QH12
1.014029,"Cấp Giấy phép cho phương tiện vận tải vào đường cấm; dừng, đỗ xe tại k",Đối tượng,3,Doanh nghiệp,,29/2014/QĐ-UBND; 23/2008/QH12
1.014034,"Đăng ký cập nhật, bổ sung thông tin trong hồ sơ đăng ký hộ kinh doanh,",Đối tượng,1,Công dân Việt Nam,,68/2025/TT-BTC; 168/2025/NĐ-CP; 85/2019/TT-BTC; 59/2020/QH14; 76/2025/QH15; 296/2026/NĐ-CP
1.014034,"Đăng ký cập nhật, bổ sung thông tin trong hồ sơ đăng ký hộ kinh doanh,",Đối tượng,2,"Tổ chức (không bao gồm doanh nghiệp, HTX)",,68/2025/TT-BTC; 168/2025/NĐ-CP; 85/2019/TT-BTC; 59/2020/QH14; 76/2025/QH15; 296/2026/NĐ-CP
1.014035,Dừng thực hiện thủ tục đăng ký hộ kinh doanh,Đối tượng,1,"Tổ chức (không bao gồm doanh nghiệp, HTX)",,76/2025/QH15; 68/2025/TT-BTC; 168/2025/NĐ-CP; 59/2020/QH14
1.014035,Dừng thực hiện thủ tục đăng ký hộ kinh doanh,Đối tượng,2,Công dân Việt Nam,,76/2025/QH15; 68/2025/TT-BTC; 168/2025/NĐ-CP; 59/2020/QH14
1.014036,Thủ tục hỗ trợ chi phí khuyến khích hỏa táng,Đối tượng,1,Công dân Việt Nam,,07/2024/NQ-HĐND; 14/2015/QĐ-UBND
1.014036,Thủ tục hỗ trợ chi phí khuyến khích hỏa táng,Đối tượng,2,"Cán bộ, công chức, viên chức",,07/2024/NQ-HĐND; 14/2015/QĐ-UBND
1.014038,Cấp Giấy phép cho phương tiện vận tải ra vào thành phố Đà Nẵng (giờ ca,Đối tượng,1,"Tổ chức (không bao gồm doanh nghiệp, HTX)",,23/2008/QH12; 12/2016/QD-UBND; 29/2014/QĐ-UBND
1.014038,Cấp Giấy phép cho phương tiện vận tải ra vào thành phố Đà Nẵng (giờ ca,Đối tượng,2,Công dân Việt Nam,,23/2008/QH12; 12/2016/QD-UBND; 29/2014/QĐ-UBND
1.014040,Cấp Giấy phép cho phương tiện vận tải phục vụ giải quyết sự cố,Đối tượng,1,Công dân Việt Nam,,23/2008/QH12; 29/2014/QĐ-UBND; 12/2016/QD-UBND
1.014040,Cấp Giấy phép cho phương tiện vận tải phục vụ giải quyết sự cố,Đối tượng,2,Doanh nghiệp,,23/2008/QH12; 29/2014/QĐ-UBND; 12/2016/QD-UBND
1.014040,Cấp Giấy phép cho phương tiện vận tải phục vụ giải quyết sự cố,Đối tượng,3,"Tổ chức (không bao gồm doanh nghiệp, HTX)",,23/2008/QH12; 29/2014/QĐ-UBND; 12/2016/QD-UBND
1.014042,Cấp Giấy phép thi công lắp đặt công trình,Đối tượng,1,"Tổ chức (không bao gồm doanh nghiệp, HTX)",,23/2008/QH12; 06/2023/QĐ-UBND; 05/2013/QĐ-UBND; 4007/QĐ-UBND; 18/2015/QĐ-UBND
1.014042,Cấp Giấy phép thi công lắp đặt công trình,Đối tượng,2,Công dân Việt Nam,,23/2008/QH12; 06/2023/QĐ-UBND; 05/2013/QĐ-UBND; 4007/QĐ-UBND; 18/2015/QĐ-UBND
1.014042,Cấp Giấy phép thi công lắp đặt công trình,Đối tượng,3,Doanh nghiệp,,23/2008/QH12; 06/2023/QĐ-UBND; 05/2013/QĐ-UBND; 4007/QĐ-UBND; 18/2015/QĐ-UBND
1.014048,"Cấp Giấy phép thi công các công trình sửa chữa, cải tạo nâng cấp đường",Đối tượng,1,Công dân Việt Nam,,06/2023/QĐ-UBND; 05/2013/QĐ-UBND; 23/2008/QH12
1.014048,"Cấp Giấy phép thi công các công trình sửa chữa, cải tạo nâng cấp đường",Đối tượng,2,Doanh nghiệp,,06/2023/QĐ-UBND; 05/2013/QĐ-UBND; 23/2008/QH12
1.014048,"Cấp Giấy phép thi công các công trình sửa chữa, cải tạo nâng cấp đường",Đối tượng,3,"Tổ chức (không bao gồm doanh nghiệp, HTX)",,06/2023/QĐ-UBND; 05/2013/QĐ-UBND; 23/2008/QH12
1.014049,Cấp Giấy phép thi công đường ngang đấu nối vào đường chính đang khai t,Đối tượng,1,Công dân Việt Nam,,23/2008/QH12; 06/2023/QĐ-UBND; 05/2013/QĐ-UBND
1.014049,Cấp Giấy phép thi công đường ngang đấu nối vào đường chính đang khai t,Đối tượng,2,Doanh nghiệp,,23/2008/QH12; 06/2023/QĐ-UBND; 05/2013/QĐ-UBND
1.014049,Cấp Giấy phép thi công đường ngang đấu nối vào đường chính đang khai t,Đối tượng,3,"Tổ chức (không bao gồm doanh nghiệp, HTX)",,23/2008/QH12; 06/2023/QĐ-UBND; 05/2013/QĐ-UBND
1.014050,Cấp Giấy phép thi công Xử lý sự cố đột xuất về kỹ thuật của các công t,Đối tượng,1,Công dân Việt Nam,,23/2008/QH12; 06/2023/QĐ-UBND; 05/2013/QĐ-UBND
1.014050,Cấp Giấy phép thi công Xử lý sự cố đột xuất về kỹ thuật của các công t,Đối tượng,2,Doanh nghiệp,,23/2008/QH12; 06/2023/QĐ-UBND; 05/2013/QĐ-UBND
1.014050,Cấp Giấy phép thi công Xử lý sự cố đột xuất về kỹ thuật của các công t,Đối tượng,3,"Tổ chức (không bao gồm doanh nghiệp, HTX)",,23/2008/QH12; 06/2023/QĐ-UBND; 05/2013/QĐ-UBND
1.014052,"Cấp giấy phép chặt hạ, dịch chuyển cây xanh thuộc trách nhiệm quản lý",Đối tượng,1,"Tổ chức (không bao gồm doanh nghiệp, HTX)",,50/2014/QH13; 64/2010/NĐ-CP; 30/2009/QH12; 24/2022/QĐ-UBND; 06/2016/QĐ-UBND
1.014052,"Cấp giấy phép chặt hạ, dịch chuyển cây xanh thuộc trách nhiệm quản lý",Đối tượng,2,Công dân Việt Nam,,50/2014/QH13; 64/2010/NĐ-CP; 30/2009/QH12; 24/2022/QĐ-UBND; 06/2016/QĐ-UBND
1.014052,"Cấp giấy phép chặt hạ, dịch chuyển cây xanh thuộc trách nhiệm quản lý",Đối tượng,3,Doanh nghiệp,,50/2014/QH13; 64/2010/NĐ-CP; 30/2009/QH12; 24/2022/QĐ-UBND; 06/2016/QĐ-UBND
1.014144,Thủ tục điều chỉnh Giấy phép thành lập Văn phòng đại diện tại Việt Nam,Đối tượng,1,Doanh nghiệp,,11/2016/TT-BCT; 07/2016/NĐ-CP
1.014144,Thủ tục điều chỉnh Giấy phép thành lập Văn phòng đại diện tại Việt Nam,Đối tượng,2,Tổ chức nước ngoài,,11/2016/TT-BCT; 07/2016/NĐ-CP
1.014155,"Thẩm định nhiệm vụ quy hoạch, nhiệm vụ điều chỉnh quy hoạch đô thị và",Đối tượng,1,Doanh nghiệp Việt Nam,,145/2025/NĐ-CP; 43/2025/TT-BXD; 178/2025/NĐ-CP; 47/2024/QH15; 34/2026/NĐ-CP; 16/2025/TT-BXD; 17/2025/TT-BXD; 144/2025/QH15; 45/2026/TT-BXD
1.014155,"Thẩm định nhiệm vụ quy hoạch, nhiệm vụ điều chỉnh quy hoạch đô thị và",Đối tượng,2,Doanh nghiệp có vốn đầu tư nước ngoài,,145/2025/NĐ-CP; 43/2025/TT-BXD; 178/2025/NĐ-CP; 47/2024/QH15; 34/2026/NĐ-CP; 16/2025/TT-BXD; 17/2025/TT-BXD; 144/2025/QH15; 45/2026/TT-BXD
1.014155,"Thẩm định nhiệm vụ quy hoạch, nhiệm vụ điều chỉnh quy hoạch đô thị và",Đối tượng,3,Doanh nghiệp,,145/2025/NĐ-CP; 43/2025/TT-BXD; 178/2025/NĐ-CP; 47/2024/QH15; 34/2026/NĐ-CP; 16/2025/TT-BXD; 17/2025/TT-BXD; 144/2025/QH15; 45/2026/TT-BXD
1.014156,"Phê duyệt nhiệm vụ quy hoạch, nhiệm vụ điều chỉnh quy hoạch đô thị và",Đối tượng,1,"Tổ chức (không bao gồm doanh nghiệp, HTX)",,145/2025/NĐ-CP; 43/2025/TT-BXD; 178/2025/NĐ-CP; 72/2025/QH15; 47/2024/QH15
1.014156,"Phê duyệt nhiệm vụ quy hoạch, nhiệm vụ điều chỉnh quy hoạch đô thị và",Đối tượng,2,Doanh nghiệp,,145/2025/NĐ-CP; 43/2025/TT-BXD; 178/2025/NĐ-CP; 72/2025/QH15; 47/2024/QH15
1.014156,"Phê duyệt nhiệm vụ quy hoạch, nhiệm vụ điều chỉnh quy hoạch đô thị và",Đối tượng,3,Hợp tác xã,,145/2025/NĐ-CP; 43/2025/TT-BXD; 178/2025/NĐ-CP; 72/2025/QH15; 47/2024/QH15
1.014156,"Phê duyệt nhiệm vụ quy hoạch, nhiệm vụ điều chỉnh quy hoạch đô thị và",Đối tượng,4,Doanh nghiệp có vốn đầu tư nước ngoài,,145/2025/NĐ-CP; 43/2025/TT-BXD; 178/2025/NĐ-CP; 72/2025/QH15; 47/2024/QH15
1.014156,"Phê duyệt nhiệm vụ quy hoạch, nhiệm vụ điều chỉnh quy hoạch đô thị và",Đối tượng,5,Doanh nghiệp Việt Nam,,145/2025/NĐ-CP; 43/2025/TT-BXD; 178/2025/NĐ-CP; 72/2025/QH15; 47/2024/QH15
1.014157,"Thẩm định quy hoạch, điều chỉnh quy hoạch đô thị và nông thôn do nhà đ",Đối tượng,1,Công dân Việt Nam,,145/2025/NĐ-CP; 43/2025/TT-BXD; 178/2025/NĐ-CP; 16/2025/TT-BXD; 47/2024/QH15; 34/2026/NĐ-CP; 144/2025/QH15; 17/2025/TT-BXD; 24/2026/TT-BXD; 66.18/2026/NQ-CP
1.014157,"Thẩm định quy hoạch, điều chỉnh quy hoạch đô thị và nông thôn do nhà đ",Đối tượng,2,Người nước ngoài,,145/2025/NĐ-CP; 43/2025/TT-BXD; 178/2025/NĐ-CP; 16/2025/TT-BXD; 47/2024/QH15; 34/2026/NĐ-CP; 144/2025/QH15; 17/2025/TT-BXD; 24/2026/TT-BXD; 66.18/2026/NQ-CP
1.014157,"Thẩm định quy hoạch, điều chỉnh quy hoạch đô thị và nông thôn do nhà đ",Đối tượng,3,Tổ chức nước ngoài,,145/2025/NĐ-CP; 43/2025/TT-BXD; 178/2025/NĐ-CP; 16/2025/TT-BXD; 47/2024/QH15; 34/2026/NĐ-CP; 144/2025/QH15; 17/2025/TT-BXD; 24/2026/TT-BXD; 66.18/2026/NQ-CP
1.014157,"Thẩm định quy hoạch, điều chỉnh quy hoạch đô thị và nông thôn do nhà đ",Đối tượng,4,Hợp tác xã,,145/2025/NĐ-CP; 43/2025/TT-BXD; 178/2025/NĐ-CP; 16/2025/TT-BXD; 47/2024/QH15; 34/2026/NĐ-CP; 144/2025/QH15; 17/2025/TT-BXD; 24/2026/TT-BXD; 66.18/2026/NQ-CP
1.014157,"Thẩm định quy hoạch, điều chỉnh quy hoạch đô thị và nông thôn do nhà đ",Đối tượng,5,Doanh nghiệp,,145/2025/NĐ-CP; 43/2025/TT-BXD; 178/2025/NĐ-CP; 16/2025/TT-BXD; 47/2024/QH15; 34/2026/NĐ-CP; 144/2025/QH15; 17/2025/TT-BXD; 24/2026/TT-BXD; 66.18/2026/NQ-CP
1.014157,"Thẩm định quy hoạch, điều chỉnh quy hoạch đô thị và nông thôn do nhà đ",Đối tượng,6,Doanh nghiệp Việt Nam,,145/2025/NĐ-CP; 43/2025/TT-BXD; 178/2025/NĐ-CP; 16/2025/TT-BXD; 47/2024/QH15; 34/2026/NĐ-CP; 144/2025/QH15; 17/2025/TT-BXD; 24/2026/TT-BXD; 66.18/2026/NQ-CP
1.014157,"Thẩm định quy hoạch, điều chỉnh quy hoạch đô thị và nông thôn do nhà đ",Đối tượng,7,Doanh nghiệp có vốn đầu tư nước ngoài,,145/2025/NĐ-CP; 43/2025/TT-BXD; 178/2025/NĐ-CP; 16/2025/TT-BXD; 47/2024/QH15; 34/2026/NĐ-CP; 144/2025/QH15; 17/2025/TT-BXD; 24/2026/TT-BXD; 66.18/2026/NQ-CP
1.014157,"Thẩm định quy hoạch, điều chỉnh quy hoạch đô thị và nông thôn do nhà đ",Đối tượng,8,"Tổ chức (không bao gồm doanh nghiệp, HTX)",,145/2025/NĐ-CP; 43/2025/TT-BXD; 178/2025/NĐ-CP; 16/2025/TT-BXD; 47/2024/QH15; 34/2026/NĐ-CP; 144/2025/QH15; 17/2025/TT-BXD; 24/2026/TT-BXD; 66.18/2026/NQ-CP
1.014157,"Thẩm định quy hoạch, điều chỉnh quy hoạch đô thị và nông thôn do nhà đ",Đối tượng,9,Người nước ngoài cư trú tại Việt Nam,,145/2025/NĐ-CP; 43/2025/TT-BXD; 178/2025/NĐ-CP; 16/2025/TT-BXD; 47/2024/QH15; 34/2026/NĐ-CP; 144/2025/QH15; 17/2025/TT-BXD; 24/2026/TT-BXD; 66.18/2026/NQ-CP
1.014158,"Thủ tục phê duyệt, chấp thuận quy hoạch, điều chỉnh quy hoạch đô thị v",Đối tượng,1,"Tổ chức (không bao gồm doanh nghiệp, HTX)",,145/2025/NĐ-CP; 43/2025/TT-BXD; 178/2025/NĐ-CP; 47/2024/QH15; 72/2025/QH15
1.014158,"Thủ tục phê duyệt, chấp thuận quy hoạch, điều chỉnh quy hoạch đô thị v",Đối tượng,2,Doanh nghiệp,,145/2025/NĐ-CP; 43/2025/TT-BXD; 178/2025/NĐ-CP; 47/2024/QH15; 72/2025/QH15
1.014158,"Thủ tục phê duyệt, chấp thuận quy hoạch, điều chỉnh quy hoạch đô thị v",Đối tượng,3,Tổ chức nước ngoài,,145/2025/NĐ-CP; 43/2025/TT-BXD; 178/2025/NĐ-CP; 47/2024/QH15; 72/2025/QH15
1.014158,"Thủ tục phê duyệt, chấp thuận quy hoạch, điều chỉnh quy hoạch đô thị v",Đối tượng,4,Doanh nghiệp Việt Nam,,145/2025/NĐ-CP; 43/2025/TT-BXD; 178/2025/NĐ-CP; 47/2024/QH15; 72/2025/QH15
1.014158,"Thủ tục phê duyệt, chấp thuận quy hoạch, điều chỉnh quy hoạch đô thị v",Đối tượng,5,Doanh nghiệp có vốn đầu tư nước ngoài,,145/2025/NĐ-CP; 43/2025/TT-BXD; 178/2025/NĐ-CP; 47/2024/QH15; 72/2025/QH15
1.014159,Cung cấp thông tin quy hoạch đô thị và nông thôn,Đối tượng,1,Doanh nghiệp Việt Nam,,43/2025/TT-BXD; 178/2025/NĐ-CP; 16/2025/TT-BXD; 47/2024/QH15; 34/2026/NĐ-CP; 144/2025/QH15; 45/2026/TT-BXD
1.014159,Cung cấp thông tin quy hoạch đô thị và nông thôn,Đối tượng,2,Doanh nghiệp có vốn đầu tư nước ngoài,,43/2025/TT-BXD; 178/2025/NĐ-CP; 16/2025/TT-BXD; 47/2024/QH15; 34/2026/NĐ-CP; 144/2025/QH15; 45/2026/TT-BXD
1.014159,Cung cấp thông tin quy hoạch đô thị và nông thôn,Đối tượng,3,"Tổ chức (không bao gồm doanh nghiệp, HTX)",,43/2025/TT-BXD; 178/2025/NĐ-CP; 16/2025/TT-BXD; 47/2024/QH15; 34/2026/NĐ-CP; 144/2025/QH15; 45/2026/TT-BXD
1.014159,Cung cấp thông tin quy hoạch đô thị và nông thôn,Đối tượng,4,Người Việt Nam định cư ở nước ngoài,,43/2025/TT-BXD; 178/2025/NĐ-CP; 16/2025/TT-BXD; 47/2024/QH15; 34/2026/NĐ-CP; 144/2025/QH15; 45/2026/TT-BXD
1.014159,Cung cấp thông tin quy hoạch đô thị và nông thôn,Đối tượng,5,Công dân Việt Nam,,43/2025/TT-BXD; 178/2025/NĐ-CP; 16/2025/TT-BXD; 47/2024/QH15; 34/2026/NĐ-CP; 144/2025/QH15; 45/2026/TT-BXD
1.014159,Cung cấp thông tin quy hoạch đô thị và nông thôn,Đối tượng,6,Doanh nghiệp,,43/2025/TT-BXD; 178/2025/NĐ-CP; 16/2025/TT-BXD; 47/2024/QH15; 34/2026/NĐ-CP; 144/2025/QH15; 45/2026/TT-BXD
1.014159,Cung cấp thông tin quy hoạch đô thị và nông thôn,Đối tượng,7,Người nước ngoài cư trú tại Việt Nam,,43/2025/TT-BXD; 178/2025/NĐ-CP; 16/2025/TT-BXD; 47/2024/QH15; 34/2026/NĐ-CP; 144/2025/QH15; 45/2026/TT-BXD
1.014159,Cung cấp thông tin quy hoạch đô thị và nông thôn,Đối tượng,8,Người nước ngoài,,43/2025/TT-BXD; 178/2025/NĐ-CP; 16/2025/TT-BXD; 47/2024/QH15; 34/2026/NĐ-CP; 144/2025/QH15; 45/2026/TT-BXD
1.014159,Cung cấp thông tin quy hoạch đô thị và nông thôn,Đối tượng,9,Tổ chức nước ngoài,,43/2025/TT-BXD; 178/2025/NĐ-CP; 16/2025/TT-BXD; 47/2024/QH15; 34/2026/NĐ-CP; 144/2025/QH15; 45/2026/TT-BXD
1.014159,Cung cấp thông tin quy hoạch đô thị và nông thôn,Đối tượng,10,Hợp tác xã,,43/2025/TT-BXD; 178/2025/NĐ-CP; 16/2025/TT-BXD; 47/2024/QH15; 34/2026/NĐ-CP; 144/2025/QH15; 45/2026/TT-BXD
1.014159,Cung cấp thông tin quy hoạch đô thị và nông thôn,Đối tượng,11,"Cán bộ, công chức, viên chức",,43/2025/TT-BXD; 178/2025/NĐ-CP; 16/2025/TT-BXD; 47/2024/QH15; 34/2026/NĐ-CP; 144/2025/QH15; 45/2026/TT-BXD
1.014159,Cung cấp thông tin quy hoạch đô thị và nông thôn,Đối tượng,12,Đảng viên,,43/2025/TT-BXD; 178/2025/NĐ-CP; 16/2025/TT-BXD; 47/2024/QH15; 34/2026/NĐ-CP; 144/2025/QH15; 45/2026/TT-BXD
1.014160,ĐĂNG KÝ THAM GIA BẢO HIỂM XÃ HỘI VÀ CẤP SỔ BẢO HIỂM XÃ HỘI,Đối tượng,1,Công dân Việt Nam,,41/2024/QH15; 159/2025/NĐ-CP; 158/2025/NĐ-CP
1.014160,ĐĂNG KÝ THAM GIA BẢO HIỂM XÃ HỘI VÀ CẤP SỔ BẢO HIỂM XÃ HỘI,Đối tượng,2,Người nước ngoài,,41/2024/QH15; 159/2025/NĐ-CP; 158/2025/NĐ-CP
1.014160,ĐĂNG KÝ THAM GIA BẢO HIỂM XÃ HỘI VÀ CẤP SỔ BẢO HIỂM XÃ HỘI,Đối tượng,3,"Cán bộ, công chức, viên chức",,41/2024/QH15; 159/2025/NĐ-CP; 158/2025/NĐ-CP
1.014162,ĐIỀU CHỈNH THÔNG TIN ĐĂNG KÝ KÊ KHAI THAM GIA BẢO HIỂM XÃ HỘI,Đối tượng,1,Doanh nghiệp có vốn đầu tư nước ngoài,,41/2024/QH15
1.014162,ĐIỀU CHỈNH THÔNG TIN ĐĂNG KÝ KÊ KHAI THAM GIA BẢO HIỂM XÃ HỘI,Đối tượng,2,Công dân Việt Nam,,41/2024/QH15
1.014162,ĐIỀU CHỈNH THÔNG TIN ĐĂNG KÝ KÊ KHAI THAM GIA BẢO HIỂM XÃ HỘI,Đối tượng,3,Doanh nghiệp,,41/2024/QH15
1.014162,ĐIỀU CHỈNH THÔNG TIN ĐĂNG KÝ KÊ KHAI THAM GIA BẢO HIỂM XÃ HỘI,Đối tượng,4,Tổ chức nước ngoài,,41/2024/QH15
1.014163,HƯỞNG TRỢ CẤP ỐM ĐAU,Đối tượng,1,Công dân Việt Nam,,41/2024/QH15; 158/2025/NĐ-CP
1.014163,HƯỞNG TRỢ CẤP ỐM ĐAU,Đối tượng,2,Doanh nghiệp,,41/2024/QH15; 158/2025/NĐ-CP
1.014163,HƯỞNG TRỢ CẤP ỐM ĐAU,Đối tượng,3,Người nước ngoài,,41/2024/QH15; 158/2025/NĐ-CP
1.014163,HƯỞNG TRỢ CẤP ỐM ĐAU,Đối tượng,4,Tổ chức nước ngoài,,41/2024/QH15; 158/2025/NĐ-CP
1.014163,HƯỞNG TRỢ CẤP ỐM ĐAU,Đối tượng,5,Hợp tác xã,,41/2024/QH15; 158/2025/NĐ-CP
1.014163,HƯỞNG TRỢ CẤP ỐM ĐAU,Đối tượng,6,Doanh nghiệp có vốn đầu tư nước ngoài,,41/2024/QH15; 158/2025/NĐ-CP
1.014164,"HƯỞNG TRỢ CẤP DƯỠNG SỨC, PHỤC HỒI SỨC KHOẺ SAU KHI ỐM ĐAU",Đối tượng,1,Doanh nghiệp,,158/2025/NĐ-CP; 41/2024/QH15
1.014164,"HƯỞNG TRỢ CẤP DƯỠNG SỨC, PHỤC HỒI SỨC KHOẺ SAU KHI ỐM ĐAU",Đối tượng,2,Tổ chức nước ngoài,,158/2025/NĐ-CP; 41/2024/QH15
1.014164,"HƯỞNG TRỢ CẤP DƯỠNG SỨC, PHỤC HỒI SỨC KHOẺ SAU KHI ỐM ĐAU",Đối tượng,3,Hợp tác xã,,158/2025/NĐ-CP; 41/2024/QH15
1.014164,"HƯỞNG TRỢ CẤP DƯỠNG SỨC, PHỤC HỒI SỨC KHOẺ SAU KHI ỐM ĐAU",Đối tượng,4,Doanh nghiệp có vốn đầu tư nước ngoài,,158/2025/NĐ-CP; 41/2024/QH15
1.014164,"HƯỞNG TRỢ CẤP DƯỠNG SỨC, PHỤC HỒI SỨC KHOẺ SAU KHI ỐM ĐAU",Đối tượng,5,"Tổ chức (không bao gồm doanh nghiệp, HTX)",,158/2025/NĐ-CP; 41/2024/QH15
1.014171,HƯỞNG LƯƠNG HƯU ĐỐI VỚI NGƯỜI THAM GIA BẢO HIỂM XÃ HỘI BẮT BUỘC,Đối tượng,1,"Tổ chức (không bao gồm doanh nghiệp, HTX)",,41/2024/QH15; 158/2025/NĐ-CP
1.014171,HƯỞNG LƯƠNG HƯU ĐỐI VỚI NGƯỜI THAM GIA BẢO HIỂM XÃ HỘI BẮT BUỘC,Đối tượng,2,Công dân Việt Nam,,41/2024/QH15; 158/2025/NĐ-CP
1.014171,HƯỞNG LƯƠNG HƯU ĐỐI VỚI NGƯỜI THAM GIA BẢO HIỂM XÃ HỘI BẮT BUỘC,Đối tượng,3,Doanh nghiệp,,41/2024/QH15; 158/2025/NĐ-CP
1.014171,HƯỞNG LƯƠNG HƯU ĐỐI VỚI NGƯỜI THAM GIA BẢO HIỂM XÃ HỘI BẮT BUỘC,Đối tượng,4,Hợp tác xã,,41/2024/QH15; 158/2025/NĐ-CP
1.014171,HƯỞNG LƯƠNG HƯU ĐỐI VỚI NGƯỜI THAM GIA BẢO HIỂM XÃ HỘI BẮT BUỘC,Đối tượng,5,"Cán bộ, công chức, viên chức",,41/2024/QH15; 158/2025/NĐ-CP
1.014179,HƯỞNG TRỢ CẤP TUẤT MỘT LẦN,Đối tượng,1,Công dân Việt Nam,,41/2024/QH15; 159/2025/NĐ-CP; 158/2025/NĐ-CP
1.014179,HƯỞNG TRỢ CẤP TUẤT MỘT LẦN,Đối tượng,2,Người nước ngoài,,41/2024/QH15; 159/2025/NĐ-CP; 158/2025/NĐ-CP
1.014180,TẠM DỪNG ĐÓNG VÀO QUỸ HƯU TRÍ VÀ TỬ TUẤT.,Đối tượng,1,Doanh nghiệp,,158/2025/NĐ-CP; 41/2024/QH15
1.014180,TẠM DỪNG ĐÓNG VÀO QUỸ HƯU TRÍ VÀ TỬ TUẤT.,Đối tượng,2,Hợp tác xã,,158/2025/NĐ-CP; 41/2024/QH15
1.014190,Thủ tục cấp biển hiệu phương tiện vận tải khách du lịch bằng đường thủ,Đối tượng,1,Doanh nghiệp,,168/2017/NĐ-CP; 158/2024/NĐ-CP; 42/2017/TT-BGTVT
1.014190,Thủ tục cấp biển hiệu phương tiện vận tải khách du lịch bằng đường thủ,Đối tượng,2,Hợp tác xã,,168/2017/NĐ-CP; 158/2024/NĐ-CP; 42/2017/TT-BGTVT
1.014191,Thủ tục cấp đổi biển hiệu phương tiện vận tải khách du lịch bằng đường,Đối tượng,1,Doanh nghiệp,,158/2024/NĐ-CP; 42/2017/TT-BGTVT; 168/2017/NĐ-CP
1.014191,Thủ tục cấp đổi biển hiệu phương tiện vận tải khách du lịch bằng đường,Đối tượng,2,Hợp tác xã,,158/2024/NĐ-CP; 42/2017/TT-BGTVT; 168/2017/NĐ-CP
1.014192,Thủ tục cấp lại biển hiệu phương tiện vận tải khách du lịch bằng đường,Đối tượng,1,Doanh nghiệp,,42/2017/TT-BGTVT; 158/2024/NĐ-CP; 168/2017/NĐ-CP
1.014192,Thủ tục cấp lại biển hiệu phương tiện vận tải khách du lịch bằng đường,Đối tượng,2,Hợp tác xã,,42/2017/TT-BGTVT; 158/2024/NĐ-CP; 168/2017/NĐ-CP
1.014196,Cấp giấy xác nhận không thuộc diện cấp giấy phép lao động đối với ngườ,Đối tượng,1,Doanh nghiệp,,219/2025/NĐ-CP; 45/2019/QH14
1.014196,Cấp giấy xác nhận không thuộc diện cấp giấy phép lao động đối với ngườ,Đối tượng,2,Hợp tác xã,,219/2025/NĐ-CP; 45/2019/QH14
1.014196,Cấp giấy xác nhận không thuộc diện cấp giấy phép lao động đối với ngườ,Đối tượng,3,"Tổ chức (không bao gồm doanh nghiệp, HTX)",,219/2025/NĐ-CP; 45/2019/QH14
1.014196,Cấp giấy xác nhận không thuộc diện cấp giấy phép lao động đối với ngườ,Đối tượng,4,Doanh nghiệp có vốn đầu tư nước ngoài,,219/2025/NĐ-CP; 45/2019/QH14
1.014197,Cấp lại giấy xác nhận không thuộc diện cấp giấy phép lao động đối với,Đối tượng,1,Doanh nghiệp,,219/2025/NĐ-CP; 45/2019/QH14
1.014197,Cấp lại giấy xác nhận không thuộc diện cấp giấy phép lao động đối với,Đối tượng,2,Hợp tác xã,,219/2025/NĐ-CP; 45/2019/QH14
1.014197,Cấp lại giấy xác nhận không thuộc diện cấp giấy phép lao động đối với,Đối tượng,3,Doanh nghiệp có vốn đầu tư nước ngoài,,219/2025/NĐ-CP; 45/2019/QH14
1.014197,Cấp lại giấy xác nhận không thuộc diện cấp giấy phép lao động đối với,Đối tượng,4,"Tổ chức (không bao gồm doanh nghiệp, HTX)",,219/2025/NĐ-CP; 45/2019/QH14
1.014198,Gia hạn giấy xác nhận không thuộc diện cấp giấy phép lao động đối với,Đối tượng,1,Doanh nghiệp có vốn đầu tư nước ngoài,,219/2025/NĐ-CP; 45/2019/QH14
1.014198,Gia hạn giấy xác nhận không thuộc diện cấp giấy phép lao động đối với,Đối tượng,2,Doanh nghiệp,,219/2025/NĐ-CP; 45/2019/QH14
1.014198,Gia hạn giấy xác nhận không thuộc diện cấp giấy phép lao động đối với,Đối tượng,3,Hợp tác xã,,219/2025/NĐ-CP; 45/2019/QH14
1.014198,Gia hạn giấy xác nhận không thuộc diện cấp giấy phép lao động đối với,Đối tượng,4,"Tổ chức (không bao gồm doanh nghiệp, HTX)",,219/2025/NĐ-CP; 45/2019/QH14
1.014199,Cấp giấy phép lao động đối với người lao động nước ngoài làm việc tại,Đối tượng,1,Hợp tác xã,,219/2025/NĐ-CP; 45/2019/QH14
1.014199,Cấp giấy phép lao động đối với người lao động nước ngoài làm việc tại,Đối tượng,2,Doanh nghiệp có vốn đầu tư nước ngoài,,219/2025/NĐ-CP; 45/2019/QH14
1.014199,Cấp giấy phép lao động đối với người lao động nước ngoài làm việc tại,Đối tượng,3,"Tổ chức (không bao gồm doanh nghiệp, HTX)",,219/2025/NĐ-CP; 45/2019/QH14
1.014199,Cấp giấy phép lao động đối với người lao động nước ngoài làm việc tại,Đối tượng,4,Doanh nghiệp,,219/2025/NĐ-CP; 45/2019/QH14
1.014200,Cấp lại giấy phép lao động đối với người lao động nước ngoài làm việc,Đối tượng,1,Doanh nghiệp,,219/2025/NĐ-CP; 45/2019/QH14
1.014200,Cấp lại giấy phép lao động đối với người lao động nước ngoài làm việc,Đối tượng,2,Hợp tác xã,,219/2025/NĐ-CP; 45/2019/QH14
1.014200,Cấp lại giấy phép lao động đối với người lao động nước ngoài làm việc,Đối tượng,3,Doanh nghiệp có vốn đầu tư nước ngoài,,219/2025/NĐ-CP; 45/2019/QH14
1.014200,Cấp lại giấy phép lao động đối với người lao động nước ngoài làm việc,Đối tượng,4,"Tổ chức (không bao gồm doanh nghiệp, HTX)",,219/2025/NĐ-CP; 45/2019/QH14
1.014201,Gia hạn giấy phép lao động đối với người lao động nước ngoài làm việc,Đối tượng,1,Doanh nghiệp,,219/2025/NĐ-CP; 45/2019/QH14
1.014201,Gia hạn giấy phép lao động đối với người lao động nước ngoài làm việc,Đối tượng,2,Hợp tác xã,,219/2025/NĐ-CP; 45/2019/QH14
1.014201,Gia hạn giấy phép lao động đối với người lao động nước ngoài làm việc,Đối tượng,3,Doanh nghiệp có vốn đầu tư nước ngoài,,219/2025/NĐ-CP; 45/2019/QH14
1.014201,Gia hạn giấy phép lao động đối với người lao động nước ngoài làm việc,Đối tượng,4,"Tổ chức (không bao gồm doanh nghiệp, HTX)",,219/2025/NĐ-CP; 45/2019/QH14
1.014315,Hỗ trợ chi phí đầu tư ban đầu,Đối tượng,1,Doanh nghiệp có vốn đầu tư nước ngoài,,182/2024/NĐ-CP
1.014315,Hỗ trợ chi phí đầu tư ban đầu,Đối tượng,2,Công dân Việt Nam,,182/2024/NĐ-CP
1.014315,Hỗ trợ chi phí đầu tư ban đầu,Đối tượng,3,Doanh nghiệp,,182/2024/NĐ-CP
1.014316,Hỗ trợ chi phí,Đối tượng,1,Công dân Việt Nam,,182/2024/NĐ-CP
1.014316,Hỗ trợ chi phí,Đối tượng,2,Doanh nghiệp,,182/2024/NĐ-CP
1.014316,Hỗ trợ chi phí,Đối tượng,3,Doanh nghiệp có vốn đầu tư nước ngoài,,182/2024/NĐ-CP
1.014331,Cấp Giấy chứng sinh,Đối tượng,1,Người Việt Nam định cư ở nước ngoài,,22/2025/TT-BYT; 123/2015/NĐ-CP; 63/2024/NĐ-CP; 207/2025/NĐ-CP
1.014331,Cấp Giấy chứng sinh,Đối tượng,2,Công dân Việt Nam,,22/2025/TT-BYT; 123/2015/NĐ-CP; 63/2024/NĐ-CP; 207/2025/NĐ-CP
1.014331,Cấp Giấy chứng sinh,Đối tượng,3,Người nước ngoài,,22/2025/TT-BYT; 123/2015/NĐ-CP; 63/2024/NĐ-CP; 207/2025/NĐ-CP
1.014331,Cấp Giấy chứng sinh,Đối tượng,4,"Cán bộ, công chức, viên chức",,22/2025/TT-BYT; 123/2015/NĐ-CP; 63/2024/NĐ-CP; 207/2025/NĐ-CP
1.014332,Cấp lại Giấy chứng sinh,Đối tượng,1,Công dân Việt Nam,,123/2015/NĐ-CP; 22/2025/TT-BYT; 63/2024/NĐ-CP
1.014332,Cấp lại Giấy chứng sinh,Đối tượng,2,Người nước ngoài,,123/2015/NĐ-CP; 22/2025/TT-BYT; 63/2024/NĐ-CP
1.014332,Cấp lại Giấy chứng sinh,Đối tượng,3,"Cán bộ, công chức, viên chức",,123/2015/NĐ-CP; 22/2025/TT-BYT; 63/2024/NĐ-CP
1.014332,Cấp lại Giấy chứng sinh,Đối tượng,4,Người Việt Nam định cư ở nước ngoài,,123/2015/NĐ-CP; 22/2025/TT-BYT; 63/2024/NĐ-CP
1.014347,Hỗ trợ người lao động trong một số trường hợp rủi ro khi làm việc ở nư,Đối tượng,1,"Tổ chức (không bao gồm doanh nghiệp, HTX)",,34/2025/QĐ-TT
1.014347,Hỗ trợ người lao động trong một số trường hợp rủi ro khi làm việc ở nư,Đối tượng,2,Công dân Việt Nam,,34/2025/QĐ-TT
1.014347,Hỗ trợ người lao động trong một số trường hợp rủi ro khi làm việc ở nư,Đối tượng,3,Doanh nghiệp,,34/2025/QĐ-TT
1.014348,Hỗ trợ giải quyết tranh chấp phát sinh liên quan đến người lao động tr,Đối tượng,1,"Tổ chức (không bao gồm doanh nghiệp, HTX)",,34/2025/QĐ-TT
1.014348,Hỗ trợ giải quyết tranh chấp phát sinh liên quan đến người lao động tr,Đối tượng,2,Công dân Việt Nam,,34/2025/QĐ-TT
1.014348,Hỗ trợ giải quyết tranh chấp phát sinh liên quan đến người lao động tr,Đối tượng,3,Doanh nghiệp,,34/2025/QĐ-TT
1.014350,"Hỗ trợ thân nhân của người lao động bị chết, mất tích trong thời gian",Đối tượng,1,"Tổ chức (không bao gồm doanh nghiệp, HTX)",,34/2025/QĐ-TT
1.014350,"Hỗ trợ thân nhân của người lao động bị chết, mất tích trong thời gian",Đối tượng,2,Công dân Việt Nam,,34/2025/QĐ-TT
1.014350,"Hỗ trợ thân nhân của người lao động bị chết, mất tích trong thời gian",Đối tượng,3,Doanh nghiệp,,34/2025/QĐ-TT
1.014352,Thủ tục tuyển chọn chuyên gia,Đối tượng,1,Công dân Việt Nam,,249/2025/NĐ-CP; 63/2025/QH15; 80/2025/QH15; 93/2025/QH15; 52/2019/QH14
1.014352,Thủ tục tuyển chọn chuyên gia,Đối tượng,2,Người Việt Nam định cư ở nước ngoài,,249/2025/NĐ-CP; 63/2025/QH15; 80/2025/QH15; 93/2025/QH15; 52/2019/QH14
1.014412,"Chấp thuận thiết kế nút giao đấu nối vào đường tỉnh, đường đô thị và đ",Đối tượng,1,Công dân Việt Nam,,Không có thông tin căn cứ pháp lý trong dữ liệu gốc
1.014412,"Chấp thuận thiết kế nút giao đấu nối vào đường tỉnh, đường đô thị và đ",Đối tượng,2,Doanh nghiệp,,Không có thông tin căn cứ pháp lý trong dữ liệu gốc
1.014413,"Cấp phép thi công nút giao đấu nối vào đường tỉnh, đường đô thị và đườ",Đối tượng,1,Công dân Việt Nam,,Không có thông tin căn cứ pháp lý trong dữ liệu gốc
1.014413,"Cấp phép thi công nút giao đấu nối vào đường tỉnh, đường đô thị và đườ",Đối tượng,2,Doanh nghiệp,,Không có thông tin căn cứ pháp lý trong dữ liệu gốc
1.014487,Thủ tục Cấp đổi hiện vật khen thưởng của thành phố,Đối tượng,1,"Tổ chức (không bao gồm doanh nghiệp, HTX)",,152/2025/NĐ-CP; 126/2025/QĐ-UBND
1.014487,Thủ tục Cấp đổi hiện vật khen thưởng của thành phố,Đối tượng,2,Công dân Việt Nam,,152/2025/NĐ-CP; 126/2025/QĐ-UBND
1.014488,Thủ tục Cấp lại hiện vật khen thưởng của thành phố,Đối tượng,1,Công dân Việt Nam,,126/2025/QĐ-UBND; 05/VBHN-VPQH; 152/2025/NĐ-CP
1.014488,Thủ tục Cấp lại hiện vật khen thưởng của thành phố,Đối tượng,2,"Tổ chức (không bao gồm doanh nghiệp, HTX)",,126/2025/QĐ-UBND; 05/VBHN-VPQH; 152/2025/NĐ-CP
1.014489,"Thủ tục Hủy bỏ quyết định tặng danh hiệu thi đua, hình thức khen thưởn",Đối tượng,1,"Tổ chức (không bao gồm doanh nghiệp, HTX)",,Không có thông tin căn cứ pháp lý trong dữ liệu gốc
1.014489,"Thủ tục Hủy bỏ quyết định tặng danh hiệu thi đua, hình thức khen thưởn",Đối tượng,2,Công dân Việt Nam,,Không có thông tin căn cứ pháp lý trong dữ liệu gốc
1.014490,"Thủ tục Hủy bỏ quyết định tặng danh hiệu thi đua, hình thức khen thưởn",Đối tượng,1,Công dân Việt Nam,,126/2025/QĐ-UBND; 152/2025/NĐ-CP
1.014490,"Thủ tục Hủy bỏ quyết định tặng danh hiệu thi đua, hình thức khen thưởn",Đối tượng,2,"Tổ chức (không bao gồm doanh nghiệp, HTX)",,126/2025/QĐ-UBND; 152/2025/NĐ-CP
1.014505,"Thủ tục hỗ trợ xây dựng mới hoặc nâng cấp, cải tạo loại hình nhà ở có",Đối tượng,1,Công dân Việt Nam,,168/2017/NĐ-CP; 52/NQ-HĐND; 09/2017/QH1409; 40/2024/NQ-HĐND
1.014505,"Thủ tục hỗ trợ xây dựng mới hoặc nâng cấp, cải tạo loại hình nhà ở có",Đối tượng,2,Doanh nghiệp,,168/2017/NĐ-CP; 52/NQ-HĐND; 09/2017/QH1409; 40/2024/NQ-HĐND
1.014505,"Thủ tục hỗ trợ xây dựng mới hoặc nâng cấp, cải tạo loại hình nhà ở có",Đối tượng,3,Hợp tác xã,,168/2017/NĐ-CP; 52/NQ-HĐND; 09/2017/QH1409; 40/2024/NQ-HĐND
1.014506,"Thủ tục hỗ trợ xây dựng mới Nhà đón khách, trưng bày, mua sắm sản phẩm",Đối tượng,1,Doanh nghiệp,,168/2017/NĐ-CP; 52/NQ-HĐND; 09/2017/QH1409; 40/2024/NQ-HĐND
1.014506,"Thủ tục hỗ trợ xây dựng mới Nhà đón khách, trưng bày, mua sắm sản phẩm",Đối tượng,2,Hợp tác xã,,168/2017/NĐ-CP; 52/NQ-HĐND; 09/2017/QH1409; 40/2024/NQ-HĐND
1.014507,"Thủ tục hỗ trợ xây dựng mới nhà vệ sinh công cộng tại khu, điểm du lịc",Đối tượng,1,Công dân Việt Nam,,168/2017/NĐ-CP; 52/NQ-HĐND; 09/2017/QH1409; 40/2024/NQ-HĐND
1.014507,"Thủ tục hỗ trợ xây dựng mới nhà vệ sinh công cộng tại khu, điểm du lịc",Đối tượng,2,Doanh nghiệp,,168/2017/NĐ-CP; 52/NQ-HĐND; 09/2017/QH1409; 40/2024/NQ-HĐND
1.014507,"Thủ tục hỗ trợ xây dựng mới nhà vệ sinh công cộng tại khu, điểm du lịc",Đối tượng,3,Hợp tác xã,,168/2017/NĐ-CP; 52/NQ-HĐND; 09/2017/QH1409; 40/2024/NQ-HĐND
1.014508,"Thủ tục hỗ trợ làm đường giao thông nội bộ tại khu, điểm du lịch",Đối tượng,1,Công dân Việt Nam,,40/2024/NQ-HĐND; 168/2017/NĐ-CP; 52/NQ-HĐND; 09/2017/QH1409
1.014508,"Thủ tục hỗ trợ làm đường giao thông nội bộ tại khu, điểm du lịch",Đối tượng,2,Doanh nghiệp,,40/2024/NQ-HĐND; 168/2017/NĐ-CP; 52/NQ-HĐND; 09/2017/QH1409
1.014508,"Thủ tục hỗ trợ làm đường giao thông nội bộ tại khu, điểm du lịch",Đối tượng,3,Hợp tác xã,,40/2024/NQ-HĐND; 168/2017/NĐ-CP; 52/NQ-HĐND; 09/2017/QH1409
1.014509,"Thủ tục hỗ trợ xây dựng bãi đỗ xe tại khu, điểm du lịch",Đối tượng,1,Công dân Việt Nam,,09/2017/QH1409; 168/2017/NĐ-CP; 52/NQ-HĐND; 40/2024/NQ-HĐND
1.014509,"Thủ tục hỗ trợ xây dựng bãi đỗ xe tại khu, điểm du lịch",Đối tượng,2,Doanh nghiệp,,09/2017/QH1409; 168/2017/NĐ-CP; 52/NQ-HĐND; 40/2024/NQ-HĐND
1.014509,"Thủ tục hỗ trợ xây dựng bãi đỗ xe tại khu, điểm du lịch",Đối tượng,3,Hợp tác xã,,09/2017/QH1409; 168/2017/NĐ-CP; 52/NQ-HĐND; 40/2024/NQ-HĐND
1.014510,"Thủ tục hỗ trợ mua sắm phương tiện vận chuyển khách du lịch tại khu, đ",Đối tượng,1,Công dân Việt Nam,,09/2017/QH1409; 52/NQ-HĐND; 40/2024/NQ-HĐND; 168/2017/NĐ-CP
1.014510,"Thủ tục hỗ trợ mua sắm phương tiện vận chuyển khách du lịch tại khu, đ",Đối tượng,2,Doanh nghiệp,,09/2017/QH1409; 52/NQ-HĐND; 40/2024/NQ-HĐND; 168/2017/NĐ-CP
1.014510,"Thủ tục hỗ trợ mua sắm phương tiện vận chuyển khách du lịch tại khu, đ",Đối tượng,3,Hợp tác xã,,09/2017/QH1409; 52/NQ-HĐND; 40/2024/NQ-HĐND; 168/2017/NĐ-CP
1.014510,"Thủ tục hỗ trợ mua sắm phương tiện vận chuyển khách du lịch tại khu, đ",Đối tượng,4,Doanh nghiệp Việt Nam,,09/2017/QH1409; 52/NQ-HĐND; 40/2024/NQ-HĐND; 168/2017/NĐ-CP
1.014510,"Thủ tục hỗ trợ mua sắm phương tiện vận chuyển khách du lịch tại khu, đ",Đối tượng,5,"Tổ chức (không bao gồm doanh nghiệp, HTX)",,09/2017/QH1409; 52/NQ-HĐND; 40/2024/NQ-HĐND; 168/2017/NĐ-CP
1.014511,"Thủ tục hỗ trợ thành lập và duy trì hoạt động của đội văn nghệ, câu lạ",Đối tượng,1,Công dân Việt Nam,,09/2017/QH1409; 168/2017/NĐ-CP; 52/NQ-HĐND; 40/2024/NQ-HĐND
1.014511,"Thủ tục hỗ trợ thành lập và duy trì hoạt động của đội văn nghệ, câu lạ",Đối tượng,2,"Tổ chức (không bao gồm doanh nghiệp, HTX)",,09/2017/QH1409; 168/2017/NĐ-CP; 52/NQ-HĐND; 40/2024/NQ-HĐND
1.014527,Đề nghị mang thai hộ vì mục đích nhân đạo,Đối tượng,1,Người Việt Nam định cư ở nước ngoài,,123/2015/NĐ-CP; 207/2025/NĐ-CP; 96/2023/NĐ-CP
1.014527,Đề nghị mang thai hộ vì mục đích nhân đạo,Đối tượng,2,Công dân Việt Nam,,123/2015/NĐ-CP; 207/2025/NĐ-CP; 96/2023/NĐ-CP
1.014527,Đề nghị mang thai hộ vì mục đích nhân đạo,Đối tượng,3,"Cán bộ, công chức, viên chức",,123/2015/NĐ-CP; 207/2025/NĐ-CP; 96/2023/NĐ-CP
1.014577,"Chính sách hỗ trợ đào tạo các ngành, nghề phục vụ công nghiệp bán dẫn,",Đối tượng,1,Tổ chức nước ngoài,,113/2025/NQ-HĐND
1.014577,"Chính sách hỗ trợ đào tạo các ngành, nghề phục vụ công nghiệp bán dẫn,",Đối tượng,2,"Tổ chức (không bao gồm doanh nghiệp, HTX)",,113/2025/NQ-HĐND
1.014578,"Chính sách hỗ trợ đào tạo, đào tạo lại, đào tạo nâng cao cho người lao",Đối tượng,1,Tổ chức nước ngoài,,113/2025/NQ-HĐND
1.014578,"Chính sách hỗ trợ đào tạo, đào tạo lại, đào tạo nâng cao cho người lao",Đối tượng,2,"Tổ chức (không bao gồm doanh nghiệp, HTX)",,113/2025/NQ-HĐND
1.014580,Chính sách hỗ trợ hợp tác quốc tế giữa các cơ sở đào tạo trên địa bàn,Đối tượng,1,Tổ chức nước ngoài,,113/2025/NQ-HĐND
1.014580,Chính sách hỗ trợ hợp tác quốc tế giữa các cơ sở đào tạo trên địa bàn,Đối tượng,2,"Tổ chức (không bao gồm doanh nghiệp, HTX)",,113/2025/NQ-HĐND
1.014582,1. Thủ tục hỗ trợ chi phí hỏa táng (bao gồm cả điện táng) trên địa bàn,Đối tượng,1,"Tổ chức (không bao gồm doanh nghiệp, HTX)",,107/2025/NQ-HĐND
1.014582,1. Thủ tục hỗ trợ chi phí hỏa táng (bao gồm cả điện táng) trên địa bàn,Đối tượng,2,Công dân Việt Nam,,107/2025/NQ-HĐND
1.014610,"Thủ tục bồi hoàn chi phí thực hiện việc đưa di vật, cổ vật, bảo vật qu",Đối tượng,1,Công dân Việt Nam,,45/2024/QH15
1.014610,"Thủ tục bồi hoàn chi phí thực hiện việc đưa di vật, cổ vật, bảo vật qu",Đối tượng,2,"Tổ chức (không bao gồm doanh nghiệp, HTX)",,45/2024/QH15
1.014610,"Thủ tục bồi hoàn chi phí thực hiện việc đưa di vật, cổ vật, bảo vật qu",Đối tượng,3,Người nước ngoài,,45/2024/QH15
1.014610,"Thủ tục bồi hoàn chi phí thực hiện việc đưa di vật, cổ vật, bảo vật qu",Đối tượng,4,Doanh nghiệp,,45/2024/QH15
1.014611,"Thủ tục cấp giấy phép làm bản sao di vật, cổ vật",Đối tượng,1,"Tổ chức (không bao gồm doanh nghiệp, HTX)",,45/2024/QH15
1.014611,"Thủ tục cấp giấy phép làm bản sao di vật, cổ vật",Đối tượng,2,Công dân Việt Nam,,45/2024/QH15
1.014611,"Thủ tục cấp giấy phép làm bản sao di vật, cổ vật",Đối tượng,3,Doanh nghiệp,,45/2024/QH15
1.014611,"Thủ tục cấp giấy phép làm bản sao di vật, cổ vật",Đối tượng,4,Hợp tác xã,,45/2024/QH15
1.014612,Thủ tục cấp giấy phép làm bản sao di sản tư liệu được ghi vào Danh mục,Đối tượng,1,Công dân Việt Nam,,45/2024/QH15
1.014612,Thủ tục cấp giấy phép làm bản sao di sản tư liệu được ghi vào Danh mục,Đối tượng,2,Doanh nghiệp,,45/2024/QH15
1.014612,Thủ tục cấp giấy phép làm bản sao di sản tư liệu được ghi vào Danh mục,Đối tượng,3,Hợp tác xã,,45/2024/QH15
1.014612,Thủ tục cấp giấy phép làm bản sao di sản tư liệu được ghi vào Danh mục,Đối tượng,4,"Tổ chức (không bao gồm doanh nghiệp, HTX)",,45/2024/QH15
1.014613,Thủ tục cấp lại giấy phép hoạt động bảo tàng ngoài công lập,Đối tượng,1,"Tổ chức (không bao gồm doanh nghiệp, HTX)",,45/2024/QH15
1.014613,Thủ tục cấp lại giấy phép hoạt động bảo tàng ngoài công lập,Đối tượng,2,Công dân Việt Nam,,45/2024/QH15
1.014613,Thủ tục cấp lại giấy phép hoạt động bảo tàng ngoài công lập,Đối tượng,3,Doanh nghiệp,,45/2024/QH15
1.014613,Thủ tục cấp lại giấy phép hoạt động bảo tàng ngoài công lập,Đối tượng,4,Hợp tác xã,,45/2024/QH15
1.014614,"Thủ tục cấp Giấy chứng nhận đủ điều kiện đầu tư kinh doanh di vật, cổ",Đối tượng,1,"Tổ chức (không bao gồm doanh nghiệp, HTX)",,45/2024/QH15
1.014614,"Thủ tục cấp Giấy chứng nhận đủ điều kiện đầu tư kinh doanh di vật, cổ",Đối tượng,2,Công dân Việt Nam,,45/2024/QH15
1.014614,"Thủ tục cấp Giấy chứng nhận đủ điều kiện đầu tư kinh doanh di vật, cổ",Đối tượng,3,Doanh nghiệp,,45/2024/QH15
1.014614,"Thủ tục cấp Giấy chứng nhận đủ điều kiện đầu tư kinh doanh di vật, cổ",Đối tượng,4,Hợp tác xã,,45/2024/QH15
1.014615,"Thủ tục cấp lại Giấy chứng nhận đủ điều kiện đầu tư kinh doanh di vật,",Đối tượng,1,Doanh nghiệp,,45/2024/QH15
1.014615,"Thủ tục cấp lại Giấy chứng nhận đủ điều kiện đầu tư kinh doanh di vật,",Đối tượng,2,Hợp tác xã,,45/2024/QH15
1.014615,"Thủ tục cấp lại Giấy chứng nhận đủ điều kiện đầu tư kinh doanh di vật,",Đối tượng,3,Công dân Việt Nam,,45/2024/QH15
1.014615,"Thủ tục cấp lại Giấy chứng nhận đủ điều kiện đầu tư kinh doanh di vật,",Đối tượng,4,"Tổ chức (không bao gồm doanh nghiệp, HTX)",,45/2024/QH15
1.014617,"Thủ tục cấp giấy phép nhập khẩu di vật, cổ vật, bảo vật quốc gia có ng",Đối tượng,1,"Tổ chức (không bao gồm doanh nghiệp, HTX)",,45/2024/QH15
1.014617,"Thủ tục cấp giấy phép nhập khẩu di vật, cổ vật, bảo vật quốc gia có ng",Đối tượng,2,Công dân Việt Nam,,45/2024/QH15
1.014617,"Thủ tục cấp giấy phép nhập khẩu di vật, cổ vật, bảo vật quốc gia có ng",Đối tượng,3,Người nước ngoài,,45/2024/QH15
1.014617,"Thủ tục cấp giấy phép nhập khẩu di vật, cổ vật, bảo vật quốc gia có ng",Đối tượng,4,Doanh nghiệp,,45/2024/QH15
1.014617,"Thủ tục cấp giấy phép nhập khẩu di vật, cổ vật, bảo vật quốc gia có ng",Đối tượng,5,Hợp tác xã,,45/2024/QH15
1.014618,"Thủ tục bồi hoàn chi phí thực hiện việc đưa di vật, cổ vật, bảo vật qu",Đối tượng,1,"Tổ chức (không bao gồm doanh nghiệp, HTX)",,45/2024/QH15
1.014618,"Thủ tục bồi hoàn chi phí thực hiện việc đưa di vật, cổ vật, bảo vật qu",Đối tượng,2,Công dân Việt Nam,,45/2024/QH15
1.014618,"Thủ tục bồi hoàn chi phí thực hiện việc đưa di vật, cổ vật, bảo vật qu",Đối tượng,3,Người nước ngoài,,45/2024/QH15
1.014618,"Thủ tục bồi hoàn chi phí thực hiện việc đưa di vật, cổ vật, bảo vật qu",Đối tượng,4,Doanh nghiệp,,45/2024/QH15
1.014618,"Thủ tục bồi hoàn chi phí thực hiện việc đưa di vật, cổ vật, bảo vật qu",Đối tượng,5,Hợp tác xã,,45/2024/QH15
1.014619,Thủ tục cấp giấy phép làm bản sao bảo vật quốc gia,Đối tượng,1,Công dân Việt Nam,,45/2024/QH15
1.014619,Thủ tục cấp giấy phép làm bản sao bảo vật quốc gia,Đối tượng,2,Hợp tác xã,,45/2024/QH15
1.014619,Thủ tục cấp giấy phép làm bản sao bảo vật quốc gia,Đối tượng,3,Doanh nghiệp,,45/2024/QH15
1.014619,Thủ tục cấp giấy phép làm bản sao bảo vật quốc gia,Đối tượng,4,"Tổ chức (không bao gồm doanh nghiệp, HTX)",,45/2024/QH15
1.014620,Thủ tục cấp giấy phép làm bản sao di sản tư liệu trong Danh mục quốc g,Đối tượng,1,Công dân Việt Nam,,45/2024/QH15
1.014620,Thủ tục cấp giấy phép làm bản sao di sản tư liệu trong Danh mục quốc g,Đối tượng,2,Doanh nghiệp,,45/2024/QH15
1.014620,Thủ tục cấp giấy phép làm bản sao di sản tư liệu trong Danh mục quốc g,Đối tượng,3,Hợp tác xã,,45/2024/QH15
1.014620,Thủ tục cấp giấy phép làm bản sao di sản tư liệu trong Danh mục quốc g,Đối tượng,4,"Tổ chức (không bao gồm doanh nghiệp, HTX)",,45/2024/QH15
1.014621,Thủ tục cấp giấy phép làm bản sao di sản tư liệu trong Danh mục của UN,Đối tượng,1,Công dân Việt Nam,,45/2024/QH15
1.014621,Thủ tục cấp giấy phép làm bản sao di sản tư liệu trong Danh mục của UN,Đối tượng,2,Doanh nghiệp,,45/2024/QH15
1.014621,Thủ tục cấp giấy phép làm bản sao di sản tư liệu trong Danh mục của UN,Đối tượng,3,Hợp tác xã,,45/2024/QH15
1.014621,Thủ tục cấp giấy phép làm bản sao di sản tư liệu trong Danh mục của UN,Đối tượng,4,"Tổ chức (không bao gồm doanh nghiệp, HTX)",,45/2024/QH15
1.014628,Thủ tục thu hồi giấy phép kinh doanh dịch vụ lữ hành quốc tế trong trư,Đối tượng,1,Công dân Việt Nam,,04/2024/TT-BVHTTDL; 13/2021/TT-BVHTTDL
1.014628,Thủ tục thu hồi giấy phép kinh doanh dịch vụ lữ hành quốc tế trong trư,Đối tượng,2,Doanh nghiệp,,04/2024/TT-BVHTTDL; 13/2021/TT-BVHTTDL
1.014629,Thủ tục thu hồi giấy phép kinh doanh dịch vụ lữ hành nội địa trong trư,Đối tượng,1,Công dân Việt Nam,,04/2024/TT-BVHTTDL; 13/2021/TT-BVHTTDL
1.014629,Thủ tục thu hồi giấy phép kinh doanh dịch vụ lữ hành nội địa trong trư,Đối tượng,2,Doanh nghiệp,,04/2024/TT-BVHTTDL; 13/2021/TT-BVHTTDL
1.014632,"Đăng ký mua, thuê mua, thuê nhà ở xã hội, vay vốn để hộ gia đình, cá n",Đối tượng,1,Đảng viên,,05/2024/TT-BXD; 100/2024/NĐ-CP; 27/2023/QH15; 261/2025/NĐ-CP; 54/2026/NĐ-CP
1.014632,"Đăng ký mua, thuê mua, thuê nhà ở xã hội, vay vốn để hộ gia đình, cá n",Đối tượng,2,Công dân Việt Nam,,05/2024/TT-BXD; 100/2024/NĐ-CP; 27/2023/QH15; 261/2025/NĐ-CP; 54/2026/NĐ-CP
1.014632,"Đăng ký mua, thuê mua, thuê nhà ở xã hội, vay vốn để hộ gia đình, cá n",Đối tượng,3,"Cán bộ, công chức, viên chức",,05/2024/TT-BXD; 100/2024/NĐ-CP; 27/2023/QH15; 261/2025/NĐ-CP; 54/2026/NĐ-CP
1.014635,"Hỗ trợ đội văn nghệ dân gian tại các địa điểm du lịch, điểm du lịch đã",Đối tượng,1,"Tổ chức (không bao gồm doanh nghiệp, HTX)",,30/2025/NQ-HĐND
1.014635,"Hỗ trợ đội văn nghệ dân gian tại các địa điểm du lịch, điểm du lịch đã",Đối tượng,2,Doanh nghiệp Việt Nam,,30/2025/NQ-HĐND
1.014680,"Thủ tục tặng, truy tặng ""Huy chương Thanh niên xung phong vẻ vang""",Đối tượng,1,Công dân Việt Nam,,152/2025/NĐ-CP; 06/2022/QH15; 01/2026/QĐ-TT
1.014680,"Thủ tục tặng, truy tặng ""Huy chương Thanh niên xung phong vẻ vang""",Đối tượng,2,"Tổ chức (không bao gồm doanh nghiệp, HTX)",,152/2025/NĐ-CP; 06/2022/QH15; 01/2026/QĐ-TT
1.014698,"Thủ tục phê duyệt kế hoạch, chương trình phát triển thể thao chuyên ng",Đối tượng,1,"Tổ chức (không bao gồm doanh nghiệp, HTX)",,126/2024/NĐ-CP; 26/2018/QH14; 77/2006/QH11
1.014698,"Thủ tục phê duyệt kế hoạch, chương trình phát triển thể thao chuyên ng",Đối tượng,2,Công dân Việt Nam,,126/2024/NĐ-CP; 26/2018/QH14; 77/2006/QH11
1.014745,Tham gia bảo hiểm thất nghiệp (Cấp tỉnh),Đối tượng,1,Doanh nghiệp,,374/2025/NĐ-CP; 74/2025/QH15
1.014745,Tham gia bảo hiểm thất nghiệp (Cấp tỉnh),Đối tượng,2,Doanh nghiệp có vốn đầu tư nước ngoài,,374/2025/NĐ-CP; 74/2025/QH15
1.014755,Chấp thuận thiết kế nút giao đấu nối với đường tỉnh đang khai thác,Đối tượng,1,Công dân Việt Nam,,Không có thông tin căn cứ pháp lý trong dữ liệu gốc
1.014755,Chấp thuận thiết kế nút giao đấu nối với đường tỉnh đang khai thác,Đối tượng,2,Doanh nghiệp,,Không có thông tin căn cứ pháp lý trong dữ liệu gốc
1.014755,Chấp thuận thiết kế nút giao đấu nối với đường tỉnh đang khai thác,Đối tượng,3,"Tổ chức (không bao gồm doanh nghiệp, HTX)",,Không có thông tin căn cứ pháp lý trong dữ liệu gốc
1.014756,Cấp phép thi công nút giao đấu nối với đường tỉnh đang khai thác,Đối tượng,1,"Tổ chức (không bao gồm doanh nghiệp, HTX)",,Không có thông tin căn cứ pháp lý trong dữ liệu gốc
1.014756,Cấp phép thi công nút giao đấu nối với đường tỉnh đang khai thác,Đối tượng,2,Công dân Việt Nam,,Không có thông tin căn cứ pháp lý trong dữ liệu gốc
1.014756,Cấp phép thi công nút giao đấu nối với đường tỉnh đang khai thác,Đối tượng,3,Doanh nghiệp,,Không có thông tin căn cứ pháp lý trong dữ liệu gốc
1.014757,"Chấp thuận thiết kế nút giao đấu nối với đường đô thị, đường xã đang k",Đối tượng,1,"Tổ chức (không bao gồm doanh nghiệp, HTX)",,Không có thông tin căn cứ pháp lý trong dữ liệu gốc
1.014757,"Chấp thuận thiết kế nút giao đấu nối với đường đô thị, đường xã đang k",Đối tượng,2,Công dân Việt Nam,,Không có thông tin căn cứ pháp lý trong dữ liệu gốc
1.014758,"Cấp phép thi công nút giao đấu nối với đường đô thị, đường xã đang kha",Đối tượng,1,Công dân Việt Nam,,Không có thông tin căn cứ pháp lý trong dữ liệu gốc
1.014758,"Cấp phép thi công nút giao đấu nối với đường đô thị, đường xã đang kha",Đối tượng,2,Doanh nghiệp,,Không có thông tin căn cứ pháp lý trong dữ liệu gốc
1.014758,"Cấp phép thi công nút giao đấu nối với đường đô thị, đường xã đang kha",Đối tượng,3,"Tổ chức (không bao gồm doanh nghiệp, HTX)",,Không có thông tin căn cứ pháp lý trong dữ liệu gốc
1.014761,Đánh giá lần đầu việc đáp ứng Thực hành tốt thử thuốc trên lâm sàng,Đối tượng,1,Doanh nghiệp có vốn đầu tư nước ngoài,,50/2025/TT-BYT; 163/2025/NĐ-CP; 105/2016/QH13
1.014761,Đánh giá lần đầu việc đáp ứng Thực hành tốt thử thuốc trên lâm sàng,Đối tượng,2,"Tổ chức (không bao gồm doanh nghiệp, HTX)",,50/2025/TT-BYT; 163/2025/NĐ-CP; 105/2016/QH13
1.014761,Đánh giá lần đầu việc đáp ứng Thực hành tốt thử thuốc trên lâm sàng,Đối tượng,3,Hợp tác xã,,50/2025/TT-BYT; 163/2025/NĐ-CP; 105/2016/QH13
1.014761,Đánh giá lần đầu việc đáp ứng Thực hành tốt thử thuốc trên lâm sàng,Đối tượng,4,Doanh nghiệp,,50/2025/TT-BYT; 163/2025/NĐ-CP; 105/2016/QH13
1.014761,Đánh giá lần đầu việc đáp ứng Thực hành tốt thử thuốc trên lâm sàng,Đối tượng,5,Tổ chức nước ngoài,,50/2025/TT-BYT; 163/2025/NĐ-CP; 105/2016/QH13
1.014762,Thủ tục Đánh giá định kỳ việc duy trì đáp ứng Thực hành tốt thử thuốc,Đối tượng,1,Hợp tác xã,,50/2025/TT-BYT; 163/2025/NĐ-CP; 105/2016/QH13
1.014762,Thủ tục Đánh giá định kỳ việc duy trì đáp ứng Thực hành tốt thử thuốc,Đối tượng,2,Doanh nghiệp,,50/2025/TT-BYT; 163/2025/NĐ-CP; 105/2016/QH13
1.014762,Thủ tục Đánh giá định kỳ việc duy trì đáp ứng Thực hành tốt thử thuốc,Đối tượng,3,Tổ chức nước ngoài,,50/2025/TT-BYT; 163/2025/NĐ-CP; 105/2016/QH13
1.014762,Thủ tục Đánh giá định kỳ việc duy trì đáp ứng Thực hành tốt thử thuốc,Đối tượng,4,Doanh nghiệp có vốn đầu tư nước ngoài,,50/2025/TT-BYT; 163/2025/NĐ-CP; 105/2016/QH13
1.014762,Thủ tục Đánh giá định kỳ việc duy trì đáp ứng Thực hành tốt thử thuốc,Đối tượng,5,"Tổ chức (không bao gồm doanh nghiệp, HTX)",,50/2025/TT-BYT; 163/2025/NĐ-CP; 105/2016/QH13
1.014763,Thủ tục Phê duyệt nghiên cứu thử thuốc trên lâm sàng,Đối tượng,1,"Tổ chức (không bao gồm doanh nghiệp, HTX)",,105/2016/QH13; 50/2025/TT-BYT; 163/2025/NĐ-CP
1.014763,Thủ tục Phê duyệt nghiên cứu thử thuốc trên lâm sàng,Đối tượng,2,Hợp tác xã,,105/2016/QH13; 50/2025/TT-BYT; 163/2025/NĐ-CP
1.014763,Thủ tục Phê duyệt nghiên cứu thử thuốc trên lâm sàng,Đối tượng,3,Doanh nghiệp,,105/2016/QH13; 50/2025/TT-BYT; 163/2025/NĐ-CP
1.014763,Thủ tục Phê duyệt nghiên cứu thử thuốc trên lâm sàng,Đối tượng,4,Tổ chức nước ngoài,,105/2016/QH13; 50/2025/TT-BYT; 163/2025/NĐ-CP
1.014763,Thủ tục Phê duyệt nghiên cứu thử thuốc trên lâm sàng,Đối tượng,5,Doanh nghiệp có vốn đầu tư nước ngoài,,105/2016/QH13; 50/2025/TT-BYT; 163/2025/NĐ-CP
1.014764,Phê duyệt thay đổi đề cương nghiên cứu thử thuốc trên lâm sàng.,Đối tượng,1,Doanh nghiệp có vốn đầu tư nước ngoài,,50/2025/TT-BYT; 163/2025/NĐ-CP; 105/2016/QH13
1.014764,Phê duyệt thay đổi đề cương nghiên cứu thử thuốc trên lâm sàng.,Đối tượng,2,"Tổ chức (không bao gồm doanh nghiệp, HTX)",,50/2025/TT-BYT; 163/2025/NĐ-CP; 105/2016/QH13
1.014764,Phê duyệt thay đổi đề cương nghiên cứu thử thuốc trên lâm sàng.,Đối tượng,3,Doanh nghiệp,,50/2025/TT-BYT; 163/2025/NĐ-CP; 105/2016/QH13
1.014764,Phê duyệt thay đổi đề cương nghiên cứu thử thuốc trên lâm sàng.,Đối tượng,4,Tổ chức nước ngoài,,50/2025/TT-BYT; 163/2025/NĐ-CP; 105/2016/QH13
1.014764,Phê duyệt thay đổi đề cương nghiên cứu thử thuốc trên lâm sàng.,Đối tượng,5,Hợp tác xã,,50/2025/TT-BYT; 163/2025/NĐ-CP; 105/2016/QH13
1.014765,Thủ tục Phê duyệt kết quả thử thuốc trên lâm sàng,Đối tượng,1,Hợp tác xã,,105/2016/QH13; 50/2025/TT-BYT; 163/2025/NĐ-CP
1.014765,Thủ tục Phê duyệt kết quả thử thuốc trên lâm sàng,Đối tượng,2,Doanh nghiệp,,105/2016/QH13; 50/2025/TT-BYT; 163/2025/NĐ-CP
1.014765,Thủ tục Phê duyệt kết quả thử thuốc trên lâm sàng,Đối tượng,3,Tổ chức nước ngoài,,105/2016/QH13; 50/2025/TT-BYT; 163/2025/NĐ-CP
1.014765,Thủ tục Phê duyệt kết quả thử thuốc trên lâm sàng,Đối tượng,4,"Tổ chức (không bao gồm doanh nghiệp, HTX)",,105/2016/QH13; 50/2025/TT-BYT; 163/2025/NĐ-CP
1.014765,Thủ tục Phê duyệt kết quả thử thuốc trên lâm sàng,Đối tượng,5,Doanh nghiệp có vốn đầu tư nước ngoài,,105/2016/QH13; 50/2025/TT-BYT; 163/2025/NĐ-CP
1.014783,"Cấp giấy phép lưu thông vật liệu, cấu kiện ngăn cháy, chống cháy",Đối tượng,1,Công dân Việt Nam,,24/2026/NQ-CP; 63/2025/TT-BXD; 105/2025/CP-NĐ
1.014783,"Cấp giấy phép lưu thông vật liệu, cấu kiện ngăn cháy, chống cháy",Đối tượng,2,Doanh nghiệp,,24/2026/NQ-CP; 63/2025/TT-BXD; 105/2025/CP-NĐ
1.014783,"Cấp giấy phép lưu thông vật liệu, cấu kiện ngăn cháy, chống cháy",Đối tượng,3,"Tổ chức (không bao gồm doanh nghiệp, HTX)",,24/2026/NQ-CP; 63/2025/TT-BXD; 105/2025/CP-NĐ
1.014790,Chấp thuận thiết kế nút giao đối với đường địa phương đang khai thác,Đối tượng,1,Công dân Việt Nam,,187/2025/QĐ-UBND
1.014790,Chấp thuận thiết kế nút giao đối với đường địa phương đang khai thác,Đối tượng,2,Doanh nghiệp,,187/2025/QĐ-UBND
1.014790,Chấp thuận thiết kế nút giao đối với đường địa phương đang khai thác,Đối tượng,3,"Tổ chức (không bao gồm doanh nghiệp, HTX)",,187/2025/QĐ-UBND
1.014791,Cấp phép thi công nút giao đối với đường địa phương đang khai thác,Đối tượng,1,"Tổ chức (không bao gồm doanh nghiệp, HTX)",,187/2025/QĐ-UBND
1.014791,Cấp phép thi công nút giao đối với đường địa phương đang khai thác,Đối tượng,2,Công dân Việt Nam,,187/2025/QĐ-UBND
1.014791,Cấp phép thi công nút giao đối với đường địa phương đang khai thác,Đối tượng,3,Doanh nghiệp,,187/2025/QĐ-UBND
1.014792,"Chấp thuận về địa điểm, quy mô xây dựng công trình và thời gian tồn tạ",Đối tượng,1,Doanh nghiệp,,184/2025/QĐ-UBND; 140/2025/NĐ-CP; 50/2014/QH13
1.014792,"Chấp thuận về địa điểm, quy mô xây dựng công trình và thời gian tồn tạ",Đối tượng,2,"Tổ chức (không bao gồm doanh nghiệp, HTX)",,184/2025/QĐ-UBND; 140/2025/NĐ-CP; 50/2014/QH13
1.014793,"Chấp thuận tiếp tục khai thác, sử dụng công trình tạm",Đối tượng,1,Doanh nghiệp,,140/2025/NĐ-CP; 50/2014/QH13; 184/2025/QĐ-UBND
1.014793,"Chấp thuận tiếp tục khai thác, sử dụng công trình tạm",Đối tượng,2,"Tổ chức (không bao gồm doanh nghiệp, HTX)",,140/2025/NĐ-CP; 50/2014/QH13; 184/2025/QĐ-UBND
1.014855,Chấp thuận thiết kế nút giao đấu nối vào đường tỉnh đang khai thác,Đối tượng,1,Công dân Việt Nam,,52/2025/QĐ-UBND
1.014855,Chấp thuận thiết kế nút giao đấu nối vào đường tỉnh đang khai thác,Đối tượng,2,Doanh nghiệp,,52/2025/QĐ-UBND
1.014855,Chấp thuận thiết kế nút giao đấu nối vào đường tỉnh đang khai thác,Đối tượng,3,Doanh nghiệp Việt Nam,,52/2025/QĐ-UBND
1.014855,Chấp thuận thiết kế nút giao đấu nối vào đường tỉnh đang khai thác,Đối tượng,4,"Tổ chức (không bao gồm doanh nghiệp, HTX)",,52/2025/QĐ-UBND
1.014855,Chấp thuận thiết kế nút giao đấu nối vào đường tỉnh đang khai thác,Đối tượng,5,Hợp tác xã,,52/2025/QĐ-UBND
1.014856,Cấp phép thi công nút giao đấu nối vào đường tỉnh đang khai thác,Đối tượng,1,"Tổ chức (không bao gồm doanh nghiệp, HTX)",,52/2025/QĐ-UBND
1.014856,Cấp phép thi công nút giao đấu nối vào đường tỉnh đang khai thác,Đối tượng,2,Doanh nghiệp Việt Nam,,52/2025/QĐ-UBND
1.014856,Cấp phép thi công nút giao đấu nối vào đường tỉnh đang khai thác,Đối tượng,3,Công dân Việt Nam,,52/2025/QĐ-UBND
1.014857,"Chấp thuận thiết kế nút giao đấu nối vào đường đô thị, đường xã, đường",Đối tượng,1,"Tổ chức (không bao gồm doanh nghiệp, HTX)",,52/2025/QĐ-UBND
1.014857,"Chấp thuận thiết kế nút giao đấu nối vào đường đô thị, đường xã, đường",Đối tượng,2,Công dân Việt Nam,,52/2025/QĐ-UBND
1.014857,"Chấp thuận thiết kế nút giao đấu nối vào đường đô thị, đường xã, đường",Đối tượng,3,Doanh nghiệp,,52/2025/QĐ-UBND
1.014857,"Chấp thuận thiết kế nút giao đấu nối vào đường đô thị, đường xã, đường",Đối tượng,4,Hợp tác xã,,52/2025/QĐ-UBND
1.014857,"Chấp thuận thiết kế nút giao đấu nối vào đường đô thị, đường xã, đường",Đối tượng,5,Doanh nghiệp Việt Nam,,52/2025/QĐ-UBND
1.014858,"Cấp phép thi công nút giao đấu nối vào đường đô thị, đường xã, đường t",Đối tượng,1,Công dân Việt Nam,,52/2025/QĐ-UBND
1.014858,"Cấp phép thi công nút giao đấu nối vào đường đô thị, đường xã, đường t",Đối tượng,2,Doanh nghiệp,,52/2025/QĐ-UBND
1.014858,"Cấp phép thi công nút giao đấu nối vào đường đô thị, đường xã, đường t",Đối tượng,3,Hợp tác xã,,52/2025/QĐ-UBND
1.014858,"Cấp phép thi công nút giao đấu nối vào đường đô thị, đường xã, đường t",Đối tượng,4,Doanh nghiệp Việt Nam,,52/2025/QĐ-UBND
1.014858,"Cấp phép thi công nút giao đấu nối vào đường đô thị, đường xã, đường t",Đối tượng,5,"Tổ chức (không bao gồm doanh nghiệp, HTX)",,52/2025/QĐ-UBND
1.014866,Đề nghị chấp thuận thiết kế nút giao đấu nối vào đường bộ đang khai th,Đối tượng,1,Công dân Việt Nam,,41/2024/TT-BGTVT; 36/2024/QH15; 11/2026/QĐ-UBND; 140/2025/NĐ-CP; 165/2024/NĐ-CP; Luật đường bộ năm 2024
1.014866,Đề nghị chấp thuận thiết kế nút giao đấu nối vào đường bộ đang khai th,Đối tượng,2,Tổ chức nước ngoài,,41/2024/TT-BGTVT; 36/2024/QH15; 11/2026/QĐ-UBND; 140/2025/NĐ-CP; 165/2024/NĐ-CP; Luật đường bộ năm 2024
1.014866,Đề nghị chấp thuận thiết kế nút giao đấu nối vào đường bộ đang khai th,Đối tượng,3,"Cán bộ, công chức, viên chức",,41/2024/TT-BGTVT; 36/2024/QH15; 11/2026/QĐ-UBND; 140/2025/NĐ-CP; 165/2024/NĐ-CP; Luật đường bộ năm 2024
1.014866,Đề nghị chấp thuận thiết kế nút giao đấu nối vào đường bộ đang khai th,Đối tượng,4,"Tổ chức (không bao gồm doanh nghiệp, HTX)",,41/2024/TT-BGTVT; 36/2024/QH15; 11/2026/QĐ-UBND; 140/2025/NĐ-CP; 165/2024/NĐ-CP; Luật đường bộ năm 2024
1.014866,Đề nghị chấp thuận thiết kế nút giao đấu nối vào đường bộ đang khai th,Đối tượng,5,Người Việt Nam định cư ở nước ngoài,,41/2024/TT-BGTVT; 36/2024/QH15; 11/2026/QĐ-UBND; 140/2025/NĐ-CP; 165/2024/NĐ-CP; Luật đường bộ năm 2024
1.014867,Đề nghị chấp thuận cấp phép thi công nút giao đấu nối vào đường bộ đan,Đối tượng,1,Công dân Việt Nam,,41/2024/TT-BGTVT; 36/2024/QH15; 140/2025/NĐ-CP; 165/2024/NĐ-CP; 127/2025/NĐ-CP; 11/2026/QĐ-UBND; Luật đường bộ năm 2024
1.014867,Đề nghị chấp thuận cấp phép thi công nút giao đấu nối vào đường bộ đan,Đối tượng,2,Doanh nghiệp,,41/2024/TT-BGTVT; 36/2024/QH15; 140/2025/NĐ-CP; 165/2024/NĐ-CP; 127/2025/NĐ-CP; 11/2026/QĐ-UBND; Luật đường bộ năm 2024
1.014867,Đề nghị chấp thuận cấp phép thi công nút giao đấu nối vào đường bộ đan,Đối tượng,3,"Cán bộ, công chức, viên chức",,41/2024/TT-BGTVT; 36/2024/QH15; 140/2025/NĐ-CP; 165/2024/NĐ-CP; 127/2025/NĐ-CP; 11/2026/QĐ-UBND; Luật đường bộ năm 2024
1.014867,Đề nghị chấp thuận cấp phép thi công nút giao đấu nối vào đường bộ đan,Đối tượng,4,"Tổ chức (không bao gồm doanh nghiệp, HTX)",,41/2024/TT-BGTVT; 36/2024/QH15; 140/2025/NĐ-CP; 165/2024/NĐ-CP; 127/2025/NĐ-CP; 11/2026/QĐ-UBND; Luật đường bộ năm 2024
1.014868,Chấp thuận xây dựng nút giao đấu nối vào tuyến đường do Ủy ban nhân dâ,Đối tượng,1,"Tổ chức (không bao gồm doanh nghiệp, HTX)",,140/2025/NĐ-CP; 165/2024/NĐ-CP; 35/2024/QH15; 41/2024/TT-BGTVT; 36/2024/QH15; 11/2026/QĐ-UBND; 127/2025/NĐ-CP
1.014868,Chấp thuận xây dựng nút giao đấu nối vào tuyến đường do Ủy ban nhân dâ,Đối tượng,2,Công dân Việt Nam,,140/2025/NĐ-CP; 165/2024/NĐ-CP; 35/2024/QH15; 41/2024/TT-BGTVT; 36/2024/QH15; 11/2026/QĐ-UBND; 127/2025/NĐ-CP
1.014868,Chấp thuận xây dựng nút giao đấu nối vào tuyến đường do Ủy ban nhân dâ,Đối tượng,3,Doanh nghiệp,,140/2025/NĐ-CP; 165/2024/NĐ-CP; 35/2024/QH15; 41/2024/TT-BGTVT; 36/2024/QH15; 11/2026/QĐ-UBND; 127/2025/NĐ-CP
1.014868,Chấp thuận xây dựng nút giao đấu nối vào tuyến đường do Ủy ban nhân dâ,Đối tượng,4,"Cán bộ, công chức, viên chức",,140/2025/NĐ-CP; 165/2024/NĐ-CP; 35/2024/QH15; 41/2024/TT-BGTVT; 36/2024/QH15; 11/2026/QĐ-UBND; 127/2025/NĐ-CP
1.014973,Hỗ trợ đầu tư phát triển du lịch cộng đồng,Đối tượng,1,Công dân Việt Nam,,02/2026/NQ-HĐND
1.014973,Hỗ trợ đầu tư phát triển du lịch cộng đồng,Đối tượng,2,Doanh nghiệp,,02/2026/NQ-HĐND
1.014973,Hỗ trợ đầu tư phát triển du lịch cộng đồng,Đối tượng,3,Hợp tác xã,,02/2026/NQ-HĐND
1.014974,"Hỗ trợ đào tạo nguồn nhân lực du lịch, xúc tiến quảng bá du lịch cộng",Đối tượng,1,Công dân Việt Nam,,02/2026/NQ-HĐND
1.014974,"Hỗ trợ đào tạo nguồn nhân lực du lịch, xúc tiến quảng bá du lịch cộng",Đối tượng,2,Doanh nghiệp,,02/2026/NQ-HĐND
1.014974,"Hỗ trợ đào tạo nguồn nhân lực du lịch, xúc tiến quảng bá du lịch cộng",Đối tượng,3,Hợp tác xã,,02/2026/NQ-HĐND
1.014975,"Hỗ trợ phát triển sản phẩm du lịch cộng đồng, chỉnh trang cảnh quan du",Đối tượng,1,Công dân Việt Nam,,02/2026/NQ-HĐND
1.014975,"Hỗ trợ phát triển sản phẩm du lịch cộng đồng, chỉnh trang cảnh quan du",Đối tượng,2,Doanh nghiệp,,02/2026/NQ-HĐND
1.014975,"Hỗ trợ phát triển sản phẩm du lịch cộng đồng, chỉnh trang cảnh quan du",Đối tượng,3,Hợp tác xã,,02/2026/NQ-HĐND
1.014996,"Chuyển đổi nhà trẻ, trường mẫu giáo, trường mầm non tư thục do nhà đầu",Đối tượng,1,Doanh nghiệp Việt Nam,,Không có thông tin căn cứ pháp lý trong dữ liệu gốc
1.014996,"Chuyển đổi nhà trẻ, trường mẫu giáo, trường mầm non tư thục do nhà đầu",Đối tượng,2,Doanh nghiệp có vốn đầu tư nước ngoài,,Không có thông tin căn cứ pháp lý trong dữ liệu gốc
1.114998,Chấp thuận đề nghị đấu nối vào đường tỉnh,Đối tượng,1,Công dân Việt Nam,,Không có thông tin căn cứ pháp lý trong dữ liệu gốc
1.114998,Chấp thuận đề nghị đấu nối vào đường tỉnh,Đối tượng,2,Doanh nghiệp,,Không có thông tin căn cứ pháp lý trong dữ liệu gốc
1.115019,Cấp phép thi công nút giao,Đối tượng,1,Công dân Việt Nam,,Không có thông tin căn cứ pháp lý trong dữ liệu gốc
1.115019,Cấp phép thi công nút giao,Đối tượng,2,Doanh nghiệp,,Không có thông tin căn cứ pháp lý trong dữ liệu gốc
1.115019,Cấp phép thi công nút giao,Đối tượng,3,"Cán bộ, công chức, viên chức",,Không có thông tin căn cứ pháp lý trong dữ liệu gốc
1.115020,Chấp thuận thiết kế nút giao,Đối tượng,1,Công dân Việt Nam,,Luật đường bộ năm 2024; 93/2026/QĐ-UBND
1.115020,Chấp thuận thiết kế nút giao,Đối tượng,2,Doanh nghiệp,,Luật đường bộ năm 2024; 93/2026/QĐ-UBND
1.115020,Chấp thuận thiết kế nút giao,Đối tượng,3,"Cán bộ, công chức, viên chức",,Luật đường bộ năm 2024; 93/2026/QĐ-UBND
1.115116,Đề nghị sử dụng kinh phí từ Quỹ Bảo trợ trẻ em cho người chưa thành ni,Đối tượng,1,Doanh nghiệp Việt Nam,,59/2024/QH15; 131/2026/NĐ-CP
1.115116,Đề nghị sử dụng kinh phí từ Quỹ Bảo trợ trẻ em cho người chưa thành ni,Đối tượng,2,Doanh nghiệp có vốn đầu tư nước ngoài,,59/2024/QH15; 131/2026/NĐ-CP
1.115116,Đề nghị sử dụng kinh phí từ Quỹ Bảo trợ trẻ em cho người chưa thành ni,Đối tượng,3,Công dân Việt Nam,,59/2024/QH15; 131/2026/NĐ-CP
1.115116,Đề nghị sử dụng kinh phí từ Quỹ Bảo trợ trẻ em cho người chưa thành ni,Đối tượng,4,Doanh nghiệp,,59/2024/QH15; 131/2026/NĐ-CP
1.115116,Đề nghị sử dụng kinh phí từ Quỹ Bảo trợ trẻ em cho người chưa thành ni,Đối tượng,5,Người nước ngoài,,59/2024/QH15; 131/2026/NĐ-CP
1.115116,Đề nghị sử dụng kinh phí từ Quỹ Bảo trợ trẻ em cho người chưa thành ni,Đối tượng,6,Tổ chức nước ngoài,,59/2024/QH15; 131/2026/NĐ-CP
1.115116,Đề nghị sử dụng kinh phí từ Quỹ Bảo trợ trẻ em cho người chưa thành ni,Đối tượng,7,"Cán bộ, công chức, viên chức",,59/2024/QH15; 131/2026/NĐ-CP
1.115116,Đề nghị sử dụng kinh phí từ Quỹ Bảo trợ trẻ em cho người chưa thành ni,Đối tượng,8,Đảng viên,,59/2024/QH15; 131/2026/NĐ-CP
1.115116,Đề nghị sử dụng kinh phí từ Quỹ Bảo trợ trẻ em cho người chưa thành ni,Đối tượng,9,"Tổ chức (không bao gồm doanh nghiệp, HTX)",,59/2024/QH15; 131/2026/NĐ-CP
1.115116,Đề nghị sử dụng kinh phí từ Quỹ Bảo trợ trẻ em cho người chưa thành ni,Đối tượng,10,Người Việt Nam định cư ở nước ngoài,,59/2024/QH15; 131/2026/NĐ-CP
1.115128,Chấp thuận thiết kế nút giao đấu nối với đường tỉnh đang khai thác,Đối tượng,1,Công dân Việt Nam,,140/2025/NĐ-CP; 165/2024/NĐ-CP; 35/2024/QH15; 83/2025/QĐ-UBND; 41/2024/TT-BGTVT; 36/2024/QH15; 62/2020/QH14; 50/2014/QH13
1.115128,Chấp thuận thiết kế nút giao đấu nối với đường tỉnh đang khai thác,Đối tượng,2,Doanh nghiệp,,140/2025/NĐ-CP; 165/2024/NĐ-CP; 35/2024/QH15; 83/2025/QĐ-UBND; 41/2024/TT-BGTVT; 36/2024/QH15; 62/2020/QH14; 50/2014/QH13
1.115128,Chấp thuận thiết kế nút giao đấu nối với đường tỉnh đang khai thác,Đối tượng,3,"Tổ chức (không bao gồm doanh nghiệp, HTX)",,140/2025/NĐ-CP; 165/2024/NĐ-CP; 35/2024/QH15; 83/2025/QĐ-UBND; 41/2024/TT-BGTVT; 36/2024/QH15; 62/2020/QH14; 50/2014/QH13
1.115129,Cấp phép thi công nút giao đấu nối với đường tỉnh đang khai thác,Đối tượng,1,Công dân Việt Nam,,83/2025/QĐ-UBND; 36/2024/QH15; 50/2014/QH13; 41/2024/TT-BGTVT; 62/2020/QH14; 140/2025/NĐ-CP; 144/2025/NĐ-CP; 165/2024/NĐ-CP; 35/2024/QH15
1.115129,Cấp phép thi công nút giao đấu nối với đường tỉnh đang khai thác,Đối tượng,2,Doanh nghiệp,,83/2025/QĐ-UBND; 36/2024/QH15; 50/2014/QH13; 41/2024/TT-BGTVT; 62/2020/QH14; 140/2025/NĐ-CP; 144/2025/NĐ-CP; 165/2024/NĐ-CP; 35/2024/QH15
1.115129,Cấp phép thi công nút giao đấu nối với đường tỉnh đang khai thác,Đối tượng,3,"Tổ chức (không bao gồm doanh nghiệp, HTX)",,83/2025/QĐ-UBND; 36/2024/QH15; 50/2014/QH13; 41/2024/TT-BGTVT; 62/2020/QH14; 140/2025/NĐ-CP; 144/2025/NĐ-CP; 165/2024/NĐ-CP; 35/2024/QH15
1.115130,"Chấp thuận thiết kế nút giao đấu nối với đường đô thị, đường xã, đường",Đối tượng,1,Doanh nghiệp,,83/2025/QĐ-UBND; 36/2024/QH15; 50/2014/QH13; 35/2024/QH15; 165/2024/NĐ-CP; 140/2025/NĐ-CP; 144/2025/NĐ-CP; 41/2024/TT-BGTVT
1.115130,"Chấp thuận thiết kế nút giao đấu nối với đường đô thị, đường xã, đường",Đối tượng,2,Công dân Việt Nam,,83/2025/QĐ-UBND; 36/2024/QH15; 50/2014/QH13; 35/2024/QH15; 165/2024/NĐ-CP; 140/2025/NĐ-CP; 144/2025/NĐ-CP; 41/2024/TT-BGTVT
1.115130,"Chấp thuận thiết kế nút giao đấu nối với đường đô thị, đường xã, đường",Đối tượng,3,"Tổ chức (không bao gồm doanh nghiệp, HTX)",,83/2025/QĐ-UBND; 36/2024/QH15; 50/2014/QH13; 35/2024/QH15; 165/2024/NĐ-CP; 140/2025/NĐ-CP; 144/2025/NĐ-CP; 41/2024/TT-BGTVT
1.115131,"Cấp phép thi công nút giao đấu nối với đường đô thị, đường xã, đường t",Đối tượng,1,"Tổ chức (không bao gồm doanh nghiệp, HTX)",,36/2024/QH15; 62/2020/QH14; 50/2014/QH13; 83/2025/QĐ-UBND; 140/2025/NĐ-CP; 144/2025/NĐ-CP; 165/2024/NĐ-CP; 35/2024/QH15
1.115131,"Cấp phép thi công nút giao đấu nối với đường đô thị, đường xã, đường t",Đối tượng,2,Doanh nghiệp,,36/2024/QH15; 62/2020/QH14; 50/2014/QH13; 83/2025/QĐ-UBND; 140/2025/NĐ-CP; 144/2025/NĐ-CP; 165/2024/NĐ-CP; 35/2024/QH15
1.115131,"Cấp phép thi công nút giao đấu nối với đường đô thị, đường xã, đường t",Đối tượng,3,Công dân Việt Nam,,36/2024/QH15; 62/2020/QH14; 50/2014/QH13; 83/2025/QĐ-UBND; 140/2025/NĐ-CP; 144/2025/NĐ-CP; 165/2024/NĐ-CP; 35/2024/QH15
1.115145,Thủ tục điều chỉnh Quyết định chấp thuận nhà đầu tư thuộc thẩm quyền c,Đối tượng,1,Doanh nghiệp Việt Nam,,96/2026/NĐ-CP; 55/2026/TT-BTC; 143/2025/QH15
1.115145,Thủ tục điều chỉnh Quyết định chấp thuận nhà đầu tư thuộc thẩm quyền c,Đối tượng,2,Doanh nghiệp có vốn đầu tư nước ngoài,,96/2026/NĐ-CP; 55/2026/TT-BTC; 143/2025/QH15
1.115145,Thủ tục điều chỉnh Quyết định chấp thuận nhà đầu tư thuộc thẩm quyền c,Đối tượng,3,Công dân Việt Nam,,96/2026/NĐ-CP; 55/2026/TT-BTC; 143/2025/QH15
1.115145,Thủ tục điều chỉnh Quyết định chấp thuận nhà đầu tư thuộc thẩm quyền c,Đối tượng,4,Doanh nghiệp,,96/2026/NĐ-CP; 55/2026/TT-BTC; 143/2025/QH15
1.115145,Thủ tục điều chỉnh Quyết định chấp thuận nhà đầu tư thuộc thẩm quyền c,Đối tượng,5,Người nước ngoài,,96/2026/NĐ-CP; 55/2026/TT-BTC; 143/2025/QH15
1.115145,Thủ tục điều chỉnh Quyết định chấp thuận nhà đầu tư thuộc thẩm quyền c,Đối tượng,6,Tổ chức Đảng,,96/2026/NĐ-CP; 55/2026/TT-BTC; 143/2025/QH15
1.115145,Thủ tục điều chỉnh Quyết định chấp thuận nhà đầu tư thuộc thẩm quyền c,Đối tượng,7,Tổ chức nước ngoài,,96/2026/NĐ-CP; 55/2026/TT-BTC; 143/2025/QH15
1.115145,Thủ tục điều chỉnh Quyết định chấp thuận nhà đầu tư thuộc thẩm quyền c,Đối tượng,8,Hợp tác xã,,96/2026/NĐ-CP; 55/2026/TT-BTC; 143/2025/QH15
1.115145,Thủ tục điều chỉnh Quyết định chấp thuận nhà đầu tư thuộc thẩm quyền c,Đối tượng,9,"Tổ chức (không bao gồm doanh nghiệp, HTX)",,96/2026/NĐ-CP; 55/2026/TT-BTC; 143/2025/QH15
1.115145,Thủ tục điều chỉnh Quyết định chấp thuận nhà đầu tư thuộc thẩm quyền c,Đối tượng,10,Người Việt Nam định cư ở nước ngoài,,96/2026/NĐ-CP; 55/2026/TT-BTC; 143/2025/QH15
1.115145,Thủ tục điều chỉnh Quyết định chấp thuận nhà đầu tư thuộc thẩm quyền c,Đối tượng,11,Đảng viên,,96/2026/NĐ-CP; 55/2026/TT-BTC; 143/2025/QH15
1.115146,Thủ tục điều chỉnh Giấy chứng nhận đăng ký hoạt động văn phòng điều hà,Đối tượng,1,Doanh nghiệp có vốn đầu tư nước ngoài,,96/2026/NĐ-CP; 55/2026/TT-BTC; 143/2025/QH15
1.115146,Thủ tục điều chỉnh Giấy chứng nhận đăng ký hoạt động văn phòng điều hà,Đối tượng,2,Người nước ngoài,,96/2026/NĐ-CP; 55/2026/TT-BTC; 143/2025/QH15
1.115146,Thủ tục điều chỉnh Giấy chứng nhận đăng ký hoạt động văn phòng điều hà,Đối tượng,3,Tổ chức nước ngoài,,96/2026/NĐ-CP; 55/2026/TT-BTC; 143/2025/QH15
1.115146,Thủ tục điều chỉnh Giấy chứng nhận đăng ký hoạt động văn phòng điều hà,Đối tượng,4,Người Việt Nam định cư ở nước ngoài,,96/2026/NĐ-CP; 55/2026/TT-BTC; 143/2025/QH15
1.115147,Thủ tục áp dụng biện pháp bảo đảm đầu tư,Đối tượng,1,Doanh nghiệp Việt Nam,,96/2026/NĐ-CP; 55/2026/TT-BTC; 143/2025/QH15
1.115147,Thủ tục áp dụng biện pháp bảo đảm đầu tư,Đối tượng,2,Doanh nghiệp có vốn đầu tư nước ngoài,,96/2026/NĐ-CP; 55/2026/TT-BTC; 143/2025/QH15
1.115147,Thủ tục áp dụng biện pháp bảo đảm đầu tư,Đối tượng,3,Người Việt Nam định cư ở nước ngoài,,96/2026/NĐ-CP; 55/2026/TT-BTC; 143/2025/QH15
1.115147,Thủ tục áp dụng biện pháp bảo đảm đầu tư,Đối tượng,4,"Tổ chức (không bao gồm doanh nghiệp, HTX)",,96/2026/NĐ-CP; 55/2026/TT-BTC; 143/2025/QH15
1.115147,Thủ tục áp dụng biện pháp bảo đảm đầu tư,Đối tượng,5,Công dân Việt Nam,,96/2026/NĐ-CP; 55/2026/TT-BTC; 143/2025/QH15
1.115147,Thủ tục áp dụng biện pháp bảo đảm đầu tư,Đối tượng,6,Doanh nghiệp,,96/2026/NĐ-CP; 55/2026/TT-BTC; 143/2025/QH15
1.115147,Thủ tục áp dụng biện pháp bảo đảm đầu tư,Đối tượng,7,Người nước ngoài,,96/2026/NĐ-CP; 55/2026/TT-BTC; 143/2025/QH15
1.115147,Thủ tục áp dụng biện pháp bảo đảm đầu tư,Đối tượng,8,Tổ chức nước ngoài,,96/2026/NĐ-CP; 55/2026/TT-BTC; 143/2025/QH15
1.115147,Thủ tục áp dụng biện pháp bảo đảm đầu tư,Đối tượng,9,"Cán bộ, công chức, viên chức",,96/2026/NĐ-CP; 55/2026/TT-BTC; 143/2025/QH15
1.115147,Thủ tục áp dụng biện pháp bảo đảm đầu tư,Đối tượng,10,Đảng viên,,96/2026/NĐ-CP; 55/2026/TT-BTC; 143/2025/QH15
1.115147,Thủ tục áp dụng biện pháp bảo đảm đầu tư,Đối tượng,11,Hợp tác xã,,96/2026/NĐ-CP; 55/2026/TT-BTC; 143/2025/QH15
1.115150,"Thủ tục bán, cho thuê mua, cho thuê nhà ở xã hội được đầu tư xây dựng",Đối tượng,1,Đảng viên,,32/2025/TT-BXD; 261/2025/NĐ-CP; 54/2026/NĐ-CP; 27/2023/QH15; 100/2024/NĐ-CP; 08/2026/TT-BXD
1.115150,"Thủ tục bán, cho thuê mua, cho thuê nhà ở xã hội được đầu tư xây dựng",Đối tượng,2,Công dân Việt Nam,,32/2025/TT-BXD; 261/2025/NĐ-CP; 54/2026/NĐ-CP; 27/2023/QH15; 100/2024/NĐ-CP; 08/2026/TT-BXD
1.115150,"Thủ tục bán, cho thuê mua, cho thuê nhà ở xã hội được đầu tư xây dựng",Đối tượng,3,"Cán bộ, công chức, viên chức",,32/2025/TT-BXD; 261/2025/NĐ-CP; 54/2026/NĐ-CP; 27/2023/QH15; 100/2024/NĐ-CP; 08/2026/TT-BXD
1.115151,"Thủ tục bán, cho thuê mua, cho thuê nhà ở cho lực lượng vũ trang nhân",Đối tượng,1,Đảng viên,,27/2023/QH15; 32/2025/TT-BXD; 261/2025/NĐ-CP; 100/2024/NĐ-CP; 08/2026/TT-BXD; 54/2026/NĐ-CP
1.115151,"Thủ tục bán, cho thuê mua, cho thuê nhà ở cho lực lượng vũ trang nhân",Đối tượng,2,Công dân Việt Nam,,27/2023/QH15; 32/2025/TT-BXD; 261/2025/NĐ-CP; 100/2024/NĐ-CP; 08/2026/TT-BXD; 54/2026/NĐ-CP
1.115151,"Thủ tục bán, cho thuê mua, cho thuê nhà ở cho lực lượng vũ trang nhân",Đối tượng,3,"Cán bộ, công chức, viên chức",,27/2023/QH15; 32/2025/TT-BXD; 261/2025/NĐ-CP; 100/2024/NĐ-CP; 08/2026/TT-BXD; 54/2026/NĐ-CP
1.115228,"Cấp lại Giấy chứng nhận đủ điều kiện về an ninh, trật tự đối với trườn",Đối tượng,1,Doanh nghiệp Việt Nam,,218/2016/TT-BTC; 96/2016/NĐ-CP; 56/2023/NĐ-CP; 15/2022/TT-BCA; 23/2019/TT-BTC; 42/2017/TT-BCA
1.115228,"Cấp lại Giấy chứng nhận đủ điều kiện về an ninh, trật tự đối với trườn",Đối tượng,2,Doanh nghiệp có vốn đầu tư nước ngoài,,218/2016/TT-BTC; 96/2016/NĐ-CP; 56/2023/NĐ-CP; 15/2022/TT-BCA; 23/2019/TT-BTC; 42/2017/TT-BCA
1.115228,"Cấp lại Giấy chứng nhận đủ điều kiện về an ninh, trật tự đối với trườn",Đối tượng,3,Doanh nghiệp,,218/2016/TT-BTC; 96/2016/NĐ-CP; 56/2023/NĐ-CP; 15/2022/TT-BCA; 23/2019/TT-BTC; 42/2017/TT-BCA
1.115228,"Cấp lại Giấy chứng nhận đủ điều kiện về an ninh, trật tự đối với trườn",Đối tượng,4,Hợp tác xã,,218/2016/TT-BTC; 96/2016/NĐ-CP; 56/2023/NĐ-CP; 15/2022/TT-BCA; 23/2019/TT-BTC; 42/2017/TT-BCA
1.115229,"Cấp lại Giấy chứng nhận đủ điều kiện về an ninh, trật tự đối với trườn",Đối tượng,1,Hợp tác xã,,96/2016/NĐ-CP; 56/2023/NĐ-CP; 15/2022/TT-BCA; 218/2016/TT-BTC; 23/2019/TT-BTC; 42/2017/TT-BCA
1.115229,"Cấp lại Giấy chứng nhận đủ điều kiện về an ninh, trật tự đối với trườn",Đối tượng,2,Doanh nghiệp,,96/2016/NĐ-CP; 56/2023/NĐ-CP; 15/2022/TT-BCA; 218/2016/TT-BTC; 23/2019/TT-BTC; 42/2017/TT-BCA
1.115229,"Cấp lại Giấy chứng nhận đủ điều kiện về an ninh, trật tự đối với trườn",Đối tượng,3,Doanh nghiệp có vốn đầu tư nước ngoài,,96/2016/NĐ-CP; 56/2023/NĐ-CP; 15/2022/TT-BCA; 218/2016/TT-BTC; 23/2019/TT-BTC; 42/2017/TT-BCA
1.115229,"Cấp lại Giấy chứng nhận đủ điều kiện về an ninh, trật tự đối với trườn",Đối tượng,4,Doanh nghiệp Việt Nam,,96/2016/NĐ-CP; 56/2023/NĐ-CP; 15/2022/TT-BCA; 218/2016/TT-BTC; 23/2019/TT-BTC; 42/2017/TT-BCA
1.115230,"Cấp lại Giấy chứng nhận đủ điều kiện về an ninh, trật tự đối với trườn",Đối tượng,1,Doanh nghiệp có vốn đầu tư nước ngoài,,218/2016/TT-BTC; 96/2016/NĐ-CP; 56/2023/NĐ-CP; 23/2019/TT-BTC; 15/2022/TT-BCA; 42/2017/TT-BCA
1.115230,"Cấp lại Giấy chứng nhận đủ điều kiện về an ninh, trật tự đối với trườn",Đối tượng,2,Doanh nghiệp Việt Nam,,218/2016/TT-BTC; 96/2016/NĐ-CP; 56/2023/NĐ-CP; 23/2019/TT-BTC; 15/2022/TT-BCA; 42/2017/TT-BCA
1.115230,"Cấp lại Giấy chứng nhận đủ điều kiện về an ninh, trật tự đối với trườn",Đối tượng,3,Hợp tác xã,,218/2016/TT-BTC; 96/2016/NĐ-CP; 56/2023/NĐ-CP; 23/2019/TT-BTC; 15/2022/TT-BCA; 42/2017/TT-BCA
1.115377,"Thông báo phát triển nguồn điện mặt trời mái nhà tự sản xuất, tự tiêu",Đối tượng,1,Doanh nghiệp có vốn đầu tư nước ngoài,,58/2025/NĐ-CP; 62/2026/TT-BCA
1.115377,"Thông báo phát triển nguồn điện mặt trời mái nhà tự sản xuất, tự tiêu",Đối tượng,2,Công dân Việt Nam,,58/2025/NĐ-CP; 62/2026/TT-BCA
1.115377,"Thông báo phát triển nguồn điện mặt trời mái nhà tự sản xuất, tự tiêu",Đối tượng,3,Doanh nghiệp,,58/2025/NĐ-CP; 62/2026/TT-BCA
1.115377,"Thông báo phát triển nguồn điện mặt trời mái nhà tự sản xuất, tự tiêu",Đối tượng,4,Công dân Việt Nam mà không xác định được nơi thường trú hoặc nơi tạm trú,,58/2025/NĐ-CP; 62/2026/TT-BCA
1.115380,Thành lập hoặc cho phép thành lập trường đại học theo Luật Thủ đô,Đối tượng,1,"Tổ chức (không bao gồm doanh nghiệp, HTX)",,02/2026/QH16; 15/2026/NQ-HĐND
1.115380,Thành lập hoặc cho phép thành lập trường đại học theo Luật Thủ đô,Đối tượng,2,Công dân Việt Nam,,02/2026/QH16; 15/2026/NQ-HĐND
1.115381,"Sáp nhập, chia, tách trường đại học theo Luật Thủ đô",Đối tượng,1,"Tổ chức (không bao gồm doanh nghiệp, HTX)",,02/2026/QH16; 15/2026/NQ-HĐND
1.115381,"Sáp nhập, chia, tách trường đại học theo Luật Thủ đô",Đối tượng,2,Công dân Việt Nam,,02/2026/QH16; 15/2026/NQ-HĐND
1.115382,Sáp nhập trường cao đẳng vào trường đại học theo Luật Thủ đô,Đối tượng,1,Công dân Việt Nam,,02/2026/QH16; 15/2026/NQ-HĐND
1.115382,Sáp nhập trường cao đẳng vào trường đại học theo Luật Thủ đô,Đối tượng,2,"Tổ chức (không bao gồm doanh nghiệp, HTX)",,02/2026/QH16; 15/2026/NQ-HĐND
1.115383,"Giải thể trường đại học theo Luật Thủ đô (theo dề nghị của cơ quan, tổ",Đối tượng,1,Công dân Việt Nam,,02/2026/QH16; 15/2026/NQ-HĐND
1.115383,"Giải thể trường đại học theo Luật Thủ đô (theo dề nghị của cơ quan, tổ",Đối tượng,2,"Tổ chức (không bao gồm doanh nghiệp, HTX)",,02/2026/QH16; 15/2026/NQ-HĐND
1.115384,Đổi tên trường đại học theo Luật Thủ đô,Đối tượng,1,"Tổ chức (không bao gồm doanh nghiệp, HTX)",,02/2026/QH16; 15/2026/NQ-HĐND
1.115384,Đổi tên trường đại học theo Luật Thủ đô,Đối tượng,2,Công dân Việt Nam,,02/2026/QH16; 15/2026/NQ-HĐND
1.115385,Cấp phép hoạt động giáo dục đại học theo Luật Thủ đô,Đối tượng,1,Công dân Việt Nam,,02/2026/QH16; 15/2026/NQ-HĐND
1.115385,Cấp phép hoạt động giáo dục đại học theo Luật Thủ đô,Đối tượng,2,"Tổ chức (không bao gồm doanh nghiệp, HTX)",,02/2026/QH16; 15/2026/NQ-HĐND
1.115386,Thành lập hoặc cho phép thành lập trường cao đẳng theo Luật Thủ đô,Đối tượng,1,"Tổ chức (không bao gồm doanh nghiệp, HTX)",,02/2026/QH16; 15/2026/NQ-HĐND
1.115386,Thành lập hoặc cho phép thành lập trường cao đẳng theo Luật Thủ đô,Đối tượng,2,Công dân Việt Nam,,02/2026/QH16; 15/2026/NQ-HĐND
1.115387,"Chia, tách, sáp nhập trường cao đẳng; Sáp nhập trường trung cấp vào tr",Đối tượng,1,"Tổ chức (không bao gồm doanh nghiệp, HTX)",,02/2026/QH16; 15/2026/NQ-HĐND
1.115387,"Chia, tách, sáp nhập trường cao đẳng; Sáp nhập trường trung cấp vào tr",Đối tượng,2,Công dân Việt Nam,,02/2026/QH16; 15/2026/NQ-HĐND
1.115388,"Giải thể trường cao đẳng theo Luật Thủ đô (theo đề nghị của cơ quan, t",Đối tượng,1,Công dân Việt Nam,,02/2026/QH16; 15/2026/NQ-HĐND
1.115388,"Giải thể trường cao đẳng theo Luật Thủ đô (theo đề nghị của cơ quan, t",Đối tượng,2,"Tổ chức (không bao gồm doanh nghiệp, HTX)",,02/2026/QH16; 15/2026/NQ-HĐND
1.115389,Đổi tên trường cao đẳng theo Luật Thủ đô,Đối tượng,1,"Tổ chức (không bao gồm doanh nghiệp, HTX)",,02/2026/QH16; 15/2026/NQ-HĐND
1.115389,Đổi tên trường cao đẳng theo Luật Thủ đô,Đối tượng,2,Công dân Việt Nam,,02/2026/QH16; 15/2026/NQ-HĐND
1.115390,"Cấp phép hoạt động giáo dục nghề nghiệp đối với trường cao đẳng, trườn",Đối tượng,1,"Tổ chức (không bao gồm doanh nghiệp, HTX)",,02/2026/QH16; 15/2026/NQ-HĐND
1.115390,"Cấp phép hoạt động giáo dục nghề nghiệp đối với trường cao đẳng, trườn",Đối tượng,2,Công dân Việt Nam,,02/2026/QH16; 15/2026/NQ-HĐND
1.115407,Kiểm tra chất lượng hàng hóa vật liệu xây dựng nhập khẩu có mức độ rủi,Đối tượng,1,Công dân Việt Nam,,37/2026/NĐ-CP; 78/2025/QH15; 04/2023/TT-BXD; 41/2026/TT-BXD
1.115407,Kiểm tra chất lượng hàng hóa vật liệu xây dựng nhập khẩu có mức độ rủi,Đối tượng,2,Doanh nghiệp,,37/2026/NĐ-CP; 78/2025/QH15; 04/2023/TT-BXD; 41/2026/TT-BXD
1.115407,Kiểm tra chất lượng hàng hóa vật liệu xây dựng nhập khẩu có mức độ rủi,Đối tượng,3,"Cán bộ, công chức, viên chức",,37/2026/NĐ-CP; 78/2025/QH15; 04/2023/TT-BXD; 41/2026/TT-BXD
1.115478,Cấp giấy chứng nhận hoạt động đánh giá kỹ năng nghề quốc gia (Cấp tỉnh,Đối tượng,1,Công dân Việt Nam,,74/2025/QH15; 138/2026/NĐ-CP
1.115478,Cấp giấy chứng nhận hoạt động đánh giá kỹ năng nghề quốc gia (Cấp tỉnh,Đối tượng,2,"Tổ chức (không bao gồm doanh nghiệp, HTX)",,74/2025/QH15; 138/2026/NĐ-CP
1.115486,Thủ tục công nhận hạng cơ sở lưu trú du lịch trên địa bàn Thành phố đố,Đối tượng,1,Công dân Việt Nam,,Không có thông tin căn cứ pháp lý trong dữ liệu gốc
1.115486,Thủ tục công nhận hạng cơ sở lưu trú du lịch trên địa bàn Thành phố đố,Đối tượng,2,Doanh nghiệp,,Không có thông tin căn cứ pháp lý trong dữ liệu gốc
1.115970,"Đăng ký, cấp chứng nhận đăng ký xe, biển số xe",Đối tượng,1,Công dân Việt Nam,,36/2024/QH15; 154/2025/TT-BTC; 79/2024/TT-BCA; 118/2025/QH15; 62/2026/TT-BCA; 155/2025/TT-BTC
1.115970,"Đăng ký, cấp chứng nhận đăng ký xe, biển số xe",Đối tượng,2,Người nước ngoài,,36/2024/QH15; 154/2025/TT-BTC; 79/2024/TT-BCA; 118/2025/QH15; 62/2026/TT-BCA; 155/2025/TT-BTC
1.115970,"Đăng ký, cấp chứng nhận đăng ký xe, biển số xe",Đối tượng,3,Tổ chức nước ngoài,,36/2024/QH15; 154/2025/TT-BTC; 79/2024/TT-BCA; 118/2025/QH15; 62/2026/TT-BCA; 155/2025/TT-BTC
1.115970,"Đăng ký, cấp chứng nhận đăng ký xe, biển số xe",Đối tượng,4,Hợp tác xã,,36/2024/QH15; 154/2025/TT-BTC; 79/2024/TT-BCA; 118/2025/QH15; 62/2026/TT-BCA; 155/2025/TT-BTC
1.115970,"Đăng ký, cấp chứng nhận đăng ký xe, biển số xe",Đối tượng,5,"Cán bộ, công chức, viên chức",,36/2024/QH15; 154/2025/TT-BTC; 79/2024/TT-BCA; 118/2025/QH15; 62/2026/TT-BCA; 155/2025/TT-BTC
1.115970,"Đăng ký, cấp chứng nhận đăng ký xe, biển số xe",Đối tượng,6,"Tổ chức (không bao gồm doanh nghiệp, HTX)",,36/2024/QH15; 154/2025/TT-BTC; 79/2024/TT-BCA; 118/2025/QH15; 62/2026/TT-BCA; 155/2025/TT-BTC
1.115970,"Đăng ký, cấp chứng nhận đăng ký xe, biển số xe",Đối tượng,7,Người Việt Nam định cư ở nước ngoài,,36/2024/QH15; 154/2025/TT-BTC; 79/2024/TT-BCA; 118/2025/QH15; 62/2026/TT-BCA; 155/2025/TT-BTC
1.115970,"Đăng ký, cấp chứng nhận đăng ký xe, biển số xe",Đối tượng,8,Doanh nghiệp có vốn đầu tư nước ngoài,,36/2024/QH15; 154/2025/TT-BTC; 79/2024/TT-BCA; 118/2025/QH15; 62/2026/TT-BCA; 155/2025/TT-BTC
1.115970,"Đăng ký, cấp chứng nhận đăng ký xe, biển số xe",Đối tượng,9,Doanh nghiệp,,36/2024/QH15; 154/2025/TT-BTC; 79/2024/TT-BCA; 118/2025/QH15; 62/2026/TT-BCA; 155/2025/TT-BTC
1.115971,"Thu hồi chứng nhận đăng ký xe, biển số xe",Đối tượng,1,"Tổ chức (không bao gồm doanh nghiệp, HTX)",,36/2024/QH15; 62/2026/TT-BCA; 79/2024/TT-BCA
1.115971,"Thu hồi chứng nhận đăng ký xe, biển số xe",Đối tượng,2,Người Việt Nam định cư ở nước ngoài,,36/2024/QH15; 62/2026/TT-BCA; 79/2024/TT-BCA
1.115971,"Thu hồi chứng nhận đăng ký xe, biển số xe",Đối tượng,3,Công dân Việt Nam,,36/2024/QH15; 62/2026/TT-BCA; 79/2024/TT-BCA
1.115971,"Thu hồi chứng nhận đăng ký xe, biển số xe",Đối tượng,4,Doanh nghiệp,,36/2024/QH15; 62/2026/TT-BCA; 79/2024/TT-BCA
1.115971,"Thu hồi chứng nhận đăng ký xe, biển số xe",Đối tượng,5,Người nước ngoài,,36/2024/QH15; 62/2026/TT-BCA; 79/2024/TT-BCA
1.115971,"Thu hồi chứng nhận đăng ký xe, biển số xe",Đối tượng,6,"Cán bộ, công chức, viên chức",,36/2024/QH15; 62/2026/TT-BCA; 79/2024/TT-BCA
1.115971,"Thu hồi chứng nhận đăng ký xe, biển số xe",Đối tượng,7,Doanh nghiệp có vốn đầu tư nước ngoài,,36/2024/QH15; 62/2026/TT-BCA; 79/2024/TT-BCA
1.115972,"Cấp, thu hồi giấy phép hoạt động đối với phương tiện giao thông thông",Đối tượng,1,Người nước ngoài,,151/2024/NĐ-CP; 184/2025/NĐ-CP; 22/2026/NQ-CP; 118/2025/QH15; 36/2024/QH15; 62/2026/TT-BCA
1.115972,"Cấp, thu hồi giấy phép hoạt động đối với phương tiện giao thông thông",Đối tượng,2,Doanh nghiệp,,151/2024/NĐ-CP; 184/2025/NĐ-CP; 22/2026/NQ-CP; 118/2025/QH15; 36/2024/QH15; 62/2026/TT-BCA
1.115972,"Cấp, thu hồi giấy phép hoạt động đối với phương tiện giao thông thông",Đối tượng,3,Công dân Việt Nam,,151/2024/NĐ-CP; 184/2025/NĐ-CP; 22/2026/NQ-CP; 118/2025/QH15; 36/2024/QH15; 62/2026/TT-BCA
1.115972,"Cấp, thu hồi giấy phép hoạt động đối với phương tiện giao thông thông",Đối tượng,4,Hợp tác xã,,151/2024/NĐ-CP; 184/2025/NĐ-CP; 22/2026/NQ-CP; 118/2025/QH15; 36/2024/QH15; 62/2026/TT-BCA
1.115972,"Cấp, thu hồi giấy phép hoạt động đối với phương tiện giao thông thông",Đối tượng,5,"Cán bộ, công chức, viên chức",,151/2024/NĐ-CP; 184/2025/NĐ-CP; 22/2026/NQ-CP; 118/2025/QH15; 36/2024/QH15; 62/2026/TT-BCA
1.115972,"Cấp, thu hồi giấy phép hoạt động đối với phương tiện giao thông thông",Đối tượng,6,Người Việt Nam định cư ở nước ngoài,,151/2024/NĐ-CP; 184/2025/NĐ-CP; 22/2026/NQ-CP; 118/2025/QH15; 36/2024/QH15; 62/2026/TT-BCA
1.115972,"Cấp, thu hồi giấy phép hoạt động đối với phương tiện giao thông thông",Đối tượng,7,"Tổ chức (không bao gồm doanh nghiệp, HTX)",,151/2024/NĐ-CP; 184/2025/NĐ-CP; 22/2026/NQ-CP; 118/2025/QH15; 36/2024/QH15; 62/2026/TT-BCA
1.115972,"Cấp, thu hồi giấy phép hoạt động đối với phương tiện giao thông thông",Đối tượng,8,Doanh nghiệp có vốn đầu tư nước ngoài,,151/2024/NĐ-CP; 184/2025/NĐ-CP; 22/2026/NQ-CP; 118/2025/QH15; 36/2024/QH15; 62/2026/TT-BCA
1.115973,"Cấp, cấp lại giấy phép sử dụng thiết bị phát tín hiệu của xe ưu tiên",Đối tượng,1,"Tổ chức (không bao gồm doanh nghiệp, HTX)",,118/2025/QH15; 151/2024/NĐ-CP; 184/2025/NĐ-CP; 66.16/2026/NQ-CP; 22/2026/NQ-CP; 36/2024/QH15
1.115973,"Cấp, cấp lại giấy phép sử dụng thiết bị phát tín hiệu của xe ưu tiên",Đối tượng,2,Tổ chức Đảng,,118/2025/QH15; 151/2024/NĐ-CP; 184/2025/NĐ-CP; 66.16/2026/NQ-CP; 22/2026/NQ-CP; 36/2024/QH15
1.115973,"Cấp, cấp lại giấy phép sử dụng thiết bị phát tín hiệu của xe ưu tiên",Đối tượng,3,"Cán bộ, công chức, viên chức",,118/2025/QH15; 151/2024/NĐ-CP; 184/2025/NĐ-CP; 66.16/2026/NQ-CP; 22/2026/NQ-CP; 36/2024/QH15
1.115974,Chấp thuận doanh nghiệp kinh doanh dịch vụ lữ hành quốc tế của Việt Na,Đối tượng,1,"Tổ chức (không bao gồm doanh nghiệp, HTX)",,36/2024/QH15; 151/2024/NĐ-CP; 184/2025/NĐ-CP; 66.16/2026/NQ-CP; 22/2026/NQ-CP; 118/2025/QH15
1.115974,Chấp thuận doanh nghiệp kinh doanh dịch vụ lữ hành quốc tế của Việt Na,Đối tượng,2,Công dân Việt Nam,,36/2024/QH15; 151/2024/NĐ-CP; 184/2025/NĐ-CP; 66.16/2026/NQ-CP; 22/2026/NQ-CP; 118/2025/QH15
1.115974,Chấp thuận doanh nghiệp kinh doanh dịch vụ lữ hành quốc tế của Việt Na,Đối tượng,3,Doanh nghiệp,,36/2024/QH15; 151/2024/NĐ-CP; 184/2025/NĐ-CP; 66.16/2026/NQ-CP; 22/2026/NQ-CP; 118/2025/QH15
1.115974,Chấp thuận doanh nghiệp kinh doanh dịch vụ lữ hành quốc tế của Việt Na,Đối tượng,4,Hợp tác xã,,36/2024/QH15; 151/2024/NĐ-CP; 184/2025/NĐ-CP; 66.16/2026/NQ-CP; 22/2026/NQ-CP; 118/2025/QH15
1.115974,Chấp thuận doanh nghiệp kinh doanh dịch vụ lữ hành quốc tế của Việt Na,Đối tượng,5,Doanh nghiệp Việt Nam,,36/2024/QH15; 151/2024/NĐ-CP; 184/2025/NĐ-CP; 66.16/2026/NQ-CP; 22/2026/NQ-CP; 118/2025/QH15
1.115974,Chấp thuận doanh nghiệp kinh doanh dịch vụ lữ hành quốc tế của Việt Na,Đối tượng,6,Doanh nghiệp có vốn đầu tư nước ngoài,,36/2024/QH15; 151/2024/NĐ-CP; 184/2025/NĐ-CP; 66.16/2026/NQ-CP; 22/2026/NQ-CP; 118/2025/QH15
1.115975,"Cấp, cấp lại giấy phép sát hạch cho trung tâm sát hạch lái xe",Đối tượng,1,Công dân Việt Nam,,94/2026/NĐ-CP
1.115975,"Cấp, cấp lại giấy phép sát hạch cho trung tâm sát hạch lái xe",Đối tượng,2,Doanh nghiệp,,94/2026/NĐ-CP
1.115975,"Cấp, cấp lại giấy phép sát hạch cho trung tâm sát hạch lái xe",Đối tượng,3,"Tổ chức (không bao gồm doanh nghiệp, HTX)",,94/2026/NĐ-CP
1.115976,"Chấp thuận, chấp thuận lại hoạt động của sân tập lái để sát hạch lái x",Đối tượng,1,"Tổ chức (không bao gồm doanh nghiệp, HTX)",,94/2026/NĐ-CP
1.115976,"Chấp thuận, chấp thuận lại hoạt động của sân tập lái để sát hạch lái x",Đối tượng,2,Doanh nghiệp,,94/2026/NĐ-CP
1.115976,"Chấp thuận, chấp thuận lại hoạt động của sân tập lái để sát hạch lái x",Đối tượng,3,Công dân Việt Nam,,94/2026/NĐ-CP
1.115977,Thu hồi giấy phép sát hạch; thu hồi chấp thuận hoạt động của sân tập l,Đối tượng,1,Doanh nghiệp,,94/2026/NĐ-CP
1.115977,Thu hồi giấy phép sát hạch; thu hồi chấp thuận hoạt động của sân tập l,Đối tượng,2,Công dân Việt Nam,,94/2026/NĐ-CP
1.115977,Thu hồi giấy phép sát hạch; thu hồi chấp thuận hoạt động của sân tập l,Đối tượng,3,"Tổ chức (không bao gồm doanh nghiệp, HTX)",,94/2026/NĐ-CP
1.115978,"Đổi, cấp lại Giấy phép lái xe",Đối tượng,1,Công dân Việt Nam,,108/2026/TT-BCA; 154/2025/TT-BTC
1.115978,"Đổi, cấp lại Giấy phép lái xe",Đối tượng,2,"Cán bộ, công chức, viên chức",,108/2026/TT-BCA; 154/2025/TT-BTC
1.115979,"Đổi giấy phép lái xe quân sự, Công an",Đối tượng,1,"Cán bộ, công chức, viên chức",,154/2025/TT-BTC; 108/2026/TT-BCA
1.115979,"Đổi giấy phép lái xe quân sự, Công an",Đối tượng,2,Công dân Việt Nam,,154/2025/TT-BTC; 108/2026/TT-BCA
1.115982,Xóa chi phí bồi hoàn (cấp trung ương),Đối tượng,1,Công dân Việt Nam,,143/2013/NĐ-CP; 51/2026/NĐ-CP
1.115982,Xóa chi phí bồi hoàn (cấp trung ương),Đối tượng,2,"Cán bộ, công chức, viên chức",,143/2013/NĐ-CP; 51/2026/NĐ-CP
1.115983,Miễn chi phí bồi hoàn (cấp trung ương),Đối tượng,1,Công dân Việt Nam,,51/2026/NĐ-CP; 143/2013/NĐ-CP
1.115983,Miễn chi phí bồi hoàn (cấp trung ương),Đối tượng,2,"Cán bộ, công chức, viên chức",,51/2026/NĐ-CP; 143/2013/NĐ-CP
1.115984,Xóa chi phí bồi hoàn (cấp tỉnh),Đối tượng,1,Công dân Việt Nam,,143/2013/NĐ-CP; 51/2026/NĐ-CP
1.115984,Xóa chi phí bồi hoàn (cấp tỉnh),Đối tượng,2,"Cán bộ, công chức, viên chức",,143/2013/NĐ-CP; 51/2026/NĐ-CP
1.115985,Miễn chi phí bồi hoàn (cấp tỉnh),Đối tượng,1,Công dân Việt Nam,,51/2026/NĐ-CP; 143/2013/NĐ-CP
1.115985,Miễn chi phí bồi hoàn (cấp tỉnh),Đối tượng,2,"Cán bộ, công chức, viên chức",,51/2026/NĐ-CP; 143/2013/NĐ-CP
1.116209,Xác định diện tích đất đã đầu tư hạ tầng dành cho doanh nghiệp được h,Đối tượng,1,Doanh nghiệp,,88/2025/NQ-HĐND; 20/2026/NĐ-CP; 198/2025/QH15; 66/2026/QĐ-UBND
1.116209,Xác định diện tích đất đã đầu tư hạ tầng dành cho doanh nghiệp được h,Đối tượng,2,Doanh nghiệp Việt Nam,,88/2025/NQ-HĐND; 20/2026/NĐ-CP; 198/2025/QH15; 66/2026/QĐ-UBND
1.116209,Xác định diện tích đất đã đầu tư hạ tầng dành cho doanh nghiệp được h,Đối tượng,3,Doanh nghiệp có vốn đầu tư nước ngoài,,88/2025/NQ-HĐND; 20/2026/NĐ-CP; 198/2025/QH15; 66/2026/QĐ-UBND
1.116209,Xác định diện tích đất đã đầu tư hạ tầng dành cho doanh nghiệp được h,Đối tượng,4,"Tổ chức (không bao gồm doanh nghiệp, HTX)",,88/2025/NQ-HĐND; 20/2026/NĐ-CP; 198/2025/QH15; 66/2026/QĐ-UBND
1.116210,Xác định chi phí hỗ trợ đầu tư kết cấu hạ tầng (thực hiện sau khi có,Đối tượng,1,"Tổ chức (không bao gồm doanh nghiệp, HTX)",,20/2026/NĐ-CP; 198/2025/QH15; 66/2026/QĐ-UBND; 88/2025/NQ-HĐND
1.116210,Xác định chi phí hỗ trợ đầu tư kết cấu hạ tầng (thực hiện sau khi có,Đối tượng,2,Doanh nghiệp có vốn đầu tư nước ngoài,,20/2026/NĐ-CP; 198/2025/QH15; 66/2026/QĐ-UBND; 88/2025/NQ-HĐND
1.116210,Xác định chi phí hỗ trợ đầu tư kết cấu hạ tầng (thực hiện sau khi có,Đối tượng,3,Doanh nghiệp Việt Nam,,20/2026/NĐ-CP; 198/2025/QH15; 66/2026/QĐ-UBND; 88/2025/NQ-HĐND
1.116210,Xác định chi phí hỗ trợ đầu tư kết cấu hạ tầng (thực hiện sau khi có,Đối tượng,4,Công dân Việt Nam,,20/2026/NĐ-CP; 198/2025/QH15; 66/2026/QĐ-UBND; 88/2025/NQ-HĐND
1.116210,Xác định chi phí hỗ trợ đầu tư kết cấu hạ tầng (thực hiện sau khi có,Đối tượng,5,Doanh nghiệp,,20/2026/NĐ-CP; 198/2025/QH15; 66/2026/QĐ-UBND; 88/2025/NQ-HĐND
1.116216,Đính chính Giấy chứng nhận 01,Đối tượng,1,Doanh nghiệp có vốn đầu tư nước ngoài,,Không có thông tin căn cứ pháp lý trong dữ liệu gốc
1.116216,Đính chính Giấy chứng nhận 01,Đối tượng,2,Người nước ngoài,,Không có thông tin căn cứ pháp lý trong dữ liệu gốc
1.116216,Đính chính Giấy chứng nhận 01,Đối tượng,3,Công dân Việt Nam,,Không có thông tin căn cứ pháp lý trong dữ liệu gốc
1.116247,Cấp đổi thẻ thường trú cho người nước ngoài tại Cục Quản lý xuất nhập,Đối tượng,1,Người Việt Nam định cư ở nước ngoài,,367/2025/NĐ-CP; 70/2026/TT-BCA; 118/2025/NĐ-CP; 47/2014/QH13; 04/2015/TT-BCA; 23/2023/QH15
1.116247,Cấp đổi thẻ thường trú cho người nước ngoài tại Cục Quản lý xuất nhập,Đối tượng,2,Người nước ngoài cư trú tại Việt Nam,,367/2025/NĐ-CP; 70/2026/TT-BCA; 118/2025/NĐ-CP; 47/2014/QH13; 04/2015/TT-BCA; 23/2023/QH15
1.116247,Cấp đổi thẻ thường trú cho người nước ngoài tại Cục Quản lý xuất nhập,Đối tượng,3,Người nước ngoài,,367/2025/NĐ-CP; 70/2026/TT-BCA; 118/2025/NĐ-CP; 47/2014/QH13; 04/2015/TT-BCA; 23/2023/QH15
1.116247,Cấp đổi thẻ thường trú cho người nước ngoài tại Cục Quản lý xuất nhập,Đối tượng,4,Người nước ngoài đã cư trú tại Việt Nam,,367/2025/NĐ-CP; 70/2026/TT-BCA; 118/2025/NĐ-CP; 47/2014/QH13; 04/2015/TT-BCA; 23/2023/QH15
1.116248,Cấp lại thẻ thường trú cho người nước ngoài tại Cục Quản lý xuất nhập,Đối tượng,1,Người Việt Nam định cư ở nước ngoài,,367/2025/NĐ-CP; 70/2026/TT-BCA; 23/2023/QH15; 28/2026/TT-BTC; 47/2014/QH13; 04/2015/TT-BCA; 118/2025/NĐ-CP
1.116248,Cấp lại thẻ thường trú cho người nước ngoài tại Cục Quản lý xuất nhập,Đối tượng,2,Người nước ngoài cư trú tại Việt Nam,,367/2025/NĐ-CP; 70/2026/TT-BCA; 23/2023/QH15; 28/2026/TT-BTC; 47/2014/QH13; 04/2015/TT-BCA; 118/2025/NĐ-CP
1.116248,Cấp lại thẻ thường trú cho người nước ngoài tại Cục Quản lý xuất nhập,Đối tượng,3,Người nước ngoài,,367/2025/NĐ-CP; 70/2026/TT-BCA; 23/2023/QH15; 28/2026/TT-BTC; 47/2014/QH13; 04/2015/TT-BCA; 118/2025/NĐ-CP
1.116248,Cấp lại thẻ thường trú cho người nước ngoài tại Cục Quản lý xuất nhập,Đối tượng,4,Người nước ngoài đã cư trú tại Việt Nam,,367/2025/NĐ-CP; 70/2026/TT-BCA; 23/2023/QH15; 28/2026/TT-BTC; 47/2014/QH13; 04/2015/TT-BCA; 118/2025/NĐ-CP
1.116250,Cấp mới quyết định chỉ định lần đầu tổ chức thử nghiệm/giám định/chứng,Đối tượng,1,"Tổ chức (không bao gồm doanh nghiệp, HTX)",,37/2026/NĐ-CP
1.116250,Cấp mới quyết định chỉ định lần đầu tổ chức thử nghiệm/giám định/chứng,Đối tượng,2,Doanh nghiệp,,37/2026/NĐ-CP
1.116250,Cấp mới quyết định chỉ định lần đầu tổ chức thử nghiệm/giám định/chứng,Đối tượng,3,Công dân Việt Nam,,37/2026/NĐ-CP
1.116251,"Thay đổi, bổ sung, thu hẹp phạm vi, lĩnh vực được chỉ định của tổ chức",Đối tượng,1,"Tổ chức (không bao gồm doanh nghiệp, HTX)",,37/2026/NĐ-CP
1.116251,"Thay đổi, bổ sung, thu hẹp phạm vi, lĩnh vực được chỉ định của tổ chức",Đối tượng,2,Doanh nghiệp,,37/2026/NĐ-CP
1.116251,"Thay đổi, bổ sung, thu hẹp phạm vi, lĩnh vực được chỉ định của tổ chức",Đối tượng,3,Công dân Việt Nam,,37/2026/NĐ-CP
1.116252,Cấp lại quyết định chỉ định tổ chức thử nghiệm/giám định/chứng nhận/ki,Đối tượng,1,"Tổ chức (không bao gồm doanh nghiệp, HTX)",,37/2026/NĐ-CP
1.116252,Cấp lại quyết định chỉ định tổ chức thử nghiệm/giám định/chứng nhận/ki,Đối tượng,2,Công dân Việt Nam,,37/2026/NĐ-CP
1.116252,Cấp lại quyết định chỉ định tổ chức thử nghiệm/giám định/chứng nhận/ki,Đối tượng,3,Doanh nghiệp,,37/2026/NĐ-CP
1.116253,Cấp quyết định chỉ định thử nghiệm tạm thời,Đối tượng,1,"Tổ chức (không bao gồm doanh nghiệp, HTX)",,37/2026/NĐ-CP
1.116253,Cấp quyết định chỉ định thử nghiệm tạm thời,Đối tượng,2,Công dân Việt Nam,,37/2026/NĐ-CP
1.116253,Cấp quyết định chỉ định thử nghiệm tạm thời,Đối tượng,3,Doanh nghiệp,,37/2026/NĐ-CP
1.116316,Kiểm tra chất lượng hàng hóa nhập khẩu có mức độ rủi ro cao thuộc trác,Đối tượng,1,"Tổ chức (không bao gồm doanh nghiệp, HTX)",,37/2026/NĐ-CP; 05/2007/QH12; 78/2025/QH15
1.116316,Kiểm tra chất lượng hàng hóa nhập khẩu có mức độ rủi ro cao thuộc trác,Đối tượng,2,Công dân Việt Nam,,37/2026/NĐ-CP; 05/2007/QH12; 78/2025/QH15
1.116338,Thủ tục thẩm định Báo cáo nghiên cứu khả thi đầu tư xây dựng/ Báo cáo,Đối tượng,1,Doanh nghiệp Việt Nam,,217/2026/NĐ-CP; 105/2025/NĐ-CP; 135/2025/QH15
1.116338,Thủ tục thẩm định Báo cáo nghiên cứu khả thi đầu tư xây dựng/ Báo cáo,Đối tượng,2,Công dân Việt Nam,,217/2026/NĐ-CP; 105/2025/NĐ-CP; 135/2025/QH15
1.116338,Thủ tục thẩm định Báo cáo nghiên cứu khả thi đầu tư xây dựng/ Báo cáo,Đối tượng,3,Doanh nghiệp,,217/2026/NĐ-CP; 105/2025/NĐ-CP; 135/2025/QH15
1.116351,"Thủ tục sửa đổi, bổ sung/ cấp lại Giấy phép gia công hàng hóa",Đối tượng,1,Doanh nghiệp có vốn đầu tư nước ngoài,,292/2026/NĐ-CP; 05/2017/QH14
1.116351,"Thủ tục sửa đổi, bổ sung/ cấp lại Giấy phép gia công hàng hóa",Đối tượng,2,Công dân Việt Nam,,292/2026/NĐ-CP; 05/2017/QH14
1.116351,"Thủ tục sửa đổi, bổ sung/ cấp lại Giấy phép gia công hàng hóa",Đối tượng,3,Doanh nghiệp,,292/2026/NĐ-CP; 05/2017/QH14
1.116356,"Đăng ký, cấp Giấy chứng nhận đối với thửa đất có diện tích tăng thêm d",Đối tượng,1,Người Việt Nam định cư ở nước ngoài,,49/2026/NĐ-CP; 1927/QĐ-UBND; 254/2025/QH15; 16/2026/QĐ-UBND; 31/2024/QH15; 101/2024/NĐ-CP; 118/2025/NĐ-CP; 40/2026/QĐ-UBND
1.116356,"Đăng ký, cấp Giấy chứng nhận đối với thửa đất có diện tích tăng thêm d",Đối tượng,2,Công dân Việt Nam,,49/2026/NĐ-CP; 1927/QĐ-UBND; 254/2025/QH15; 16/2026/QĐ-UBND; 31/2024/QH15; 101/2024/NĐ-CP; 118/2025/NĐ-CP; 40/2026/QĐ-UBND
1.116370,Thu hồi Giấy chứng nhận đã cấp không đúng quy định của pháp luật đất đ,Đối tượng,1,Công dân Việt Nam,,31/2024/QH15; 118/2025/NĐ-CP; 40/2026/QĐ-UBND; 254/2025/QH15; 16/2026/QĐ-UBND; 49/2026/NĐ-CP; 1927/QĐ-UBND
1.116370,Thu hồi Giấy chứng nhận đã cấp không đúng quy định của pháp luật đất đ,Đối tượng,2,Tổ chức nước ngoài,,31/2024/QH15; 118/2025/NĐ-CP; 40/2026/QĐ-UBND; 254/2025/QH15; 16/2026/QĐ-UBND; 49/2026/NĐ-CP; 1927/QĐ-UBND
1.116370,Thu hồi Giấy chứng nhận đã cấp không đúng quy định của pháp luật đất đ,Đối tượng,3,"Tổ chức (không bao gồm doanh nghiệp, HTX)",,31/2024/QH15; 118/2025/NĐ-CP; 40/2026/QĐ-UBND; 254/2025/QH15; 16/2026/QĐ-UBND; 49/2026/NĐ-CP; 1927/QĐ-UBND
1.116370,Thu hồi Giấy chứng nhận đã cấp không đúng quy định của pháp luật đất đ,Đối tượng,4,Người Việt Nam định cư ở nước ngoài,,31/2024/QH15; 118/2025/NĐ-CP; 40/2026/QĐ-UBND; 254/2025/QH15; 16/2026/QĐ-UBND; 49/2026/NĐ-CP; 1927/QĐ-UBND
1.116381,Đăng ký biến động chuyển mục đích sử dụng đất không phải xin phép cơ q,Đối tượng,1,Công dân Việt Nam,,40/2026/QĐ-UBND; 254/2025/QH15; 43/2024/QH15; 31/2024/QH15; 49/2026/NĐ-CP; 118/2025/NĐ-CP; 1927/QĐ-UBND
1.116381,Đăng ký biến động chuyển mục đích sử dụng đất không phải xin phép cơ q,Đối tượng,2,Tổ chức nước ngoài,,40/2026/QĐ-UBND; 254/2025/QH15; 43/2024/QH15; 31/2024/QH15; 49/2026/NĐ-CP; 118/2025/NĐ-CP; 1927/QĐ-UBND
1.116381,Đăng ký biến động chuyển mục đích sử dụng đất không phải xin phép cơ q,Đối tượng,3,Doanh nghiệp có vốn đầu tư nước ngoài,,40/2026/QĐ-UBND; 254/2025/QH15; 43/2024/QH15; 31/2024/QH15; 49/2026/NĐ-CP; 118/2025/NĐ-CP; 1927/QĐ-UBND
1.116381,Đăng ký biến động chuyển mục đích sử dụng đất không phải xin phép cơ q,Đối tượng,4,"Tổ chức (không bao gồm doanh nghiệp, HTX)",,40/2026/QĐ-UBND; 254/2025/QH15; 43/2024/QH15; 31/2024/QH15; 49/2026/NĐ-CP; 118/2025/NĐ-CP; 1927/QĐ-UBND
1.116381,Đăng ký biến động chuyển mục đích sử dụng đất không phải xin phép cơ q,Đối tượng,5,Người Việt Nam định cư ở nước ngoài,,40/2026/QĐ-UBND; 254/2025/QH15; 43/2024/QH15; 31/2024/QH15; 49/2026/NĐ-CP; 118/2025/NĐ-CP; 1927/QĐ-UBND
1.116392,"Đăng ký cấp lại Giấy chứng nhận do bị mất đồng thời với nhận thừa kế,",Đối tượng,1,Người Việt Nam định cư ở nước ngoài,,254/2025/QH15; 58/2024/QH15; 31/2024/QH15; 49/2026/NĐ-CP; 1927/QĐ-UBND; 118/2025/NĐ-CP; 43/2024/QH15; 40/2026/QĐ-UBND
1.116392,"Đăng ký cấp lại Giấy chứng nhận do bị mất đồng thời với nhận thừa kế,",Đối tượng,2,Công dân Việt Nam,,254/2025/QH15; 58/2024/QH15; 31/2024/QH15; 49/2026/NĐ-CP; 1927/QĐ-UBND; 118/2025/NĐ-CP; 43/2024/QH15; 40/2026/QĐ-UBND
1.116398,"Đăng ký biến động quyền sử dụng đất, quyền sở hữu tài sản gắn liền với",Đối tượng,1,"Tổ chức (không bao gồm doanh nghiệp, HTX)",,49/2026/NĐ-CP; 43/2024/QH15; 118/2025/NĐ-CP; 1927/QĐ-UBND; 254/2025/QH15; 58/2024/QH15; 31/2024/QH15; 40/2026/QĐ-UBND
1.116398,"Đăng ký biến động quyền sử dụng đất, quyền sở hữu tài sản gắn liền với",Đối tượng,2,Người Việt Nam định cư ở nước ngoài,,49/2026/NĐ-CP; 43/2024/QH15; 118/2025/NĐ-CP; 1927/QĐ-UBND; 254/2025/QH15; 58/2024/QH15; 31/2024/QH15; 40/2026/QĐ-UBND
1.116398,"Đăng ký biến động quyền sử dụng đất, quyền sở hữu tài sản gắn liền với",Đối tượng,3,Công dân Việt Nam,,49/2026/NĐ-CP; 43/2024/QH15; 118/2025/NĐ-CP; 1927/QĐ-UBND; 254/2025/QH15; 58/2024/QH15; 31/2024/QH15; 40/2026/QĐ-UBND
1.116398,"Đăng ký biến động quyền sử dụng đất, quyền sở hữu tài sản gắn liền với",Đối tượng,4,Người nước ngoài cư trú tại Việt Nam,,49/2026/NĐ-CP; 43/2024/QH15; 118/2025/NĐ-CP; 1927/QĐ-UBND; 254/2025/QH15; 58/2024/QH15; 31/2024/QH15; 40/2026/QĐ-UBND
1.116429,"(Hà Nội) Điều chỉnh quyết định giao đất, cho thuê đất, cho phép chuyển",Đối tượng,1,Doanh nghiệp có vốn đầu tư nước ngoài,,151/2025/NĐ-CP; 47/2024/QH15; 58/2024/QH15; 226/2025/NĐ-CP; 33/2026/QĐ-UBND; 105/2026/QĐ-UBND; 102/2024/NĐ-CP; 43/2024/QH15
1.116429,"(Hà Nội) Điều chỉnh quyết định giao đất, cho thuê đất, cho phép chuyển",Đối tượng,2,Doanh nghiệp Việt Nam,,151/2025/NĐ-CP; 47/2024/QH15; 58/2024/QH15; 226/2025/NĐ-CP; 33/2026/QĐ-UBND; 105/2026/QĐ-UBND; 102/2024/NĐ-CP; 43/2024/QH15
1.116429,"(Hà Nội) Điều chỉnh quyết định giao đất, cho thuê đất, cho phép chuyển",Đối tượng,3,Công dân Việt Nam,,151/2025/NĐ-CP; 47/2024/QH15; 58/2024/QH15; 226/2025/NĐ-CP; 33/2026/QĐ-UBND; 105/2026/QĐ-UBND; 102/2024/NĐ-CP; 43/2024/QH15
1.116429,"(Hà Nội) Điều chỉnh quyết định giao đất, cho thuê đất, cho phép chuyển",Đối tượng,4,Doanh nghiệp,,151/2025/NĐ-CP; 47/2024/QH15; 58/2024/QH15; 226/2025/NĐ-CP; 33/2026/QĐ-UBND; 105/2026/QĐ-UBND; 102/2024/NĐ-CP; 43/2024/QH15
1.116429,"(Hà Nội) Điều chỉnh quyết định giao đất, cho thuê đất, cho phép chuyển",Đối tượng,5,Tổ chức nước ngoài,,151/2025/NĐ-CP; 47/2024/QH15; 58/2024/QH15; 226/2025/NĐ-CP; 33/2026/QĐ-UBND; 105/2026/QĐ-UBND; 102/2024/NĐ-CP; 43/2024/QH15
1.116429,"(Hà Nội) Điều chỉnh quyết định giao đất, cho thuê đất, cho phép chuyển",Đối tượng,6,"Tổ chức (không bao gồm doanh nghiệp, HTX)",,151/2025/NĐ-CP; 47/2024/QH15; 58/2024/QH15; 226/2025/NĐ-CP; 33/2026/QĐ-UBND; 105/2026/QĐ-UBND; 102/2024/NĐ-CP; 43/2024/QH15
1.116430,"(Hà Nội) Tổ chức kinh tế nhận chuyển nhượng, thuê quyền sử dụng đất, n",Đối tượng,1,Doanh nghiệp,,226/2025/NĐ-CP; 33/2026/QĐ-UBND; 105/2026/QĐ-UBND; 151/2025/NĐ-CP; 47/2024/QH15; 58/2024/QH15; 102/2024/NĐ-CP; 43/2024/QH15; 49/2026/NĐ-CP
1.116430,"(Hà Nội) Tổ chức kinh tế nhận chuyển nhượng, thuê quyền sử dụng đất, n",Đối tượng,2,Tổ chức nước ngoài,,226/2025/NĐ-CP; 33/2026/QĐ-UBND; 105/2026/QĐ-UBND; 151/2025/NĐ-CP; 47/2024/QH15; 58/2024/QH15; 102/2024/NĐ-CP; 43/2024/QH15; 49/2026/NĐ-CP
1.116430,"(Hà Nội) Tổ chức kinh tế nhận chuyển nhượng, thuê quyền sử dụng đất, n",Đối tượng,3,Doanh nghiệp có vốn đầu tư nước ngoài,,226/2025/NĐ-CP; 33/2026/QĐ-UBND; 105/2026/QĐ-UBND; 151/2025/NĐ-CP; 47/2024/QH15; 58/2024/QH15; 102/2024/NĐ-CP; 43/2024/QH15; 49/2026/NĐ-CP
1.116430,"(Hà Nội) Tổ chức kinh tế nhận chuyển nhượng, thuê quyền sử dụng đất, n",Đối tượng,4,"Tổ chức (không bao gồm doanh nghiệp, HTX)",,226/2025/NĐ-CP; 33/2026/QĐ-UBND; 105/2026/QĐ-UBND; 151/2025/NĐ-CP; 47/2024/QH15; 58/2024/QH15; 102/2024/NĐ-CP; 43/2024/QH15; 49/2026/NĐ-CP
1.116430,"(Hà Nội) Tổ chức kinh tế nhận chuyển nhượng, thuê quyền sử dụng đất, n",Đối tượng,5,Doanh nghiệp Việt Nam,,226/2025/NĐ-CP; 33/2026/QĐ-UBND; 105/2026/QĐ-UBND; 151/2025/NĐ-CP; 47/2024/QH15; 58/2024/QH15; 102/2024/NĐ-CP; 43/2024/QH15; 49/2026/NĐ-CP
1.116433,(Hà Nội) Cấp lại Giấy chứng nhận do bị mất trường hợp thuộc thẩm quyền,Đối tượng,1,"Tổ chức (không bao gồm doanh nghiệp, HTX)",,49/2026/NĐ-CP; 102/2024/NĐ-CP; 43/2024/QH15; 151/2025/NĐ-CP; 254/2025/QH15; 31/2024/QH15; 101/2024/NĐ-CP; 33/2026/QĐ-UBND; 105/2026/QĐ-UBND
1.116433,(Hà Nội) Cấp lại Giấy chứng nhận do bị mất trường hợp thuộc thẩm quyền,Đối tượng,2,Người Việt Nam định cư ở nước ngoài,,49/2026/NĐ-CP; 102/2024/NĐ-CP; 43/2024/QH15; 151/2025/NĐ-CP; 254/2025/QH15; 31/2024/QH15; 101/2024/NĐ-CP; 33/2026/QĐ-UBND; 105/2026/QĐ-UBND
1.116433,(Hà Nội) Cấp lại Giấy chứng nhận do bị mất trường hợp thuộc thẩm quyền,Đối tượng,3,Doanh nghiệp Việt Nam,,49/2026/NĐ-CP; 102/2024/NĐ-CP; 43/2024/QH15; 151/2025/NĐ-CP; 254/2025/QH15; 31/2024/QH15; 101/2024/NĐ-CP; 33/2026/QĐ-UBND; 105/2026/QĐ-UBND
1.116433,(Hà Nội) Cấp lại Giấy chứng nhận do bị mất trường hợp thuộc thẩm quyền,Đối tượng,4,Doanh nghiệp có vốn đầu tư nước ngoài,,49/2026/NĐ-CP; 102/2024/NĐ-CP; 43/2024/QH15; 151/2025/NĐ-CP; 254/2025/QH15; 31/2024/QH15; 101/2024/NĐ-CP; 33/2026/QĐ-UBND; 105/2026/QĐ-UBND
1.116433,(Hà Nội) Cấp lại Giấy chứng nhận do bị mất trường hợp thuộc thẩm quyền,Đối tượng,5,Công dân Việt Nam,,49/2026/NĐ-CP; 102/2024/NĐ-CP; 43/2024/QH15; 151/2025/NĐ-CP; 254/2025/QH15; 31/2024/QH15; 101/2024/NĐ-CP; 33/2026/QĐ-UBND; 105/2026/QĐ-UBND
1.116433,(Hà Nội) Cấp lại Giấy chứng nhận do bị mất trường hợp thuộc thẩm quyền,Đối tượng,6,Doanh nghiệp,,49/2026/NĐ-CP; 102/2024/NĐ-CP; 43/2024/QH15; 151/2025/NĐ-CP; 254/2025/QH15; 31/2024/QH15; 101/2024/NĐ-CP; 33/2026/QĐ-UBND; 105/2026/QĐ-UBND
1.116433,(Hà Nội) Cấp lại Giấy chứng nhận do bị mất trường hợp thuộc thẩm quyền,Đối tượng,7,Người nước ngoài cư trú tại Việt Nam,,49/2026/NĐ-CP; 102/2024/NĐ-CP; 43/2024/QH15; 151/2025/NĐ-CP; 254/2025/QH15; 31/2024/QH15; 101/2024/NĐ-CP; 33/2026/QĐ-UBND; 105/2026/QĐ-UBND
1.116433,(Hà Nội) Cấp lại Giấy chứng nhận do bị mất trường hợp thuộc thẩm quyền,Đối tượng,8,Người nước ngoài,,49/2026/NĐ-CP; 102/2024/NĐ-CP; 43/2024/QH15; 151/2025/NĐ-CP; 254/2025/QH15; 31/2024/QH15; 101/2024/NĐ-CP; 33/2026/QĐ-UBND; 105/2026/QĐ-UBND
1.116433,(Hà Nội) Cấp lại Giấy chứng nhận do bị mất trường hợp thuộc thẩm quyền,Đối tượng,9,Tổ chức nước ngoài,,49/2026/NĐ-CP; 102/2024/NĐ-CP; 43/2024/QH15; 151/2025/NĐ-CP; 254/2025/QH15; 31/2024/QH15; 101/2024/NĐ-CP; 33/2026/QĐ-UBND; 105/2026/QĐ-UBND
1.116433,(Hà Nội) Cấp lại Giấy chứng nhận do bị mất trường hợp thuộc thẩm quyền,Đối tượng,10,Công dân Việt Nam mà không xác định được nơi thường trú hoặc nơi tạm trú,,49/2026/NĐ-CP; 102/2024/NĐ-CP; 43/2024/QH15; 151/2025/NĐ-CP; 254/2025/QH15; 31/2024/QH15; 101/2024/NĐ-CP; 33/2026/QĐ-UBND; 105/2026/QĐ-UBND
1.116433,(Hà Nội) Cấp lại Giấy chứng nhận do bị mất trường hợp thuộc thẩm quyền,Đối tượng,11,Người nước ngoài đã cư trú tại Việt Nam,,49/2026/NĐ-CP; 102/2024/NĐ-CP; 43/2024/QH15; 151/2025/NĐ-CP; 254/2025/QH15; 31/2024/QH15; 101/2024/NĐ-CP; 33/2026/QĐ-UBND; 105/2026/QĐ-UBND
1.116434,"(Hà Nội) Đăng ký, cấp Giấy chứng nhận đối với thửa đất có diện tích tă",Đối tượng,1,Người Việt Nam định cư ở nước ngoài,,49/2026/NĐ-CP; 102/2024/NĐ-CP; 43/2024/QH15; 151/2025/NĐ-CP; 101/2024/NĐ-CP; 31/2024/QH15; 33/2026/QĐ-UBND; 105/2026/QĐ-UBND
1.116434,"(Hà Nội) Đăng ký, cấp Giấy chứng nhận đối với thửa đất có diện tích tă",Đối tượng,2,Công dân Việt Nam,,49/2026/NĐ-CP; 102/2024/NĐ-CP; 43/2024/QH15; 151/2025/NĐ-CP; 101/2024/NĐ-CP; 31/2024/QH15; 33/2026/QĐ-UBND; 105/2026/QĐ-UBND
1.116434,"(Hà Nội) Đăng ký, cấp Giấy chứng nhận đối với thửa đất có diện tích tă",Đối tượng,3,Người nước ngoài,,49/2026/NĐ-CP; 102/2024/NĐ-CP; 43/2024/QH15; 151/2025/NĐ-CP; 101/2024/NĐ-CP; 31/2024/QH15; 33/2026/QĐ-UBND; 105/2026/QĐ-UBND
1.116434,"(Hà Nội) Đăng ký, cấp Giấy chứng nhận đối với thửa đất có diện tích tă",Đối tượng,4,Công dân Việt Nam mà không xác định được nơi thường trú hoặc nơi tạm trú,,49/2026/NĐ-CP; 102/2024/NĐ-CP; 43/2024/QH15; 151/2025/NĐ-CP; 101/2024/NĐ-CP; 31/2024/QH15; 33/2026/QĐ-UBND; 105/2026/QĐ-UBND
1.116434,"(Hà Nội) Đăng ký, cấp Giấy chứng nhận đối với thửa đất có diện tích tă",Đối tượng,5,Người nước ngoài đã cư trú tại Việt Nam,,49/2026/NĐ-CP; 102/2024/NĐ-CP; 43/2024/QH15; 151/2025/NĐ-CP; 101/2024/NĐ-CP; 31/2024/QH15; 33/2026/QĐ-UBND; 105/2026/QĐ-UBND
1.116434,"(Hà Nội) Đăng ký, cấp Giấy chứng nhận đối với thửa đất có diện tích tă",Đối tượng,6,Người nước ngoài cư trú tại Việt Nam,,49/2026/NĐ-CP; 102/2024/NĐ-CP; 43/2024/QH15; 151/2025/NĐ-CP; 101/2024/NĐ-CP; 31/2024/QH15; 33/2026/QĐ-UBND; 105/2026/QĐ-UBND
1.116435,"(Hà Nội) Chỉnh lý, đăng ký biến động, cấp Giấy chứng nhận đối với phần",Đối tượng,1,"Tổ chức (không bao gồm doanh nghiệp, HTX)",,31/2024/QH15; 49/2026/NĐ-CP; 102/2024/NĐ-CP; 43/2024/QH15; 33/2026/QĐ-UBND; 105/2026/QĐ-UBND; 151/2025/NĐ-CP; 254/2025/QH15; 101/2024/NĐ-CP
1.116435,"(Hà Nội) Chỉnh lý, đăng ký biến động, cấp Giấy chứng nhận đối với phần",Đối tượng,2,Công dân Việt Nam,,31/2024/QH15; 49/2026/NĐ-CP; 102/2024/NĐ-CP; 43/2024/QH15; 33/2026/QĐ-UBND; 105/2026/QĐ-UBND; 151/2025/NĐ-CP; 254/2025/QH15; 101/2024/NĐ-CP
1.116435,"(Hà Nội) Chỉnh lý, đăng ký biến động, cấp Giấy chứng nhận đối với phần",Đối tượng,3,Công dân Việt Nam mà không xác định được nơi thường trú hoặc nơi tạm trú,,31/2024/QH15; 49/2026/NĐ-CP; 102/2024/NĐ-CP; 43/2024/QH15; 33/2026/QĐ-UBND; 105/2026/QĐ-UBND; 151/2025/NĐ-CP; 254/2025/QH15; 101/2024/NĐ-CP
1.116436,(Hà Nội) Xác nhận tiếp tục sử dụng đất nông nghiệp,Đối tượng,1,Công dân Việt Nam,,49/2026/NĐ-CP; 102/2024/NĐ-CP; 31/2024/QH15; 33/2026/QĐ-UBND; 105/2026/QĐ-UBND; 151/2025/NĐ-CP; 101/2024/NĐ-CP; 43/2024/QH15
1.116436,(Hà Nội) Xác nhận tiếp tục sử dụng đất nông nghiệp,Đối tượng,2,Công dân Việt Nam mà không xác định được nơi thường trú hoặc nơi tạm trú,,49/2026/NĐ-CP; 102/2024/NĐ-CP; 31/2024/QH15; 33/2026/QĐ-UBND; 105/2026/QĐ-UBND; 151/2025/NĐ-CP; 101/2024/NĐ-CP; 43/2024/QH15
1.116436,(Hà Nội) Xác nhận tiếp tục sử dụng đất nông nghiệp,Đối tượng,3,"Tổ chức (không bao gồm doanh nghiệp, HTX)",,49/2026/NĐ-CP; 102/2024/NĐ-CP; 31/2024/QH15; 33/2026/QĐ-UBND; 105/2026/QĐ-UBND; 151/2025/NĐ-CP; 101/2024/NĐ-CP; 43/2024/QH15
1.116437,"(Hà Nội) Đăng ký, cấp Giấy chứng nhận đối với trường hợp hộ gia đình,",Đối tượng,1,Công dân Việt Nam mà không xác định được nơi thường trú hoặc nơi tạm trú,,151/2025/NĐ-CP; 101/2024/NĐ-CP; 49/2026/NĐ-CP; 102/2024/NĐ-CP; 43/2024/QH15; 31/2024/QH15; 33/2026/QĐ-UBND; 105/2026/QĐ-UBND
1.116437,"(Hà Nội) Đăng ký, cấp Giấy chứng nhận đối với trường hợp hộ gia đình,",Đối tượng,2,Công dân Việt Nam,,151/2025/NĐ-CP; 101/2024/NĐ-CP; 49/2026/NĐ-CP; 102/2024/NĐ-CP; 43/2024/QH15; 31/2024/QH15; 33/2026/QĐ-UBND; 105/2026/QĐ-UBND
1.116438,"(Hà Nội) Đăng ký đất đai, tài sản gắn liền với đất, cấp Giấy chứng nhậ",Đối tượng,1,Công dân Việt Nam,,31/2024/QH15; 49/2026/NĐ-CP; 29/2023/QH15; 27/2023/QH15
1.116438,"(Hà Nội) Đăng ký đất đai, tài sản gắn liền với đất, cấp Giấy chứng nhậ",Đối tượng,2,Người Việt Nam định cư ở nước ngoài,,31/2024/QH15; 49/2026/NĐ-CP; 29/2023/QH15; 27/2023/QH15
1.116438,"(Hà Nội) Đăng ký đất đai, tài sản gắn liền với đất, cấp Giấy chứng nhậ",Đối tượng,3,Người nước ngoài đã cư trú tại Việt Nam,,31/2024/QH15; 49/2026/NĐ-CP; 29/2023/QH15; 27/2023/QH15
1.116441,"(Hà Nội) Chuyển hình thức giao đất, cho thuê đất (cấp xã)",Đối tượng,1,Người Việt Nam định cư ở nước ngoài,,43/2024/QH15; 49/2026/NĐ-CP; 31/2024/QH15
1.116441,"(Hà Nội) Chuyển hình thức giao đất, cho thuê đất (cấp xã)",Đối tượng,2,Công dân Việt Nam,,43/2024/QH15; 49/2026/NĐ-CP; 31/2024/QH15
1.116441,"(Hà Nội) Chuyển hình thức giao đất, cho thuê đất (cấp xã)",Đối tượng,3,Công dân Việt Nam mà không xác định được nơi thường trú hoặc nơi tạm trú,,43/2024/QH15; 49/2026/NĐ-CP; 31/2024/QH15
1.116441,"(Hà Nội) Chuyển hình thức giao đất, cho thuê đất (cấp xã)",Đối tượng,4,Người nước ngoài đã cư trú tại Việt Nam,,43/2024/QH15; 49/2026/NĐ-CP; 31/2024/QH15
1.116443,"(Hà Nội) Xác định lại diện tích đất ở của hộ gia đình, cá nhân đã được",Đối tượng,1,Công dân Việt Nam,,31/2024/QH15; 43/2024/QH15; 29/2023/QH15; 27/2023/QH15
1.116443,"(Hà Nội) Xác định lại diện tích đất ở của hộ gia đình, cá nhân đã được",Đối tượng,2,Người nước ngoài đã cư trú tại Việt Nam,,31/2024/QH15; 43/2024/QH15; 29/2023/QH15; 27/2023/QH15
1.116443,"(Hà Nội) Xác định lại diện tích đất ở của hộ gia đình, cá nhân đã được",Đối tượng,3,Người Việt Nam định cư ở nước ngoài,,31/2024/QH15; 43/2024/QH15; 29/2023/QH15; 27/2023/QH15
1.116444,"(Hà Nội) Giao đất, cho thuê đất, chuyển mục đích sử dụng đất đối với t",Đối tượng,1,Doanh nghiệp Việt Nam,,136/2025/NĐ-CP; 226/2025/NĐ-CP; 33/2026/QĐ-UBND; 105/2026/QĐ-UBND; 102/2024/NĐ-CP; 43/2024/QH15; 118/2025/NĐ-CP; 131/2025/NĐ-CP; 91/2024/NĐ-CP; 16/2017/QH14
1.116444,"(Hà Nội) Giao đất, cho thuê đất, chuyển mục đích sử dụng đất đối với t",Đối tượng,2,Doanh nghiệp có vốn đầu tư nước ngoài,,136/2025/NĐ-CP; 226/2025/NĐ-CP; 33/2026/QĐ-UBND; 105/2026/QĐ-UBND; 102/2024/NĐ-CP; 43/2024/QH15; 118/2025/NĐ-CP; 131/2025/NĐ-CP; 91/2024/NĐ-CP; 16/2017/QH14
1.116444,"(Hà Nội) Giao đất, cho thuê đất, chuyển mục đích sử dụng đất đối với t",Đối tượng,3,Công dân Việt Nam,,136/2025/NĐ-CP; 226/2025/NĐ-CP; 33/2026/QĐ-UBND; 105/2026/QĐ-UBND; 102/2024/NĐ-CP; 43/2024/QH15; 118/2025/NĐ-CP; 131/2025/NĐ-CP; 91/2024/NĐ-CP; 16/2017/QH14
1.116444,"(Hà Nội) Giao đất, cho thuê đất, chuyển mục đích sử dụng đất đối với t",Đối tượng,4,Doanh nghiệp,,136/2025/NĐ-CP; 226/2025/NĐ-CP; 33/2026/QĐ-UBND; 105/2026/QĐ-UBND; 102/2024/NĐ-CP; 43/2024/QH15; 118/2025/NĐ-CP; 131/2025/NĐ-CP; 91/2024/NĐ-CP; 16/2017/QH14
1.116444,"(Hà Nội) Giao đất, cho thuê đất, chuyển mục đích sử dụng đất đối với t",Đối tượng,5,Hợp tác xã,,136/2025/NĐ-CP; 226/2025/NĐ-CP; 33/2026/QĐ-UBND; 105/2026/QĐ-UBND; 102/2024/NĐ-CP; 43/2024/QH15; 118/2025/NĐ-CP; 131/2025/NĐ-CP; 91/2024/NĐ-CP; 16/2017/QH14
1.116444,"(Hà Nội) Giao đất, cho thuê đất, chuyển mục đích sử dụng đất đối với t",Đối tượng,6,"Tổ chức (không bao gồm doanh nghiệp, HTX)",,136/2025/NĐ-CP; 226/2025/NĐ-CP; 33/2026/QĐ-UBND; 105/2026/QĐ-UBND; 102/2024/NĐ-CP; 43/2024/QH15; 118/2025/NĐ-CP; 131/2025/NĐ-CP; 91/2024/NĐ-CP; 16/2017/QH14
1.116445,(Hà Nội) Đăng ký biến động chuyển mục đích sử dụng đất không phải xin,Đối tượng,1,Người Việt Nam định cư ở nước ngoài,,31/2024/QH15; 33/2026/QĐ-UBND; 105/2026/QĐ-UBND; 151/2025/NĐ-CP; 254/2025/QH15; 102/2024/NĐ-CP; 49/2026/NĐ-CP; 118/2025/NĐ-CP; 101/2024/NĐ-CP
1.116445,(Hà Nội) Đăng ký biến động chuyển mục đích sử dụng đất không phải xin,Đối tượng,2,"Tổ chức (không bao gồm doanh nghiệp, HTX)",,31/2024/QH15; 33/2026/QĐ-UBND; 105/2026/QĐ-UBND; 151/2025/NĐ-CP; 254/2025/QH15; 102/2024/NĐ-CP; 49/2026/NĐ-CP; 118/2025/NĐ-CP; 101/2024/NĐ-CP
1.116446,(Hà Nội) Tặng cho quyền sử dụng đất cho Nhà nước hoặc cộng đồng dân cư,Đối tượng,1,"Tổ chức (không bao gồm doanh nghiệp, HTX)",,31/2024/QH15; 101/2024/NĐ-CP; 151/2025/NĐ-CP; 254/2025/QH15; 49/2026/NĐ-CP; 102/2024/NĐ-CP; 43/2024/QH15; 33/2026/QĐ-UBND; 105/2026/QĐ-UBND; 01/QCPH-CT-CQLĐĐ
1.116446,(Hà Nội) Tặng cho quyền sử dụng đất cho Nhà nước hoặc cộng đồng dân cư,Đối tượng,2,Công dân Việt Nam,,31/2024/QH15; 101/2024/NĐ-CP; 151/2025/NĐ-CP; 254/2025/QH15; 49/2026/NĐ-CP; 102/2024/NĐ-CP; 43/2024/QH15; 33/2026/QĐ-UBND; 105/2026/QĐ-UBND; 01/QCPH-CT-CQLĐĐ
1.116446,(Hà Nội) Tặng cho quyền sử dụng đất cho Nhà nước hoặc cộng đồng dân cư,Đối tượng,3,Doanh nghiệp,,31/2024/QH15; 101/2024/NĐ-CP; 151/2025/NĐ-CP; 254/2025/QH15; 49/2026/NĐ-CP; 102/2024/NĐ-CP; 43/2024/QH15; 33/2026/QĐ-UBND; 105/2026/QĐ-UBND; 01/QCPH-CT-CQLĐĐ
1.116447,"(Hà Nội) Đăng ký, cấp Giấy chứng nhận đối với trường hợp cá nhân, hộ g",Đối tượng,1,Công dân Việt Nam,,101/2024/NĐ-CP; 33/2026/QĐ-UBND; 105/2026/QĐ-UBND; 32/2024/QH15; 43/2024/QH15; 102/2024/NĐ-CP; 49/2026/NĐ-CP; 29/2023/QH15; 254/2025/QH15; 151/2025/NĐ-CP; 27/2023/QH15; 31/2024/QH15
1.116447,"(Hà Nội) Đăng ký, cấp Giấy chứng nhận đối với trường hợp cá nhân, hộ g",Đối tượng,2,Doanh nghiệp,,101/2024/NĐ-CP; 33/2026/QĐ-UBND; 105/2026/QĐ-UBND; 32/2024/QH15; 43/2024/QH15; 102/2024/NĐ-CP; 49/2026/NĐ-CP; 29/2023/QH15; 254/2025/QH15; 151/2025/NĐ-CP; 27/2023/QH15; 31/2024/QH15
1.116447,"(Hà Nội) Đăng ký, cấp Giấy chứng nhận đối với trường hợp cá nhân, hộ g",Đối tượng,3,"Tổ chức (không bao gồm doanh nghiệp, HTX)",,101/2024/NĐ-CP; 33/2026/QĐ-UBND; 105/2026/QĐ-UBND; 32/2024/QH15; 43/2024/QH15; 102/2024/NĐ-CP; 49/2026/NĐ-CP; 29/2023/QH15; 254/2025/QH15; 151/2025/NĐ-CP; 27/2023/QH15; 31/2024/QH15
1.116448,"(Hà Nội) Điều chỉnh quyết định giao đất, cho thuê đất, cho phép chuyển",Đối tượng,1,Công dân Việt Nam,,226/2025/NĐ-CP; 33/2026/QĐ-UBND; 105/2026/QĐ-UBND; 151/2025/NĐ-CP; 47/2024/QH15; 58/2024/QH15; 49/2026/NĐ-CP; 102/2024/NĐ-CP; 43/2024/QH15
1.116448,"(Hà Nội) Điều chỉnh quyết định giao đất, cho thuê đất, cho phép chuyển",Đối tượng,2,Doanh nghiệp,,226/2025/NĐ-CP; 33/2026/QĐ-UBND; 105/2026/QĐ-UBND; 151/2025/NĐ-CP; 47/2024/QH15; 58/2024/QH15; 49/2026/NĐ-CP; 102/2024/NĐ-CP; 43/2024/QH15
1.116448,"(Hà Nội) Điều chỉnh quyết định giao đất, cho thuê đất, cho phép chuyển",Đối tượng,3,Tổ chức nước ngoài,,226/2025/NĐ-CP; 33/2026/QĐ-UBND; 105/2026/QĐ-UBND; 151/2025/NĐ-CP; 47/2024/QH15; 58/2024/QH15; 49/2026/NĐ-CP; 102/2024/NĐ-CP; 43/2024/QH15
1.116448,"(Hà Nội) Điều chỉnh quyết định giao đất, cho thuê đất, cho phép chuyển",Đối tượng,4,Doanh nghiệp Việt Nam,,226/2025/NĐ-CP; 33/2026/QĐ-UBND; 105/2026/QĐ-UBND; 151/2025/NĐ-CP; 47/2024/QH15; 58/2024/QH15; 49/2026/NĐ-CP; 102/2024/NĐ-CP; 43/2024/QH15
1.116448,"(Hà Nội) Điều chỉnh quyết định giao đất, cho thuê đất, cho phép chuyển",Đối tượng,5,Doanh nghiệp có vốn đầu tư nước ngoài,,226/2025/NĐ-CP; 33/2026/QĐ-UBND; 105/2026/QĐ-UBND; 151/2025/NĐ-CP; 47/2024/QH15; 58/2024/QH15; 49/2026/NĐ-CP; 102/2024/NĐ-CP; 43/2024/QH15
1.116448,"(Hà Nội) Điều chỉnh quyết định giao đất, cho thuê đất, cho phép chuyển",Đối tượng,6,"Tổ chức (không bao gồm doanh nghiệp, HTX)",,226/2025/NĐ-CP; 33/2026/QĐ-UBND; 105/2026/QĐ-UBND; 151/2025/NĐ-CP; 47/2024/QH15; 58/2024/QH15; 49/2026/NĐ-CP; 102/2024/NĐ-CP; 43/2024/QH15
1.116449,(Hà Nội) Đăng ký tài sản gắn liền với thửa đất đã được cấp Giấy chứng,Đối tượng,1,"Tổ chức (không bao gồm doanh nghiệp, HTX)",,31/2024/QH15; 49/2026/NĐ-CP; 102/2024/NĐ-CP; 43/2024/QH15; 151/2025/NĐ-CP; 33/2026/QĐ-UBND; 105/2026/QĐ-UBND; 101/2024/NĐ-CP
1.116449,(Hà Nội) Đăng ký tài sản gắn liền với thửa đất đã được cấp Giấy chứng,Đối tượng,2,Người Việt Nam định cư ở nước ngoài,,31/2024/QH15; 49/2026/NĐ-CP; 102/2024/NĐ-CP; 43/2024/QH15; 151/2025/NĐ-CP; 33/2026/QĐ-UBND; 105/2026/QĐ-UBND; 101/2024/NĐ-CP
1.116449,(Hà Nội) Đăng ký tài sản gắn liền với thửa đất đã được cấp Giấy chứng,Đối tượng,3,Doanh nghiệp Việt Nam,,31/2024/QH15; 49/2026/NĐ-CP; 102/2024/NĐ-CP; 43/2024/QH15; 151/2025/NĐ-CP; 33/2026/QĐ-UBND; 105/2026/QĐ-UBND; 101/2024/NĐ-CP
1.116449,(Hà Nội) Đăng ký tài sản gắn liền với thửa đất đã được cấp Giấy chứng,Đối tượng,4,Doanh nghiệp có vốn đầu tư nước ngoài,,31/2024/QH15; 49/2026/NĐ-CP; 102/2024/NĐ-CP; 43/2024/QH15; 151/2025/NĐ-CP; 33/2026/QĐ-UBND; 105/2026/QĐ-UBND; 101/2024/NĐ-CP
1.116449,(Hà Nội) Đăng ký tài sản gắn liền với thửa đất đã được cấp Giấy chứng,Đối tượng,5,Công dân Việt Nam,,31/2024/QH15; 49/2026/NĐ-CP; 102/2024/NĐ-CP; 43/2024/QH15; 151/2025/NĐ-CP; 33/2026/QĐ-UBND; 105/2026/QĐ-UBND; 101/2024/NĐ-CP
1.116449,(Hà Nội) Đăng ký tài sản gắn liền với thửa đất đã được cấp Giấy chứng,Đối tượng,6,Doanh nghiệp,,31/2024/QH15; 49/2026/NĐ-CP; 102/2024/NĐ-CP; 43/2024/QH15; 151/2025/NĐ-CP; 33/2026/QĐ-UBND; 105/2026/QĐ-UBND; 101/2024/NĐ-CP
1.116449,(Hà Nội) Đăng ký tài sản gắn liền với thửa đất đã được cấp Giấy chứng,Đối tượng,7,Người nước ngoài,,31/2024/QH15; 49/2026/NĐ-CP; 102/2024/NĐ-CP; 43/2024/QH15; 151/2025/NĐ-CP; 33/2026/QĐ-UBND; 105/2026/QĐ-UBND; 101/2024/NĐ-CP
1.116449,(Hà Nội) Đăng ký tài sản gắn liền với thửa đất đã được cấp Giấy chứng,Đối tượng,8,Tổ chức nước ngoài,,31/2024/QH15; 49/2026/NĐ-CP; 102/2024/NĐ-CP; 43/2024/QH15; 151/2025/NĐ-CP; 33/2026/QĐ-UBND; 105/2026/QĐ-UBND; 101/2024/NĐ-CP
1.116449,(Hà Nội) Đăng ký tài sản gắn liền với thửa đất đã được cấp Giấy chứng,Đối tượng,9,Công dân Việt Nam mà không xác định được nơi thường trú hoặc nơi tạm trú,,31/2024/QH15; 49/2026/NĐ-CP; 102/2024/NĐ-CP; 43/2024/QH15; 151/2025/NĐ-CP; 33/2026/QĐ-UBND; 105/2026/QĐ-UBND; 101/2024/NĐ-CP
1.116449,(Hà Nội) Đăng ký tài sản gắn liền với thửa đất đã được cấp Giấy chứng,Đối tượng,10,Người nước ngoài cư trú tại Việt Nam,,31/2024/QH15; 49/2026/NĐ-CP; 102/2024/NĐ-CP; 43/2024/QH15; 151/2025/NĐ-CP; 33/2026/QĐ-UBND; 105/2026/QĐ-UBND; 101/2024/NĐ-CP
1.116449,(Hà Nội) Đăng ký tài sản gắn liền với thửa đất đã được cấp Giấy chứng,Đối tượng,11,Người nước ngoài đã cư trú tại Việt Nam,,31/2024/QH15; 49/2026/NĐ-CP; 102/2024/NĐ-CP; 43/2024/QH15; 151/2025/NĐ-CP; 33/2026/QĐ-UBND; 105/2026/QĐ-UBND; 101/2024/NĐ-CP
1.116450,(Hà Nội) Đính chính Giấy chứng nhận đã cấp đối với trường hợp thuộc th,Đối tượng,1,Công dân Việt Nam,,31/2024/QH15; 101/2024/NĐ-CP; 105/2026/QĐ-UBND; 151/2025/NĐ-CP; 254/2025/QH15; 49/2026/NĐ-CP; 102/2024/NĐ-CP; 43/2024/QH15; 27/2023/QH15; 32/2024/QH15; 29/2023/QH15
1.116450,(Hà Nội) Đính chính Giấy chứng nhận đã cấp đối với trường hợp thuộc th,Đối tượng,2,"Tổ chức (không bao gồm doanh nghiệp, HTX)",,31/2024/QH15; 101/2024/NĐ-CP; 105/2026/QĐ-UBND; 151/2025/NĐ-CP; 254/2025/QH15; 49/2026/NĐ-CP; 102/2024/NĐ-CP; 43/2024/QH15; 27/2023/QH15; 32/2024/QH15; 29/2023/QH15
1.116451,"(Hà Nội) Giao đất, cho thuê đất, chuyển mục đích sử dụng đất đối với t",Đối tượng,1,Công dân Việt Nam,,226/2025/NĐ-CP; 31/2024/QH15; 33/2026/QĐ-UBND; 105/2026/QĐ-UBND; 49/2026/NĐ-CP; 102/2024/NĐ-CP; 118/2025/NĐ-CP; 151/2025/NĐ-CP; 131/2025/NĐ-CP; 91/2024/NĐ-CP; 16/2017/QH14; 156/2018/NĐ-CP; 136/2025/NĐ-CP
1.116451,"(Hà Nội) Giao đất, cho thuê đất, chuyển mục đích sử dụng đất đối với t",Đối tượng,2,Doanh nghiệp,,226/2025/NĐ-CP; 31/2024/QH15; 33/2026/QĐ-UBND; 105/2026/QĐ-UBND; 49/2026/NĐ-CP; 102/2024/NĐ-CP; 118/2025/NĐ-CP; 151/2025/NĐ-CP; 131/2025/NĐ-CP; 91/2024/NĐ-CP; 16/2017/QH14; 156/2018/NĐ-CP; 136/2025/NĐ-CP
1.116451,"(Hà Nội) Giao đất, cho thuê đất, chuyển mục đích sử dụng đất đối với t",Đối tượng,3,"Tổ chức (không bao gồm doanh nghiệp, HTX)",,226/2025/NĐ-CP; 31/2024/QH15; 33/2026/QĐ-UBND; 105/2026/QĐ-UBND; 49/2026/NĐ-CP; 102/2024/NĐ-CP; 118/2025/NĐ-CP; 151/2025/NĐ-CP; 131/2025/NĐ-CP; 91/2024/NĐ-CP; 16/2017/QH14; 156/2018/NĐ-CP; 136/2025/NĐ-CP
1.116451,"(Hà Nội) Giao đất, cho thuê đất, chuyển mục đích sử dụng đất đối với t",Đối tượng,4,Doanh nghiệp Việt Nam,,226/2025/NĐ-CP; 31/2024/QH15; 33/2026/QĐ-UBND; 105/2026/QĐ-UBND; 49/2026/NĐ-CP; 102/2024/NĐ-CP; 118/2025/NĐ-CP; 151/2025/NĐ-CP; 131/2025/NĐ-CP; 91/2024/NĐ-CP; 16/2017/QH14; 156/2018/NĐ-CP; 136/2025/NĐ-CP
1.116451,"(Hà Nội) Giao đất, cho thuê đất, chuyển mục đích sử dụng đất đối với t",Đối tượng,5,Tổ chức nước ngoài,,226/2025/NĐ-CP; 31/2024/QH15; 33/2026/QĐ-UBND; 105/2026/QĐ-UBND; 49/2026/NĐ-CP; 102/2024/NĐ-CP; 118/2025/NĐ-CP; 151/2025/NĐ-CP; 131/2025/NĐ-CP; 91/2024/NĐ-CP; 16/2017/QH14; 156/2018/NĐ-CP; 136/2025/NĐ-CP
1.116451,"(Hà Nội) Giao đất, cho thuê đất, chuyển mục đích sử dụng đất đối với t",Đối tượng,6,Doanh nghiệp có vốn đầu tư nước ngoài,,226/2025/NĐ-CP; 31/2024/QH15; 33/2026/QĐ-UBND; 105/2026/QĐ-UBND; 49/2026/NĐ-CP; 102/2024/NĐ-CP; 118/2025/NĐ-CP; 151/2025/NĐ-CP; 131/2025/NĐ-CP; 91/2024/NĐ-CP; 16/2017/QH14; 156/2018/NĐ-CP; 136/2025/NĐ-CP
1.116453,(Hà Nội) Thu hồi Giấy chứng nhận đã cấp không đúng quy định của pháp l,Đối tượng,1,Người Việt Nam định cư ở nước ngoài,,49/2026/NĐ-CP; 102/2024/NĐ-CP; 31/2024/QH15; 105/2026/QĐ-UBND; 151/2025/NĐ-CP; 254/2025/QH15; 101/2024/NĐ-CP; 43/2024/QH15
1.116453,(Hà Nội) Thu hồi Giấy chứng nhận đã cấp không đúng quy định của pháp l,Đối tượng,2,Công dân Việt Nam,,49/2026/NĐ-CP; 102/2024/NĐ-CP; 31/2024/QH15; 105/2026/QĐ-UBND; 151/2025/NĐ-CP; 254/2025/QH15; 101/2024/NĐ-CP; 43/2024/QH15
1.116453,(Hà Nội) Thu hồi Giấy chứng nhận đã cấp không đúng quy định của pháp l,Đối tượng,3,Công dân Việt Nam mà không xác định được nơi thường trú hoặc nơi tạm trú,,49/2026/NĐ-CP; 102/2024/NĐ-CP; 31/2024/QH15; 105/2026/QĐ-UBND; 151/2025/NĐ-CP; 254/2025/QH15; 101/2024/NĐ-CP; 43/2024/QH15
1.116454,"(Hà Nội) Đăng ký biến động quyền sử dụng đất, quyền sở hữu tài sản gắn",Đối tượng,1,"Cán bộ, công chức, viên chức",,31/2024/QH15; 151/2025/NĐ-CP; 254/2025/QH15; 101/2024/NĐ-CP; 49/2026/NĐ-CP; 102/2024/NĐ-CP; 33/2026/QĐ-UBND; 105/2026/QĐ-UBND; 43/2024/QH15
1.116454,"(Hà Nội) Đăng ký biến động quyền sử dụng đất, quyền sở hữu tài sản gắn",Đối tượng,2,Công dân Việt Nam,,31/2024/QH15; 151/2025/NĐ-CP; 254/2025/QH15; 101/2024/NĐ-CP; 49/2026/NĐ-CP; 102/2024/NĐ-CP; 33/2026/QĐ-UBND; 105/2026/QĐ-UBND; 43/2024/QH15
1.116454,"(Hà Nội) Đăng ký biến động quyền sử dụng đất, quyền sở hữu tài sản gắn",Đối tượng,3,Tổ chức nước ngoài,,31/2024/QH15; 151/2025/NĐ-CP; 254/2025/QH15; 101/2024/NĐ-CP; 49/2026/NĐ-CP; 102/2024/NĐ-CP; 33/2026/QĐ-UBND; 105/2026/QĐ-UBND; 43/2024/QH15
1.116454,"(Hà Nội) Đăng ký biến động quyền sử dụng đất, quyền sở hữu tài sản gắn",Đối tượng,4,Người nước ngoài,,31/2024/QH15; 151/2025/NĐ-CP; 254/2025/QH15; 101/2024/NĐ-CP; 49/2026/NĐ-CP; 102/2024/NĐ-CP; 33/2026/QĐ-UBND; 105/2026/QĐ-UBND; 43/2024/QH15
1.116454,"(Hà Nội) Đăng ký biến động quyền sử dụng đất, quyền sở hữu tài sản gắn",Đối tượng,5,Người Việt Nam định cư ở nước ngoài,,31/2024/QH15; 151/2025/NĐ-CP; 254/2025/QH15; 101/2024/NĐ-CP; 49/2026/NĐ-CP; 102/2024/NĐ-CP; 33/2026/QĐ-UBND; 105/2026/QĐ-UBND; 43/2024/QH15
1.116454,"(Hà Nội) Đăng ký biến động quyền sử dụng đất, quyền sở hữu tài sản gắn",Đối tượng,6,"Tổ chức (không bao gồm doanh nghiệp, HTX)",,31/2024/QH15; 151/2025/NĐ-CP; 254/2025/QH15; 101/2024/NĐ-CP; 49/2026/NĐ-CP; 102/2024/NĐ-CP; 33/2026/QĐ-UBND; 105/2026/QĐ-UBND; 43/2024/QH15
1.116455,(Hà Nội) Đăng ký biến động đối với trường hợp đổi tên hoặc thay đổi th,Đối tượng,1,"Tổ chức (không bao gồm doanh nghiệp, HTX)",,254/2025/QH15; 101/2024/NĐ-CP; 151/2025/NĐ-CP; 43/2024/QH15; 102/2024/NĐ-CP; 49/2026/NĐ-CP; 31/2024/QH15; 33/2026/QĐ-UBND; 105/2026/QĐ-UBND
1.116455,(Hà Nội) Đăng ký biến động đối với trường hợp đổi tên hoặc thay đổi th,Đối tượng,2,Người Việt Nam định cư ở nước ngoài,,254/2025/QH15; 101/2024/NĐ-CP; 151/2025/NĐ-CP; 43/2024/QH15; 102/2024/NĐ-CP; 49/2026/NĐ-CP; 31/2024/QH15; 33/2026/QĐ-UBND; 105/2026/QĐ-UBND
1.116455,(Hà Nội) Đăng ký biến động đối với trường hợp đổi tên hoặc thay đổi th,Đối tượng,3,Công dân Việt Nam,,254/2025/QH15; 101/2024/NĐ-CP; 151/2025/NĐ-CP; 43/2024/QH15; 102/2024/NĐ-CP; 49/2026/NĐ-CP; 31/2024/QH15; 33/2026/QĐ-UBND; 105/2026/QĐ-UBND
1.116455,(Hà Nội) Đăng ký biến động đối với trường hợp đổi tên hoặc thay đổi th,Đối tượng,4,Người nước ngoài,,254/2025/QH15; 101/2024/NĐ-CP; 151/2025/NĐ-CP; 43/2024/QH15; 102/2024/NĐ-CP; 49/2026/NĐ-CP; 31/2024/QH15; 33/2026/QĐ-UBND; 105/2026/QĐ-UBND
1.116455,(Hà Nội) Đăng ký biến động đối với trường hợp đổi tên hoặc thay đổi th,Đối tượng,5,"Cán bộ, công chức, viên chức",,254/2025/QH15; 101/2024/NĐ-CP; 151/2025/NĐ-CP; 43/2024/QH15; 102/2024/NĐ-CP; 49/2026/NĐ-CP; 31/2024/QH15; 33/2026/QĐ-UBND; 105/2026/QĐ-UBND
1.116456,"(Hà Nội) Đăng ký biến động thay đổi quyền sử dụng đất, quyền sở hữu tà",Đối tượng,1,Doanh nghiệp có vốn đầu tư nước ngoài,,254/2025/QH15; 101/2024/NĐ-CP; 151/2025/NĐ-CP; 31/2024/QH15; 33/2026/QĐ-UBND; 105/2026/QĐ-UBND; 01/QCPH-CT-CQLĐĐ; 43/2024/QH15; 102/2024/NĐ-CP; 49/2026/NĐ-CP
1.116456,"(Hà Nội) Đăng ký biến động thay đổi quyền sử dụng đất, quyền sở hữu tà",Đối tượng,2,Tổ chức nước ngoài,,254/2025/QH15; 101/2024/NĐ-CP; 151/2025/NĐ-CP; 31/2024/QH15; 33/2026/QĐ-UBND; 105/2026/QĐ-UBND; 01/QCPH-CT-CQLĐĐ; 43/2024/QH15; 102/2024/NĐ-CP; 49/2026/NĐ-CP
1.116456,"(Hà Nội) Đăng ký biến động thay đổi quyền sử dụng đất, quyền sở hữu tà",Đối tượng,3,Người Việt Nam định cư ở nước ngoài,,254/2025/QH15; 101/2024/NĐ-CP; 151/2025/NĐ-CP; 31/2024/QH15; 33/2026/QĐ-UBND; 105/2026/QĐ-UBND; 01/QCPH-CT-CQLĐĐ; 43/2024/QH15; 102/2024/NĐ-CP; 49/2026/NĐ-CP
1.116456,"(Hà Nội) Đăng ký biến động thay đổi quyền sử dụng đất, quyền sở hữu tà",Đối tượng,4,"Tổ chức (không bao gồm doanh nghiệp, HTX)",,254/2025/QH15; 101/2024/NĐ-CP; 151/2025/NĐ-CP; 31/2024/QH15; 33/2026/QĐ-UBND; 105/2026/QĐ-UBND; 01/QCPH-CT-CQLĐĐ; 43/2024/QH15; 102/2024/NĐ-CP; 49/2026/NĐ-CP
1.116457,(Hà Nội) Đăng ký biến động đối với trường hợp thay đổi quyền sử dụng đ,Đối tượng,1,Người Việt Nam định cư ở nước ngoài,,102/2024/NĐ-CP; 49/2026/NĐ-CP; 31/2024/QH15; 33/2026/QĐ-UBND; 105/2026/QĐ-UBND; 151/2025/NĐ-CP; 101/2024/NĐ-CP; 254/2025/QH15; 15/2017/QH14; 118/2025/NĐ-CP; 01/QCPH-CT-CQLĐĐ
1.116457,(Hà Nội) Đăng ký biến động đối với trường hợp thay đổi quyền sử dụng đ,Đối tượng,2,"Tổ chức (không bao gồm doanh nghiệp, HTX)",,102/2024/NĐ-CP; 49/2026/NĐ-CP; 31/2024/QH15; 33/2026/QĐ-UBND; 105/2026/QĐ-UBND; 151/2025/NĐ-CP; 101/2024/NĐ-CP; 254/2025/QH15; 15/2017/QH14; 118/2025/NĐ-CP; 01/QCPH-CT-CQLĐĐ
1.116457,(Hà Nội) Đăng ký biến động đối với trường hợp thay đổi quyền sử dụng đ,Đối tượng,3,Công dân Việt Nam,,102/2024/NĐ-CP; 49/2026/NĐ-CP; 31/2024/QH15; 33/2026/QĐ-UBND; 105/2026/QĐ-UBND; 151/2025/NĐ-CP; 101/2024/NĐ-CP; 254/2025/QH15; 15/2017/QH14; 118/2025/NĐ-CP; 01/QCPH-CT-CQLĐĐ
1.116457,(Hà Nội) Đăng ký biến động đối với trường hợp thay đổi quyền sử dụng đ,Đối tượng,4,Người nước ngoài,,102/2024/NĐ-CP; 49/2026/NĐ-CP; 31/2024/QH15; 33/2026/QĐ-UBND; 105/2026/QĐ-UBND; 151/2025/NĐ-CP; 101/2024/NĐ-CP; 254/2025/QH15; 15/2017/QH14; 118/2025/NĐ-CP; 01/QCPH-CT-CQLĐĐ
1.116457,(Hà Nội) Đăng ký biến động đối với trường hợp thay đổi quyền sử dụng đ,Đối tượng,5,Tổ chức nước ngoài,,102/2024/NĐ-CP; 49/2026/NĐ-CP; 31/2024/QH15; 33/2026/QĐ-UBND; 105/2026/QĐ-UBND; 151/2025/NĐ-CP; 101/2024/NĐ-CP; 254/2025/QH15; 15/2017/QH14; 118/2025/NĐ-CP; 01/QCPH-CT-CQLĐĐ
1.116458,"(Hà Nội) Giao đất ở có thu tiền sử dụng đất không thông qua đấu giá, k",Đối tượng,1,"Cán bộ, công chức, viên chức",,226/2025/NĐ-CP; 33/2026/QĐ-UBND; 105/2026/QĐ-UBND; 43/2024/QH15; 102/2024/NĐ-CP; 49/2026/NĐ-CP; 151/2025/NĐ-CP; 47/2024/QH15; 58/2024/QH15
1.116458,"(Hà Nội) Giao đất ở có thu tiền sử dụng đất không thông qua đấu giá, k",Đối tượng,2,Công dân Việt Nam,,226/2025/NĐ-CP; 33/2026/QĐ-UBND; 105/2026/QĐ-UBND; 43/2024/QH15; 102/2024/NĐ-CP; 49/2026/NĐ-CP; 151/2025/NĐ-CP; 47/2024/QH15; 58/2024/QH15
1.116458,"(Hà Nội) Giao đất ở có thu tiền sử dụng đất không thông qua đấu giá, k",Đối tượng,3,Đảng viên,,226/2025/NĐ-CP; 33/2026/QĐ-UBND; 105/2026/QĐ-UBND; 43/2024/QH15; 102/2024/NĐ-CP; 49/2026/NĐ-CP; 151/2025/NĐ-CP; 47/2024/QH15; 58/2024/QH15
1.116459,"(Hà Nội) Điều chỉnh quyết định giao đất, cho thuê đất, cho phép chuyển",Đối tượng,1,"Tổ chức (không bao gồm doanh nghiệp, HTX)",,102/2024/NĐ-CP; 49/2026/NĐ-CP; 151/2025/NĐ-CP; 31/2024/QH15; 33/2026/QĐ-UBND; 105/2026/QĐ-UBND; 226/2025/NĐ-CP; 47/2024/QH15; 58/2024/QH15
1.116459,"(Hà Nội) Điều chỉnh quyết định giao đất, cho thuê đất, cho phép chuyển",Đối tượng,2,Doanh nghiệp Việt Nam,,102/2024/NĐ-CP; 49/2026/NĐ-CP; 151/2025/NĐ-CP; 31/2024/QH15; 33/2026/QĐ-UBND; 105/2026/QĐ-UBND; 226/2025/NĐ-CP; 47/2024/QH15; 58/2024/QH15
1.116459,"(Hà Nội) Điều chỉnh quyết định giao đất, cho thuê đất, cho phép chuyển",Đối tượng,3,Doanh nghiệp có vốn đầu tư nước ngoài,,102/2024/NĐ-CP; 49/2026/NĐ-CP; 151/2025/NĐ-CP; 31/2024/QH15; 33/2026/QĐ-UBND; 105/2026/QĐ-UBND; 226/2025/NĐ-CP; 47/2024/QH15; 58/2024/QH15
1.116459,"(Hà Nội) Điều chỉnh quyết định giao đất, cho thuê đất, cho phép chuyển",Đối tượng,4,Công dân Việt Nam,,102/2024/NĐ-CP; 49/2026/NĐ-CP; 151/2025/NĐ-CP; 31/2024/QH15; 33/2026/QĐ-UBND; 105/2026/QĐ-UBND; 226/2025/NĐ-CP; 47/2024/QH15; 58/2024/QH15
1.116459,"(Hà Nội) Điều chỉnh quyết định giao đất, cho thuê đất, cho phép chuyển",Đối tượng,5,Doanh nghiệp,,102/2024/NĐ-CP; 49/2026/NĐ-CP; 151/2025/NĐ-CP; 31/2024/QH15; 33/2026/QĐ-UBND; 105/2026/QĐ-UBND; 226/2025/NĐ-CP; 47/2024/QH15; 58/2024/QH15
1.116459,"(Hà Nội) Điều chỉnh quyết định giao đất, cho thuê đất, cho phép chuyển",Đối tượng,6,Tổ chức nước ngoài,,102/2024/NĐ-CP; 49/2026/NĐ-CP; 151/2025/NĐ-CP; 31/2024/QH15; 33/2026/QĐ-UBND; 105/2026/QĐ-UBND; 226/2025/NĐ-CP; 47/2024/QH15; 58/2024/QH15
1.116460,"(Hà Nội) Điều chỉnh quyết định giao đất, cho thuê đất, cho phép chuyển",Đối tượng,1,Công dân Việt Nam,,31/2024/QH15; 33/2026/QĐ-UBND; 105/2026/QĐ-UBND; 102/2024/NĐ-CP; 151/2025/NĐ-CP; 49/2026/NĐ-CP; 226/2025/NĐ-CP
1.116460,"(Hà Nội) Điều chỉnh quyết định giao đất, cho thuê đất, cho phép chuyển",Đối tượng,2,Tổ chức nước ngoài,,31/2024/QH15; 33/2026/QĐ-UBND; 105/2026/QĐ-UBND; 102/2024/NĐ-CP; 151/2025/NĐ-CP; 49/2026/NĐ-CP; 226/2025/NĐ-CP
1.116460,"(Hà Nội) Điều chỉnh quyết định giao đất, cho thuê đất, cho phép chuyển",Đối tượng,3,"Tổ chức (không bao gồm doanh nghiệp, HTX)",,31/2024/QH15; 33/2026/QĐ-UBND; 105/2026/QĐ-UBND; 102/2024/NĐ-CP; 151/2025/NĐ-CP; 49/2026/NĐ-CP; 226/2025/NĐ-CP
1.116461,"(Hà Nội) Cấp đổi Giấy chứng nhận quyền sử dụng đất, quyền sở hữu tài s",Đối tượng,1,Công dân Việt Nam,,43/2024/QH15; 31/2024/QH15; 33/2026/QĐ-UBND; 105/2026/QĐ-UBND; 151/2025/NĐ-CP; 254/2025/QH15; 101/2024/NĐ-CP; 102/2024/NĐ-CP
1.116461,"(Hà Nội) Cấp đổi Giấy chứng nhận quyền sử dụng đất, quyền sở hữu tài s",Đối tượng,2,Doanh nghiệp,,43/2024/QH15; 31/2024/QH15; 33/2026/QĐ-UBND; 105/2026/QĐ-UBND; 151/2025/NĐ-CP; 254/2025/QH15; 101/2024/NĐ-CP; 102/2024/NĐ-CP
1.116461,"(Hà Nội) Cấp đổi Giấy chứng nhận quyền sử dụng đất, quyền sở hữu tài s",Đối tượng,3,Tổ chức nước ngoài,,43/2024/QH15; 31/2024/QH15; 33/2026/QĐ-UBND; 105/2026/QĐ-UBND; 151/2025/NĐ-CP; 254/2025/QH15; 101/2024/NĐ-CP; 102/2024/NĐ-CP
1.116461,"(Hà Nội) Cấp đổi Giấy chứng nhận quyền sử dụng đất, quyền sở hữu tài s",Đối tượng,4,Doanh nghiệp Việt Nam,,43/2024/QH15; 31/2024/QH15; 33/2026/QĐ-UBND; 105/2026/QĐ-UBND; 151/2025/NĐ-CP; 254/2025/QH15; 101/2024/NĐ-CP; 102/2024/NĐ-CP
1.116461,"(Hà Nội) Cấp đổi Giấy chứng nhận quyền sử dụng đất, quyền sở hữu tài s",Đối tượng,5,Doanh nghiệp có vốn đầu tư nước ngoài,,43/2024/QH15; 31/2024/QH15; 33/2026/QĐ-UBND; 105/2026/QĐ-UBND; 151/2025/NĐ-CP; 254/2025/QH15; 101/2024/NĐ-CP; 102/2024/NĐ-CP
1.116461,"(Hà Nội) Cấp đổi Giấy chứng nhận quyền sử dụng đất, quyền sở hữu tài s",Đối tượng,6,"Tổ chức (không bao gồm doanh nghiệp, HTX)",,43/2024/QH15; 31/2024/QH15; 33/2026/QĐ-UBND; 105/2026/QĐ-UBND; 151/2025/NĐ-CP; 254/2025/QH15; 101/2024/NĐ-CP; 102/2024/NĐ-CP
1.116463,"Chi trả hỗ trợ người lao động tham gia đào tạo, nâng cao trình độ kỹ n",Đối tượng,1,Doanh nghiệp,,3349/BHXH-TCKT; 374/2025/NĐ-CP; 2222/QĐ-BHXH; 74/2025/QH15; 313/QĐ-BHXH; 107/2025/TT-BTC
1.116463,"Chi trả hỗ trợ người lao động tham gia đào tạo, nâng cao trình độ kỹ n",Đối tượng,2,"Tổ chức (không bao gồm doanh nghiệp, HTX)",,3349/BHXH-TCKT; 374/2025/NĐ-CP; 2222/QĐ-BHXH; 74/2025/QH15; 313/QĐ-BHXH; 107/2025/TT-BTC
1.116466,"Giám định chi phí khám bệnh, chữa bệnh bảo hiểm y tế",Đối tượng,1,Doanh nghiệp Việt Nam,,25/2008/QH12; 51/2024/QH15; 46/2014/QH13; 15/2023/QH15; 96/2023/NĐ-CP; 188/2025/NĐ-CP; 233/2025/NĐ-CP; 697/QĐ-BYT; 12/2026/TT-BTC
1.116466,"Giám định chi phí khám bệnh, chữa bệnh bảo hiểm y tế",Đối tượng,2,Doanh nghiệp,,25/2008/QH12; 51/2024/QH15; 46/2014/QH13; 15/2023/QH15; 96/2023/NĐ-CP; 188/2025/NĐ-CP; 233/2025/NĐ-CP; 697/QĐ-BYT; 12/2026/TT-BTC
1.116466,"Giám định chi phí khám bệnh, chữa bệnh bảo hiểm y tế",Đối tượng,3,"Tổ chức (không bao gồm doanh nghiệp, HTX)",,25/2008/QH12; 51/2024/QH15; 46/2014/QH13; 15/2023/QH15; 96/2023/NĐ-CP; 188/2025/NĐ-CP; 233/2025/NĐ-CP; 697/QĐ-BYT; 12/2026/TT-BTC
1.116467,"Cấp phép nghiên cứu chất ma túy, tiền chất thuộc thẩm quyền của Bộ Côn",Đối tượng,1,Công dân Việt Nam,,120/2025/QH15; 163/2026/NĐ-CP
1.116467,"Cấp phép nghiên cứu chất ma túy, tiền chất thuộc thẩm quyền của Bộ Côn",Đối tượng,2,"Tổ chức (không bao gồm doanh nghiệp, HTX)",,120/2025/QH15; 163/2026/NĐ-CP
1.116485,Thủ tục cấp giấy phép hoạt động của cơ sở kinh doanh dịch vụ phát hành,Đối tượng,1,Công dân Việt Nam,,126/2025/QH15; 237/2026/NĐ-CP
1.116485,Thủ tục cấp giấy phép hoạt động của cơ sở kinh doanh dịch vụ phát hành,Đối tượng,2,Doanh nghiệp,,126/2025/QH15; 237/2026/NĐ-CP
1.116485,Thủ tục cấp giấy phép hoạt động của cơ sở kinh doanh dịch vụ phát hành,Đối tượng,3,"Tổ chức (không bao gồm doanh nghiệp, HTX)",,126/2025/QH15; 237/2026/NĐ-CP
1.116486,"Thủ tục cấp giấy phép hoạt động báo chí in, giấy phép hoạt động báo ch",Đối tượng,1,Công dân Việt Nam,,237/2026/NĐ-CP; 126/2025/QH15; 20/2026/TT-BVHTTDL
1.116486,"Thủ tục cấp giấy phép hoạt động báo chí in, giấy phép hoạt động báo ch",Đối tượng,2,"Tổ chức (không bao gồm doanh nghiệp, HTX)",,237/2026/NĐ-CP; 126/2025/QH15; 20/2026/TT-BVHTTDL
1.116487,Thủ tục cấp giấy phép hoạt động của cơ sở kinh doanh dịch vụ phát hành,Đối tượng,1,Công dân Việt Nam,,237/2026/NĐ-CP; 126/2025/QH15
1.116487,Thủ tục cấp giấy phép hoạt động của cơ sở kinh doanh dịch vụ phát hành,Đối tượng,2,Doanh nghiệp,,237/2026/NĐ-CP; 126/2025/QH15
1.116487,Thủ tục cấp giấy phép hoạt động của cơ sở kinh doanh dịch vụ phát hành,Đối tượng,3,"Tổ chức (không bao gồm doanh nghiệp, HTX)",,237/2026/NĐ-CP; 126/2025/QH15
1.116489,"Xóa đăng ký thuê, cho thuê lại quyền sử dụng đất trong dự án xây dựng",Đối tượng,1,"Tổ chức (không bao gồm doanh nghiệp, HTX)",,118/2025/NĐ-CP; 367/2025/NĐ-CP; 49/2026/NĐ-CP; 54/2026/QĐ-UBND; 151/2025/NĐ-CP; 254/2025/QH15; 101/2024/NĐ-CP; 4009/QĐ-UBND; 31/2024/QH15; 69/2026/QĐ-UBND
1.116489,"Xóa đăng ký thuê, cho thuê lại quyền sử dụng đất trong dự án xây dựng",Đối tượng,2,Người Việt Nam định cư ở nước ngoài,,118/2025/NĐ-CP; 367/2025/NĐ-CP; 49/2026/NĐ-CP; 54/2026/QĐ-UBND; 151/2025/NĐ-CP; 254/2025/QH15; 101/2024/NĐ-CP; 4009/QĐ-UBND; 31/2024/QH15; 69/2026/QĐ-UBND
1.116489,"Xóa đăng ký thuê, cho thuê lại quyền sử dụng đất trong dự án xây dựng",Đối tượng,3,Doanh nghiệp có vốn đầu tư nước ngoài,,118/2025/NĐ-CP; 367/2025/NĐ-CP; 49/2026/NĐ-CP; 54/2026/QĐ-UBND; 151/2025/NĐ-CP; 254/2025/QH15; 101/2024/NĐ-CP; 4009/QĐ-UBND; 31/2024/QH15; 69/2026/QĐ-UBND
1.116489,"Xóa đăng ký thuê, cho thuê lại quyền sử dụng đất trong dự án xây dựng",Đối tượng,4,Công dân Việt Nam,,118/2025/NĐ-CP; 367/2025/NĐ-CP; 49/2026/NĐ-CP; 54/2026/QĐ-UBND; 151/2025/NĐ-CP; 254/2025/QH15; 101/2024/NĐ-CP; 4009/QĐ-UBND; 31/2024/QH15; 69/2026/QĐ-UBND
1.116489,"Xóa đăng ký thuê, cho thuê lại quyền sử dụng đất trong dự án xây dựng",Đối tượng,5,Doanh nghiệp,,118/2025/NĐ-CP; 367/2025/NĐ-CP; 49/2026/NĐ-CP; 54/2026/QĐ-UBND; 151/2025/NĐ-CP; 254/2025/QH15; 101/2024/NĐ-CP; 4009/QĐ-UBND; 31/2024/QH15; 69/2026/QĐ-UBND
1.116489,"Xóa đăng ký thuê, cho thuê lại quyền sử dụng đất trong dự án xây dựng",Đối tượng,6,Người nước ngoài,,118/2025/NĐ-CP; 367/2025/NĐ-CP; 49/2026/NĐ-CP; 54/2026/QĐ-UBND; 151/2025/NĐ-CP; 254/2025/QH15; 101/2024/NĐ-CP; 4009/QĐ-UBND; 31/2024/QH15; 69/2026/QĐ-UBND
1.116489,"Xóa đăng ký thuê, cho thuê lại quyền sử dụng đất trong dự án xây dựng",Đối tượng,7,Tổ chức nước ngoài,,118/2025/NĐ-CP; 367/2025/NĐ-CP; 49/2026/NĐ-CP; 54/2026/QĐ-UBND; 151/2025/NĐ-CP; 254/2025/QH15; 101/2024/NĐ-CP; 4009/QĐ-UBND; 31/2024/QH15; 69/2026/QĐ-UBND
1.116489,"Xóa đăng ký thuê, cho thuê lại quyền sử dụng đất trong dự án xây dựng",Đối tượng,8,Hợp tác xã,,118/2025/NĐ-CP; 367/2025/NĐ-CP; 49/2026/NĐ-CP; 54/2026/QĐ-UBND; 151/2025/NĐ-CP; 254/2025/QH15; 101/2024/NĐ-CP; 4009/QĐ-UBND; 31/2024/QH15; 69/2026/QĐ-UBND
1.116491,"Đăng ký, cấp Giấy chứng nhận đối với thửa đất có diện tích tăng thêm d",Đối tượng,1,"Tổ chức (không bao gồm doanh nghiệp, HTX)",,118/2025/NĐ-CP; 367/2025/NĐ-CP; 49/2026/NĐ-CP; 54/2026/QĐ-UBND; 254/2025/QH15; 101/2024/NĐ-CP; 151/2025/NĐ-CP; 4009/QĐ-UBND; 31/2024/QH15; 226/2025/NĐ-CP; 69/2026/QĐ-UBND
1.116491,"Đăng ký, cấp Giấy chứng nhận đối với thửa đất có diện tích tăng thêm d",Đối tượng,2,Công dân Việt Nam,,118/2025/NĐ-CP; 367/2025/NĐ-CP; 49/2026/NĐ-CP; 54/2026/QĐ-UBND; 254/2025/QH15; 101/2024/NĐ-CP; 151/2025/NĐ-CP; 4009/QĐ-UBND; 31/2024/QH15; 226/2025/NĐ-CP; 69/2026/QĐ-UBND
1.116493,"Cấp đổi Giấy chứng nhận quyền sử dụng đất, quyền sở hữu tài sản gắn li",Đối tượng,1,"Tổ chức (không bao gồm doanh nghiệp, HTX)",,118/2025/NĐ-CP; 367/2025/NĐ-CP; 49/2026/NĐ-CP; 54/2026/QĐ-UBND; 31/2024/QH15; 226/2025/NĐ-CP; 69/2026/QĐ-UBND; 254/2025/QH15; 101/2024/NĐ-CP; 151/2025/NĐ-CP; 4009/QĐ-UBND
1.116493,"Cấp đổi Giấy chứng nhận quyền sử dụng đất, quyền sở hữu tài sản gắn li",Đối tượng,2,Người Việt Nam định cư ở nước ngoài,,118/2025/NĐ-CP; 367/2025/NĐ-CP; 49/2026/NĐ-CP; 54/2026/QĐ-UBND; 31/2024/QH15; 226/2025/NĐ-CP; 69/2026/QĐ-UBND; 254/2025/QH15; 101/2024/NĐ-CP; 151/2025/NĐ-CP; 4009/QĐ-UBND
1.116493,"Cấp đổi Giấy chứng nhận quyền sử dụng đất, quyền sở hữu tài sản gắn li",Đối tượng,3,Công dân Việt Nam,,118/2025/NĐ-CP; 367/2025/NĐ-CP; 49/2026/NĐ-CP; 54/2026/QĐ-UBND; 31/2024/QH15; 226/2025/NĐ-CP; 69/2026/QĐ-UBND; 254/2025/QH15; 101/2024/NĐ-CP; 151/2025/NĐ-CP; 4009/QĐ-UBND
1.116493,"Cấp đổi Giấy chứng nhận quyền sử dụng đất, quyền sở hữu tài sản gắn li",Đối tượng,4,Doanh nghiệp,,118/2025/NĐ-CP; 367/2025/NĐ-CP; 49/2026/NĐ-CP; 54/2026/QĐ-UBND; 31/2024/QH15; 226/2025/NĐ-CP; 69/2026/QĐ-UBND; 254/2025/QH15; 101/2024/NĐ-CP; 151/2025/NĐ-CP; 4009/QĐ-UBND
1.116493,"Cấp đổi Giấy chứng nhận quyền sử dụng đất, quyền sở hữu tài sản gắn li",Đối tượng,5,Người nước ngoài,,118/2025/NĐ-CP; 367/2025/NĐ-CP; 49/2026/NĐ-CP; 54/2026/QĐ-UBND; 31/2024/QH15; 226/2025/NĐ-CP; 69/2026/QĐ-UBND; 254/2025/QH15; 101/2024/NĐ-CP; 151/2025/NĐ-CP; 4009/QĐ-UBND
1.116493,"Cấp đổi Giấy chứng nhận quyền sử dụng đất, quyền sở hữu tài sản gắn li",Đối tượng,6,Tổ chức nước ngoài,,118/2025/NĐ-CP; 367/2025/NĐ-CP; 49/2026/NĐ-CP; 54/2026/QĐ-UBND; 31/2024/QH15; 226/2025/NĐ-CP; 69/2026/QĐ-UBND; 254/2025/QH15; 101/2024/NĐ-CP; 151/2025/NĐ-CP; 4009/QĐ-UBND
1.116493,"Cấp đổi Giấy chứng nhận quyền sử dụng đất, quyền sở hữu tài sản gắn li",Đối tượng,7,Hợp tác xã,,118/2025/NĐ-CP; 367/2025/NĐ-CP; 49/2026/NĐ-CP; 54/2026/QĐ-UBND; 31/2024/QH15; 226/2025/NĐ-CP; 69/2026/QĐ-UBND; 254/2025/QH15; 101/2024/NĐ-CP; 151/2025/NĐ-CP; 4009/QĐ-UBND
1.116493,"Cấp đổi Giấy chứng nhận quyền sử dụng đất, quyền sở hữu tài sản gắn li",Đối tượng,8,Doanh nghiệp có vốn đầu tư nước ngoài,,118/2025/NĐ-CP; 367/2025/NĐ-CP; 49/2026/NĐ-CP; 54/2026/QĐ-UBND; 31/2024/QH15; 226/2025/NĐ-CP; 69/2026/QĐ-UBND; 254/2025/QH15; 101/2024/NĐ-CP; 151/2025/NĐ-CP; 4009/QĐ-UBND
1.116494,Tách thửa hoặc hợp thửa đất (UBND thành phố Cần Thơ),Đối tượng,1,"Tổ chức (không bao gồm doanh nghiệp, HTX)",,118/2025/NĐ-CP; 367/2025/NĐ-CP; 49/2026/NĐ-CP; 54/2026/QĐ-UBND; 254/2025/QH15; 101/2024/NĐ-CP; 151/2025/NĐ-CP; 4009/QĐ-UBND; 31/2024/QH15; 69/2026/QĐ-UBND
1.116494,Tách thửa hoặc hợp thửa đất (UBND thành phố Cần Thơ),Đối tượng,2,Người Việt Nam định cư ở nước ngoài,,118/2025/NĐ-CP; 367/2025/NĐ-CP; 49/2026/NĐ-CP; 54/2026/QĐ-UBND; 254/2025/QH15; 101/2024/NĐ-CP; 151/2025/NĐ-CP; 4009/QĐ-UBND; 31/2024/QH15; 69/2026/QĐ-UBND
1.116494,Tách thửa hoặc hợp thửa đất (UBND thành phố Cần Thơ),Đối tượng,3,Doanh nghiệp có vốn đầu tư nước ngoài,,118/2025/NĐ-CP; 367/2025/NĐ-CP; 49/2026/NĐ-CP; 54/2026/QĐ-UBND; 254/2025/QH15; 101/2024/NĐ-CP; 151/2025/NĐ-CP; 4009/QĐ-UBND; 31/2024/QH15; 69/2026/QĐ-UBND
1.116494,Tách thửa hoặc hợp thửa đất (UBND thành phố Cần Thơ),Đối tượng,4,Công dân Việt Nam,,118/2025/NĐ-CP; 367/2025/NĐ-CP; 49/2026/NĐ-CP; 54/2026/QĐ-UBND; 254/2025/QH15; 101/2024/NĐ-CP; 151/2025/NĐ-CP; 4009/QĐ-UBND; 31/2024/QH15; 69/2026/QĐ-UBND
1.116494,Tách thửa hoặc hợp thửa đất (UBND thành phố Cần Thơ),Đối tượng,5,Doanh nghiệp,,118/2025/NĐ-CP; 367/2025/NĐ-CP; 49/2026/NĐ-CP; 54/2026/QĐ-UBND; 254/2025/QH15; 101/2024/NĐ-CP; 151/2025/NĐ-CP; 4009/QĐ-UBND; 31/2024/QH15; 69/2026/QĐ-UBND
1.116494,Tách thửa hoặc hợp thửa đất (UBND thành phố Cần Thơ),Đối tượng,6,Hợp tác xã,,118/2025/NĐ-CP; 367/2025/NĐ-CP; 49/2026/NĐ-CP; 54/2026/QĐ-UBND; 254/2025/QH15; 101/2024/NĐ-CP; 151/2025/NĐ-CP; 4009/QĐ-UBND; 31/2024/QH15; 69/2026/QĐ-UBND
1.116495,Cấp lại Giấy chứng nhận do bị mất (UBND thành phố Cần Thơ),Đối tượng,1,Công dân Việt Nam,,31/2024/QH15; 226/2025/NĐ-CP; 69/2026/QĐ-UBND; 254/2025/QH15; 101/2024/NĐ-CP; 151/2025/NĐ-CP; 4009/QĐ-UBND; 118/2025/NĐ-CP; 367/2025/NĐ-CP; 49/2026/NĐ-CP; 54/2026/QĐ-UBND
1.116495,Cấp lại Giấy chứng nhận do bị mất (UBND thành phố Cần Thơ),Đối tượng,2,Doanh nghiệp,,31/2024/QH15; 226/2025/NĐ-CP; 69/2026/QĐ-UBND; 254/2025/QH15; 101/2024/NĐ-CP; 151/2025/NĐ-CP; 4009/QĐ-UBND; 118/2025/NĐ-CP; 367/2025/NĐ-CP; 49/2026/NĐ-CP; 54/2026/QĐ-UBND
1.116495,Cấp lại Giấy chứng nhận do bị mất (UBND thành phố Cần Thơ),Đối tượng,3,Người nước ngoài,,31/2024/QH15; 226/2025/NĐ-CP; 69/2026/QĐ-UBND; 254/2025/QH15; 101/2024/NĐ-CP; 151/2025/NĐ-CP; 4009/QĐ-UBND; 118/2025/NĐ-CP; 367/2025/NĐ-CP; 49/2026/NĐ-CP; 54/2026/QĐ-UBND
1.116495,Cấp lại Giấy chứng nhận do bị mất (UBND thành phố Cần Thơ),Đối tượng,4,Tổ chức nước ngoài,,31/2024/QH15; 226/2025/NĐ-CP; 69/2026/QĐ-UBND; 254/2025/QH15; 101/2024/NĐ-CP; 151/2025/NĐ-CP; 4009/QĐ-UBND; 118/2025/NĐ-CP; 367/2025/NĐ-CP; 49/2026/NĐ-CP; 54/2026/QĐ-UBND
1.116495,Cấp lại Giấy chứng nhận do bị mất (UBND thành phố Cần Thơ),Đối tượng,5,Hợp tác xã,,31/2024/QH15; 226/2025/NĐ-CP; 69/2026/QĐ-UBND; 254/2025/QH15; 101/2024/NĐ-CP; 151/2025/NĐ-CP; 4009/QĐ-UBND; 118/2025/NĐ-CP; 367/2025/NĐ-CP; 49/2026/NĐ-CP; 54/2026/QĐ-UBND
1.116495,Cấp lại Giấy chứng nhận do bị mất (UBND thành phố Cần Thơ),Đối tượng,6,Doanh nghiệp có vốn đầu tư nước ngoài,,31/2024/QH15; 226/2025/NĐ-CP; 69/2026/QĐ-UBND; 254/2025/QH15; 101/2024/NĐ-CP; 151/2025/NĐ-CP; 4009/QĐ-UBND; 118/2025/NĐ-CP; 367/2025/NĐ-CP; 49/2026/NĐ-CP; 54/2026/QĐ-UBND
1.116495,Cấp lại Giấy chứng nhận do bị mất (UBND thành phố Cần Thơ),Đối tượng,7,"Tổ chức (không bao gồm doanh nghiệp, HTX)",,31/2024/QH15; 226/2025/NĐ-CP; 69/2026/QĐ-UBND; 254/2025/QH15; 101/2024/NĐ-CP; 151/2025/NĐ-CP; 4009/QĐ-UBND; 118/2025/NĐ-CP; 367/2025/NĐ-CP; 49/2026/NĐ-CP; 54/2026/QĐ-UBND
1.116495,Cấp lại Giấy chứng nhận do bị mất (UBND thành phố Cần Thơ),Đối tượng,8,Người Việt Nam định cư ở nước ngoài,,31/2024/QH15; 226/2025/NĐ-CP; 69/2026/QĐ-UBND; 254/2025/QH15; 101/2024/NĐ-CP; 151/2025/NĐ-CP; 4009/QĐ-UBND; 118/2025/NĐ-CP; 367/2025/NĐ-CP; 49/2026/NĐ-CP; 54/2026/QĐ-UBND
1.116496,Đính chính Giấy chứng nhận đã cấp lần đầu và Giấy chứng nhận được cấp,Đối tượng,1,Công dân Việt Nam,,31/2024/QH15; 69/2026/QĐ-UBND; 254/2025/QH15; 151/2025/NĐ-CP; 101/2024/NĐ-CP; 4009/QĐ-UBND; 49/2026/NĐ-CP; 118/2025/NĐ-CP; 367/2025/NĐ-CP; 54/2026/QĐ-UBND
1.116496,Đính chính Giấy chứng nhận đã cấp lần đầu và Giấy chứng nhận được cấp,Đối tượng,2,Doanh nghiệp,,31/2024/QH15; 69/2026/QĐ-UBND; 254/2025/QH15; 151/2025/NĐ-CP; 101/2024/NĐ-CP; 4009/QĐ-UBND; 49/2026/NĐ-CP; 118/2025/NĐ-CP; 367/2025/NĐ-CP; 54/2026/QĐ-UBND
1.116496,Đính chính Giấy chứng nhận đã cấp lần đầu và Giấy chứng nhận được cấp,Đối tượng,3,Người nước ngoài,,31/2024/QH15; 69/2026/QĐ-UBND; 254/2025/QH15; 151/2025/NĐ-CP; 101/2024/NĐ-CP; 4009/QĐ-UBND; 49/2026/NĐ-CP; 118/2025/NĐ-CP; 367/2025/NĐ-CP; 54/2026/QĐ-UBND
1.116496,Đính chính Giấy chứng nhận đã cấp lần đầu và Giấy chứng nhận được cấp,Đối tượng,4,Tổ chức nước ngoài,,31/2024/QH15; 69/2026/QĐ-UBND; 254/2025/QH15; 151/2025/NĐ-CP; 101/2024/NĐ-CP; 4009/QĐ-UBND; 49/2026/NĐ-CP; 118/2025/NĐ-CP; 367/2025/NĐ-CP; 54/2026/QĐ-UBND
1.116496,Đính chính Giấy chứng nhận đã cấp lần đầu và Giấy chứng nhận được cấp,Đối tượng,5,Hợp tác xã,,31/2024/QH15; 69/2026/QĐ-UBND; 254/2025/QH15; 151/2025/NĐ-CP; 101/2024/NĐ-CP; 4009/QĐ-UBND; 49/2026/NĐ-CP; 118/2025/NĐ-CP; 367/2025/NĐ-CP; 54/2026/QĐ-UBND
1.116496,Đính chính Giấy chứng nhận đã cấp lần đầu và Giấy chứng nhận được cấp,Đối tượng,6,Doanh nghiệp có vốn đầu tư nước ngoài,,31/2024/QH15; 69/2026/QĐ-UBND; 254/2025/QH15; 151/2025/NĐ-CP; 101/2024/NĐ-CP; 4009/QĐ-UBND; 49/2026/NĐ-CP; 118/2025/NĐ-CP; 367/2025/NĐ-CP; 54/2026/QĐ-UBND
1.116496,Đính chính Giấy chứng nhận đã cấp lần đầu và Giấy chứng nhận được cấp,Đối tượng,7,"Tổ chức (không bao gồm doanh nghiệp, HTX)",,31/2024/QH15; 69/2026/QĐ-UBND; 254/2025/QH15; 151/2025/NĐ-CP; 101/2024/NĐ-CP; 4009/QĐ-UBND; 49/2026/NĐ-CP; 118/2025/NĐ-CP; 367/2025/NĐ-CP; 54/2026/QĐ-UBND
1.116496,Đính chính Giấy chứng nhận đã cấp lần đầu và Giấy chứng nhận được cấp,Đối tượng,8,Người Việt Nam định cư ở nước ngoài,,31/2024/QH15; 69/2026/QĐ-UBND; 254/2025/QH15; 151/2025/NĐ-CP; 101/2024/NĐ-CP; 4009/QĐ-UBND; 49/2026/NĐ-CP; 118/2025/NĐ-CP; 367/2025/NĐ-CP; 54/2026/QĐ-UBND
1.116497,Thu hồi Giấy chứng nhận đã cấp lần đầu và Giấy chứng nhận được cấp the,Đối tượng,1,Công dân Việt Nam,,31/2024/QH15; 69/2026/QĐ-UBND; 254/2025/QH15; 101/2024/NĐ-CP; 151/2025/NĐ-CP; 4009/QĐ-UBND; 118/2025/NĐ-CP; 367/2025/NĐ-CP; 49/2026/NĐ-CP; 54/2026/QĐ-UBND
1.116497,Thu hồi Giấy chứng nhận đã cấp lần đầu và Giấy chứng nhận được cấp the,Đối tượng,2,Doanh nghiệp,,31/2024/QH15; 69/2026/QĐ-UBND; 254/2025/QH15; 101/2024/NĐ-CP; 151/2025/NĐ-CP; 4009/QĐ-UBND; 118/2025/NĐ-CP; 367/2025/NĐ-CP; 49/2026/NĐ-CP; 54/2026/QĐ-UBND
1.116497,Thu hồi Giấy chứng nhận đã cấp lần đầu và Giấy chứng nhận được cấp the,Đối tượng,3,Người nước ngoài,,31/2024/QH15; 69/2026/QĐ-UBND; 254/2025/QH15; 101/2024/NĐ-CP; 151/2025/NĐ-CP; 4009/QĐ-UBND; 118/2025/NĐ-CP; 367/2025/NĐ-CP; 49/2026/NĐ-CP; 54/2026/QĐ-UBND
1.116497,Thu hồi Giấy chứng nhận đã cấp lần đầu và Giấy chứng nhận được cấp the,Đối tượng,4,Tổ chức nước ngoài,,31/2024/QH15; 69/2026/QĐ-UBND; 254/2025/QH15; 101/2024/NĐ-CP; 151/2025/NĐ-CP; 4009/QĐ-UBND; 118/2025/NĐ-CP; 367/2025/NĐ-CP; 49/2026/NĐ-CP; 54/2026/QĐ-UBND
1.116497,Thu hồi Giấy chứng nhận đã cấp lần đầu và Giấy chứng nhận được cấp the,Đối tượng,5,Hợp tác xã,,31/2024/QH15; 69/2026/QĐ-UBND; 254/2025/QH15; 101/2024/NĐ-CP; 151/2025/NĐ-CP; 4009/QĐ-UBND; 118/2025/NĐ-CP; 367/2025/NĐ-CP; 49/2026/NĐ-CP; 54/2026/QĐ-UBND
1.116497,Thu hồi Giấy chứng nhận đã cấp lần đầu và Giấy chứng nhận được cấp the,Đối tượng,6,Doanh nghiệp có vốn đầu tư nước ngoài,,31/2024/QH15; 69/2026/QĐ-UBND; 254/2025/QH15; 101/2024/NĐ-CP; 151/2025/NĐ-CP; 4009/QĐ-UBND; 118/2025/NĐ-CP; 367/2025/NĐ-CP; 49/2026/NĐ-CP; 54/2026/QĐ-UBND
1.116497,Thu hồi Giấy chứng nhận đã cấp lần đầu và Giấy chứng nhận được cấp the,Đối tượng,7,"Tổ chức (không bao gồm doanh nghiệp, HTX)",,31/2024/QH15; 69/2026/QĐ-UBND; 254/2025/QH15; 101/2024/NĐ-CP; 151/2025/NĐ-CP; 4009/QĐ-UBND; 118/2025/NĐ-CP; 367/2025/NĐ-CP; 49/2026/NĐ-CP; 54/2026/QĐ-UBND
1.116497,Thu hồi Giấy chứng nhận đã cấp lần đầu và Giấy chứng nhận được cấp the,Đối tượng,8,Doanh nghiệp Việt Nam,,31/2024/QH15; 69/2026/QĐ-UBND; 254/2025/QH15; 101/2024/NĐ-CP; 151/2025/NĐ-CP; 4009/QĐ-UBND; 118/2025/NĐ-CP; 367/2025/NĐ-CP; 49/2026/NĐ-CP; 54/2026/QĐ-UBND
1.116497,Thu hồi Giấy chứng nhận đã cấp lần đầu và Giấy chứng nhận được cấp the,Đối tượng,9,Người Việt Nam định cư ở nước ngoài,,31/2024/QH15; 69/2026/QĐ-UBND; 254/2025/QH15; 101/2024/NĐ-CP; 151/2025/NĐ-CP; 4009/QĐ-UBND; 118/2025/NĐ-CP; 367/2025/NĐ-CP; 49/2026/NĐ-CP; 54/2026/QĐ-UBND
1.116498,"Đăng ký, cấp Giấy chứng nhận đối với trường hợp đã chuyển quyền sử dụn",Đối tượng,1,"Tổ chức (không bao gồm doanh nghiệp, HTX)",,118/2025/NĐ-CP; 367/2025/NĐ-CP; 49/2026/NĐ-CP; 54/2026/QĐ-UBND; 254/2025/QH15; 101/2024/NĐ-CP; 151/2025/NĐ-CP; 4009/QĐ-UBND; 31/2024/QH15; 226/2025/NĐ-CP; 69/2026/QĐ-UBND
1.116498,"Đăng ký, cấp Giấy chứng nhận đối với trường hợp đã chuyển quyền sử dụn",Đối tượng,2,Người Việt Nam định cư ở nước ngoài,,118/2025/NĐ-CP; 367/2025/NĐ-CP; 49/2026/NĐ-CP; 54/2026/QĐ-UBND; 254/2025/QH15; 101/2024/NĐ-CP; 151/2025/NĐ-CP; 4009/QĐ-UBND; 31/2024/QH15; 226/2025/NĐ-CP; 69/2026/QĐ-UBND
1.116498,"Đăng ký, cấp Giấy chứng nhận đối với trường hợp đã chuyển quyền sử dụn",Đối tượng,3,Doanh nghiệp có vốn đầu tư nước ngoài,,118/2025/NĐ-CP; 367/2025/NĐ-CP; 49/2026/NĐ-CP; 54/2026/QĐ-UBND; 254/2025/QH15; 101/2024/NĐ-CP; 151/2025/NĐ-CP; 4009/QĐ-UBND; 31/2024/QH15; 226/2025/NĐ-CP; 69/2026/QĐ-UBND
1.116498,"Đăng ký, cấp Giấy chứng nhận đối với trường hợp đã chuyển quyền sử dụn",Đối tượng,4,Công dân Việt Nam,,118/2025/NĐ-CP; 367/2025/NĐ-CP; 49/2026/NĐ-CP; 54/2026/QĐ-UBND; 254/2025/QH15; 101/2024/NĐ-CP; 151/2025/NĐ-CP; 4009/QĐ-UBND; 31/2024/QH15; 226/2025/NĐ-CP; 69/2026/QĐ-UBND
1.116498,"Đăng ký, cấp Giấy chứng nhận đối với trường hợp đã chuyển quyền sử dụn",Đối tượng,5,Doanh nghiệp,,118/2025/NĐ-CP; 367/2025/NĐ-CP; 49/2026/NĐ-CP; 54/2026/QĐ-UBND; 254/2025/QH15; 101/2024/NĐ-CP; 151/2025/NĐ-CP; 4009/QĐ-UBND; 31/2024/QH15; 226/2025/NĐ-CP; 69/2026/QĐ-UBND
1.116498,"Đăng ký, cấp Giấy chứng nhận đối với trường hợp đã chuyển quyền sử dụn",Đối tượng,6,Tổ chức nước ngoài,,118/2025/NĐ-CP; 367/2025/NĐ-CP; 49/2026/NĐ-CP; 54/2026/QĐ-UBND; 254/2025/QH15; 101/2024/NĐ-CP; 151/2025/NĐ-CP; 4009/QĐ-UBND; 31/2024/QH15; 226/2025/NĐ-CP; 69/2026/QĐ-UBND
1.116499,"Đăng ký, cấp Giấy chứng nhận quyền sử dụng đất, quyền sở hữu tài sản g",Đối tượng,1,Công dân Việt Nam,,31/2024/QH15; 226/2025/NĐ-CP; 69/2026/QĐ-UBND; 118/2025/NĐ-CP; 367/2025/NĐ-CP; 49/2026/NĐ-CP; 54/2026/QĐ-UBND; 254/2025/QH15; 101/2024/NĐ-CP; 151/2025/NĐ-CP; 4009/QĐ-UBND
1.116499,"Đăng ký, cấp Giấy chứng nhận quyền sử dụng đất, quyền sở hữu tài sản g",Đối tượng,2,Doanh nghiệp,,31/2024/QH15; 226/2025/NĐ-CP; 69/2026/QĐ-UBND; 118/2025/NĐ-CP; 367/2025/NĐ-CP; 49/2026/NĐ-CP; 54/2026/QĐ-UBND; 254/2025/QH15; 101/2024/NĐ-CP; 151/2025/NĐ-CP; 4009/QĐ-UBND
1.116499,"Đăng ký, cấp Giấy chứng nhận quyền sử dụng đất, quyền sở hữu tài sản g",Đối tượng,3,Người nước ngoài,,31/2024/QH15; 226/2025/NĐ-CP; 69/2026/QĐ-UBND; 118/2025/NĐ-CP; 367/2025/NĐ-CP; 49/2026/NĐ-CP; 54/2026/QĐ-UBND; 254/2025/QH15; 101/2024/NĐ-CP; 151/2025/NĐ-CP; 4009/QĐ-UBND
1.116499,"Đăng ký, cấp Giấy chứng nhận quyền sử dụng đất, quyền sở hữu tài sản g",Đối tượng,4,Tổ chức nước ngoài,,31/2024/QH15; 226/2025/NĐ-CP; 69/2026/QĐ-UBND; 118/2025/NĐ-CP; 367/2025/NĐ-CP; 49/2026/NĐ-CP; 54/2026/QĐ-UBND; 254/2025/QH15; 101/2024/NĐ-CP; 151/2025/NĐ-CP; 4009/QĐ-UBND
1.116499,"Đăng ký, cấp Giấy chứng nhận quyền sử dụng đất, quyền sở hữu tài sản g",Đối tượng,5,"Tổ chức (không bao gồm doanh nghiệp, HTX)",,31/2024/QH15; 226/2025/NĐ-CP; 69/2026/QĐ-UBND; 118/2025/NĐ-CP; 367/2025/NĐ-CP; 49/2026/NĐ-CP; 54/2026/QĐ-UBND; 254/2025/QH15; 101/2024/NĐ-CP; 151/2025/NĐ-CP; 4009/QĐ-UBND
1.116499,"Đăng ký, cấp Giấy chứng nhận quyền sử dụng đất, quyền sở hữu tài sản g",Đối tượng,6,Người Việt Nam định cư ở nước ngoài,,31/2024/QH15; 226/2025/NĐ-CP; 69/2026/QĐ-UBND; 118/2025/NĐ-CP; 367/2025/NĐ-CP; 49/2026/NĐ-CP; 54/2026/QĐ-UBND; 254/2025/QH15; 101/2024/NĐ-CP; 151/2025/NĐ-CP; 4009/QĐ-UBND
1.116499,"Đăng ký, cấp Giấy chứng nhận quyền sử dụng đất, quyền sở hữu tài sản g",Đối tượng,7,Doanh nghiệp có vốn đầu tư nước ngoài,,31/2024/QH15; 226/2025/NĐ-CP; 69/2026/QĐ-UBND; 118/2025/NĐ-CP; 367/2025/NĐ-CP; 49/2026/NĐ-CP; 54/2026/QĐ-UBND; 254/2025/QH15; 101/2024/NĐ-CP; 151/2025/NĐ-CP; 4009/QĐ-UBND
1.116500,Xác nhận tiếp tục sử dụng đất nông nghiệp (UBND thành phố Cần Thơ),Đối tượng,1,"Tổ chức (không bao gồm doanh nghiệp, HTX)",,102/2024/NĐ-CP; 118/2025/NĐ-CP; 367/2025/NĐ-CP; 49/2026/NĐ-CP; 54/2026/QĐ-UBND; 31/2024/QH15; 69/2026/QĐ-UBND; 254/2025/QH15; 151/2025/NĐ-CP
1.116500,Xác nhận tiếp tục sử dụng đất nông nghiệp (UBND thành phố Cần Thơ),Đối tượng,2,Người Việt Nam định cư ở nước ngoài,,102/2024/NĐ-CP; 118/2025/NĐ-CP; 367/2025/NĐ-CP; 49/2026/NĐ-CP; 54/2026/QĐ-UBND; 31/2024/QH15; 69/2026/QĐ-UBND; 254/2025/QH15; 151/2025/NĐ-CP
1.116500,Xác nhận tiếp tục sử dụng đất nông nghiệp (UBND thành phố Cần Thơ),Đối tượng,3,Công dân Việt Nam,,102/2024/NĐ-CP; 118/2025/NĐ-CP; 367/2025/NĐ-CP; 49/2026/NĐ-CP; 54/2026/QĐ-UBND; 31/2024/QH15; 69/2026/QĐ-UBND; 254/2025/QH15; 151/2025/NĐ-CP
1.116500,Xác nhận tiếp tục sử dụng đất nông nghiệp (UBND thành phố Cần Thơ),Đối tượng,4,"Cán bộ, công chức, viên chức",,102/2024/NĐ-CP; 118/2025/NĐ-CP; 367/2025/NĐ-CP; 49/2026/NĐ-CP; 54/2026/QĐ-UBND; 31/2024/QH15; 69/2026/QĐ-UBND; 254/2025/QH15; 151/2025/NĐ-CP
1.116500,Xác nhận tiếp tục sử dụng đất nông nghiệp (UBND thành phố Cần Thơ),Đối tượng,5,Doanh nghiệp,,102/2024/NĐ-CP; 118/2025/NĐ-CP; 367/2025/NĐ-CP; 49/2026/NĐ-CP; 54/2026/QĐ-UBND; 31/2024/QH15; 69/2026/QĐ-UBND; 254/2025/QH15; 151/2025/NĐ-CP
1.116500,Xác nhận tiếp tục sử dụng đất nông nghiệp (UBND thành phố Cần Thơ),Đối tượng,6,Hợp tác xã,,102/2024/NĐ-CP; 118/2025/NĐ-CP; 367/2025/NĐ-CP; 49/2026/NĐ-CP; 54/2026/QĐ-UBND; 31/2024/QH15; 69/2026/QĐ-UBND; 254/2025/QH15; 151/2025/NĐ-CP
1.116500,Xác nhận tiếp tục sử dụng đất nông nghiệp (UBND thành phố Cần Thơ),Đối tượng,7,Tổ chức nước ngoài,,102/2024/NĐ-CP; 118/2025/NĐ-CP; 367/2025/NĐ-CP; 49/2026/NĐ-CP; 54/2026/QĐ-UBND; 31/2024/QH15; 69/2026/QĐ-UBND; 254/2025/QH15; 151/2025/NĐ-CP
1.116500,Xác nhận tiếp tục sử dụng đất nông nghiệp (UBND thành phố Cần Thơ),Đối tượng,8,Doanh nghiệp Việt Nam,,102/2024/NĐ-CP; 118/2025/NĐ-CP; 367/2025/NĐ-CP; 49/2026/NĐ-CP; 54/2026/QĐ-UBND; 31/2024/QH15; 69/2026/QĐ-UBND; 254/2025/QH15; 151/2025/NĐ-CP
1.116500,Xác nhận tiếp tục sử dụng đất nông nghiệp (UBND thành phố Cần Thơ),Đối tượng,9,Doanh nghiệp có vốn đầu tư nước ngoài,,102/2024/NĐ-CP; 118/2025/NĐ-CP; 367/2025/NĐ-CP; 49/2026/NĐ-CP; 54/2026/QĐ-UBND; 31/2024/QH15; 69/2026/QĐ-UBND; 254/2025/QH15; 151/2025/NĐ-CP
1.116501,"Đăng ký biến động quyền sử dụng đất, quyền sở hữu tài sản gắn liền với",Đối tượng,1,"Tổ chức (không bao gồm doanh nghiệp, HTX)",,151/2025/NĐ-CP; 226/2025/NĐ-CP; 31/2024/QH15; 367/2025/NĐ-CP; 49/2026/NĐ-CP; 118/2025/NĐ-CP; 54/2026/QĐ-UBND; 69/2026/QĐ-UBND; 254/2025/QH15; 101/2024/NĐ-CP; 4009/QĐ-UBND
1.116501,"Đăng ký biến động quyền sử dụng đất, quyền sở hữu tài sản gắn liền với",Đối tượng,2,Người Việt Nam định cư ở nước ngoài,,151/2025/NĐ-CP; 226/2025/NĐ-CP; 31/2024/QH15; 367/2025/NĐ-CP; 49/2026/NĐ-CP; 118/2025/NĐ-CP; 54/2026/QĐ-UBND; 69/2026/QĐ-UBND; 254/2025/QH15; 101/2024/NĐ-CP; 4009/QĐ-UBND
1.116501,"Đăng ký biến động quyền sử dụng đất, quyền sở hữu tài sản gắn liền với",Đối tượng,3,"Cán bộ, công chức, viên chức",,151/2025/NĐ-CP; 226/2025/NĐ-CP; 31/2024/QH15; 367/2025/NĐ-CP; 49/2026/NĐ-CP; 118/2025/NĐ-CP; 54/2026/QĐ-UBND; 69/2026/QĐ-UBND; 254/2025/QH15; 101/2024/NĐ-CP; 4009/QĐ-UBND
1.116501,"Đăng ký biến động quyền sử dụng đất, quyền sở hữu tài sản gắn liền với",Đối tượng,4,Công dân Việt Nam,,151/2025/NĐ-CP; 226/2025/NĐ-CP; 31/2024/QH15; 367/2025/NĐ-CP; 49/2026/NĐ-CP; 118/2025/NĐ-CP; 54/2026/QĐ-UBND; 69/2026/QĐ-UBND; 254/2025/QH15; 101/2024/NĐ-CP; 4009/QĐ-UBND
1.116501,"Đăng ký biến động quyền sử dụng đất, quyền sở hữu tài sản gắn liền với",Đối tượng,5,Doanh nghiệp,,151/2025/NĐ-CP; 226/2025/NĐ-CP; 31/2024/QH15; 367/2025/NĐ-CP; 49/2026/NĐ-CP; 118/2025/NĐ-CP; 54/2026/QĐ-UBND; 69/2026/QĐ-UBND; 254/2025/QH15; 101/2024/NĐ-CP; 4009/QĐ-UBND
1.116501,"Đăng ký biến động quyền sử dụng đất, quyền sở hữu tài sản gắn liền với",Đối tượng,6,Tổ chức nước ngoài,,151/2025/NĐ-CP; 226/2025/NĐ-CP; 31/2024/QH15; 367/2025/NĐ-CP; 49/2026/NĐ-CP; 118/2025/NĐ-CP; 54/2026/QĐ-UBND; 69/2026/QĐ-UBND; 254/2025/QH15; 101/2024/NĐ-CP; 4009/QĐ-UBND
1.116501,"Đăng ký biến động quyền sử dụng đất, quyền sở hữu tài sản gắn liền với",Đối tượng,7,Người nước ngoài,,151/2025/NĐ-CP; 226/2025/NĐ-CP; 31/2024/QH15; 367/2025/NĐ-CP; 49/2026/NĐ-CP; 118/2025/NĐ-CP; 54/2026/QĐ-UBND; 69/2026/QĐ-UBND; 254/2025/QH15; 101/2024/NĐ-CP; 4009/QĐ-UBND
1.116502,Đăng ký biến động đối với trường hợp đổi tên hoặc thay đổi thông tin v,Đối tượng,1,"Tổ chức (không bao gồm doanh nghiệp, HTX)",,118/2025/NĐ-CP; 367/2025/NĐ-CP; 49/2026/NĐ-CP; 54/2026/QĐ-UBND; 254/2025/QH15; 101/2024/NĐ-CP; 151/2025/NĐ-CP; 4009/QĐ-UBND; 31/2024/QH15; 69/2026/QĐ-UBND
1.116502,Đăng ký biến động đối với trường hợp đổi tên hoặc thay đổi thông tin v,Đối tượng,2,Người Việt Nam định cư ở nước ngoài,,118/2025/NĐ-CP; 367/2025/NĐ-CP; 49/2026/NĐ-CP; 54/2026/QĐ-UBND; 254/2025/QH15; 101/2024/NĐ-CP; 151/2025/NĐ-CP; 4009/QĐ-UBND; 31/2024/QH15; 69/2026/QĐ-UBND
1.116502,Đăng ký biến động đối với trường hợp đổi tên hoặc thay đổi thông tin v,Đối tượng,3,Công dân Việt Nam,,118/2025/NĐ-CP; 367/2025/NĐ-CP; 49/2026/NĐ-CP; 54/2026/QĐ-UBND; 254/2025/QH15; 101/2024/NĐ-CP; 151/2025/NĐ-CP; 4009/QĐ-UBND; 31/2024/QH15; 69/2026/QĐ-UBND
1.116502,Đăng ký biến động đối với trường hợp đổi tên hoặc thay đổi thông tin v,Đối tượng,4,"Cán bộ, công chức, viên chức",,118/2025/NĐ-CP; 367/2025/NĐ-CP; 49/2026/NĐ-CP; 54/2026/QĐ-UBND; 254/2025/QH15; 101/2024/NĐ-CP; 151/2025/NĐ-CP; 4009/QĐ-UBND; 31/2024/QH15; 69/2026/QĐ-UBND
1.116502,Đăng ký biến động đối với trường hợp đổi tên hoặc thay đổi thông tin v,Đối tượng,5,Tổ chức nước ngoài,,118/2025/NĐ-CP; 367/2025/NĐ-CP; 49/2026/NĐ-CP; 54/2026/QĐ-UBND; 254/2025/QH15; 101/2024/NĐ-CP; 151/2025/NĐ-CP; 4009/QĐ-UBND; 31/2024/QH15; 69/2026/QĐ-UBND
1.116502,Đăng ký biến động đối với trường hợp đổi tên hoặc thay đổi thông tin v,Đối tượng,6,Người nước ngoài,,118/2025/NĐ-CP; 367/2025/NĐ-CP; 49/2026/NĐ-CP; 54/2026/QĐ-UBND; 254/2025/QH15; 101/2024/NĐ-CP; 151/2025/NĐ-CP; 4009/QĐ-UBND; 31/2024/QH15; 69/2026/QĐ-UBND
1.116503,"Đăng ký biến động thay đổi quyền sử dụng đất, quyền sở hữu tài sản gắn",Đối tượng,1,Doanh nghiệp có vốn đầu tư nước ngoài,,254/2025/QH15; 101/2024/NĐ-CP; 151/2025/NĐ-CP; 4009/QĐ-UBND; 118/2025/NĐ-CP; 367/2025/NĐ-CP; 49/2026/NĐ-CP; 54/2026/QĐ-UBND; 31/2024/QH15; 226/2025/NĐ-CP; 69/2026/QĐ-UBND
1.116503,"Đăng ký biến động thay đổi quyền sử dụng đất, quyền sở hữu tài sản gắn",Đối tượng,2,"Tổ chức (không bao gồm doanh nghiệp, HTX)",,254/2025/QH15; 101/2024/NĐ-CP; 151/2025/NĐ-CP; 4009/QĐ-UBND; 118/2025/NĐ-CP; 367/2025/NĐ-CP; 49/2026/NĐ-CP; 54/2026/QĐ-UBND; 31/2024/QH15; 226/2025/NĐ-CP; 69/2026/QĐ-UBND
1.116503,"Đăng ký biến động thay đổi quyền sử dụng đất, quyền sở hữu tài sản gắn",Đối tượng,3,Doanh nghiệp,,254/2025/QH15; 101/2024/NĐ-CP; 151/2025/NĐ-CP; 4009/QĐ-UBND; 118/2025/NĐ-CP; 367/2025/NĐ-CP; 49/2026/NĐ-CP; 54/2026/QĐ-UBND; 31/2024/QH15; 226/2025/NĐ-CP; 69/2026/QĐ-UBND
1.116503,"Đăng ký biến động thay đổi quyền sử dụng đất, quyền sở hữu tài sản gắn",Đối tượng,4,Hợp tác xã,,254/2025/QH15; 101/2024/NĐ-CP; 151/2025/NĐ-CP; 4009/QĐ-UBND; 118/2025/NĐ-CP; 367/2025/NĐ-CP; 49/2026/NĐ-CP; 54/2026/QĐ-UBND; 31/2024/QH15; 226/2025/NĐ-CP; 69/2026/QĐ-UBND
1.116504,"Đăng ký biến động đối với trường hợp thay đổi quyền sử dụng đất, quyền",Đối tượng,1,"Tổ chức (không bao gồm doanh nghiệp, HTX)",,151/2025/NĐ-CP; 254/2025/QH15; 49/2026/NĐ-CP; 118/2025/NĐ-CP; 226/2025/NĐ-CP; 31/2024/QH15; 367/2025/NĐ-CP; 54/2026/QĐ-UBND; 69/2026/QĐ-UBND; 101/2024/NĐ-CP; 4009/QĐ-UBND
1.116504,"Đăng ký biến động đối với trường hợp thay đổi quyền sử dụng đất, quyền",Đối tượng,2,Người Việt Nam định cư ở nước ngoài,,151/2025/NĐ-CP; 254/2025/QH15; 49/2026/NĐ-CP; 118/2025/NĐ-CP; 226/2025/NĐ-CP; 31/2024/QH15; 367/2025/NĐ-CP; 54/2026/QĐ-UBND; 69/2026/QĐ-UBND; 101/2024/NĐ-CP; 4009/QĐ-UBND
1.116504,"Đăng ký biến động đối với trường hợp thay đổi quyền sử dụng đất, quyền",Đối tượng,3,Công dân Việt Nam,,151/2025/NĐ-CP; 254/2025/QH15; 49/2026/NĐ-CP; 118/2025/NĐ-CP; 226/2025/NĐ-CP; 31/2024/QH15; 367/2025/NĐ-CP; 54/2026/QĐ-UBND; 69/2026/QĐ-UBND; 101/2024/NĐ-CP; 4009/QĐ-UBND
1.116504,"Đăng ký biến động đối với trường hợp thay đổi quyền sử dụng đất, quyền",Đối tượng,4,Doanh nghiệp,,151/2025/NĐ-CP; 254/2025/QH15; 49/2026/NĐ-CP; 118/2025/NĐ-CP; 226/2025/NĐ-CP; 31/2024/QH15; 367/2025/NĐ-CP; 54/2026/QĐ-UBND; 69/2026/QĐ-UBND; 101/2024/NĐ-CP; 4009/QĐ-UBND
1.116504,"Đăng ký biến động đối với trường hợp thay đổi quyền sử dụng đất, quyền",Đối tượng,5,Tổ chức nước ngoài,,151/2025/NĐ-CP; 254/2025/QH15; 49/2026/NĐ-CP; 118/2025/NĐ-CP; 226/2025/NĐ-CP; 31/2024/QH15; 367/2025/NĐ-CP; 54/2026/QĐ-UBND; 69/2026/QĐ-UBND; 101/2024/NĐ-CP; 4009/QĐ-UBND
1.116504,"Đăng ký biến động đối với trường hợp thay đổi quyền sử dụng đất, quyền",Đối tượng,6,Hợp tác xã,,151/2025/NĐ-CP; 254/2025/QH15; 49/2026/NĐ-CP; 118/2025/NĐ-CP; 226/2025/NĐ-CP; 31/2024/QH15; 367/2025/NĐ-CP; 54/2026/QĐ-UBND; 69/2026/QĐ-UBND; 101/2024/NĐ-CP; 4009/QĐ-UBND
1.116504,"Đăng ký biến động đối với trường hợp thay đổi quyền sử dụng đất, quyền",Đối tượng,7,Người nước ngoài,,151/2025/NĐ-CP; 254/2025/QH15; 49/2026/NĐ-CP; 118/2025/NĐ-CP; 226/2025/NĐ-CP; 31/2024/QH15; 367/2025/NĐ-CP; 54/2026/QĐ-UBND; 69/2026/QĐ-UBND; 101/2024/NĐ-CP; 4009/QĐ-UBND
1.116504,"Đăng ký biến động đối với trường hợp thay đổi quyền sử dụng đất, quyền",Đối tượng,8,"Cán bộ, công chức, viên chức",,151/2025/NĐ-CP; 254/2025/QH15; 49/2026/NĐ-CP; 118/2025/NĐ-CP; 226/2025/NĐ-CP; 31/2024/QH15; 367/2025/NĐ-CP; 54/2026/QĐ-UBND; 69/2026/QĐ-UBND; 101/2024/NĐ-CP; 4009/QĐ-UBND
1.116504,"Đăng ký biến động đối với trường hợp thay đổi quyền sử dụng đất, quyền",Đối tượng,9,Doanh nghiệp có vốn đầu tư nước ngoài,,151/2025/NĐ-CP; 254/2025/QH15; 49/2026/NĐ-CP; 118/2025/NĐ-CP; 226/2025/NĐ-CP; 31/2024/QH15; 367/2025/NĐ-CP; 54/2026/QĐ-UBND; 69/2026/QĐ-UBND; 101/2024/NĐ-CP; 4009/QĐ-UBND
1.116505,"Xóa ghi nợ tiền sử dụng đất, lệ phí trước bạ trên Giấy chứng nhận đã c",Đối tượng,1,Doanh nghiệp Việt Nam,,254/2025/QH15; 101/2024/NĐ-CP; 151/2025/NĐ-CP; 4009/QĐ-UBND; 31/2024/QH15; 69/2026/QĐ-UBND; 118/2025/NĐ-CP; 367/2025/NĐ-CP; 49/2026/NĐ-CP; 54/2026/QĐ-UBND
1.116505,"Xóa ghi nợ tiền sử dụng đất, lệ phí trước bạ trên Giấy chứng nhận đã c",Đối tượng,2,Doanh nghiệp có vốn đầu tư nước ngoài,,254/2025/QH15; 101/2024/NĐ-CP; 151/2025/NĐ-CP; 4009/QĐ-UBND; 31/2024/QH15; 69/2026/QĐ-UBND; 118/2025/NĐ-CP; 367/2025/NĐ-CP; 49/2026/NĐ-CP; 54/2026/QĐ-UBND
1.116505,"Xóa ghi nợ tiền sử dụng đất, lệ phí trước bạ trên Giấy chứng nhận đã c",Đối tượng,3,Công dân Việt Nam,,254/2025/QH15; 101/2024/NĐ-CP; 151/2025/NĐ-CP; 4009/QĐ-UBND; 31/2024/QH15; 69/2026/QĐ-UBND; 118/2025/NĐ-CP; 367/2025/NĐ-CP; 49/2026/NĐ-CP; 54/2026/QĐ-UBND
1.116505,"Xóa ghi nợ tiền sử dụng đất, lệ phí trước bạ trên Giấy chứng nhận đã c",Đối tượng,4,Doanh nghiệp,,254/2025/QH15; 101/2024/NĐ-CP; 151/2025/NĐ-CP; 4009/QĐ-UBND; 31/2024/QH15; 69/2026/QĐ-UBND; 118/2025/NĐ-CP; 367/2025/NĐ-CP; 49/2026/NĐ-CP; 54/2026/QĐ-UBND
1.116505,"Xóa ghi nợ tiền sử dụng đất, lệ phí trước bạ trên Giấy chứng nhận đã c",Đối tượng,5,Tổ chức nước ngoài,,254/2025/QH15; 101/2024/NĐ-CP; 151/2025/NĐ-CP; 4009/QĐ-UBND; 31/2024/QH15; 69/2026/QĐ-UBND; 118/2025/NĐ-CP; 367/2025/NĐ-CP; 49/2026/NĐ-CP; 54/2026/QĐ-UBND
1.116505,"Xóa ghi nợ tiền sử dụng đất, lệ phí trước bạ trên Giấy chứng nhận đã c",Đối tượng,6,Hợp tác xã,,254/2025/QH15; 101/2024/NĐ-CP; 151/2025/NĐ-CP; 4009/QĐ-UBND; 31/2024/QH15; 69/2026/QĐ-UBND; 118/2025/NĐ-CP; 367/2025/NĐ-CP; 49/2026/NĐ-CP; 54/2026/QĐ-UBND
1.116505,"Xóa ghi nợ tiền sử dụng đất, lệ phí trước bạ trên Giấy chứng nhận đã c",Đối tượng,7,"Tổ chức (không bao gồm doanh nghiệp, HTX)",,254/2025/QH15; 101/2024/NĐ-CP; 151/2025/NĐ-CP; 4009/QĐ-UBND; 31/2024/QH15; 69/2026/QĐ-UBND; 118/2025/NĐ-CP; 367/2025/NĐ-CP; 49/2026/NĐ-CP; 54/2026/QĐ-UBND
1.116505,"Xóa ghi nợ tiền sử dụng đất, lệ phí trước bạ trên Giấy chứng nhận đã c",Đối tượng,8,Người Việt Nam định cư ở nước ngoài,,254/2025/QH15; 101/2024/NĐ-CP; 151/2025/NĐ-CP; 4009/QĐ-UBND; 31/2024/QH15; 69/2026/QĐ-UBND; 118/2025/NĐ-CP; 367/2025/NĐ-CP; 49/2026/NĐ-CP; 54/2026/QĐ-UBND
1.116505,"Xóa ghi nợ tiền sử dụng đất, lệ phí trước bạ trên Giấy chứng nhận đã c",Đối tượng,9,Người nước ngoài,,254/2025/QH15; 101/2024/NĐ-CP; 151/2025/NĐ-CP; 4009/QĐ-UBND; 31/2024/QH15; 69/2026/QĐ-UBND; 118/2025/NĐ-CP; 367/2025/NĐ-CP; 49/2026/NĐ-CP; 54/2026/QĐ-UBND
1.116506,Đăng ký biến động chuyển mục đích sử dụng đất không phải xin phép cơ,Đối tượng,1,"Tổ chức (không bao gồm doanh nghiệp, HTX)",,118/2025/NĐ-CP; 367/2025/NĐ-CP; 49/2026/NĐ-CP; 54/2026/QĐ-UBND; 254/2025/QH15; 101/2024/NĐ-CP; 151/2025/NĐ-CP; 4009/QĐ-UBND; 31/2024/QH15; 226/2025/NĐ-CP; 69/2026/QĐ-UBND
1.116506,Đăng ký biến động chuyển mục đích sử dụng đất không phải xin phép cơ,Đối tượng,2,Người Việt Nam định cư ở nước ngoài,,118/2025/NĐ-CP; 367/2025/NĐ-CP; 49/2026/NĐ-CP; 54/2026/QĐ-UBND; 254/2025/QH15; 101/2024/NĐ-CP; 151/2025/NĐ-CP; 4009/QĐ-UBND; 31/2024/QH15; 226/2025/NĐ-CP; 69/2026/QĐ-UBND
1.116506,Đăng ký biến động chuyển mục đích sử dụng đất không phải xin phép cơ,Đối tượng,3,Công dân Việt Nam,,118/2025/NĐ-CP; 367/2025/NĐ-CP; 49/2026/NĐ-CP; 54/2026/QĐ-UBND; 254/2025/QH15; 101/2024/NĐ-CP; 151/2025/NĐ-CP; 4009/QĐ-UBND; 31/2024/QH15; 226/2025/NĐ-CP; 69/2026/QĐ-UBND
1.116506,Đăng ký biến động chuyển mục đích sử dụng đất không phải xin phép cơ,Đối tượng,4,Doanh nghiệp,,118/2025/NĐ-CP; 367/2025/NĐ-CP; 49/2026/NĐ-CP; 54/2026/QĐ-UBND; 254/2025/QH15; 101/2024/NĐ-CP; 151/2025/NĐ-CP; 4009/QĐ-UBND; 31/2024/QH15; 226/2025/NĐ-CP; 69/2026/QĐ-UBND
1.116506,Đăng ký biến động chuyển mục đích sử dụng đất không phải xin phép cơ,Đối tượng,5,Doanh nghiệp có vốn đầu tư nước ngoài,,118/2025/NĐ-CP; 367/2025/NĐ-CP; 49/2026/NĐ-CP; 54/2026/QĐ-UBND; 254/2025/QH15; 101/2024/NĐ-CP; 151/2025/NĐ-CP; 4009/QĐ-UBND; 31/2024/QH15; 226/2025/NĐ-CP; 69/2026/QĐ-UBND
1.116506,Đăng ký biến động chuyển mục đích sử dụng đất không phải xin phép cơ,Đối tượng,6,Hợp tác xã,,118/2025/NĐ-CP; 367/2025/NĐ-CP; 49/2026/NĐ-CP; 54/2026/QĐ-UBND; 254/2025/QH15; 101/2024/NĐ-CP; 151/2025/NĐ-CP; 4009/QĐ-UBND; 31/2024/QH15; 226/2025/NĐ-CP; 69/2026/QĐ-UBND
1.116507,"Đăng ký, cấp Giấy chứng nhận đối với trường hợp hộ gia đình, cá nhân đ",Đối tượng,1,Người Việt Nam định cư ở nước ngoài,,118/2025/NĐ-CP; 367/2025/NĐ-CP; 49/2026/NĐ-CP; 54/2026/QĐ-UBND; 254/2025/QH15; 101/2024/NĐ-CP; 151/2025/NĐ-CP; 4009/QĐ-UBND; 31/2024/QH15; 226/2025/NĐ-CP; 69/2026/QĐ-UBND
1.116507,"Đăng ký, cấp Giấy chứng nhận đối với trường hợp hộ gia đình, cá nhân đ",Đối tượng,2,Công dân Việt Nam,,118/2025/NĐ-CP; 367/2025/NĐ-CP; 49/2026/NĐ-CP; 54/2026/QĐ-UBND; 254/2025/QH15; 101/2024/NĐ-CP; 151/2025/NĐ-CP; 4009/QĐ-UBND; 31/2024/QH15; 226/2025/NĐ-CP; 69/2026/QĐ-UBND
1.116508,"Đăng ký, cấp Giấy chứng nhận đối với trường hợp chuyển nhượng dự án đầ",Đối tượng,1,Doanh nghiệp,,31/2024/QH15; 226/2025/NĐ-CP; 69/2026/QĐ-UBND; 118/2025/NĐ-CP; 367/2025/NĐ-CP; 49/2026/NĐ-CP; 54/2026/QĐ-UBND; 254/2025/QH15; 101/2024/NĐ-CP; 151/2025/NĐ-CP; 4009/QĐ-UBND
1.116508,"Đăng ký, cấp Giấy chứng nhận đối với trường hợp chuyển nhượng dự án đầ",Đối tượng,2,Hợp tác xã,,31/2024/QH15; 226/2025/NĐ-CP; 69/2026/QĐ-UBND; 118/2025/NĐ-CP; 367/2025/NĐ-CP; 49/2026/NĐ-CP; 54/2026/QĐ-UBND; 254/2025/QH15; 101/2024/NĐ-CP; 151/2025/NĐ-CP; 4009/QĐ-UBND
1.116508,"Đăng ký, cấp Giấy chứng nhận đối với trường hợp chuyển nhượng dự án đầ",Đối tượng,3,Tổ chức nước ngoài,,31/2024/QH15; 226/2025/NĐ-CP; 69/2026/QĐ-UBND; 118/2025/NĐ-CP; 367/2025/NĐ-CP; 49/2026/NĐ-CP; 54/2026/QĐ-UBND; 254/2025/QH15; 101/2024/NĐ-CP; 151/2025/NĐ-CP; 4009/QĐ-UBND
1.116508,"Đăng ký, cấp Giấy chứng nhận đối với trường hợp chuyển nhượng dự án đầ",Đối tượng,4,"Tổ chức (không bao gồm doanh nghiệp, HTX)",,31/2024/QH15; 226/2025/NĐ-CP; 69/2026/QĐ-UBND; 118/2025/NĐ-CP; 367/2025/NĐ-CP; 49/2026/NĐ-CP; 54/2026/QĐ-UBND; 254/2025/QH15; 101/2024/NĐ-CP; 151/2025/NĐ-CP; 4009/QĐ-UBND
1.116508,"Đăng ký, cấp Giấy chứng nhận đối với trường hợp chuyển nhượng dự án đầ",Đối tượng,5,Doanh nghiệp có vốn đầu tư nước ngoài,,31/2024/QH15; 226/2025/NĐ-CP; 69/2026/QĐ-UBND; 118/2025/NĐ-CP; 367/2025/NĐ-CP; 49/2026/NĐ-CP; 54/2026/QĐ-UBND; 254/2025/QH15; 101/2024/NĐ-CP; 151/2025/NĐ-CP; 4009/QĐ-UBND
1.116509,Đăng ký tài sản gắn liền với thửa đất đã được cấp Giấy chứng nhận hoặc,Đối tượng,1,Doanh nghiệp có vốn đầu tư nước ngoài,,254/2025/QH15; 101/2024/NĐ-CP; 151/2025/NĐ-CP; 4009/QĐ-UBND; 31/2024/QH15; 226/2025/NĐ-CP; 69/2026/QĐ-UBND; 118/2025/NĐ-CP; 367/2025/NĐ-CP; 49/2026/NĐ-CP; 54/2026/QĐ-UBND
1.116509,Đăng ký tài sản gắn liền với thửa đất đã được cấp Giấy chứng nhận hoặc,Đối tượng,2,Người nước ngoài,,254/2025/QH15; 101/2024/NĐ-CP; 151/2025/NĐ-CP; 4009/QĐ-UBND; 31/2024/QH15; 226/2025/NĐ-CP; 69/2026/QĐ-UBND; 118/2025/NĐ-CP; 367/2025/NĐ-CP; 49/2026/NĐ-CP; 54/2026/QĐ-UBND
1.116509,Đăng ký tài sản gắn liền với thửa đất đã được cấp Giấy chứng nhận hoặc,Đối tượng,3,Tổ chức nước ngoài,,254/2025/QH15; 101/2024/NĐ-CP; 151/2025/NĐ-CP; 4009/QĐ-UBND; 31/2024/QH15; 226/2025/NĐ-CP; 69/2026/QĐ-UBND; 118/2025/NĐ-CP; 367/2025/NĐ-CP; 49/2026/NĐ-CP; 54/2026/QĐ-UBND
1.116509,Đăng ký tài sản gắn liền với thửa đất đã được cấp Giấy chứng nhận hoặc,Đối tượng,4,Hợp tác xã,,254/2025/QH15; 101/2024/NĐ-CP; 151/2025/NĐ-CP; 4009/QĐ-UBND; 31/2024/QH15; 226/2025/NĐ-CP; 69/2026/QĐ-UBND; 118/2025/NĐ-CP; 367/2025/NĐ-CP; 49/2026/NĐ-CP; 54/2026/QĐ-UBND
1.116509,Đăng ký tài sản gắn liền với thửa đất đã được cấp Giấy chứng nhận hoặc,Đối tượng,5,Doanh nghiệp,,254/2025/QH15; 101/2024/NĐ-CP; 151/2025/NĐ-CP; 4009/QĐ-UBND; 31/2024/QH15; 226/2025/NĐ-CP; 69/2026/QĐ-UBND; 118/2025/NĐ-CP; 367/2025/NĐ-CP; 49/2026/NĐ-CP; 54/2026/QĐ-UBND
1.116509,Đăng ký tài sản gắn liền với thửa đất đã được cấp Giấy chứng nhận hoặc,Đối tượng,6,"Tổ chức (không bao gồm doanh nghiệp, HTX)",,254/2025/QH15; 101/2024/NĐ-CP; 151/2025/NĐ-CP; 4009/QĐ-UBND; 31/2024/QH15; 226/2025/NĐ-CP; 69/2026/QĐ-UBND; 118/2025/NĐ-CP; 367/2025/NĐ-CP; 49/2026/NĐ-CP; 54/2026/QĐ-UBND
1.116509,Đăng ký tài sản gắn liền với thửa đất đã được cấp Giấy chứng nhận hoặc,Đối tượng,7,Người Việt Nam định cư ở nước ngoài,,254/2025/QH15; 101/2024/NĐ-CP; 151/2025/NĐ-CP; 4009/QĐ-UBND; 31/2024/QH15; 226/2025/NĐ-CP; 69/2026/QĐ-UBND; 118/2025/NĐ-CP; 367/2025/NĐ-CP; 49/2026/NĐ-CP; 54/2026/QĐ-UBND
1.116509,Đăng ký tài sản gắn liền với thửa đất đã được cấp Giấy chứng nhận hoặc,Đối tượng,8,Công dân Việt Nam,,254/2025/QH15; 101/2024/NĐ-CP; 151/2025/NĐ-CP; 4009/QĐ-UBND; 31/2024/QH15; 226/2025/NĐ-CP; 69/2026/QĐ-UBND; 118/2025/NĐ-CP; 367/2025/NĐ-CP; 49/2026/NĐ-CP; 54/2026/QĐ-UBND
1.116510,"Giao đất, cho thuê đất không đấu giá quyền sử dụng đất, không đấu thầu",Đối tượng,1,Doanh nghiệp,,226/2025/NĐ-CP; 31/2024/QH15; 69/2026/QĐ-UBND; 49/2026/NĐ-CP; 102/2024/NĐ-CP; 118/2025/NĐ-CP; 54/2026/QĐ-UBND; 151/2025/NĐ-CP; 254/2025/QH15; 101/2024/NĐ-CP; 4009/QĐ-UBND
1.116510,"Giao đất, cho thuê đất không đấu giá quyền sử dụng đất, không đấu thầu",Đối tượng,2,Người nước ngoài,,226/2025/NĐ-CP; 31/2024/QH15; 69/2026/QĐ-UBND; 49/2026/NĐ-CP; 102/2024/NĐ-CP; 118/2025/NĐ-CP; 54/2026/QĐ-UBND; 151/2025/NĐ-CP; 254/2025/QH15; 101/2024/NĐ-CP; 4009/QĐ-UBND
1.116510,"Giao đất, cho thuê đất không đấu giá quyền sử dụng đất, không đấu thầu",Đối tượng,3,Tổ chức nước ngoài,,226/2025/NĐ-CP; 31/2024/QH15; 69/2026/QĐ-UBND; 49/2026/NĐ-CP; 102/2024/NĐ-CP; 118/2025/NĐ-CP; 54/2026/QĐ-UBND; 151/2025/NĐ-CP; 254/2025/QH15; 101/2024/NĐ-CP; 4009/QĐ-UBND
1.116510,"Giao đất, cho thuê đất không đấu giá quyền sử dụng đất, không đấu thầu",Đối tượng,4,Hợp tác xã,,226/2025/NĐ-CP; 31/2024/QH15; 69/2026/QĐ-UBND; 49/2026/NĐ-CP; 102/2024/NĐ-CP; 118/2025/NĐ-CP; 54/2026/QĐ-UBND; 151/2025/NĐ-CP; 254/2025/QH15; 101/2024/NĐ-CP; 4009/QĐ-UBND
1.116510,"Giao đất, cho thuê đất không đấu giá quyền sử dụng đất, không đấu thầu",Đối tượng,5,"Tổ chức (không bao gồm doanh nghiệp, HTX)",,226/2025/NĐ-CP; 31/2024/QH15; 69/2026/QĐ-UBND; 49/2026/NĐ-CP; 102/2024/NĐ-CP; 118/2025/NĐ-CP; 54/2026/QĐ-UBND; 151/2025/NĐ-CP; 254/2025/QH15; 101/2024/NĐ-CP; 4009/QĐ-UBND
1.116510,"Giao đất, cho thuê đất không đấu giá quyền sử dụng đất, không đấu thầu",Đối tượng,6,Doanh nghiệp Việt Nam,,226/2025/NĐ-CP; 31/2024/QH15; 69/2026/QĐ-UBND; 49/2026/NĐ-CP; 102/2024/NĐ-CP; 118/2025/NĐ-CP; 54/2026/QĐ-UBND; 151/2025/NĐ-CP; 254/2025/QH15; 101/2024/NĐ-CP; 4009/QĐ-UBND
1.116510,"Giao đất, cho thuê đất không đấu giá quyền sử dụng đất, không đấu thầu",Đối tượng,7,Doanh nghiệp có vốn đầu tư nước ngoài,,226/2025/NĐ-CP; 31/2024/QH15; 69/2026/QĐ-UBND; 49/2026/NĐ-CP; 102/2024/NĐ-CP; 118/2025/NĐ-CP; 54/2026/QĐ-UBND; 151/2025/NĐ-CP; 254/2025/QH15; 101/2024/NĐ-CP; 4009/QĐ-UBND
1.116512,Chuyển mục đích sử dụng đất (UBND thành phố Cần Thơ),Đối tượng,1,"Tổ chức (không bao gồm doanh nghiệp, HTX)",,49/2026/NĐ-CP; 102/2024/NĐ-CP; 118/2025/NĐ-CP; 54/2026/QĐ-UBND; 226/2025/NĐ-CP; 31/2024/QH15; 69/2026/QĐ-UBND; 151/2025/NĐ-CP; 254/2025/QH15; 101/2024/NĐ-CP; 4009/QĐ-UBND
1.116512,Chuyển mục đích sử dụng đất (UBND thành phố Cần Thơ),Đối tượng,2,Doanh nghiệp,,49/2026/NĐ-CP; 102/2024/NĐ-CP; 118/2025/NĐ-CP; 54/2026/QĐ-UBND; 226/2025/NĐ-CP; 31/2024/QH15; 69/2026/QĐ-UBND; 151/2025/NĐ-CP; 254/2025/QH15; 101/2024/NĐ-CP; 4009/QĐ-UBND
1.116512,Chuyển mục đích sử dụng đất (UBND thành phố Cần Thơ),Đối tượng,3,Tổ chức nước ngoài,,49/2026/NĐ-CP; 102/2024/NĐ-CP; 118/2025/NĐ-CP; 54/2026/QĐ-UBND; 226/2025/NĐ-CP; 31/2024/QH15; 69/2026/QĐ-UBND; 151/2025/NĐ-CP; 254/2025/QH15; 101/2024/NĐ-CP; 4009/QĐ-UBND
1.116512,Chuyển mục đích sử dụng đất (UBND thành phố Cần Thơ),Đối tượng,4,Hợp tác xã,,49/2026/NĐ-CP; 102/2024/NĐ-CP; 118/2025/NĐ-CP; 54/2026/QĐ-UBND; 226/2025/NĐ-CP; 31/2024/QH15; 69/2026/QĐ-UBND; 151/2025/NĐ-CP; 254/2025/QH15; 101/2024/NĐ-CP; 4009/QĐ-UBND
1.116512,Chuyển mục đích sử dụng đất (UBND thành phố Cần Thơ),Đối tượng,5,Doanh nghiệp Việt Nam,,49/2026/NĐ-CP; 102/2024/NĐ-CP; 118/2025/NĐ-CP; 54/2026/QĐ-UBND; 226/2025/NĐ-CP; 31/2024/QH15; 69/2026/QĐ-UBND; 151/2025/NĐ-CP; 254/2025/QH15; 101/2024/NĐ-CP; 4009/QĐ-UBND
1.116512,Chuyển mục đích sử dụng đất (UBND thành phố Cần Thơ),Đối tượng,6,Doanh nghiệp có vốn đầu tư nước ngoài,,49/2026/NĐ-CP; 102/2024/NĐ-CP; 118/2025/NĐ-CP; 54/2026/QĐ-UBND; 226/2025/NĐ-CP; 31/2024/QH15; 69/2026/QĐ-UBND; 151/2025/NĐ-CP; 254/2025/QH15; 101/2024/NĐ-CP; 4009/QĐ-UBND
1.116513,Chuyển hình thức sử dụng đất (UBND thành phố Cần Thơ),Đối tượng,1,Doanh nghiệp có vốn đầu tư nước ngoài,,254/2025/QH15; 101/2024/NĐ-CP; 151/2025/NĐ-CP; 4009/QĐ-UBND; 31/2024/QH15; 226/2025/NĐ-CP; 69/2026/QĐ-UBND; 102/2024/NĐ-CP; 118/2025/NĐ-CP; 49/2026/NĐ-CP; 54/2026/QĐ-UBND
1.116513,Chuyển hình thức sử dụng đất (UBND thành phố Cần Thơ),Đối tượng,2,Tổ chức nước ngoài,,254/2025/QH15; 101/2024/NĐ-CP; 151/2025/NĐ-CP; 4009/QĐ-UBND; 31/2024/QH15; 226/2025/NĐ-CP; 69/2026/QĐ-UBND; 102/2024/NĐ-CP; 118/2025/NĐ-CP; 49/2026/NĐ-CP; 54/2026/QĐ-UBND
1.116513,Chuyển hình thức sử dụng đất (UBND thành phố Cần Thơ),Đối tượng,3,Hợp tác xã,,254/2025/QH15; 101/2024/NĐ-CP; 151/2025/NĐ-CP; 4009/QĐ-UBND; 31/2024/QH15; 226/2025/NĐ-CP; 69/2026/QĐ-UBND; 102/2024/NĐ-CP; 118/2025/NĐ-CP; 49/2026/NĐ-CP; 54/2026/QĐ-UBND
1.116513,Chuyển hình thức sử dụng đất (UBND thành phố Cần Thơ),Đối tượng,4,"Tổ chức (không bao gồm doanh nghiệp, HTX)",,254/2025/QH15; 101/2024/NĐ-CP; 151/2025/NĐ-CP; 4009/QĐ-UBND; 31/2024/QH15; 226/2025/NĐ-CP; 69/2026/QĐ-UBND; 102/2024/NĐ-CP; 118/2025/NĐ-CP; 49/2026/NĐ-CP; 54/2026/QĐ-UBND
1.116514,Gia hạn sử dụng đất khi hết thời hạn sử dụng đất (UBND thành phố Cần T,Đối tượng,1,Tổ chức nước ngoài,,31/2024/QH15; 226/2025/NĐ-CP; 69/2026/QĐ-UBND; 102/2024/NĐ-CP; 118/2025/NĐ-CP; 49/2026/NĐ-CP; 54/2026/QĐ-UBND; 254/2025/QH15; 101/2024/NĐ-CP; 151/2025/NĐ-CP
1.116514,Gia hạn sử dụng đất khi hết thời hạn sử dụng đất (UBND thành phố Cần T,Đối tượng,2,Hợp tác xã,,31/2024/QH15; 226/2025/NĐ-CP; 69/2026/QĐ-UBND; 102/2024/NĐ-CP; 118/2025/NĐ-CP; 49/2026/NĐ-CP; 54/2026/QĐ-UBND; 254/2025/QH15; 101/2024/NĐ-CP; 151/2025/NĐ-CP
1.116514,Gia hạn sử dụng đất khi hết thời hạn sử dụng đất (UBND thành phố Cần T,Đối tượng,3,Doanh nghiệp,,31/2024/QH15; 226/2025/NĐ-CP; 69/2026/QĐ-UBND; 102/2024/NĐ-CP; 118/2025/NĐ-CP; 49/2026/NĐ-CP; 54/2026/QĐ-UBND; 254/2025/QH15; 101/2024/NĐ-CP; 151/2025/NĐ-CP
1.116514,Gia hạn sử dụng đất khi hết thời hạn sử dụng đất (UBND thành phố Cần T,Đối tượng,4,"Tổ chức (không bao gồm doanh nghiệp, HTX)",,31/2024/QH15; 226/2025/NĐ-CP; 69/2026/QĐ-UBND; 102/2024/NĐ-CP; 118/2025/NĐ-CP; 49/2026/NĐ-CP; 54/2026/QĐ-UBND; 254/2025/QH15; 101/2024/NĐ-CP; 151/2025/NĐ-CP
1.116514,Gia hạn sử dụng đất khi hết thời hạn sử dụng đất (UBND thành phố Cần T,Đối tượng,5,Doanh nghiệp có vốn đầu tư nước ngoài,,31/2024/QH15; 226/2025/NĐ-CP; 69/2026/QĐ-UBND; 102/2024/NĐ-CP; 118/2025/NĐ-CP; 49/2026/NĐ-CP; 54/2026/QĐ-UBND; 254/2025/QH15; 101/2024/NĐ-CP; 151/2025/NĐ-CP
1.116514,Gia hạn sử dụng đất khi hết thời hạn sử dụng đất (UBND thành phố Cần T,Đối tượng,6,Doanh nghiệp Việt Nam,,31/2024/QH15; 226/2025/NĐ-CP; 69/2026/QĐ-UBND; 102/2024/NĐ-CP; 118/2025/NĐ-CP; 49/2026/NĐ-CP; 54/2026/QĐ-UBND; 254/2025/QH15; 101/2024/NĐ-CP; 151/2025/NĐ-CP
1.116515,Điều chỉnh thời hạn sử dụng đất của dự án đầu tư (UBND thành phố Cần T,Đối tượng,1,"Tổ chức (không bao gồm doanh nghiệp, HTX)",,102/2024/NĐ-CP; 118/2025/NĐ-CP; 49/2026/NĐ-CP; 54/2026/QĐ-UBND; 254/2025/QH15; 101/2024/NĐ-CP; 151/2025/NĐ-CP; 31/2024/QH15; 226/2025/NĐ-CP; 69/2026/QĐ-UBND
1.116515,Điều chỉnh thời hạn sử dụng đất của dự án đầu tư (UBND thành phố Cần T,Đối tượng,2,Doanh nghiệp có vốn đầu tư nước ngoài,,102/2024/NĐ-CP; 118/2025/NĐ-CP; 49/2026/NĐ-CP; 54/2026/QĐ-UBND; 254/2025/QH15; 101/2024/NĐ-CP; 151/2025/NĐ-CP; 31/2024/QH15; 226/2025/NĐ-CP; 69/2026/QĐ-UBND
1.116515,Điều chỉnh thời hạn sử dụng đất của dự án đầu tư (UBND thành phố Cần T,Đối tượng,3,Doanh nghiệp Việt Nam,,102/2024/NĐ-CP; 118/2025/NĐ-CP; 49/2026/NĐ-CP; 54/2026/QĐ-UBND; 254/2025/QH15; 101/2024/NĐ-CP; 151/2025/NĐ-CP; 31/2024/QH15; 226/2025/NĐ-CP; 69/2026/QĐ-UBND
1.116515,Điều chỉnh thời hạn sử dụng đất của dự án đầu tư (UBND thành phố Cần T,Đối tượng,4,Tổ chức nước ngoài,,102/2024/NĐ-CP; 118/2025/NĐ-CP; 49/2026/NĐ-CP; 54/2026/QĐ-UBND; 254/2025/QH15; 101/2024/NĐ-CP; 151/2025/NĐ-CP; 31/2024/QH15; 226/2025/NĐ-CP; 69/2026/QĐ-UBND
1.116515,Điều chỉnh thời hạn sử dụng đất của dự án đầu tư (UBND thành phố Cần T,Đối tượng,5,Hợp tác xã,,102/2024/NĐ-CP; 118/2025/NĐ-CP; 49/2026/NĐ-CP; 54/2026/QĐ-UBND; 254/2025/QH15; 101/2024/NĐ-CP; 151/2025/NĐ-CP; 31/2024/QH15; 226/2025/NĐ-CP; 69/2026/QĐ-UBND
1.116515,Điều chỉnh thời hạn sử dụng đất của dự án đầu tư (UBND thành phố Cần T,Đối tượng,6,Doanh nghiệp,,102/2024/NĐ-CP; 118/2025/NĐ-CP; 49/2026/NĐ-CP; 54/2026/QĐ-UBND; 254/2025/QH15; 101/2024/NĐ-CP; 151/2025/NĐ-CP; 31/2024/QH15; 226/2025/NĐ-CP; 69/2026/QĐ-UBND
1.116516,"Điều chỉnh quyết định giao đất, cho thuê đất, cho phép chuyển mục đích",Đối tượng,1,Doanh nghiệp,,31/2024/QH15; 226/2025/NĐ-CP; 69/2026/QĐ-UBND; 102/2024/NĐ-CP; 118/2025/NĐ-CP; 49/2026/NĐ-CP; 54/2026/QĐ-UBND; 254/2025/QH15; 101/2024/NĐ-CP; 151/2025/NĐ-CP
1.116516,"Điều chỉnh quyết định giao đất, cho thuê đất, cho phép chuyển mục đích",Đối tượng,2,Tổ chức nước ngoài,,31/2024/QH15; 226/2025/NĐ-CP; 69/2026/QĐ-UBND; 102/2024/NĐ-CP; 118/2025/NĐ-CP; 49/2026/NĐ-CP; 54/2026/QĐ-UBND; 254/2025/QH15; 101/2024/NĐ-CP; 151/2025/NĐ-CP
1.116516,"Điều chỉnh quyết định giao đất, cho thuê đất, cho phép chuyển mục đích",Đối tượng,3,Hợp tác xã,,31/2024/QH15; 226/2025/NĐ-CP; 69/2026/QĐ-UBND; 102/2024/NĐ-CP; 118/2025/NĐ-CP; 49/2026/NĐ-CP; 54/2026/QĐ-UBND; 254/2025/QH15; 101/2024/NĐ-CP; 151/2025/NĐ-CP
1.116516,"Điều chỉnh quyết định giao đất, cho thuê đất, cho phép chuyển mục đích",Đối tượng,4,"Tổ chức (không bao gồm doanh nghiệp, HTX)",,31/2024/QH15; 226/2025/NĐ-CP; 69/2026/QĐ-UBND; 102/2024/NĐ-CP; 118/2025/NĐ-CP; 49/2026/NĐ-CP; 54/2026/QĐ-UBND; 254/2025/QH15; 101/2024/NĐ-CP; 151/2025/NĐ-CP
1.116516,"Điều chỉnh quyết định giao đất, cho thuê đất, cho phép chuyển mục đích",Đối tượng,5,Doanh nghiệp Việt Nam,,31/2024/QH15; 226/2025/NĐ-CP; 69/2026/QĐ-UBND; 102/2024/NĐ-CP; 118/2025/NĐ-CP; 49/2026/NĐ-CP; 54/2026/QĐ-UBND; 254/2025/QH15; 101/2024/NĐ-CP; 151/2025/NĐ-CP
1.116516,"Điều chỉnh quyết định giao đất, cho thuê đất, cho phép chuyển mục đích",Đối tượng,6,Doanh nghiệp có vốn đầu tư nước ngoài,,31/2024/QH15; 226/2025/NĐ-CP; 69/2026/QĐ-UBND; 102/2024/NĐ-CP; 118/2025/NĐ-CP; 49/2026/NĐ-CP; 54/2026/QĐ-UBND; 254/2025/QH15; 101/2024/NĐ-CP; 151/2025/NĐ-CP
1.116517,"Điều chỉnh quyết định giao đất, cho thuê đất, cho phép chuyển mục đích",Đối tượng,1,Tổ chức nước ngoài,,31/2024/QH15; 226/2025/NĐ-CP; 69/2026/QĐ-UBND; 254/2025/QH15; 101/2024/NĐ-CP; 151/2025/NĐ-CP; 102/2024/NĐ-CP; 118/2025/NĐ-CP; 49/2026/NĐ-CP; 54/2026/QĐ-UBND
1.116517,"Điều chỉnh quyết định giao đất, cho thuê đất, cho phép chuyển mục đích",Đối tượng,2,Hợp tác xã,,31/2024/QH15; 226/2025/NĐ-CP; 69/2026/QĐ-UBND; 254/2025/QH15; 101/2024/NĐ-CP; 151/2025/NĐ-CP; 102/2024/NĐ-CP; 118/2025/NĐ-CP; 49/2026/NĐ-CP; 54/2026/QĐ-UBND
1.116517,"Điều chỉnh quyết định giao đất, cho thuê đất, cho phép chuyển mục đích",Đối tượng,3,Doanh nghiệp,,31/2024/QH15; 226/2025/NĐ-CP; 69/2026/QĐ-UBND; 254/2025/QH15; 101/2024/NĐ-CP; 151/2025/NĐ-CP; 102/2024/NĐ-CP; 118/2025/NĐ-CP; 49/2026/NĐ-CP; 54/2026/QĐ-UBND
1.116517,"Điều chỉnh quyết định giao đất, cho thuê đất, cho phép chuyển mục đích",Đối tượng,4,Doanh nghiệp có vốn đầu tư nước ngoài,,31/2024/QH15; 226/2025/NĐ-CP; 69/2026/QĐ-UBND; 254/2025/QH15; 101/2024/NĐ-CP; 151/2025/NĐ-CP; 102/2024/NĐ-CP; 118/2025/NĐ-CP; 49/2026/NĐ-CP; 54/2026/QĐ-UBND
1.116517,"Điều chỉnh quyết định giao đất, cho thuê đất, cho phép chuyển mục đích",Đối tượng,5,Doanh nghiệp Việt Nam,,31/2024/QH15; 226/2025/NĐ-CP; 69/2026/QĐ-UBND; 254/2025/QH15; 101/2024/NĐ-CP; 151/2025/NĐ-CP; 102/2024/NĐ-CP; 118/2025/NĐ-CP; 49/2026/NĐ-CP; 54/2026/QĐ-UBND
1.116517,"Điều chỉnh quyết định giao đất, cho thuê đất, cho phép chuyển mục đích",Đối tượng,6,"Tổ chức (không bao gồm doanh nghiệp, HTX)",,31/2024/QH15; 226/2025/NĐ-CP; 69/2026/QĐ-UBND; 254/2025/QH15; 101/2024/NĐ-CP; 151/2025/NĐ-CP; 102/2024/NĐ-CP; 118/2025/NĐ-CP; 49/2026/NĐ-CP; 54/2026/QĐ-UBND
1.116518,"Tổ chức kinh tế nhận chuyển nhượng, thuê quyền sử dụng đất, nhận góp v",Đối tượng,1,"Tổ chức (không bao gồm doanh nghiệp, HTX)",,102/2024/NĐ-CP; 118/2025/NĐ-CP; 49/2026/NĐ-CP; 54/2026/QĐ-UBND; 254/2025/QH15; 101/2024/NĐ-CP; 151/2025/NĐ-CP; 31/2024/QH15; 226/2025/NĐ-CP; 69/2026/QĐ-UBND
1.116518,"Tổ chức kinh tế nhận chuyển nhượng, thuê quyền sử dụng đất, nhận góp v",Đối tượng,2,Doanh nghiệp có vốn đầu tư nước ngoài,,102/2024/NĐ-CP; 118/2025/NĐ-CP; 49/2026/NĐ-CP; 54/2026/QĐ-UBND; 254/2025/QH15; 101/2024/NĐ-CP; 151/2025/NĐ-CP; 31/2024/QH15; 226/2025/NĐ-CP; 69/2026/QĐ-UBND
1.116518,"Tổ chức kinh tế nhận chuyển nhượng, thuê quyền sử dụng đất, nhận góp v",Đối tượng,3,Doanh nghiệp Việt Nam,,102/2024/NĐ-CP; 118/2025/NĐ-CP; 49/2026/NĐ-CP; 54/2026/QĐ-UBND; 254/2025/QH15; 101/2024/NĐ-CP; 151/2025/NĐ-CP; 31/2024/QH15; 226/2025/NĐ-CP; 69/2026/QĐ-UBND
1.116518,"Tổ chức kinh tế nhận chuyển nhượng, thuê quyền sử dụng đất, nhận góp v",Đối tượng,4,Hợp tác xã,,102/2024/NĐ-CP; 118/2025/NĐ-CP; 49/2026/NĐ-CP; 54/2026/QĐ-UBND; 254/2025/QH15; 101/2024/NĐ-CP; 151/2025/NĐ-CP; 31/2024/QH15; 226/2025/NĐ-CP; 69/2026/QĐ-UBND
1.116518,"Tổ chức kinh tế nhận chuyển nhượng, thuê quyền sử dụng đất, nhận góp v",Đối tượng,5,Doanh nghiệp,,102/2024/NĐ-CP; 118/2025/NĐ-CP; 49/2026/NĐ-CP; 54/2026/QĐ-UBND; 254/2025/QH15; 101/2024/NĐ-CP; 151/2025/NĐ-CP; 31/2024/QH15; 226/2025/NĐ-CP; 69/2026/QĐ-UBND
1.116518,"Tổ chức kinh tế nhận chuyển nhượng, thuê quyền sử dụng đất, nhận góp v",Đối tượng,6,Tổ chức nước ngoài,,102/2024/NĐ-CP; 118/2025/NĐ-CP; 49/2026/NĐ-CP; 54/2026/QĐ-UBND; 254/2025/QH15; 101/2024/NĐ-CP; 151/2025/NĐ-CP; 31/2024/QH15; 226/2025/NĐ-CP; 69/2026/QĐ-UBND
1.116519,"Thẩm định, phê duyệt phương án sử dụng đất (UBND thành phố Cần Thơ)",Đối tượng,1,Doanh nghiệp,,254/2025/QH15; 101/2024/NĐ-CP; 31/2024/QH15; 226/2025/NĐ-CP; 69/2026/QĐ-UBND; 102/2024/NĐ-CP; 118/2025/NĐ-CP; 49/2026/NĐ-CP; 54/2026/QĐ-UBND
1.116519,"Thẩm định, phê duyệt phương án sử dụng đất (UBND thành phố Cần Thơ)",Đối tượng,2,"Tổ chức (không bao gồm doanh nghiệp, HTX)",,254/2025/QH15; 101/2024/NĐ-CP; 31/2024/QH15; 226/2025/NĐ-CP; 69/2026/QĐ-UBND; 102/2024/NĐ-CP; 118/2025/NĐ-CP; 49/2026/NĐ-CP; 54/2026/QĐ-UBND
1.116520,"Sử dụng đất kết hợp đa mục đích, gia hạn phương án sử dụng đất kết hợp",Đối tượng,1,Tổ chức nước ngoài,,31/2024/QH15; 226/2025/NĐ-CP; 69/2026/QĐ-UBND; 254/2025/QH15; 101/2024/NĐ-CP; 151/2025/NĐ-CP; 4009/QĐ-UBND; 102/2024/NĐ-CP; 118/2025/NĐ-CP; 49/2026/NĐ-CP; 54/2026/QĐ-UBND
1.116520,"Sử dụng đất kết hợp đa mục đích, gia hạn phương án sử dụng đất kết hợp",Đối tượng,2,Doanh nghiệp có vốn đầu tư nước ngoài,,31/2024/QH15; 226/2025/NĐ-CP; 69/2026/QĐ-UBND; 254/2025/QH15; 101/2024/NĐ-CP; 151/2025/NĐ-CP; 4009/QĐ-UBND; 102/2024/NĐ-CP; 118/2025/NĐ-CP; 49/2026/NĐ-CP; 54/2026/QĐ-UBND
1.116520,"Sử dụng đất kết hợp đa mục đích, gia hạn phương án sử dụng đất kết hợp",Đối tượng,3,"Tổ chức (không bao gồm doanh nghiệp, HTX)",,31/2024/QH15; 226/2025/NĐ-CP; 69/2026/QĐ-UBND; 254/2025/QH15; 101/2024/NĐ-CP; 151/2025/NĐ-CP; 4009/QĐ-UBND; 102/2024/NĐ-CP; 118/2025/NĐ-CP; 49/2026/NĐ-CP; 54/2026/QĐ-UBND
1.116521,"Đăng ký đất đai, tài sản gắn liền với đất, cấp Giấy chứng nhận quyền s",Đối tượng,1,Doanh nghiệp,,151/2025/NĐ-CP; 254/2025/QH15; 101/2024/NĐ-CP; 4009/QĐ-UBND; 226/2025/NĐ-CP; 31/2024/QH15; 69/2026/QĐ-UBND; 3007/QĐ-UBND; 49/2026/NĐ-CP; 118/2025/NĐ-CP; 54/2026/QĐ-UBND
1.116521,"Đăng ký đất đai, tài sản gắn liền với đất, cấp Giấy chứng nhận quyền s",Đối tượng,2,"Tổ chức (không bao gồm doanh nghiệp, HTX)",,151/2025/NĐ-CP; 254/2025/QH15; 101/2024/NĐ-CP; 4009/QĐ-UBND; 226/2025/NĐ-CP; 31/2024/QH15; 69/2026/QĐ-UBND; 3007/QĐ-UBND; 49/2026/NĐ-CP; 118/2025/NĐ-CP; 54/2026/QĐ-UBND
1.116521,"Đăng ký đất đai, tài sản gắn liền với đất, cấp Giấy chứng nhận quyền s",Đối tượng,3,Tổ chức nước ngoài,,151/2025/NĐ-CP; 254/2025/QH15; 101/2024/NĐ-CP; 4009/QĐ-UBND; 226/2025/NĐ-CP; 31/2024/QH15; 69/2026/QĐ-UBND; 3007/QĐ-UBND; 49/2026/NĐ-CP; 118/2025/NĐ-CP; 54/2026/QĐ-UBND
1.116521,"Đăng ký đất đai, tài sản gắn liền với đất, cấp Giấy chứng nhận quyền s",Đối tượng,4,Doanh nghiệp có vốn đầu tư nước ngoài,,151/2025/NĐ-CP; 254/2025/QH15; 101/2024/NĐ-CP; 4009/QĐ-UBND; 226/2025/NĐ-CP; 31/2024/QH15; 69/2026/QĐ-UBND; 3007/QĐ-UBND; 49/2026/NĐ-CP; 118/2025/NĐ-CP; 54/2026/QĐ-UBND
1.116523,"Giao đất ở có thu tiền sử dụng đất không thông qua đấu giá, không đấu",Đối tượng,1,Công dân Việt Nam,,151/2025/NĐ-CP; 254/2025/QH15; 101/2024/NĐ-CP; 4009/QĐ-UBND; 226/2025/NĐ-CP; 69/2026/QĐ-UBND; 49/2026/NĐ-CP; 102/2024/NĐ-CP; 118/2025/NĐ-CP; 54/2026/QĐ-UBND; 43/2024/QH15
1.116523,"Giao đất ở có thu tiền sử dụng đất không thông qua đấu giá, không đấu",Đối tượng,2,Người nước ngoài cư trú tại Việt Nam,,151/2025/NĐ-CP; 254/2025/QH15; 101/2024/NĐ-CP; 4009/QĐ-UBND; 226/2025/NĐ-CP; 69/2026/QĐ-UBND; 49/2026/NĐ-CP; 102/2024/NĐ-CP; 118/2025/NĐ-CP; 54/2026/QĐ-UBND; 43/2024/QH15
1.116523,"Giao đất ở có thu tiền sử dụng đất không thông qua đấu giá, không đấu",Đối tượng,3,Người nước ngoài,,151/2025/NĐ-CP; 254/2025/QH15; 101/2024/NĐ-CP; 4009/QĐ-UBND; 226/2025/NĐ-CP; 69/2026/QĐ-UBND; 49/2026/NĐ-CP; 102/2024/NĐ-CP; 118/2025/NĐ-CP; 54/2026/QĐ-UBND; 43/2024/QH15
1.116523,"Giao đất ở có thu tiền sử dụng đất không thông qua đấu giá, không đấu",Đối tượng,4,"Cán bộ, công chức, viên chức",,151/2025/NĐ-CP; 254/2025/QH15; 101/2024/NĐ-CP; 4009/QĐ-UBND; 226/2025/NĐ-CP; 69/2026/QĐ-UBND; 49/2026/NĐ-CP; 102/2024/NĐ-CP; 118/2025/NĐ-CP; 54/2026/QĐ-UBND; 43/2024/QH15
1.116523,"Giao đất ở có thu tiền sử dụng đất không thông qua đấu giá, không đấu",Đối tượng,5,Người Việt Nam định cư ở nước ngoài,,151/2025/NĐ-CP; 254/2025/QH15; 101/2024/NĐ-CP; 4009/QĐ-UBND; 226/2025/NĐ-CP; 69/2026/QĐ-UBND; 49/2026/NĐ-CP; 102/2024/NĐ-CP; 118/2025/NĐ-CP; 54/2026/QĐ-UBND; 43/2024/QH15
1.116524,"Giao đất, cho thuê đất không đấu giá quyền sử dụng đất, không đấu thầu",Đối tượng,1,Công dân Việt Nam,,226/2025/NĐ-CP; 31/2024/QH15; 69/2026/QĐ-UBND; 151/2025/NĐ-CP; 254/2025/QH15; 101/2024/NĐ-CP; 4009/QĐ-UBND; 49/2026/NĐ-CP; 102/2024/NĐ-CP; 118/2025/NĐ-CP; 54/2026/QĐ-UBND
1.116524,"Giao đất, cho thuê đất không đấu giá quyền sử dụng đất, không đấu thầu",Đối tượng,2,Doanh nghiệp,,226/2025/NĐ-CP; 31/2024/QH15; 69/2026/QĐ-UBND; 151/2025/NĐ-CP; 254/2025/QH15; 101/2024/NĐ-CP; 4009/QĐ-UBND; 49/2026/NĐ-CP; 102/2024/NĐ-CP; 118/2025/NĐ-CP; 54/2026/QĐ-UBND
1.116524,"Giao đất, cho thuê đất không đấu giá quyền sử dụng đất, không đấu thầu",Đối tượng,3,Người nước ngoài cư trú tại Việt Nam,,226/2025/NĐ-CP; 31/2024/QH15; 69/2026/QĐ-UBND; 151/2025/NĐ-CP; 254/2025/QH15; 101/2024/NĐ-CP; 4009/QĐ-UBND; 49/2026/NĐ-CP; 102/2024/NĐ-CP; 118/2025/NĐ-CP; 54/2026/QĐ-UBND
1.116524,"Giao đất, cho thuê đất không đấu giá quyền sử dụng đất, không đấu thầu",Đối tượng,4,Người nước ngoài,,226/2025/NĐ-CP; 31/2024/QH15; 69/2026/QĐ-UBND; 151/2025/NĐ-CP; 254/2025/QH15; 101/2024/NĐ-CP; 4009/QĐ-UBND; 49/2026/NĐ-CP; 102/2024/NĐ-CP; 118/2025/NĐ-CP; 54/2026/QĐ-UBND
1.116524,"Giao đất, cho thuê đất không đấu giá quyền sử dụng đất, không đấu thầu",Đối tượng,5,Tổ chức nước ngoài,,226/2025/NĐ-CP; 31/2024/QH15; 69/2026/QĐ-UBND; 151/2025/NĐ-CP; 254/2025/QH15; 101/2024/NĐ-CP; 4009/QĐ-UBND; 49/2026/NĐ-CP; 102/2024/NĐ-CP; 118/2025/NĐ-CP; 54/2026/QĐ-UBND
1.116524,"Giao đất, cho thuê đất không đấu giá quyền sử dụng đất, không đấu thầu",Đối tượng,6,Hợp tác xã,,226/2025/NĐ-CP; 31/2024/QH15; 69/2026/QĐ-UBND; 151/2025/NĐ-CP; 254/2025/QH15; 101/2024/NĐ-CP; 4009/QĐ-UBND; 49/2026/NĐ-CP; 102/2024/NĐ-CP; 118/2025/NĐ-CP; 54/2026/QĐ-UBND
1.116524,"Giao đất, cho thuê đất không đấu giá quyền sử dụng đất, không đấu thầu",Đối tượng,7,"Cán bộ, công chức, viên chức",,226/2025/NĐ-CP; 31/2024/QH15; 69/2026/QĐ-UBND; 151/2025/NĐ-CP; 254/2025/QH15; 101/2024/NĐ-CP; 4009/QĐ-UBND; 49/2026/NĐ-CP; 102/2024/NĐ-CP; 118/2025/NĐ-CP; 54/2026/QĐ-UBND
1.116524,"Giao đất, cho thuê đất không đấu giá quyền sử dụng đất, không đấu thầu",Đối tượng,8,Doanh nghiệp Việt Nam,,226/2025/NĐ-CP; 31/2024/QH15; 69/2026/QĐ-UBND; 151/2025/NĐ-CP; 254/2025/QH15; 101/2024/NĐ-CP; 4009/QĐ-UBND; 49/2026/NĐ-CP; 102/2024/NĐ-CP; 118/2025/NĐ-CP; 54/2026/QĐ-UBND
1.116524,"Giao đất, cho thuê đất không đấu giá quyền sử dụng đất, không đấu thầu",Đối tượng,9,Doanh nghiệp có vốn đầu tư nước ngoài,,226/2025/NĐ-CP; 31/2024/QH15; 69/2026/QĐ-UBND; 151/2025/NĐ-CP; 254/2025/QH15; 101/2024/NĐ-CP; 4009/QĐ-UBND; 49/2026/NĐ-CP; 102/2024/NĐ-CP; 118/2025/NĐ-CP; 54/2026/QĐ-UBND
1.116524,"Giao đất, cho thuê đất không đấu giá quyền sử dụng đất, không đấu thầu",Đối tượng,10,"Tổ chức (không bao gồm doanh nghiệp, HTX)",,226/2025/NĐ-CP; 31/2024/QH15; 69/2026/QĐ-UBND; 151/2025/NĐ-CP; 254/2025/QH15; 101/2024/NĐ-CP; 4009/QĐ-UBND; 49/2026/NĐ-CP; 102/2024/NĐ-CP; 118/2025/NĐ-CP; 54/2026/QĐ-UBND
1.116524,"Giao đất, cho thuê đất không đấu giá quyền sử dụng đất, không đấu thầu",Đối tượng,11,Người Việt Nam định cư ở nước ngoài,,226/2025/NĐ-CP; 31/2024/QH15; 69/2026/QĐ-UBND; 151/2025/NĐ-CP; 254/2025/QH15; 101/2024/NĐ-CP; 4009/QĐ-UBND; 49/2026/NĐ-CP; 102/2024/NĐ-CP; 118/2025/NĐ-CP; 54/2026/QĐ-UBND
1.116525,Chuyển mục đích sử dụng đất (TPCT),Đối tượng,1,Công dân Việt Nam,,31/2024/QH15; 226/2025/NĐ-CP; 69/2026/QĐ-UBND; 102/2024/NĐ-CP; 118/2025/NĐ-CP; 49/2026/NĐ-CP; 54/2026/QĐ-UBND; 101/2024/NĐ-CP; 151/2025/NĐ-CP
1.116525,Chuyển mục đích sử dụng đất (TPCT),Đối tượng,2,Người nước ngoài,,31/2024/QH15; 226/2025/NĐ-CP; 69/2026/QĐ-UBND; 102/2024/NĐ-CP; 118/2025/NĐ-CP; 49/2026/NĐ-CP; 54/2026/QĐ-UBND; 101/2024/NĐ-CP; 151/2025/NĐ-CP
1.116525,Chuyển mục đích sử dụng đất (TPCT),Đối tượng,3,"Cán bộ, công chức, viên chức",,31/2024/QH15; 226/2025/NĐ-CP; 69/2026/QĐ-UBND; 102/2024/NĐ-CP; 118/2025/NĐ-CP; 49/2026/NĐ-CP; 54/2026/QĐ-UBND; 101/2024/NĐ-CP; 151/2025/NĐ-CP
1.116525,Chuyển mục đích sử dụng đất (TPCT),Đối tượng,4,Người nước ngoài cư trú tại Việt Nam,,31/2024/QH15; 226/2025/NĐ-CP; 69/2026/QĐ-UBND; 102/2024/NĐ-CP; 118/2025/NĐ-CP; 49/2026/NĐ-CP; 54/2026/QĐ-UBND; 101/2024/NĐ-CP; 151/2025/NĐ-CP
1.116525,Chuyển mục đích sử dụng đất (TPCT),Đối tượng,5,Người Việt Nam định cư ở nước ngoài,,31/2024/QH15; 226/2025/NĐ-CP; 69/2026/QĐ-UBND; 102/2024/NĐ-CP; 118/2025/NĐ-CP; 49/2026/NĐ-CP; 54/2026/QĐ-UBND; 101/2024/NĐ-CP; 151/2025/NĐ-CP
1.116526,Chuyển hình thức sử dụng đất (TPCT),Đối tượng,1,Công dân Việt Nam,,31/2024/QH15; 226/2025/NĐ-CP; 69/2026/QĐ-UBND; 254/2025/QH15; 101/2024/NĐ-CP; 151/2025/NĐ-CP; 118/2025/NĐ-CP; 49/2026/NĐ-CP; 54/2026/QĐ-UBND
1.116526,Chuyển hình thức sử dụng đất (TPCT),Đối tượng,2,"Tổ chức (không bao gồm doanh nghiệp, HTX)",,31/2024/QH15; 226/2025/NĐ-CP; 69/2026/QĐ-UBND; 254/2025/QH15; 101/2024/NĐ-CP; 151/2025/NĐ-CP; 118/2025/NĐ-CP; 49/2026/NĐ-CP; 54/2026/QĐ-UBND
1.116527,Gia hạn sử dụng đất khi hết thời hạn sử dụng đất (TPCT),Đối tượng,1,Người Việt Nam định cư ở nước ngoài,,254/2025/QH15; 101/2024/NĐ-CP; 151/2025/NĐ-CP; 102/2024/NĐ-CP; 118/2025/NĐ-CP; 49/2026/NĐ-CP; 54/2026/QĐ-UBND; 31/2024/QH15; 226/2025/NĐ-CP; 69/2026/QĐ-UBND
1.116527,Gia hạn sử dụng đất khi hết thời hạn sử dụng đất (TPCT),Đối tượng,2,Công dân Việt Nam,,254/2025/QH15; 101/2024/NĐ-CP; 151/2025/NĐ-CP; 102/2024/NĐ-CP; 118/2025/NĐ-CP; 49/2026/NĐ-CP; 54/2026/QĐ-UBND; 31/2024/QH15; 226/2025/NĐ-CP; 69/2026/QĐ-UBND
1.116527,Gia hạn sử dụng đất khi hết thời hạn sử dụng đất (TPCT),Đối tượng,3,"Cán bộ, công chức, viên chức",,254/2025/QH15; 101/2024/NĐ-CP; 151/2025/NĐ-CP; 102/2024/NĐ-CP; 118/2025/NĐ-CP; 49/2026/NĐ-CP; 54/2026/QĐ-UBND; 31/2024/QH15; 226/2025/NĐ-CP; 69/2026/QĐ-UBND
1.116527,Gia hạn sử dụng đất khi hết thời hạn sử dụng đất (TPCT),Đối tượng,4,Người nước ngoài,,254/2025/QH15; 101/2024/NĐ-CP; 151/2025/NĐ-CP; 102/2024/NĐ-CP; 118/2025/NĐ-CP; 49/2026/NĐ-CP; 54/2026/QĐ-UBND; 31/2024/QH15; 226/2025/NĐ-CP; 69/2026/QĐ-UBND
1.116527,Gia hạn sử dụng đất khi hết thời hạn sử dụng đất (TPCT),Đối tượng,5,Người nước ngoài cư trú tại Việt Nam,,254/2025/QH15; 101/2024/NĐ-CP; 151/2025/NĐ-CP; 102/2024/NĐ-CP; 118/2025/NĐ-CP; 49/2026/NĐ-CP; 54/2026/QĐ-UBND; 31/2024/QH15; 226/2025/NĐ-CP; 69/2026/QĐ-UBND
1.116528,Điều chỉnh thời hạn sử dụng đất của dự án đầu tư (TPCT),Đối tượng,1,Công dân Việt Nam,,31/2024/QH15; 226/2025/NĐ-CP; 69/2026/QĐ-UBND; 254/2025/QH15; 101/2024/NĐ-CP; 151/2025/NĐ-CP; 102/2024/NĐ-CP; 118/2025/NĐ-CP; 49/2026/NĐ-CP; 54/2026/QĐ-UBND
1.116528,Điều chỉnh thời hạn sử dụng đất của dự án đầu tư (TPCT),Đối tượng,2,Người nước ngoài cư trú tại Việt Nam,,31/2024/QH15; 226/2025/NĐ-CP; 69/2026/QĐ-UBND; 254/2025/QH15; 101/2024/NĐ-CP; 151/2025/NĐ-CP; 102/2024/NĐ-CP; 118/2025/NĐ-CP; 49/2026/NĐ-CP; 54/2026/QĐ-UBND
1.116528,Điều chỉnh thời hạn sử dụng đất của dự án đầu tư (TPCT),Đối tượng,3,"Cán bộ, công chức, viên chức",,31/2024/QH15; 226/2025/NĐ-CP; 69/2026/QĐ-UBND; 254/2025/QH15; 101/2024/NĐ-CP; 151/2025/NĐ-CP; 102/2024/NĐ-CP; 118/2025/NĐ-CP; 49/2026/NĐ-CP; 54/2026/QĐ-UBND
1.116528,Điều chỉnh thời hạn sử dụng đất của dự án đầu tư (TPCT),Đối tượng,4,Người nước ngoài,,31/2024/QH15; 226/2025/NĐ-CP; 69/2026/QĐ-UBND; 254/2025/QH15; 101/2024/NĐ-CP; 151/2025/NĐ-CP; 102/2024/NĐ-CP; 118/2025/NĐ-CP; 49/2026/NĐ-CP; 54/2026/QĐ-UBND
1.116528,Điều chỉnh thời hạn sử dụng đất của dự án đầu tư (TPCT),Đối tượng,5,Người Việt Nam định cư ở nước ngoài,,31/2024/QH15; 226/2025/NĐ-CP; 69/2026/QĐ-UBND; 254/2025/QH15; 101/2024/NĐ-CP; 151/2025/NĐ-CP; 102/2024/NĐ-CP; 118/2025/NĐ-CP; 49/2026/NĐ-CP; 54/2026/QĐ-UBND
1.116529,"Điều chỉnh quyết định giao đất, cho thuê đất, cho phép chuyển mục đích",Đối tượng,1,"Tổ chức (không bao gồm doanh nghiệp, HTX)",,102/2024/NĐ-CP; 118/2025/NĐ-CP; 49/2026/NĐ-CP; 54/2026/QĐ-UBND; 254/2025/QH15; 101/2024/NĐ-CP; 151/2025/NĐ-CP; 31/2024/QH15; 226/2025/NĐ-CP; 69/2026/QĐ-UBND
1.116529,"Điều chỉnh quyết định giao đất, cho thuê đất, cho phép chuyển mục đích",Đối tượng,2,Người Việt Nam định cư ở nước ngoài,,102/2024/NĐ-CP; 118/2025/NĐ-CP; 49/2026/NĐ-CP; 54/2026/QĐ-UBND; 254/2025/QH15; 101/2024/NĐ-CP; 151/2025/NĐ-CP; 31/2024/QH15; 226/2025/NĐ-CP; 69/2026/QĐ-UBND
1.116529,"Điều chỉnh quyết định giao đất, cho thuê đất, cho phép chuyển mục đích",Đối tượng,3,Công dân Việt Nam,,102/2024/NĐ-CP; 118/2025/NĐ-CP; 49/2026/NĐ-CP; 54/2026/QĐ-UBND; 254/2025/QH15; 101/2024/NĐ-CP; 151/2025/NĐ-CP; 31/2024/QH15; 226/2025/NĐ-CP; 69/2026/QĐ-UBND
1.116529,"Điều chỉnh quyết định giao đất, cho thuê đất, cho phép chuyển mục đích",Đối tượng,4,Người nước ngoài,,102/2024/NĐ-CP; 118/2025/NĐ-CP; 49/2026/NĐ-CP; 54/2026/QĐ-UBND; 254/2025/QH15; 101/2024/NĐ-CP; 151/2025/NĐ-CP; 31/2024/QH15; 226/2025/NĐ-CP; 69/2026/QĐ-UBND
1.116529,"Điều chỉnh quyết định giao đất, cho thuê đất, cho phép chuyển mục đích",Đối tượng,5,Tổ chức nước ngoài,,102/2024/NĐ-CP; 118/2025/NĐ-CP; 49/2026/NĐ-CP; 54/2026/QĐ-UBND; 254/2025/QH15; 101/2024/NĐ-CP; 151/2025/NĐ-CP; 31/2024/QH15; 226/2025/NĐ-CP; 69/2026/QĐ-UBND
1.116529,"Điều chỉnh quyết định giao đất, cho thuê đất, cho phép chuyển mục đích",Đối tượng,6,Hợp tác xã,,102/2024/NĐ-CP; 118/2025/NĐ-CP; 49/2026/NĐ-CP; 54/2026/QĐ-UBND; 254/2025/QH15; 101/2024/NĐ-CP; 151/2025/NĐ-CP; 31/2024/QH15; 226/2025/NĐ-CP; 69/2026/QĐ-UBND
1.116529,"Điều chỉnh quyết định giao đất, cho thuê đất, cho phép chuyển mục đích",Đối tượng,7,Người nước ngoài cư trú tại Việt Nam,,102/2024/NĐ-CP; 118/2025/NĐ-CP; 49/2026/NĐ-CP; 54/2026/QĐ-UBND; 254/2025/QH15; 101/2024/NĐ-CP; 151/2025/NĐ-CP; 31/2024/QH15; 226/2025/NĐ-CP; 69/2026/QĐ-UBND
1.116529,"Điều chỉnh quyết định giao đất, cho thuê đất, cho phép chuyển mục đích",Đối tượng,8,"Cán bộ, công chức, viên chức",,102/2024/NĐ-CP; 118/2025/NĐ-CP; 49/2026/NĐ-CP; 54/2026/QĐ-UBND; 254/2025/QH15; 101/2024/NĐ-CP; 151/2025/NĐ-CP; 31/2024/QH15; 226/2025/NĐ-CP; 69/2026/QĐ-UBND
1.116530,"Điều chỉnh quyết định giao đất, cho thuê đất, cho phép chuyển mục đích",Đối tượng,1,"Tổ chức (không bao gồm doanh nghiệp, HTX)",,49/2026/NĐ-CP; 118/2025/NĐ-CP; 54/2026/QĐ-UBND; 102/2024/NĐ-CP; 101/2024/NĐ-CP; 151/2025/NĐ-CP; 31/2024/QH15; 226/2025/NĐ-CP; 69/2026/QĐ-UBND
1.116530,"Điều chỉnh quyết định giao đất, cho thuê đất, cho phép chuyển mục đích",Đối tượng,2,Người Việt Nam định cư ở nước ngoài,,49/2026/NĐ-CP; 118/2025/NĐ-CP; 54/2026/QĐ-UBND; 102/2024/NĐ-CP; 101/2024/NĐ-CP; 151/2025/NĐ-CP; 31/2024/QH15; 226/2025/NĐ-CP; 69/2026/QĐ-UBND
1.116530,"Điều chỉnh quyết định giao đất, cho thuê đất, cho phép chuyển mục đích",Đối tượng,3,Công dân Việt Nam,,49/2026/NĐ-CP; 118/2025/NĐ-CP; 54/2026/QĐ-UBND; 102/2024/NĐ-CP; 101/2024/NĐ-CP; 151/2025/NĐ-CP; 31/2024/QH15; 226/2025/NĐ-CP; 69/2026/QĐ-UBND
1.116530,"Điều chỉnh quyết định giao đất, cho thuê đất, cho phép chuyển mục đích",Đối tượng,4,"Cán bộ, công chức, viên chức",,49/2026/NĐ-CP; 118/2025/NĐ-CP; 54/2026/QĐ-UBND; 102/2024/NĐ-CP; 101/2024/NĐ-CP; 151/2025/NĐ-CP; 31/2024/QH15; 226/2025/NĐ-CP; 69/2026/QĐ-UBND
1.116530,"Điều chỉnh quyết định giao đất, cho thuê đất, cho phép chuyển mục đích",Đối tượng,5,Hợp tác xã,,49/2026/NĐ-CP; 118/2025/NĐ-CP; 54/2026/QĐ-UBND; 102/2024/NĐ-CP; 101/2024/NĐ-CP; 151/2025/NĐ-CP; 31/2024/QH15; 226/2025/NĐ-CP; 69/2026/QĐ-UBND
1.116530,"Điều chỉnh quyết định giao đất, cho thuê đất, cho phép chuyển mục đích",Đối tượng,6,Người nước ngoài cư trú tại Việt Nam,,49/2026/NĐ-CP; 118/2025/NĐ-CP; 54/2026/QĐ-UBND; 102/2024/NĐ-CP; 101/2024/NĐ-CP; 151/2025/NĐ-CP; 31/2024/QH15; 226/2025/NĐ-CP; 69/2026/QĐ-UBND
1.116531,"Sử dụng đất kết hợp đa mục đích, gia hạn phương án sử dụng đất kết hợp",Đối tượng,1,Người Việt Nam định cư ở nước ngoài,,49/2026/NĐ-CP; 118/2025/NĐ-CP; 54/2026/QĐ-UBND; 151/2025/NĐ-CP; 254/2025/QH15; 101/2024/NĐ-CP; 4009/QĐ-UBND; 226/2025/NĐ-CP; 31/2024/QH15; 69/2026/QĐ-UBND; 102/2024/NĐ-CP
1.116531,"Sử dụng đất kết hợp đa mục đích, gia hạn phương án sử dụng đất kết hợp",Đối tượng,2,Công dân Việt Nam,,49/2026/NĐ-CP; 118/2025/NĐ-CP; 54/2026/QĐ-UBND; 151/2025/NĐ-CP; 254/2025/QH15; 101/2024/NĐ-CP; 4009/QĐ-UBND; 226/2025/NĐ-CP; 31/2024/QH15; 69/2026/QĐ-UBND; 102/2024/NĐ-CP
1.116531,"Sử dụng đất kết hợp đa mục đích, gia hạn phương án sử dụng đất kết hợp",Đối tượng,3,Người nước ngoài cư trú tại Việt Nam,,49/2026/NĐ-CP; 118/2025/NĐ-CP; 54/2026/QĐ-UBND; 151/2025/NĐ-CP; 254/2025/QH15; 101/2024/NĐ-CP; 4009/QĐ-UBND; 226/2025/NĐ-CP; 31/2024/QH15; 69/2026/QĐ-UBND; 102/2024/NĐ-CP
1.116531,"Sử dụng đất kết hợp đa mục đích, gia hạn phương án sử dụng đất kết hợp",Đối tượng,4,Người nước ngoài,,49/2026/NĐ-CP; 118/2025/NĐ-CP; 54/2026/QĐ-UBND; 151/2025/NĐ-CP; 254/2025/QH15; 101/2024/NĐ-CP; 4009/QĐ-UBND; 226/2025/NĐ-CP; 31/2024/QH15; 69/2026/QĐ-UBND; 102/2024/NĐ-CP
1.116531,"Sử dụng đất kết hợp đa mục đích, gia hạn phương án sử dụng đất kết hợp",Đối tượng,5,"Cán bộ, công chức, viên chức",,49/2026/NĐ-CP; 118/2025/NĐ-CP; 54/2026/QĐ-UBND; 151/2025/NĐ-CP; 254/2025/QH15; 101/2024/NĐ-CP; 4009/QĐ-UBND; 226/2025/NĐ-CP; 31/2024/QH15; 69/2026/QĐ-UBND; 102/2024/NĐ-CP
1.116532,"Đăng ký đất đai, tài sản gắn liền với đất, cấp Giấy chứng nhận quyền s",Đối tượng,1,Người Việt Nam định cư ở nước ngoài,,118/2025/NĐ-CP; 49/2026/NĐ-CP; 54/2026/QĐ-UBND; 101/2024/NĐ-CP; 151/2025/NĐ-CP; 4009/QĐ-UBND; 31/2024/QH15; 226/2025/NĐ-CP; 69/2026/QĐ-UBND; 254/2025/NQ-QH15
1.116532,"Đăng ký đất đai, tài sản gắn liền với đất, cấp Giấy chứng nhận quyền s",Đối tượng,2,Công dân Việt Nam,,118/2025/NĐ-CP; 49/2026/NĐ-CP; 54/2026/QĐ-UBND; 101/2024/NĐ-CP; 151/2025/NĐ-CP; 4009/QĐ-UBND; 31/2024/QH15; 226/2025/NĐ-CP; 69/2026/QĐ-UBND; 254/2025/NQ-QH15
1.116532,"Đăng ký đất đai, tài sản gắn liền với đất, cấp Giấy chứng nhận quyền s",Đối tượng,3,Người nước ngoài,,118/2025/NĐ-CP; 49/2026/NĐ-CP; 54/2026/QĐ-UBND; 101/2024/NĐ-CP; 151/2025/NĐ-CP; 4009/QĐ-UBND; 31/2024/QH15; 226/2025/NĐ-CP; 69/2026/QĐ-UBND; 254/2025/NQ-QH15
1.116532,"Đăng ký đất đai, tài sản gắn liền với đất, cấp Giấy chứng nhận quyền s",Đối tượng,4,"Cán bộ, công chức, viên chức",,118/2025/NĐ-CP; 49/2026/NĐ-CP; 54/2026/QĐ-UBND; 101/2024/NĐ-CP; 151/2025/NĐ-CP; 4009/QĐ-UBND; 31/2024/QH15; 226/2025/NĐ-CP; 69/2026/QĐ-UBND; 254/2025/NQ-QH15
1.116532,"Đăng ký đất đai, tài sản gắn liền với đất, cấp Giấy chứng nhận quyền s",Đối tượng,5,Người nước ngoài cư trú tại Việt Nam,,118/2025/NĐ-CP; 49/2026/NĐ-CP; 54/2026/QĐ-UBND; 101/2024/NĐ-CP; 151/2025/NĐ-CP; 4009/QĐ-UBND; 31/2024/QH15; 226/2025/NĐ-CP; 69/2026/QĐ-UBND; 254/2025/NQ-QH15
1.116533,Tặng cho quyền sử dụng đất cho Nhà nước hoặc cộng đồng dân cư hoặc mở,Đối tượng,1,Doanh nghiệp có vốn đầu tư nước ngoài,,254/2025/QH15; 101/2024/NĐ-CP; 151/2025/NĐ-CP; 31/2024/QH15; 226/2025/NĐ-CP; 69/2026/QĐ-UBND; 118/2025/NĐ-CP; 367/2025/NĐ-CP; 49/2026/NĐ-CP; 54/2026/QĐ-UBND
1.116533,Tặng cho quyền sử dụng đất cho Nhà nước hoặc cộng đồng dân cư hoặc mở,Đối tượng,2,Công dân Việt Nam,,254/2025/QH15; 101/2024/NĐ-CP; 151/2025/NĐ-CP; 31/2024/QH15; 226/2025/NĐ-CP; 69/2026/QĐ-UBND; 118/2025/NĐ-CP; 367/2025/NĐ-CP; 49/2026/NĐ-CP; 54/2026/QĐ-UBND
1.116533,Tặng cho quyền sử dụng đất cho Nhà nước hoặc cộng đồng dân cư hoặc mở,Đối tượng,3,Tổ chức nước ngoài,,254/2025/QH15; 101/2024/NĐ-CP; 151/2025/NĐ-CP; 31/2024/QH15; 226/2025/NĐ-CP; 69/2026/QĐ-UBND; 118/2025/NĐ-CP; 367/2025/NĐ-CP; 49/2026/NĐ-CP; 54/2026/QĐ-UBND
1.116533,Tặng cho quyền sử dụng đất cho Nhà nước hoặc cộng đồng dân cư hoặc mở,Đối tượng,4,Hợp tác xã,,254/2025/QH15; 101/2024/NĐ-CP; 151/2025/NĐ-CP; 31/2024/QH15; 226/2025/NĐ-CP; 69/2026/QĐ-UBND; 118/2025/NĐ-CP; 367/2025/NĐ-CP; 49/2026/NĐ-CP; 54/2026/QĐ-UBND
1.116533,Tặng cho quyền sử dụng đất cho Nhà nước hoặc cộng đồng dân cư hoặc mở,Đối tượng,5,Người nước ngoài cư trú tại Việt Nam,,254/2025/QH15; 101/2024/NĐ-CP; 151/2025/NĐ-CP; 31/2024/QH15; 226/2025/NĐ-CP; 69/2026/QĐ-UBND; 118/2025/NĐ-CP; 367/2025/NĐ-CP; 49/2026/NĐ-CP; 54/2026/QĐ-UBND
1.116533,Tặng cho quyền sử dụng đất cho Nhà nước hoặc cộng đồng dân cư hoặc mở,Đối tượng,6,Người nước ngoài,,254/2025/QH15; 101/2024/NĐ-CP; 151/2025/NĐ-CP; 31/2024/QH15; 226/2025/NĐ-CP; 69/2026/QĐ-UBND; 118/2025/NĐ-CP; 367/2025/NĐ-CP; 49/2026/NĐ-CP; 54/2026/QĐ-UBND
1.116533,Tặng cho quyền sử dụng đất cho Nhà nước hoặc cộng đồng dân cư hoặc mở,Đối tượng,7,"Tổ chức (không bao gồm doanh nghiệp, HTX)",,254/2025/QH15; 101/2024/NĐ-CP; 151/2025/NĐ-CP; 31/2024/QH15; 226/2025/NĐ-CP; 69/2026/QĐ-UBND; 118/2025/NĐ-CP; 367/2025/NĐ-CP; 49/2026/NĐ-CP; 54/2026/QĐ-UBND
1.116533,Tặng cho quyền sử dụng đất cho Nhà nước hoặc cộng đồng dân cư hoặc mở,Đối tượng,8,Người Việt Nam định cư ở nước ngoài,,254/2025/QH15; 101/2024/NĐ-CP; 151/2025/NĐ-CP; 31/2024/QH15; 226/2025/NĐ-CP; 69/2026/QĐ-UBND; 118/2025/NĐ-CP; 367/2025/NĐ-CP; 49/2026/NĐ-CP; 54/2026/QĐ-UBND
1.116534,Thu hồi Giấy chứng nhận đã cấp lần đầu và Giấy chứng nhận được cấp the,Đối tượng,1,Công dân Việt Nam,,Không có thông tin căn cứ pháp lý trong dữ liệu gốc
1.116534,Thu hồi Giấy chứng nhận đã cấp lần đầu và Giấy chứng nhận được cấp the,Đối tượng,2,Tổ chức nước ngoài,,Không có thông tin căn cứ pháp lý trong dữ liệu gốc
1.116534,Thu hồi Giấy chứng nhận đã cấp lần đầu và Giấy chứng nhận được cấp the,Đối tượng,3,Người nước ngoài cư trú tại Việt Nam,,Không có thông tin căn cứ pháp lý trong dữ liệu gốc
1.116534,Thu hồi Giấy chứng nhận đã cấp lần đầu và Giấy chứng nhận được cấp the,Đối tượng,4,"Tổ chức (không bao gồm doanh nghiệp, HTX)",,Không có thông tin căn cứ pháp lý trong dữ liệu gốc
1.116534,Thu hồi Giấy chứng nhận đã cấp lần đầu và Giấy chứng nhận được cấp the,Đối tượng,5,Người Việt Nam định cư ở nước ngoài,,Không có thông tin căn cứ pháp lý trong dữ liệu gốc
1.116535,"Xác định lại diện tích đất ở của hộ gia đình, cá nhân đã được cấp Giấy",Đối tượng,1,Người Việt Nam định cư ở nước ngoài,,118/2025/NĐ-CP; 367/2025/NĐ-CP; 49/2026/NĐ-CP; 54/2026/QĐ-UBND; 31/2024/QH15; 69/2026/QĐ-UBND; 254/2025/QH15; 101/2024/NĐ-CP; 151/2025/NĐ-CP; 4009/QĐ-UBND
1.116535,"Xác định lại diện tích đất ở của hộ gia đình, cá nhân đã được cấp Giấy",Đối tượng,2,Công dân Việt Nam,,118/2025/NĐ-CP; 367/2025/NĐ-CP; 49/2026/NĐ-CP; 54/2026/QĐ-UBND; 31/2024/QH15; 69/2026/QĐ-UBND; 254/2025/QH15; 101/2024/NĐ-CP; 151/2025/NĐ-CP; 4009/QĐ-UBND
1.116535,"Xác định lại diện tích đất ở của hộ gia đình, cá nhân đã được cấp Giấy",Đối tượng,3,Người nước ngoài,,118/2025/NĐ-CP; 367/2025/NĐ-CP; 49/2026/NĐ-CP; 54/2026/QĐ-UBND; 31/2024/QH15; 69/2026/QĐ-UBND; 254/2025/QH15; 101/2024/NĐ-CP; 151/2025/NĐ-CP; 4009/QĐ-UBND
1.116535,"Xác định lại diện tích đất ở của hộ gia đình, cá nhân đã được cấp Giấy",Đối tượng,4,Người nước ngoài cư trú tại Việt Nam,,118/2025/NĐ-CP; 367/2025/NĐ-CP; 49/2026/NĐ-CP; 54/2026/QĐ-UBND; 31/2024/QH15; 69/2026/QĐ-UBND; 254/2025/QH15; 101/2024/NĐ-CP; 151/2025/NĐ-CP; 4009/QĐ-UBND
1.116536,Đính chính Giấy chứng nhận đã cấp lần đầu và Giấy chứng nhận được cấp,Đối tượng,1,"Tổ chức (không bao gồm doanh nghiệp, HTX)",,49/2026/NĐ-CP; 31/2024/QH15; 254/2025/QH15; 151/2025/NĐ-CP; 367/2025/NĐ-CP; 101/2024/NĐ-CP; 69/2026/QĐ-UBND; 118/2025/NĐ-CP; 54/2026/QĐ-UBND; 4009/QĐ-UBND
1.116536,Đính chính Giấy chứng nhận đã cấp lần đầu và Giấy chứng nhận được cấp,Đối tượng,2,Người Việt Nam định cư ở nước ngoài,,49/2026/NĐ-CP; 31/2024/QH15; 254/2025/QH15; 151/2025/NĐ-CP; 367/2025/NĐ-CP; 101/2024/NĐ-CP; 69/2026/QĐ-UBND; 118/2025/NĐ-CP; 54/2026/QĐ-UBND; 4009/QĐ-UBND
1.116536,Đính chính Giấy chứng nhận đã cấp lần đầu và Giấy chứng nhận được cấp,Đối tượng,3,Công dân Việt Nam,,49/2026/NĐ-CP; 31/2024/QH15; 254/2025/QH15; 151/2025/NĐ-CP; 367/2025/NĐ-CP; 101/2024/NĐ-CP; 69/2026/QĐ-UBND; 118/2025/NĐ-CP; 54/2026/QĐ-UBND; 4009/QĐ-UBND
1.116536,Đính chính Giấy chứng nhận đã cấp lần đầu và Giấy chứng nhận được cấp,Đối tượng,4,Tổ chức nước ngoài,,49/2026/NĐ-CP; 31/2024/QH15; 254/2025/QH15; 151/2025/NĐ-CP; 367/2025/NĐ-CP; 101/2024/NĐ-CP; 69/2026/QĐ-UBND; 118/2025/NĐ-CP; 54/2026/QĐ-UBND; 4009/QĐ-UBND
1.116536,Đính chính Giấy chứng nhận đã cấp lần đầu và Giấy chứng nhận được cấp,Đối tượng,5,Doanh nghiệp,,49/2026/NĐ-CP; 31/2024/QH15; 254/2025/QH15; 151/2025/NĐ-CP; 367/2025/NĐ-CP; 101/2024/NĐ-CP; 69/2026/QĐ-UBND; 118/2025/NĐ-CP; 54/2026/QĐ-UBND; 4009/QĐ-UBND
1.116536,Đính chính Giấy chứng nhận đã cấp lần đầu và Giấy chứng nhận được cấp,Đối tượng,6,Người nước ngoài,,49/2026/NĐ-CP; 31/2024/QH15; 254/2025/QH15; 151/2025/NĐ-CP; 367/2025/NĐ-CP; 101/2024/NĐ-CP; 69/2026/QĐ-UBND; 118/2025/NĐ-CP; 54/2026/QĐ-UBND; 4009/QĐ-UBND
1.116536,Đính chính Giấy chứng nhận đã cấp lần đầu và Giấy chứng nhận được cấp,Đối tượng,7,Hợp tác xã,,49/2026/NĐ-CP; 31/2024/QH15; 254/2025/QH15; 151/2025/NĐ-CP; 367/2025/NĐ-CP; 101/2024/NĐ-CP; 69/2026/QĐ-UBND; 118/2025/NĐ-CP; 54/2026/QĐ-UBND; 4009/QĐ-UBND
1.116536,Đính chính Giấy chứng nhận đã cấp lần đầu và Giấy chứng nhận được cấp,Đối tượng,8,Doanh nghiệp Việt Nam,,49/2026/NĐ-CP; 31/2024/QH15; 254/2025/QH15; 151/2025/NĐ-CP; 367/2025/NĐ-CP; 101/2024/NĐ-CP; 69/2026/QĐ-UBND; 118/2025/NĐ-CP; 54/2026/QĐ-UBND; 4009/QĐ-UBND
1.116536,Đính chính Giấy chứng nhận đã cấp lần đầu và Giấy chứng nhận được cấp,Đối tượng,9,Doanh nghiệp có vốn đầu tư nước ngoài,,49/2026/NĐ-CP; 31/2024/QH15; 254/2025/QH15; 151/2025/NĐ-CP; 367/2025/NĐ-CP; 101/2024/NĐ-CP; 69/2026/QĐ-UBND; 118/2025/NĐ-CP; 54/2026/QĐ-UBND; 4009/QĐ-UBND
1.116536,Đính chính Giấy chứng nhận đã cấp lần đầu và Giấy chứng nhận được cấp,Đối tượng,10,Người nước ngoài cư trú tại Việt Nam,,49/2026/NĐ-CP; 31/2024/QH15; 254/2025/QH15; 151/2025/NĐ-CP; 367/2025/NĐ-CP; 101/2024/NĐ-CP; 69/2026/QĐ-UBND; 118/2025/NĐ-CP; 54/2026/QĐ-UBND; 4009/QĐ-UBND
1.116538,Cấp Quyết định công nhận,Đối tượng,1,Công dân Việt Nam,,Không có thông tin căn cứ pháp lý trong dữ liệu gốc
1.116538,Cấp Quyết định công nhận,Đối tượng,2,Doanh nghiệp,,Không có thông tin căn cứ pháp lý trong dữ liệu gốc
1.116542,"Đề nghị hỗ trợ đầu tư đối với các dự án sản xuất sản phẩm, cung cấp dị",Đối tượng,1,Doanh nghiệp,,353/2025/NĐ-CP; 118/2025/NĐ-CP; 71/2025/QH15; 60/2026/NQ-HĐND
1.116542,"Đề nghị hỗ trợ đầu tư đối với các dự án sản xuất sản phẩm, cung cấp dị",Đối tượng,2,Tổ chức nước ngoài,,353/2025/NĐ-CP; 118/2025/NĐ-CP; 71/2025/QH15; 60/2026/NQ-HĐND
1.116542,"Đề nghị hỗ trợ đầu tư đối với các dự án sản xuất sản phẩm, cung cấp dị",Đối tượng,3,"Tổ chức (không bao gồm doanh nghiệp, HTX)",,353/2025/NĐ-CP; 118/2025/NĐ-CP; 71/2025/QH15; 60/2026/NQ-HĐND
1.116542,"Đề nghị hỗ trợ đầu tư đối với các dự án sản xuất sản phẩm, cung cấp dị",Đối tượng,4,Doanh nghiệp Việt Nam,,353/2025/NĐ-CP; 118/2025/NĐ-CP; 71/2025/QH15; 60/2026/NQ-HĐND
1.116542,"Đề nghị hỗ trợ đầu tư đối với các dự án sản xuất sản phẩm, cung cấp dị",Đối tượng,5,Doanh nghiệp có vốn đầu tư nước ngoài,,353/2025/NĐ-CP; 118/2025/NĐ-CP; 71/2025/QH15; 60/2026/NQ-HĐND
1.116543,Thủ tục đề nghị hỗ trợ đối với dự án khởi nghiệp sáng tạo trong công n,Đối tượng,1,Doanh nghiệp Việt Nam,,60/2026/NQ-HĐND; 71/2025/QH15; 353/2025/NĐ-CP; 118/2025/NĐ-CP
1.116543,Thủ tục đề nghị hỗ trợ đối với dự án khởi nghiệp sáng tạo trong công n,Đối tượng,2,Doanh nghiệp có vốn đầu tư nước ngoài,,60/2026/NQ-HĐND; 71/2025/QH15; 353/2025/NĐ-CP; 118/2025/NĐ-CP
1.116543,Thủ tục đề nghị hỗ trợ đối với dự án khởi nghiệp sáng tạo trong công n,Đối tượng,3,Công dân Việt Nam,,60/2026/NQ-HĐND; 71/2025/QH15; 353/2025/NĐ-CP; 118/2025/NĐ-CP
1.116543,Thủ tục đề nghị hỗ trợ đối với dự án khởi nghiệp sáng tạo trong công n,Đối tượng,4,Doanh nghiệp,,60/2026/NQ-HĐND; 71/2025/QH15; 353/2025/NĐ-CP; 118/2025/NĐ-CP
1.116543,Thủ tục đề nghị hỗ trợ đối với dự án khởi nghiệp sáng tạo trong công n,Đối tượng,5,Tổ chức nước ngoài,,60/2026/NQ-HĐND; 71/2025/QH15; 353/2025/NĐ-CP; 118/2025/NĐ-CP
1.116543,Thủ tục đề nghị hỗ trợ đối với dự án khởi nghiệp sáng tạo trong công n,Đối tượng,6,Hợp tác xã,,60/2026/NQ-HĐND; 71/2025/QH15; 353/2025/NĐ-CP; 118/2025/NĐ-CP
1.116543,Thủ tục đề nghị hỗ trợ đối với dự án khởi nghiệp sáng tạo trong công n,Đối tượng,7,Người nước ngoài,,60/2026/NQ-HĐND; 71/2025/QH15; 353/2025/NĐ-CP; 118/2025/NĐ-CP
1.116543,Thủ tục đề nghị hỗ trợ đối với dự án khởi nghiệp sáng tạo trong công n,Đối tượng,8,"Cán bộ, công chức, viên chức",,60/2026/NQ-HĐND; 71/2025/QH15; 353/2025/NĐ-CP; 118/2025/NĐ-CP
1.116543,Thủ tục đề nghị hỗ trợ đối với dự án khởi nghiệp sáng tạo trong công n,Đối tượng,9,Đảng viên,,60/2026/NQ-HĐND; 71/2025/QH15; 353/2025/NĐ-CP; 118/2025/NĐ-CP
1.116543,Thủ tục đề nghị hỗ trợ đối với dự án khởi nghiệp sáng tạo trong công n,Đối tượng,10,"Tổ chức (không bao gồm doanh nghiệp, HTX)",,60/2026/NQ-HĐND; 71/2025/QH15; 353/2025/NĐ-CP; 118/2025/NĐ-CP
1.116543,Thủ tục đề nghị hỗ trợ đối với dự án khởi nghiệp sáng tạo trong công n,Đối tượng,11,Người Việt Nam định cư ở nước ngoài,,60/2026/NQ-HĐND; 71/2025/QH15; 353/2025/NĐ-CP; 118/2025/NĐ-CP
1.116543,Thủ tục đề nghị hỗ trợ đối với dự án khởi nghiệp sáng tạo trong công n,Đối tượng,12,Người nước ngoài cư trú tại Việt Nam,,60/2026/NQ-HĐND; 71/2025/QH15; 353/2025/NĐ-CP; 118/2025/NĐ-CP
1.116543,Thủ tục đề nghị hỗ trợ đối với dự án khởi nghiệp sáng tạo trong công n,Đối tượng,13,Tổ chức Đảng,,60/2026/NQ-HĐND; 71/2025/QH15; 353/2025/NĐ-CP; 118/2025/NĐ-CP
1.116543,Thủ tục đề nghị hỗ trợ đối với dự án khởi nghiệp sáng tạo trong công n,Đối tượng,14,Công dân Việt Nam mà không xác định được nơi thường trú hoặc nơi tạm trú,,60/2026/NQ-HĐND; 71/2025/QH15; 353/2025/NĐ-CP; 118/2025/NĐ-CP
1.116543,Thủ tục đề nghị hỗ trợ đối với dự án khởi nghiệp sáng tạo trong công n,Đối tượng,15,Người nước ngoài đã cư trú tại Việt Nam,,60/2026/NQ-HĐND; 71/2025/QH15; 353/2025/NĐ-CP; 118/2025/NĐ-CP
1.116543,Thủ tục đề nghị hỗ trợ đối với dự án khởi nghiệp sáng tạo trong công n,Đối tượng,16,Ngân hàng Chính sách xã hội,,60/2026/NQ-HĐND; 71/2025/QH15; 353/2025/NĐ-CP; 118/2025/NĐ-CP
1.116544,Thủ tục đề nghị hỗ trợ đối với doanh nghiệp thực hiện dự án thiết kế c,Đối tượng,1,"Tổ chức (không bao gồm doanh nghiệp, HTX)",,353/2025/NĐ-CP; 118/2025/NĐ-CP; 60/2026/NQ-HĐND; 71/2025/QH15
1.116544,Thủ tục đề nghị hỗ trợ đối với doanh nghiệp thực hiện dự án thiết kế c,Đối tượng,2,Doanh nghiệp Việt Nam,,353/2025/NĐ-CP; 118/2025/NĐ-CP; 60/2026/NQ-HĐND; 71/2025/QH15
1.116544,Thủ tục đề nghị hỗ trợ đối với doanh nghiệp thực hiện dự án thiết kế c,Đối tượng,3,Doanh nghiệp có vốn đầu tư nước ngoài,,353/2025/NĐ-CP; 118/2025/NĐ-CP; 60/2026/NQ-HĐND; 71/2025/QH15
1.116544,Thủ tục đề nghị hỗ trợ đối với doanh nghiệp thực hiện dự án thiết kế c,Đối tượng,4,Doanh nghiệp,,353/2025/NĐ-CP; 118/2025/NĐ-CP; 60/2026/NQ-HĐND; 71/2025/QH15
1.116544,Thủ tục đề nghị hỗ trợ đối với doanh nghiệp thực hiện dự án thiết kế c,Đối tượng,5,Tổ chức nước ngoài,,353/2025/NĐ-CP; 118/2025/NĐ-CP; 60/2026/NQ-HĐND; 71/2025/QH15
1.116544,Thủ tục đề nghị hỗ trợ đối với doanh nghiệp thực hiện dự án thiết kế c,Đối tượng,6,Hợp tác xã,,353/2025/NĐ-CP; 118/2025/NĐ-CP; 60/2026/NQ-HĐND; 71/2025/QH15
1.116545,Thủ tục đề nghị hỗ trợ đối với doanh nghiệp thực hiện dự án sản xuất s,Đối tượng,1,Doanh nghiệp Việt Nam,,71/2025/QH15; 353/2025/NĐ-CP; 60/2026/NQ-HĐND; 118/2025/NĐ-CP
1.116545,Thủ tục đề nghị hỗ trợ đối với doanh nghiệp thực hiện dự án sản xuất s,Đối tượng,2,Doanh nghiệp có vốn đầu tư nước ngoài,,71/2025/QH15; 353/2025/NĐ-CP; 60/2026/NQ-HĐND; 118/2025/NĐ-CP
1.116545,Thủ tục đề nghị hỗ trợ đối với doanh nghiệp thực hiện dự án sản xuất s,Đối tượng,3,"Tổ chức (không bao gồm doanh nghiệp, HTX)",,71/2025/QH15; 353/2025/NĐ-CP; 60/2026/NQ-HĐND; 118/2025/NĐ-CP
1.116545,Thủ tục đề nghị hỗ trợ đối với doanh nghiệp thực hiện dự án sản xuất s,Đối tượng,4,Doanh nghiệp,,71/2025/QH15; 353/2025/NĐ-CP; 60/2026/NQ-HĐND; 118/2025/NĐ-CP
1.116545,Thủ tục đề nghị hỗ trợ đối với doanh nghiệp thực hiện dự án sản xuất s,Đối tượng,5,Tổ chức nước ngoài,,71/2025/QH15; 353/2025/NĐ-CP; 60/2026/NQ-HĐND; 118/2025/NĐ-CP
1.116545,Thủ tục đề nghị hỗ trợ đối với doanh nghiệp thực hiện dự án sản xuất s,Đối tượng,6,Hợp tác xã,,71/2025/QH15; 353/2025/NĐ-CP; 60/2026/NQ-HĐND; 118/2025/NĐ-CP
1.116562,Thủ tục xác nhận nhập khẩu kim cương thô theo Quy chế chứng nhận KP.,Đối tượng,1,Doanh nghiệp Việt Nam,,48/2026/TT-BCT; 292/2026/NĐ-CP
1.116562,Thủ tục xác nhận nhập khẩu kim cương thô theo Quy chế chứng nhận KP.,Đối tượng,2,Công dân Việt Nam,,48/2026/TT-BCT; 292/2026/NĐ-CP
1.116562,Thủ tục xác nhận nhập khẩu kim cương thô theo Quy chế chứng nhận KP.,Đối tượng,3,Doanh nghiệp,,48/2026/TT-BCT; 292/2026/NĐ-CP
1.116563,"Thủ tục cấp sửa đổi, bổ sung, cấp lại do mất, thất lạc, hư hỏng Giấy c",Đối tượng,1,Doanh nghiệp,,48/2026/TT-BCT; 292/2026/NĐ-CP
1.116563,"Thủ tục cấp sửa đổi, bổ sung, cấp lại do mất, thất lạc, hư hỏng Giấy c",Đối tượng,2,Công dân Việt Nam,,48/2026/TT-BCT; 292/2026/NĐ-CP
1.116612,Thủ tục cấp Chứng nhận Apostille đối với giấy tờ công,Đối tượng,1,Công dân Việt Nam,,Không có thông tin căn cứ pháp lý trong dữ liệu gốc
1.116612,Thủ tục cấp Chứng nhận Apostille đối với giấy tờ công,Đối tượng,2,Doanh nghiệp,,Không có thông tin căn cứ pháp lý trong dữ liệu gốc
1.116612,Thủ tục cấp Chứng nhận Apostille đối với giấy tờ công,Đối tượng,3,Người nước ngoài,,Không có thông tin căn cứ pháp lý trong dữ liệu gốc
1.116612,Thủ tục cấp Chứng nhận Apostille đối với giấy tờ công,Đối tượng,4,"Tổ chức (không bao gồm doanh nghiệp, HTX)",,Không có thông tin căn cứ pháp lý trong dữ liệu gốc
1.116613,Hỗ trợ dự án sản xuất sản phẩm công nghệ số trọng điểm; dự án nghiên c,Đối tượng,1,Công dân Việt Nam,,71/2025/QH15; 08/2026/NQ-HĐND
1.116613,Hỗ trợ dự án sản xuất sản phẩm công nghệ số trọng điểm; dự án nghiên c,Đối tượng,2,Doanh nghiệp,,71/2025/QH15; 08/2026/NQ-HĐND
1.116613,Hỗ trợ dự án sản xuất sản phẩm công nghệ số trọng điểm; dự án nghiên c,Đối tượng,3,Tổ chức nước ngoài,,71/2025/QH15; 08/2026/NQ-HĐND
1.116613,Hỗ trợ dự án sản xuất sản phẩm công nghệ số trọng điểm; dự án nghiên c,Đối tượng,4,"Tổ chức (không bao gồm doanh nghiệp, HTX)",,71/2025/QH15; 08/2026/NQ-HĐND
1.116613,Hỗ trợ dự án sản xuất sản phẩm công nghệ số trọng điểm; dự án nghiên c,Đối tượng,5,Người Việt Nam định cư ở nước ngoài,,71/2025/QH15; 08/2026/NQ-HĐND
1.116613,Hỗ trợ dự án sản xuất sản phẩm công nghệ số trọng điểm; dự án nghiên c,Đối tượng,6,Doanh nghiệp Việt Nam,,71/2025/QH15; 08/2026/NQ-HĐND
1.116613,Hỗ trợ dự án sản xuất sản phẩm công nghệ số trọng điểm; dự án nghiên c,Đối tượng,7,Doanh nghiệp có vốn đầu tư nước ngoài,,71/2025/QH15; 08/2026/NQ-HĐND
1.116613,Hỗ trợ dự án sản xuất sản phẩm công nghệ số trọng điểm; dự án nghiên c,Đối tượng,8,Hợp tác xã,,71/2025/QH15; 08/2026/NQ-HĐND
1.116622,"Đăng ký, cấp Giấy chứng nhận quyền sử dụng đất, quyền sở hữu tài sản g",Đối tượng,1,Doanh nghiệp Việt Nam,,Không có thông tin căn cứ pháp lý trong dữ liệu gốc
1.116622,"Đăng ký, cấp Giấy chứng nhận quyền sử dụng đất, quyền sở hữu tài sản g",Đối tượng,2,Công dân Việt Nam,,Không có thông tin căn cứ pháp lý trong dữ liệu gốc
1.116622,"Đăng ký, cấp Giấy chứng nhận quyền sử dụng đất, quyền sở hữu tài sản g",Đối tượng,3,Hợp tác xã,,Không có thông tin căn cứ pháp lý trong dữ liệu gốc
1.116623,"Đăng ký, cấp Giấy chứng nhận quyền sử dụng đất, quyền sở hữu tài sản g",Đối tượng,1,Công dân Việt Nam,,Không có thông tin căn cứ pháp lý trong dữ liệu gốc
1.116623,"Đăng ký, cấp Giấy chứng nhận quyền sử dụng đất, quyền sở hữu tài sản g",Đối tượng,2,Doanh nghiệp,,Không có thông tin căn cứ pháp lý trong dữ liệu gốc
1.116623,"Đăng ký, cấp Giấy chứng nhận quyền sử dụng đất, quyền sở hữu tài sản g",Đối tượng,3,Hợp tác xã,,Không có thông tin căn cứ pháp lý trong dữ liệu gốc
1.116623,"Đăng ký, cấp Giấy chứng nhận quyền sử dụng đất, quyền sở hữu tài sản g",Đối tượng,4,"Tổ chức (không bao gồm doanh nghiệp, HTX)",,Không có thông tin căn cứ pháp lý trong dữ liệu gốc
1.116623,"Đăng ký, cấp Giấy chứng nhận quyền sử dụng đất, quyền sở hữu tài sản g",Đối tượng,5,Doanh nghiệp Việt Nam,,Không có thông tin căn cứ pháp lý trong dữ liệu gốc
2.000025,Cấp Giấy phép thành lập cơ sở hỗ trợ nạn nhân,Đối tượng,1,Doanh nghiệp có vốn đầu tư nước ngoài,,35/2013/TT-BLĐTBXH; 42/2025/NĐ-CP; 45/2025/NĐ-CP; 53/2024/QH15; 09/2013/NĐ-CP; 162/2025/NĐ-CP; 08/2023/TT-BLĐTBXH
2.000025,Cấp Giấy phép thành lập cơ sở hỗ trợ nạn nhân,Đối tượng,2,"Tổ chức (không bao gồm doanh nghiệp, HTX)",,35/2013/TT-BLĐTBXH; 42/2025/NĐ-CP; 45/2025/NĐ-CP; 53/2024/QH15; 09/2013/NĐ-CP; 162/2025/NĐ-CP; 08/2023/TT-BLĐTBXH
2.000025,Cấp Giấy phép thành lập cơ sở hỗ trợ nạn nhân,Đối tượng,3,Người Việt Nam định cư ở nước ngoài,,35/2013/TT-BLĐTBXH; 42/2025/NĐ-CP; 45/2025/NĐ-CP; 53/2024/QH15; 09/2013/NĐ-CP; 162/2025/NĐ-CP; 08/2023/TT-BLĐTBXH
2.000025,Cấp Giấy phép thành lập cơ sở hỗ trợ nạn nhân,Đối tượng,4,Hợp tác xã,,35/2013/TT-BLĐTBXH; 42/2025/NĐ-CP; 45/2025/NĐ-CP; 53/2024/QH15; 09/2013/NĐ-CP; 162/2025/NĐ-CP; 08/2023/TT-BLĐTBXH
2.000025,Cấp Giấy phép thành lập cơ sở hỗ trợ nạn nhân,Đối tượng,5,Công dân Việt Nam,,35/2013/TT-BLĐTBXH; 42/2025/NĐ-CP; 45/2025/NĐ-CP; 53/2024/QH15; 09/2013/NĐ-CP; 162/2025/NĐ-CP; 08/2023/TT-BLĐTBXH
2.000025,Cấp Giấy phép thành lập cơ sở hỗ trợ nạn nhân,Đối tượng,6,Doanh nghiệp,,35/2013/TT-BLĐTBXH; 42/2025/NĐ-CP; 45/2025/NĐ-CP; 53/2024/QH15; 09/2013/NĐ-CP; 162/2025/NĐ-CP; 08/2023/TT-BLĐTBXH
2.000025,Cấp Giấy phép thành lập cơ sở hỗ trợ nạn nhân,Đối tượng,7,Người nước ngoài,,35/2013/TT-BLĐTBXH; 42/2025/NĐ-CP; 45/2025/NĐ-CP; 53/2024/QH15; 09/2013/NĐ-CP; 162/2025/NĐ-CP; 08/2023/TT-BLĐTBXH
2.000025,Cấp Giấy phép thành lập cơ sở hỗ trợ nạn nhân,Đối tượng,8,Tổ chức nước ngoài,,35/2013/TT-BLĐTBXH; 42/2025/NĐ-CP; 45/2025/NĐ-CP; 53/2024/QH15; 09/2013/NĐ-CP; 162/2025/NĐ-CP; 08/2023/TT-BLĐTBXH
2.000027,"Cấp lại, sửa đổi, bổ sung Giấy phép thành lập cơ sở hỗ trợ nạn nhân",Đối tượng,1,Hợp tác xã,,162/2025/NĐ-CP; 42/2025/NĐ-CP; 45/2025/NĐ-CP; 35/2013/TT-BLĐTBXH; 53/2024/QH15; 09/2013/NĐ-CP
2.000027,"Cấp lại, sửa đổi, bổ sung Giấy phép thành lập cơ sở hỗ trợ nạn nhân",Đối tượng,2,Công dân Việt Nam,,162/2025/NĐ-CP; 42/2025/NĐ-CP; 45/2025/NĐ-CP; 35/2013/TT-BLĐTBXH; 53/2024/QH15; 09/2013/NĐ-CP
2.000027,"Cấp lại, sửa đổi, bổ sung Giấy phép thành lập cơ sở hỗ trợ nạn nhân",Đối tượng,3,Doanh nghiệp,,162/2025/NĐ-CP; 42/2025/NĐ-CP; 45/2025/NĐ-CP; 35/2013/TT-BLĐTBXH; 53/2024/QH15; 09/2013/NĐ-CP
2.000027,"Cấp lại, sửa đổi, bổ sung Giấy phép thành lập cơ sở hỗ trợ nạn nhân",Đối tượng,4,Người nước ngoài,,162/2025/NĐ-CP; 42/2025/NĐ-CP; 45/2025/NĐ-CP; 35/2013/TT-BLĐTBXH; 53/2024/QH15; 09/2013/NĐ-CP
2.000027,"Cấp lại, sửa đổi, bổ sung Giấy phép thành lập cơ sở hỗ trợ nạn nhân",Đối tượng,5,Tổ chức nước ngoài,,162/2025/NĐ-CP; 42/2025/NĐ-CP; 45/2025/NĐ-CP; 35/2013/TT-BLĐTBXH; 53/2024/QH15; 09/2013/NĐ-CP
2.000027,"Cấp lại, sửa đổi, bổ sung Giấy phép thành lập cơ sở hỗ trợ nạn nhân",Đối tượng,6,Doanh nghiệp có vốn đầu tư nước ngoài,,162/2025/NĐ-CP; 42/2025/NĐ-CP; 45/2025/NĐ-CP; 35/2013/TT-BLĐTBXH; 53/2024/QH15; 09/2013/NĐ-CP
2.000027,"Cấp lại, sửa đổi, bổ sung Giấy phép thành lập cơ sở hỗ trợ nạn nhân",Đối tượng,7,"Tổ chức (không bao gồm doanh nghiệp, HTX)",,162/2025/NĐ-CP; 42/2025/NĐ-CP; 45/2025/NĐ-CP; 35/2013/TT-BLĐTBXH; 53/2024/QH15; 09/2013/NĐ-CP
2.000027,"Cấp lại, sửa đổi, bổ sung Giấy phép thành lập cơ sở hỗ trợ nạn nhân",Đối tượng,8,Người Việt Nam định cư ở nước ngoài,,162/2025/NĐ-CP; 42/2025/NĐ-CP; 45/2025/NĐ-CP; 35/2013/TT-BLĐTBXH; 53/2024/QH15; 09/2013/NĐ-CP
2.000111,"Hỗ trợ kinh phí huấn luyện an toàn, vệ sinh lao động",Đối tượng,1,Công dân Việt Nam,,25/2025/NĐ-CP; 190/2025/NQ-QH15; 84/2015/QH13; 45/2025/NĐ-CP; 88/2020/NĐ-CP
2.000111,"Hỗ trợ kinh phí huấn luyện an toàn, vệ sinh lao động",Đối tượng,2,Doanh nghiệp,,25/2025/NĐ-CP; 190/2025/NQ-QH15; 84/2015/QH13; 45/2025/NĐ-CP; 88/2020/NĐ-CP
2.000111,"Hỗ trợ kinh phí huấn luyện an toàn, vệ sinh lao động",Đối tượng,3,Tổ chức nước ngoài,,25/2025/NĐ-CP; 190/2025/NQ-QH15; 84/2015/QH13; 45/2025/NĐ-CP; 88/2020/NĐ-CP
2.000111,"Hỗ trợ kinh phí huấn luyện an toàn, vệ sinh lao động",Đối tượng,4,"Tổ chức (không bao gồm doanh nghiệp, HTX)",,25/2025/NĐ-CP; 190/2025/NQ-QH15; 84/2015/QH13; 45/2025/NĐ-CP; 88/2020/NĐ-CP
2.000111,"Hỗ trợ kinh phí huấn luyện an toàn, vệ sinh lao động",Đối tượng,5,Hợp tác xã,,25/2025/NĐ-CP; 190/2025/NQ-QH15; 84/2015/QH13; 45/2025/NĐ-CP; 88/2020/NĐ-CP
2.000114,Chấm dứt hiệu lực Giấy chứng nhận đăng ký đầu tư ra nước ngoài,Đối tượng,1,Công dân Việt Nam,,31/2021/NĐ-CP; 61/2020/QH14; 03/2021/TT-BKHĐT; 25/2023/TT-BKHĐT
2.000114,Chấm dứt hiệu lực Giấy chứng nhận đăng ký đầu tư ra nước ngoài,Đối tượng,2,Doanh nghiệp,,31/2021/NĐ-CP; 61/2020/QH14; 03/2021/TT-BKHĐT; 25/2023/TT-BKHĐT
2.000114,Chấm dứt hiệu lực Giấy chứng nhận đăng ký đầu tư ra nước ngoài,Đối tượng,3,Hợp tác xã,,31/2021/NĐ-CP; 61/2020/QH14; 03/2021/TT-BKHĐT; 25/2023/TT-BKHĐT
2.000114,Chấm dứt hiệu lực Giấy chứng nhận đăng ký đầu tư ra nước ngoài,Đối tượng,4,"Tổ chức (không bao gồm doanh nghiệp, HTX)",,31/2021/NĐ-CP; 61/2020/QH14; 03/2021/TT-BKHĐT; 25/2023/TT-BKHĐT
2.000165,Cấp lại Giấy chứng nhận đủ điều kiện hoạt động kiểm định kỹ thuật an t,Đối tượng,1,Tổ chức nước ngoài,,38/2025/TT-BCT; 37/2018/TT-BCT; 140/2018/NĐ-CP
2.000165,Cấp lại Giấy chứng nhận đủ điều kiện hoạt động kiểm định kỹ thuật an t,Đối tượng,2,"Tổ chức (không bao gồm doanh nghiệp, HTX)",,38/2025/TT-BCT; 37/2018/TT-BCT; 140/2018/NĐ-CP
2.000185,Cấp gia hạn Giấy chứng nhận đủ điều kiện hoạt động kiểm định kỹ thuật,Đối tượng,1,"Tổ chức (không bao gồm doanh nghiệp, HTX)",,140/2018/NĐ-CP; 37/2018/TT-BCT; 38/2025/TT-BCT
2.000185,Cấp gia hạn Giấy chứng nhận đủ điều kiện hoạt động kiểm định kỹ thuật,Đối tượng,2,Tổ chức nước ngoài,,140/2018/NĐ-CP; 37/2018/TT-BCT; 38/2025/TT-BCT
2.000199,Gia hạn Giấy chứng nhận đủ điều kiện hoạt động kiểm định kỹ thuật an t,Đối tượng,1,"Tổ chức (không bao gồm doanh nghiệp, HTX)",,140/2018/NĐ-CP; 25/2025/NĐ-CP; 190/2025/NQ-QH15; 84/2015/QH13; 4/2023/NĐ-CP; 44/2016/NĐ-CP; 24/2026/NQ-CP
2.000199,Gia hạn Giấy chứng nhận đủ điều kiện hoạt động kiểm định kỹ thuật an t,Đối tượng,2,Doanh nghiệp,,140/2018/NĐ-CP; 25/2025/NĐ-CP; 190/2025/NQ-QH15; 84/2015/QH13; 4/2023/NĐ-CP; 44/2016/NĐ-CP; 24/2026/NQ-CP
2.000199,Gia hạn Giấy chứng nhận đủ điều kiện hoạt động kiểm định kỹ thuật an t,Đối tượng,3,Tổ chức nước ngoài,,140/2018/NĐ-CP; 25/2025/NĐ-CP; 190/2025/NQ-QH15; 84/2015/QH13; 4/2023/NĐ-CP; 44/2016/NĐ-CP; 24/2026/NQ-CP
2.000199,Gia hạn Giấy chứng nhận đủ điều kiện hoạt động kiểm định kỹ thuật an t,Đối tượng,4,Hợp tác xã,,140/2018/NĐ-CP; 25/2025/NĐ-CP; 190/2025/NQ-QH15; 84/2015/QH13; 4/2023/NĐ-CP; 44/2016/NĐ-CP; 24/2026/NQ-CP
2.000199,Gia hạn Giấy chứng nhận đủ điều kiện hoạt động kiểm định kỹ thuật an t,Đối tượng,5,Doanh nghiệp có vốn đầu tư nước ngoài,,140/2018/NĐ-CP; 25/2025/NĐ-CP; 190/2025/NQ-QH15; 84/2015/QH13; 4/2023/NĐ-CP; 44/2016/NĐ-CP; 24/2026/NQ-CP
2.000238,"Thủ tục chứng nhận xuất trình giấy tờ, tài liệu tại Bộ Ngoại giao",Đối tượng,1,Công dân Việt Nam,,01/2012/TT-BNG; 196/2025/NĐ-CP; 11/2025/TT-BNG; 111/2011/NĐ-CP
2.000238,"Thủ tục chứng nhận xuất trình giấy tờ, tài liệu tại Bộ Ngoại giao",Đối tượng,2,Doanh nghiệp,,01/2012/TT-BNG; 196/2025/NĐ-CP; 11/2025/TT-BNG; 111/2011/NĐ-CP
2.000238,"Thủ tục chứng nhận xuất trình giấy tờ, tài liệu tại Bộ Ngoại giao",Đối tượng,3,Hợp tác xã,,01/2012/TT-BNG; 196/2025/NĐ-CP; 11/2025/TT-BNG; 111/2011/NĐ-CP
2.000238,"Thủ tục chứng nhận xuất trình giấy tờ, tài liệu tại Bộ Ngoại giao",Đối tượng,4,Người Việt Nam định cư ở nước ngoài,,01/2012/TT-BNG; 196/2025/NĐ-CP; 11/2025/TT-BNG; 111/2011/NĐ-CP
2.000239,Cấp Giấy chứng nhận đăng ký đầu tư ra nước ngoài đối với dự án không t,Đối tượng,1,Công dân Việt Nam,,143/2025/QH15
2.000239,Cấp Giấy chứng nhận đăng ký đầu tư ra nước ngoài đối với dự án không t,Đối tượng,2,Doanh nghiệp,,143/2025/QH15
2.000239,Cấp Giấy chứng nhận đăng ký đầu tư ra nước ngoài đối với dự án không t,Đối tượng,3,Hợp tác xã,,143/2025/QH15
2.000239,Cấp Giấy chứng nhận đăng ký đầu tư ra nước ngoài đối với dự án không t,Đối tượng,4,"Tổ chức (không bao gồm doanh nghiệp, HTX)",,143/2025/QH15
2.000282,Tiếp nhận đối tượng cần bảo vệ khẩn cấp vào cơ sở trợ giúp xã hội,Đối tượng,1,"Tổ chức (không bao gồm doanh nghiệp, HTX)",,147/2025/NĐ-CP; 42/2025/NĐ-CP; 45/2025/NĐ-CP; 20/2021/NĐ-CP
2.000282,Tiếp nhận đối tượng cần bảo vệ khẩn cấp vào cơ sở trợ giúp xã hội,Đối tượng,2,Công dân Việt Nam,,147/2025/NĐ-CP; 42/2025/NĐ-CP; 45/2025/NĐ-CP; 20/2021/NĐ-CP
2.000282,Tiếp nhận đối tượng cần bảo vệ khẩn cấp vào cơ sở trợ giúp xã hội,Đối tượng,3,Doanh nghiệp,,147/2025/NĐ-CP; 42/2025/NĐ-CP; 45/2025/NĐ-CP; 20/2021/NĐ-CP
2.000406,"Thủ tục chứng nhận lãnh sự, hợp pháp hoá lãnh sự tại Cơ quan đại diện",Đối tượng,1,Người Việt Nam định cư ở nước ngoài,,111/2011/NĐ-CP; 01/2012/TT-BNG; 264/2016/TT-BTC; 33/2009/QH12; 11/2025/TT-BNG; 196/2025/NĐ-CP
2.000406,"Thủ tục chứng nhận lãnh sự, hợp pháp hoá lãnh sự tại Cơ quan đại diện",Đối tượng,2,Công dân Việt Nam,,111/2011/NĐ-CP; 01/2012/TT-BNG; 264/2016/TT-BTC; 33/2009/QH12; 11/2025/TT-BNG; 196/2025/NĐ-CP
2.000406,"Thủ tục chứng nhận lãnh sự, hợp pháp hoá lãnh sự tại Cơ quan đại diện",Đối tượng,3,Doanh nghiệp,,111/2011/NĐ-CP; 01/2012/TT-BNG; 264/2016/TT-BTC; 33/2009/QH12; 11/2025/TT-BNG; 196/2025/NĐ-CP
2.000406,"Thủ tục chứng nhận lãnh sự, hợp pháp hoá lãnh sự tại Cơ quan đại diện",Đối tượng,4,Người nước ngoài,,111/2011/NĐ-CP; 01/2012/TT-BNG; 264/2016/TT-BTC; 33/2009/QH12; 11/2025/TT-BNG; 196/2025/NĐ-CP
2.000406,"Thủ tục chứng nhận lãnh sự, hợp pháp hoá lãnh sự tại Cơ quan đại diện",Đối tượng,5,Hợp tác xã,,111/2011/NĐ-CP; 01/2012/TT-BNG; 264/2016/TT-BTC; 33/2009/QH12; 11/2025/TT-BNG; 196/2025/NĐ-CP
2.000406,"Thủ tục chứng nhận lãnh sự, hợp pháp hoá lãnh sự tại Cơ quan đại diện",Đối tượng,6,"Cán bộ, công chức, viên chức",,111/2011/NĐ-CP; 01/2012/TT-BNG; 264/2016/TT-BTC; 33/2009/QH12; 11/2025/TT-BNG; 196/2025/NĐ-CP
2.000406,"Thủ tục chứng nhận lãnh sự, hợp pháp hoá lãnh sự tại Cơ quan đại diện",Đối tượng,7,Tổ chức nước ngoài,,111/2011/NĐ-CP; 01/2012/TT-BNG; 264/2016/TT-BTC; 33/2009/QH12; 11/2025/TT-BNG; 196/2025/NĐ-CP
2.000497,Thủ tục đăng ký lại khai tử có yếu tố nước ngoài,Đối tượng,1,Công dân Việt Nam,,281/2016/TT-BTC; 04/2024/TT-BTP; 03/2023/TT-BTP; 106/2021/TT-BTC; 85/2019/TT-BTC; 104/2022/NĐ-CP; 123/2015/NĐ-CP; 08/2025/TT-BTP; 18/2026/NĐ-CP; 87/2020/NĐ-CP; 04/2020/TT-BTP; 07/2025/NĐ-CP; 120/2025/NĐ-CP; 66.7/2025/NQ-CP; 60/2014/QH13; 01/2022/TT-BTP
2.000497,Thủ tục đăng ký lại khai tử có yếu tố nước ngoài,Đối tượng,2,Người Việt Nam định cư ở nước ngoài,,281/2016/TT-BTC; 04/2024/TT-BTP; 03/2023/TT-BTP; 106/2021/TT-BTC; 85/2019/TT-BTC; 104/2022/NĐ-CP; 123/2015/NĐ-CP; 08/2025/TT-BTP; 18/2026/NĐ-CP; 87/2020/NĐ-CP; 04/2020/TT-BTP; 07/2025/NĐ-CP; 120/2025/NĐ-CP; 66.7/2025/NQ-CP; 60/2014/QH13; 01/2022/TT-BTP
2.000507,Thủ tục đăng ký lại kết hôn,Đối tượng,1,Người Việt Nam định cư ở nước ngoài,,60/2014/QH13; 52/2014/QH13; 123/2015/NĐ-CP; 03/2023/TT-BNG; 264/2016/TT-BTC; 07/2023/TT-BNG; 33/2009/QH12; 15/2015/TT-BTP; 126/2014/NĐ-CP
2.000507,Thủ tục đăng ký lại kết hôn,Đối tượng,2,Công dân Việt Nam,,60/2014/QH13; 52/2014/QH13; 123/2015/NĐ-CP; 03/2023/TT-BNG; 264/2016/TT-BTC; 07/2023/TT-BNG; 33/2009/QH12; 15/2015/TT-BTP; 126/2014/NĐ-CP
2.000513,Thủ tục đăng ký lại kết hôn có yếu tố nước ngoài,Đối tượng,1,Công dân Việt Nam,,04/2024/TT-BTP; 03/2023/TT-BTP; 106/2021/TT-BTC; 85/2019/TT-BTC; 104/2022/NĐ-CP; 123/2015/NĐ-CP; 08/2025/TT-BTP; 18/2026/NĐ-CP; 87/2020/NĐ-CP; 04/2020/TT-BTP; 07/2025/NĐ-CP; 120/2025/NĐ-CP; 66.7/2025/NQ-CP; 52/2014/QH13; 60/2014/QH13; 01/2022/TT-BTP
2.000513,Thủ tục đăng ký lại kết hôn có yếu tố nước ngoài,Đối tượng,2,Người nước ngoài,,04/2024/TT-BTP; 03/2023/TT-BTP; 106/2021/TT-BTC; 85/2019/TT-BTC; 104/2022/NĐ-CP; 123/2015/NĐ-CP; 08/2025/TT-BTP; 18/2026/NĐ-CP; 87/2020/NĐ-CP; 04/2020/TT-BTP; 07/2025/NĐ-CP; 120/2025/NĐ-CP; 66.7/2025/NQ-CP; 52/2014/QH13; 60/2014/QH13; 01/2022/TT-BTP
2.000513,Thủ tục đăng ký lại kết hôn có yếu tố nước ngoài,Đối tượng,3,Người Việt Nam định cư ở nước ngoài,,04/2024/TT-BTP; 03/2023/TT-BTP; 106/2021/TT-BTC; 85/2019/TT-BTC; 104/2022/NĐ-CP; 123/2015/NĐ-CP; 08/2025/TT-BTP; 18/2026/NĐ-CP; 87/2020/NĐ-CP; 04/2020/TT-BTP; 07/2025/NĐ-CP; 120/2025/NĐ-CP; 66.7/2025/NQ-CP; 52/2014/QH13; 60/2014/QH13; 01/2022/TT-BTP
2.000522,Thủ tục đăng ký lại khai sinh có yếu tố nước ngoài,Đối tượng,1,Công dân Việt Nam,,04/2024/TT-BTP; 03/2023/TT-BTP; 106/2021/TT-BTC; 85/2019/TT-BTC; 104/2022/NĐ-CP; 123/2015/NĐ-CP; 08/2025/TT-BTP; 18/2026/NĐ-CP; 87/2020/NĐ-CP; 04/2020/TT-BTP; 07/2025/NĐ-CP; 120/2025/NĐ-CP; 66.7/2025/NQ-CP; 60/2014/QH13; 01/2022/TT-BTP; 09/2022/TT-BTP
2.000522,Thủ tục đăng ký lại khai sinh có yếu tố nước ngoài,Đối tượng,2,Người Việt Nam định cư ở nước ngoài,,04/2024/TT-BTP; 03/2023/TT-BTP; 106/2021/TT-BTC; 85/2019/TT-BTC; 104/2022/NĐ-CP; 123/2015/NĐ-CP; 08/2025/TT-BTP; 18/2026/NĐ-CP; 87/2020/NĐ-CP; 04/2020/TT-BTP; 07/2025/NĐ-CP; 120/2025/NĐ-CP; 66.7/2025/NQ-CP; 60/2014/QH13; 01/2022/TT-BTP; 09/2022/TT-BTP
2.000527,Thủ tục đăng ký khai tử cho công dân Việt Nam ở nước ngoài,Đối tượng,1,Công dân Việt Nam,,33/2009/QH12; 264/2016/TT-BTC; 24/2008/QH12; 123/2015/NĐ-CP; 03/2023/TT-BNG; 01/2022/TT-BTP; 60/2014/QH13; 07/2023/TT-BNG
2.000527,Thủ tục đăng ký khai tử cho công dân Việt Nam ở nước ngoài,Đối tượng,2,Người Việt Nam định cư ở nước ngoài,,33/2009/QH12; 264/2016/TT-BTC; 24/2008/QH12; 123/2015/NĐ-CP; 03/2023/TT-BNG; 01/2022/TT-BTP; 60/2014/QH13; 07/2023/TT-BNG
2.000528,Thủ tục đăng ký khai sinh có yếu tố nước ngoài,Đối tượng,1,Người Việt Nam định cư ở nước ngoài,,04/2020/TT-BTP; 07/2025/NĐ-CP; 120/2025/NĐ-CP; 66.7/2025/NQ-CP; 60/2014/QH13; 01/2022/TT-BTP; 04/2024/TT-BTP; 03/2023/TT-BTP; 281/2016/TT-BTC; 85/2019/TT-BTC; 104/2022/NĐ-CP; 123/2015/NĐ-CP; 08/2025/TT-BTP; 18/2026/NĐ-CP; 87/2020/NĐ-CP; 01/2013/TT-BVHTTDL
2.000528,Thủ tục đăng ký khai sinh có yếu tố nước ngoài,Đối tượng,2,Công dân Việt Nam,,04/2020/TT-BTP; 07/2025/NĐ-CP; 120/2025/NĐ-CP; 66.7/2025/NQ-CP; 60/2014/QH13; 01/2022/TT-BTP; 04/2024/TT-BTP; 03/2023/TT-BTP; 281/2016/TT-BTC; 85/2019/TT-BTC; 104/2022/NĐ-CP; 123/2015/NĐ-CP; 08/2025/TT-BTP; 18/2026/NĐ-CP; 87/2020/NĐ-CP; 01/2013/TT-BVHTTDL
2.000540,Thủ tục đăng ký lại việc nuôi con nuôi cho công dân Việt Nam cư trú ở,Đối tượng,1,Người Việt Nam định cư ở nước ngoài,,33/2009/QH12
2.000540,Thủ tục đăng ký lại việc nuôi con nuôi cho công dân Việt Nam cư trú ở,Đối tượng,2,Công dân Việt Nam,,33/2009/QH12
2.000545,"Cho phép thành lập cơ sở giáo dục mầm non, cơ sở giáo dục phổ thông có",Đối tượng,1,Doanh nghiệp có vốn đầu tư nước ngoài,,66.16/2026/NQ-CP; 124/2024/NĐ-CP; 143/2025/NĐ-CP
2.000545,"Cho phép thành lập cơ sở giáo dục mầm non, cơ sở giáo dục phổ thông có",Đối tượng,2,Tổ chức nước ngoài,,66.16/2026/NQ-CP; 124/2024/NĐ-CP; 143/2025/NĐ-CP
2.000547,Thủ tục ghi vào Sổ hộ tịch việc hộ tịch khác của công dân Việt Nam đã,Đối tượng,1,Người Việt Nam định cư ở nước ngoài,,04/2020/TT-BTP; 07/2025/NĐ-CP; 120/2025/NĐ-CP; 66.7/2025/NQ-CP; 60/2014/QH13; 01/2022/TT-BTP; 85/2019/TT-BTC; 104/2022/NĐ-CP; 123/2015/NĐ-CP; 08/2025/TT-BTP; 18/2026/NĐ-CP; 87/2020/NĐ-CP; 04/2024/TT-BTP; 106/2021/TT-BTC; 281/2016/TT-BTC; 03/2023/TT-BTP
2.000547,Thủ tục ghi vào Sổ hộ tịch việc hộ tịch khác của công dân Việt Nam đã,Đối tượng,2,Công dân Việt Nam,,04/2020/TT-BTP; 07/2025/NĐ-CP; 120/2025/NĐ-CP; 66.7/2025/NQ-CP; 60/2014/QH13; 01/2022/TT-BTP; 85/2019/TT-BTC; 104/2022/NĐ-CP; 123/2015/NĐ-CP; 08/2025/TT-BTP; 18/2026/NĐ-CP; 87/2020/NĐ-CP; 04/2024/TT-BTP; 106/2021/TT-BTC; 281/2016/TT-BTC; 03/2023/TT-BTP
2.000560,Thủ tục đăng ký việc giám hộ giữa công dân Việt Nam cư trú ở nước ngoà,Đối tượng,1,Người Việt Nam định cư ở nước ngoài,,123/2015/NĐ-CP; 03/2023/TT-BNG; 01/2022/TT-BTP; 60/2014/QH13; 33/2009/QH12; 07/2023/TT-BNG; 264/2016/TT-BTC
2.000560,Thủ tục đăng ký việc giám hộ giữa công dân Việt Nam cư trú ở nước ngoà,Đối tượng,2,Công dân Việt Nam,,123/2015/NĐ-CP; 03/2023/TT-BNG; 01/2022/TT-BTP; 60/2014/QH13; 33/2009/QH12; 07/2023/TT-BNG; 264/2016/TT-BTC
2.000560,Thủ tục đăng ký việc giám hộ giữa công dân Việt Nam cư trú ở nước ngoà,Đối tượng,3,Người nước ngoài,,123/2015/NĐ-CP; 03/2023/TT-BNG; 01/2022/TT-BTP; 60/2014/QH13; 33/2009/QH12; 07/2023/TT-BNG; 264/2016/TT-BTC
2.000575,"Cấp lại Giấy chứng nhận đăng ký hộ kinh doanh, Cấp đổi sang Giấy chứng",Đối tượng,1,Công dân Việt Nam,,85/2019/TT-BTC; 68/2025/TT-BTC; 168/2025/NĐ-CP; 59/2020/QH14; 76/2025/QH15; 296/2026/NĐ-CP
2.000575,"Cấp lại Giấy chứng nhận đăng ký hộ kinh doanh, Cấp đổi sang Giấy chứng",Đối tượng,2,"Tổ chức (không bao gồm doanh nghiệp, HTX)",,85/2019/TT-BTC; 68/2025/TT-BTC; 168/2025/NĐ-CP; 59/2020/QH14; 76/2025/QH15; 296/2026/NĐ-CP
2.000584,"Thủ tục đăng ký chấm dứt, thay đổi việc giám hộ giữa công dân Việt Nam",Đối tượng,1,Công dân Việt Nam,,33/2009/QH12; 07/2023/TT-BNG; 264/2016/TT-BTC; 01/2022/TT-BTP; 60/2014/QH13; 123/2015/NĐ-CP; 03/2023/TT-BNG
2.000584,"Thủ tục đăng ký chấm dứt, thay đổi việc giám hộ giữa công dân Việt Nam",Đối tượng,2,Người Việt Nam định cư ở nước ngoài,,33/2009/QH12; 07/2023/TT-BNG; 264/2016/TT-BTC; 01/2022/TT-BTP; 60/2014/QH13; 123/2015/NĐ-CP; 03/2023/TT-BNG
2.000605,Giải quyết hưởng lương hưu; trợ cấp hằng tháng đối với cán bộ xã,Đối tượng,1,Công dân Việt Nam,,366/QĐ-BHXH; 12/2025/TT-BNV; 25/2025/TT-BYT; 158/2025/NĐ-CP; 313/QĐ-BHXH; 41/2024/QH15; 2222/QĐ-BHXH; 159/2025/NĐ-CP; 45/2019/QH14; 11/2025/TT-BNV; 135/2020/NĐ-CP; 136/2020/TT-BQP; 4831/LĐTBXH-BHXH
2.000605,Giải quyết hưởng lương hưu; trợ cấp hằng tháng đối với cán bộ xã,Đối tượng,2,Doanh nghiệp,,366/QĐ-BHXH; 12/2025/TT-BNV; 25/2025/TT-BYT; 158/2025/NĐ-CP; 313/QĐ-BHXH; 41/2024/QH15; 2222/QĐ-BHXH; 159/2025/NĐ-CP; 45/2019/QH14; 11/2025/TT-BNV; 135/2020/NĐ-CP; 136/2020/TT-BQP; 4831/LĐTBXH-BHXH
2.000605,Giải quyết hưởng lương hưu; trợ cấp hằng tháng đối với cán bộ xã,Đối tượng,3,Hợp tác xã,,366/QĐ-BHXH; 12/2025/TT-BNV; 25/2025/TT-BYT; 158/2025/NĐ-CP; 313/QĐ-BHXH; 41/2024/QH15; 2222/QĐ-BHXH; 159/2025/NĐ-CP; 45/2019/QH14; 11/2025/TT-BNV; 135/2020/NĐ-CP; 136/2020/TT-BQP; 4831/LĐTBXH-BHXH
2.000605,Giải quyết hưởng lương hưu; trợ cấp hằng tháng đối với cán bộ xã,Đối tượng,4,"Cán bộ, công chức, viên chức",,366/QĐ-BHXH; 12/2025/TT-BNV; 25/2025/TT-BYT; 158/2025/NĐ-CP; 313/QĐ-BHXH; 41/2024/QH15; 2222/QĐ-BHXH; 159/2025/NĐ-CP; 45/2019/QH14; 11/2025/TT-BNV; 135/2020/NĐ-CP; 136/2020/TT-BQP; 4831/LĐTBXH-BHXH
2.000605,Giải quyết hưởng lương hưu; trợ cấp hằng tháng đối với cán bộ xã,Đối tượng,5,Doanh nghiệp có vốn đầu tư nước ngoài,,366/QĐ-BHXH; 12/2025/TT-BNV; 25/2025/TT-BYT; 158/2025/NĐ-CP; 313/QĐ-BHXH; 41/2024/QH15; 2222/QĐ-BHXH; 159/2025/NĐ-CP; 45/2019/QH14; 11/2025/TT-BNV; 135/2020/NĐ-CP; 136/2020/TT-BQP; 4831/LĐTBXH-BHXH
2.000605,Giải quyết hưởng lương hưu; trợ cấp hằng tháng đối với cán bộ xã,Đối tượng,6,"Tổ chức (không bao gồm doanh nghiệp, HTX)",,366/QĐ-BHXH; 12/2025/TT-BNV; 25/2025/TT-BYT; 158/2025/NĐ-CP; 313/QĐ-BHXH; 41/2024/QH15; 2222/QĐ-BHXH; 159/2025/NĐ-CP; 45/2019/QH14; 11/2025/TT-BNV; 135/2020/NĐ-CP; 136/2020/TT-BQP; 4831/LĐTBXH-BHXH
2.000608,Thủ tục đăng ký lại việc sinh cho trẻ em sinh ra ở nước ngoài và có qu,Đối tượng,1,Người Việt Nam định cư ở nước ngoài,,123/2015/NĐ-CP; 03/2023/TT-BNG; 24/2008/QH12; 60/2014/QH13; 01/2022/TT-BTP; 07/2023/TT-BNG; 264/2016/TT-BTC; 33/2009/QH12; 184/2016/TT-BTC
2.000608,Thủ tục đăng ký lại việc sinh cho trẻ em sinh ra ở nước ngoài và có qu,Đối tượng,2,Công dân Việt Nam,,123/2015/NĐ-CP; 03/2023/TT-BNG; 24/2008/QH12; 60/2014/QH13; 01/2022/TT-BTP; 07/2023/TT-BNG; 264/2016/TT-BTC; 33/2009/QH12; 184/2016/TT-BTC
2.000616,Thủ tục đăng ký lại việc tử,Đối tượng,1,Công dân Việt Nam,,07/2023/TT-BNG; 264/2016/TT-BTC; 33/2009/QH12; 03/2023/TT-BNG; 123/2015/NĐ-CP; 01/2022/TT-BTP; 60/2014/QH13
2.000616,Thủ tục đăng ký lại việc tử,Đối tượng,2,Người Việt Nam định cư ở nước ngoài,,07/2023/TT-BNG; 264/2016/TT-BTC; 33/2009/QH12; 03/2023/TT-BNG; 123/2015/NĐ-CP; 01/2022/TT-BTP; 60/2014/QH13
2.000635,"Cấp bản sao Trích lục hộ tịch, bản sao Giấy khai sinh",Đối tượng,1,"Tổ chức (không bao gồm doanh nghiệp, HTX)",,04/2020/TT-BTP; 07/2025/NĐ-CP; 120/2025/NĐ-CP; 66.7/2025/NQ-CP; 60/2014/QH13; 01/2022/TT-BTP; 04/2024/TT-BTP; 03/2023/TT-BTP; 106/2021/TT-BTC; 123/2015/NĐ-CP; 08/2025/TT-BTP; 18/2026/NĐ-CP; 87/2020/NĐ-CP; 85/2019/TT-BTC; 281/2016/TT-BTC
2.000635,"Cấp bản sao Trích lục hộ tịch, bản sao Giấy khai sinh",Đối tượng,2,Công dân Việt Nam,,04/2020/TT-BTP; 07/2025/NĐ-CP; 120/2025/NĐ-CP; 66.7/2025/NQ-CP; 60/2014/QH13; 01/2022/TT-BTP; 04/2024/TT-BTP; 03/2023/TT-BTP; 106/2021/TT-BTC; 123/2015/NĐ-CP; 08/2025/TT-BTP; 18/2026/NĐ-CP; 87/2020/NĐ-CP; 85/2019/TT-BTC; 281/2016/TT-BTC
2.000682,Thủ tục đăng ký kết hôn giữa công dân Việt Nam tạm trú ở nước ngoài vớ,Đối tượng,1,Người Việt Nam định cư ở nước ngoài,,33/2009/QH12; 264/2016/TT-BTC; 07/2023/TT-BNG; 60/2014/QH13; 52/2014/QH13; 03/2023/TT-BNG; 123/2015/NĐ-CP; 15/2015/TT-BTP; 126/2014/NĐ-CP
2.000682,Thủ tục đăng ký kết hôn giữa công dân Việt Nam tạm trú ở nước ngoài vớ,Đối tượng,2,Công dân Việt Nam,,33/2009/QH12; 264/2016/TT-BTC; 07/2023/TT-BNG; 60/2014/QH13; 52/2014/QH13; 03/2023/TT-BNG; 123/2015/NĐ-CP; 15/2015/TT-BTP; 126/2014/NĐ-CP
2.000689,Thủ tục cấp Giấy xác nhận tình trạng hôn nhân cho công dân Việt Nam tr,Đối tượng,1,Công dân Việt Nam,,264/2016/TT-BTC; 52/2014/QH13; 33/2009/QH12; 123/2015/NĐ-CP; 03/2023/TT-BNG; 60/2014/QH13; 01/2022/TT-BTP; 07/2023/TT-BNG
2.000689,Thủ tục cấp Giấy xác nhận tình trạng hôn nhân cho công dân Việt Nam tr,Đối tượng,2,Người Việt Nam định cư ở nước ngoài,,264/2016/TT-BTC; 52/2014/QH13; 33/2009/QH12; 123/2015/NĐ-CP; 03/2023/TT-BNG; 60/2014/QH13; 01/2022/TT-BTP; 07/2023/TT-BNG
2.000693,Giải quyết hưởng chế độ thai sản,Đối tượng,1,Công dân Việt Nam,,12/2025/TT-BNV; 25/2025/TT-BYT; 158/2025/NĐ-CP; 164/2025/NĐ-CP; 2222/QĐ-BHXH; 41/2024/QH15; 313/QĐ-BHXH; 84/2015/QH13
2.000693,Giải quyết hưởng chế độ thai sản,Đối tượng,2,Doanh nghiệp,,12/2025/TT-BNV; 25/2025/TT-BYT; 158/2025/NĐ-CP; 164/2025/NĐ-CP; 2222/QĐ-BHXH; 41/2024/QH15; 313/QĐ-BHXH; 84/2015/QH13
2.000693,Giải quyết hưởng chế độ thai sản,Đối tượng,3,Tổ chức Đảng,,12/2025/TT-BNV; 25/2025/TT-BYT; 158/2025/NĐ-CP; 164/2025/NĐ-CP; 2222/QĐ-BHXH; 41/2024/QH15; 313/QĐ-BHXH; 84/2015/QH13
2.000693,Giải quyết hưởng chế độ thai sản,Đối tượng,4,Tổ chức nước ngoài,,12/2025/TT-BNV; 25/2025/TT-BYT; 158/2025/NĐ-CP; 164/2025/NĐ-CP; 2222/QĐ-BHXH; 41/2024/QH15; 313/QĐ-BHXH; 84/2015/QH13
2.000693,Giải quyết hưởng chế độ thai sản,Đối tượng,5,Hợp tác xã,,12/2025/TT-BNV; 25/2025/TT-BYT; 158/2025/NĐ-CP; 164/2025/NĐ-CP; 2222/QĐ-BHXH; 41/2024/QH15; 313/QĐ-BHXH; 84/2015/QH13
2.000693,Giải quyết hưởng chế độ thai sản,Đối tượng,6,"Cán bộ, công chức, viên chức",,12/2025/TT-BNV; 25/2025/TT-BYT; 158/2025/NĐ-CP; 164/2025/NĐ-CP; 2222/QĐ-BHXH; 41/2024/QH15; 313/QĐ-BHXH; 84/2015/QH13
2.000693,Giải quyết hưởng chế độ thai sản,Đối tượng,7,Doanh nghiệp Việt Nam,,12/2025/TT-BNV; 25/2025/TT-BYT; 158/2025/NĐ-CP; 164/2025/NĐ-CP; 2222/QĐ-BHXH; 41/2024/QH15; 313/QĐ-BHXH; 84/2015/QH13
2.000693,Giải quyết hưởng chế độ thai sản,Đối tượng,8,Doanh nghiệp có vốn đầu tư nước ngoài,,12/2025/TT-BNV; 25/2025/TT-BYT; 158/2025/NĐ-CP; 164/2025/NĐ-CP; 2222/QĐ-BHXH; 41/2024/QH15; 313/QĐ-BHXH; 84/2015/QH13
2.000693,Giải quyết hưởng chế độ thai sản,Đối tượng,9,Đảng viên,,12/2025/TT-BNV; 25/2025/TT-BYT; 158/2025/NĐ-CP; 164/2025/NĐ-CP; 2222/QĐ-BHXH; 41/2024/QH15; 313/QĐ-BHXH; 84/2015/QH13
2.000693,Giải quyết hưởng chế độ thai sản,Đối tượng,10,"Tổ chức (không bao gồm doanh nghiệp, HTX)",,12/2025/TT-BNV; 25/2025/TT-BYT; 158/2025/NĐ-CP; 164/2025/NĐ-CP; 2222/QĐ-BHXH; 41/2024/QH15; 313/QĐ-BHXH; 84/2015/QH13
2.000698,"Thủ tục ghi vào sổ hộ tịch việc ly hôn, huỷ việc kết hôn của công dân",Đối tượng,1,Công dân Việt Nam,,123/2015/NĐ-CP; 03/2023/TT-BNG; 264/2016/TT-BTC; 33/2009/QH12; 07/2023/TT-BNG; 01/2022/TT-BTP; 60/2014/QH13
2.000698,"Thủ tục ghi vào sổ hộ tịch việc ly hôn, huỷ việc kết hôn của công dân",Đối tượng,2,Người Việt Nam định cư ở nước ngoài,,123/2015/NĐ-CP; 03/2023/TT-BNG; 264/2016/TT-BTC; 33/2009/QH12; 07/2023/TT-BNG; 01/2022/TT-BTP; 60/2014/QH13
2.000702,Thủ tục ghi vào sổ hộ tịch các việc hộ tịch đã đăng ký tại cơ quan có,Đối tượng,1,Công dân Việt Nam,,03/2023/TT-BNG; 264/2016/TT-BTC; 33/2009/QH12; 07/2023/TT-BNG; 123/2015/NĐ-CP; 52/2014/QH13; 60/2014/QH13; 01/2022/TT-BTP
2.000702,Thủ tục ghi vào sổ hộ tịch các việc hộ tịch đã đăng ký tại cơ quan có,Đối tượng,2,Người Việt Nam định cư ở nước ngoài,,03/2023/TT-BNG; 264/2016/TT-BTC; 33/2009/QH12; 07/2023/TT-BNG; 123/2015/NĐ-CP; 52/2014/QH13; 60/2014/QH13; 01/2022/TT-BTP
2.000712,Thủ tục ghi vào sổ hộ tịch việc khai sinh đã đăng ký tại cơ quan có th,Đối tượng,1,Công dân Việt Nam,,123/2015/NĐ-CP; 03/2023/TT-BNG; 264/2016/TT-BTC; 33/2009/QH12; 01/2022/TT-BTP; 60/2014/QH13; 07/2023/TT-BNG
2.000712,Thủ tục ghi vào sổ hộ tịch việc khai sinh đã đăng ký tại cơ quan có th,Đối tượng,2,Người Việt Nam định cư ở nước ngoài,,123/2015/NĐ-CP; 03/2023/TT-BNG; 264/2016/TT-BTC; 33/2009/QH12; 01/2022/TT-BTP; 60/2014/QH13; 07/2023/TT-BNG
2.000720,Đăng ký thay đổi nội dung đăng ký hộ kinh doanh,Đối tượng,1,Công dân Việt Nam,,85/2019/TT-BTC; 68/2025/TT-BTC; 168/2025/NĐ-CP; 76/2025/QH15; 59/2020/QH14; 296/2026/NĐ-CP
2.000720,Đăng ký thay đổi nội dung đăng ký hộ kinh doanh,Đối tượng,2,"Tổ chức (không bao gồm doanh nghiệp, HTX)",,85/2019/TT-BTC; 68/2025/TT-BTC; 168/2025/NĐ-CP; 76/2025/QH15; 59/2020/QH14; 296/2026/NĐ-CP
2.000746,Nghiệm thu hoàn thành các hạng mục đầu tư hoặc toàn bộ dự án được hỗ t,Đối tượng,1,Doanh nghiệp có vốn đầu tư nước ngoài,,Không có thông tin căn cứ pháp lý trong dữ liệu gốc
2.000746,Nghiệm thu hoàn thành các hạng mục đầu tư hoặc toàn bộ dự án được hỗ t,Đối tượng,2,Doanh nghiệp,,Không có thông tin căn cứ pháp lý trong dữ liệu gốc
2.000746,Nghiệm thu hoàn thành các hạng mục đầu tư hoặc toàn bộ dự án được hỗ t,Đối tượng,3,Tổ chức nước ngoài,,Không có thông tin căn cứ pháp lý trong dữ liệu gốc
2.000750,Thủ tục cấp giấy xác nhận có quốc tịch Việt Nam,Đối tượng,1,Công dân Việt Nam,,33/2009/QH12; 264/2016/TT-BTC; 56/2014/QH13; 7/2014/NĐ-CP; 05/2013/TTLT-BTP-BNG-BCA
2.000750,Thủ tục cấp giấy xác nhận có quốc tịch Việt Nam,Đối tượng,2,Người Việt Nam định cư ở nước ngoài,,33/2009/QH12; 264/2016/TT-BTC; 56/2014/QH13; 7/2014/NĐ-CP; 05/2013/TTLT-BTP-BNG-BCA
2.000755,"Giải quyết hưởng trợ cấp một lần đối với người đang hưởng lương hưu, t",Đối tượng,1,Công dân Việt Nam,,41/2024/QH15; 313/QĐ-BHXH; 2222/QĐ-BHXH; 12/2025/TT-BNV; 158/2025/NĐ-CP; 164/2025/NĐ-CP; 159/2025/NĐ-CP; 136/2020/TT-BQP; 4831/LĐTBXH-BHXH; 157/2025/NĐ-CP
2.000755,"Giải quyết hưởng trợ cấp một lần đối với người đang hưởng lương hưu, t",Đối tượng,2,Người nước ngoài,,41/2024/QH15; 313/QĐ-BHXH; 2222/QĐ-BHXH; 12/2025/TT-BNV; 158/2025/NĐ-CP; 164/2025/NĐ-CP; 159/2025/NĐ-CP; 136/2020/TT-BQP; 4831/LĐTBXH-BHXH; 157/2025/NĐ-CP
2.000756,Thủ tục đăng ký chấm dứt giám hộ có yếu tố nước ngoài,Đối tượng,1,Người Việt Nam định cư ở nước ngoài,,85/2019/TT-BTC; 104/2022/NĐ-CP; 123/2015/NĐ-CP; 04/2020/TT-BTP; 07/2025/NĐ-CP; 120/2025/NĐ-CP; 66.7/2025/NQ-CP; 60/2014/QH13; 01/2022/TT-BTP; 04/2024/TT-BTP; 03/2023/TT-BTP; 106/2021/TT-BTC; 91/2015/QH13; 08/2025/TT-BTP; 18/2026/NĐ-CP; 87/2020/NĐ-CP
2.000756,Thủ tục đăng ký chấm dứt giám hộ có yếu tố nước ngoài,Đối tượng,2,Người nước ngoài,,85/2019/TT-BTC; 104/2022/NĐ-CP; 123/2015/NĐ-CP; 04/2020/TT-BTP; 07/2025/NĐ-CP; 120/2025/NĐ-CP; 66.7/2025/NQ-CP; 60/2014/QH13; 01/2022/TT-BTP; 04/2024/TT-BTP; 03/2023/TT-BTP; 106/2021/TT-BTC; 91/2015/QH13; 08/2025/TT-BTP; 18/2026/NĐ-CP; 87/2020/NĐ-CP
2.000756,Thủ tục đăng ký chấm dứt giám hộ có yếu tố nước ngoài,Đối tượng,3,Công dân Việt Nam,,85/2019/TT-BTC; 104/2022/NĐ-CP; 123/2015/NĐ-CP; 04/2020/TT-BTP; 07/2025/NĐ-CP; 120/2025/NĐ-CP; 66.7/2025/NQ-CP; 60/2014/QH13; 01/2022/TT-BTP; 04/2024/TT-BTP; 03/2023/TT-BTP; 106/2021/TT-BTC; 91/2015/QH13; 08/2025/TT-BTP; 18/2026/NĐ-CP; 87/2020/NĐ-CP
2.000757,Thủ tục Chứng thực chữ ký người dịch trong các văn bản dịch từ tiếng n,Đối tượng,1,Công dân Việt Nam,,33/2009/QH12; 264/2016/TT-BTC; 20/2015/TT-BTP; 23/2015/NĐ-CP
2.000757,Thủ tục Chứng thực chữ ký người dịch trong các văn bản dịch từ tiếng n,Đối tượng,2,Tổ chức nước ngoài,,33/2009/QH12; 264/2016/TT-BTC; 20/2015/TT-BTP; 23/2015/NĐ-CP
2.000757,Thủ tục Chứng thực chữ ký người dịch trong các văn bản dịch từ tiếng n,Đối tượng,3,Hợp tác xã,,33/2009/QH12; 264/2016/TT-BTC; 20/2015/TT-BTP; 23/2015/NĐ-CP
2.000757,Thủ tục Chứng thực chữ ký người dịch trong các văn bản dịch từ tiếng n,Đối tượng,4,Doanh nghiệp,,33/2009/QH12; 264/2016/TT-BTC; 20/2015/TT-BTP; 23/2015/NĐ-CP
2.000757,Thủ tục Chứng thực chữ ký người dịch trong các văn bản dịch từ tiếng n,Đối tượng,5,Người nước ngoài,,33/2009/QH12; 264/2016/TT-BTC; 20/2015/TT-BTP; 23/2015/NĐ-CP
2.000757,Thủ tục Chứng thực chữ ký người dịch trong các văn bản dịch từ tiếng n,Đối tượng,6,Người Việt Nam định cư ở nước ngoài,,33/2009/QH12; 264/2016/TT-BTC; 20/2015/TT-BTP; 23/2015/NĐ-CP
2.000765,"Cam kết hỗ trợ vốn cho doanh nghiệp đầu tư vào nông nghiệp, nông thôn",Đối tượng,1,Doanh nghiệp,,Không có thông tin căn cứ pháp lý trong dữ liệu gốc
2.000765,"Cam kết hỗ trợ vốn cho doanh nghiệp đầu tư vào nông nghiệp, nông thôn",Đối tượng,2,Tổ chức nước ngoài,,Không có thông tin căn cứ pháp lý trong dữ liệu gốc
2.000769,Cấp lại Chứng chỉ bồi dưỡng kiến thức pháp luật về giao thông đường bộ,Đối tượng,1,Người Việt Nam định cư ở nước ngoài,,17/2026/TT-BXD; 14/2025/TT-BXD
2.000769,Cấp lại Chứng chỉ bồi dưỡng kiến thức pháp luật về giao thông đường bộ,Đối tượng,2,Công dân Việt Nam,,17/2026/TT-BXD; 14/2025/TT-BXD
2.000769,Cấp lại Chứng chỉ bồi dưỡng kiến thức pháp luật về giao thông đường bộ,Đối tượng,3,Người nước ngoài,,17/2026/TT-BXD; 14/2025/TT-BXD
2.000769,Cấp lại Chứng chỉ bồi dưỡng kiến thức pháp luật về giao thông đường bộ,Đối tượng,4,"Cán bộ, công chức, viên chức",,17/2026/TT-BXD; 14/2025/TT-BXD
2.000772,Thủ tục xác định có quốc tịch Việt Nam và cấp hộ chiếu Việt Nam,Đối tượng,1,Công dân Việt Nam,,33/2009/QH12; 264/2016/TT-BTC; 56/2014/QH13; 7/2014/NĐ-CP
2.000772,Thủ tục xác định có quốc tịch Việt Nam và cấp hộ chiếu Việt Nam,Đối tượng,2,Người Việt Nam định cư ở nước ngoài,,33/2009/QH12; 264/2016/TT-BTC; 56/2014/QH13; 7/2014/NĐ-CP
2.000779,"Thủ tục đăng ký nhận cha, mẹ, con có yếu tố nước ngoài",Đối tượng,1,Người Việt Nam định cư ở nước ngoài,,04/2020/TT-BTP; 07/2025/NĐ-CP; 120/2025/NĐ-CP; 66.7/2025/NQ-CP; 60/2014/QH13; 01/2022/TT-BTP; 85/2019/TT-BTC; 104/2022/NĐ-CP; 123/2015/NĐ-CP; 08/2025/TT-BTP; 18/2026/NĐ-CP; 87/2020/NĐ-CP; 04/2024/TT-BTP; 03/2023/TT-BTP; 106/2021/TT-BTC; 52/2014/QH13
2.000779,"Thủ tục đăng ký nhận cha, mẹ, con có yếu tố nước ngoài",Đối tượng,2,Công dân Việt Nam,,04/2020/TT-BTP; 07/2025/NĐ-CP; 120/2025/NĐ-CP; 66.7/2025/NQ-CP; 60/2014/QH13; 01/2022/TT-BTP; 85/2019/TT-BTC; 104/2022/NĐ-CP; 123/2015/NĐ-CP; 08/2025/TT-BTP; 18/2026/NĐ-CP; 87/2020/NĐ-CP; 04/2024/TT-BTP; 03/2023/TT-BTP; 106/2021/TT-BTC; 52/2014/QH13
2.000779,"Thủ tục đăng ký nhận cha, mẹ, con có yếu tố nước ngoài",Đối tượng,3,Người nước ngoài,,04/2020/TT-BTP; 07/2025/NĐ-CP; 120/2025/NĐ-CP; 66.7/2025/NQ-CP; 60/2014/QH13; 01/2022/TT-BTP; 85/2019/TT-BTC; 104/2022/NĐ-CP; 123/2015/NĐ-CP; 08/2025/TT-BTP; 18/2026/NĐ-CP; 87/2020/NĐ-CP; 04/2024/TT-BTP; 03/2023/TT-BTP; 106/2021/TT-BTC; 52/2014/QH13
2.000785,Thủ tục xin trở lại quốc tịch Việt Nam tại cơ quan đại diện Việt Nam ở,Đối tượng,1,Người nước ngoài,,264/2016/TT-BTC; 56/2014/QH13; 7/2014/NĐ-CP; 08/2010/TT-BTP; 78/2009/NĐ-CP; 24/2008/QH12
2.000785,Thủ tục xin trở lại quốc tịch Việt Nam tại cơ quan đại diện Việt Nam ở,Đối tượng,2,Người Việt Nam định cư ở nước ngoài,,264/2016/TT-BTC; 56/2014/QH13; 7/2014/NĐ-CP; 08/2010/TT-BTP; 78/2009/NĐ-CP; 24/2008/QH12
2.000794,Thủ tục công nhận câu lạc bộ thể dục thể thao cơ sở,Đối tượng,1,Công dân Việt Nam,,26/2018/QH14; 77/2006/QH11; 126/2024/NĐ-CP
2.000794,Thủ tục công nhận câu lạc bộ thể dục thể thao cơ sở,Đối tượng,2,"Tổ chức (không bao gồm doanh nghiệp, HTX)",,26/2018/QH14; 77/2006/QH11; 126/2024/NĐ-CP
2.000806,Thủ tục đăng ký kết hôn có yếu tố nước ngoài,Đối tượng,1,Công dân Việt Nam,,85/2019/TT-BTC; 104/2022/NĐ-CP; 123/2015/NĐ-CP; 08/2025/TT-BTP; 18/2026/NĐ-CP; 87/2020/NĐ-CP; 04/2024/TT-BTP; 106/2021/TT-BTC; 04/2020/TT-BTP; 07/2025/NĐ-CP; 120/2025/NĐ-CP; 66.7/2025/NQ-CP; 52/2014/QH13; 60/2014/QH13; 01/2022/TT-BTP; 03/2023/TT-BTP
2.000806,Thủ tục đăng ký kết hôn có yếu tố nước ngoài,Đối tượng,2,Người Việt Nam định cư ở nước ngoài,,85/2019/TT-BTC; 104/2022/NĐ-CP; 123/2015/NĐ-CP; 08/2025/TT-BTP; 18/2026/NĐ-CP; 87/2020/NĐ-CP; 04/2024/TT-BTP; 106/2021/TT-BTC; 04/2020/TT-BTP; 07/2025/NĐ-CP; 120/2025/NĐ-CP; 66.7/2025/NQ-CP; 52/2014/QH13; 60/2014/QH13; 01/2022/TT-BTP; 03/2023/TT-BTP
2.000815,"Chứng thực bản sao từ bản chính giấy tờ, văn bản do cơ quan, tổ chức c",Đối tượng,1,Công dân Việt Nam,,23/2015/NĐ-CP; 280/2025/NĐ-CP; 226/2016/TT-BTC; 01/2020/TT-BTP; 264/2016/TT-BTC; 257/2016/TT-BTC
2.000815,"Chứng thực bản sao từ bản chính giấy tờ, văn bản do cơ quan, tổ chức c",Đối tượng,2,"Tổ chức (không bao gồm doanh nghiệp, HTX)",,23/2015/NĐ-CP; 280/2025/NĐ-CP; 226/2016/TT-BTC; 01/2020/TT-BTP; 264/2016/TT-BTC; 257/2016/TT-BTC
2.000815,"Chứng thực bản sao từ bản chính giấy tờ, văn bản do cơ quan, tổ chức c",Đối tượng,3,Người Việt Nam định cư ở nước ngoài,,23/2015/NĐ-CP; 280/2025/NĐ-CP; 226/2016/TT-BTC; 01/2020/TT-BTP; 264/2016/TT-BTC; 257/2016/TT-BTC
2.000821,"Giải quyết hưởng chế độ tử tuất và truy lĩnh các chế độ BHXH, BHTN của",Đối tượng,1,"Tổ chức (không bao gồm doanh nghiệp, HTX)",,2222/QĐ-BHXH; 12/2025/TT-BNV; 158/2025/NĐ-CP; 164/2025/NĐ-CP; 41/2024/QH15; 313/QĐ-BHXH; 159/2025/NĐ-CP; 136/2020/TT-BQP; 84/2015/QH13; 88/2020/NĐ-CP; 39/2016/NĐ-CP
2.000821,"Giải quyết hưởng chế độ tử tuất và truy lĩnh các chế độ BHXH, BHTN của",Đối tượng,2,Công dân Việt Nam,,2222/QĐ-BHXH; 12/2025/TT-BNV; 158/2025/NĐ-CP; 164/2025/NĐ-CP; 41/2024/QH15; 313/QĐ-BHXH; 159/2025/NĐ-CP; 136/2020/TT-BQP; 84/2015/QH13; 88/2020/NĐ-CP; 39/2016/NĐ-CP
2.000821,"Giải quyết hưởng chế độ tử tuất và truy lĩnh các chế độ BHXH, BHTN của",Đối tượng,3,"Cán bộ, công chức, viên chức",,2222/QĐ-BHXH; 12/2025/TT-BNV; 158/2025/NĐ-CP; 164/2025/NĐ-CP; 41/2024/QH15; 313/QĐ-BHXH; 159/2025/NĐ-CP; 136/2020/TT-BQP; 84/2015/QH13; 88/2020/NĐ-CP; 39/2016/NĐ-CP
2.000884,"Chứng thực chữ ký trong các giấy tờ, văn bản (áp dụng cho cả trường hợ",Đối tượng,1,Công dân Việt Nam,,66.7/2025/NQ-CP; 226/2016/TT-BTC; 264/2016/TT-BTC; 257/2016/TT-BTC; 23/2015/NĐ-CP; 280/2025/NĐ-CP; 01/2020/TT-BTP; 18/2026/NĐ-CP
2.000884,"Chứng thực chữ ký trong các giấy tờ, văn bản (áp dụng cho cả trường hợ",Đối tượng,2,Người Việt Nam định cư ở nước ngoài,,66.7/2025/NQ-CP; 226/2016/TT-BTC; 264/2016/TT-BTC; 257/2016/TT-BTC; 23/2015/NĐ-CP; 280/2025/NĐ-CP; 01/2020/TT-BTP; 18/2026/NĐ-CP
2.000902,Cấp lại giấy phép lao động cho chuyên gia khoa học công nghệ làm việc,Đối tượng,1,"Tổ chức (không bao gồm doanh nghiệp, HTX)",,190/2025/QH15; 24/2015/TT-BLĐTBXH; 87/2014/NĐ-CP; 25/2025/NĐ-CP
2.000902,Cấp lại giấy phép lao động cho chuyên gia khoa học công nghệ làm việc,Đối tượng,2,Doanh nghiệp,,190/2025/QH15; 24/2015/TT-BLĐTBXH; 87/2014/NĐ-CP; 25/2025/NĐ-CP
2.000907,Cấp giấy phép lao động cho chuyên gia khoa học công nghệ làm việc tại,Đối tượng,1,Doanh nghiệp,,25/2025/NĐ-CP; 24/2015/TT-BLĐTBXH; 87/2014/NĐ-CP; 190/2025/QH15
2.000907,Cấp giấy phép lao động cho chuyên gia khoa học công nghệ làm việc tại,Đối tượng,2,"Tổ chức (không bao gồm doanh nghiệp, HTX)",,25/2025/NĐ-CP; 24/2015/TT-BLĐTBXH; 87/2014/NĐ-CP; 190/2025/QH15
2.000908,Thủ tục cấp bản sao từ sổ gốc,Đối tượng,1,Công dân Việt Nam,,66.7/2025/NQ-CP; 23/2015/NĐ-CP; 280/2025/NĐ-CP; 01/2020/TT-BTP; 18/2026/NĐ-CP
2.000908,Thủ tục cấp bản sao từ sổ gốc,Đối tượng,2,"Tổ chức (không bao gồm doanh nghiệp, HTX)",,66.7/2025/NQ-CP; 23/2015/NĐ-CP; 280/2025/NĐ-CP; 01/2020/TT-BTP; 18/2026/NĐ-CP
2.000913,"Chứng thực việc sửa đổi, bổ sung, hủy bỏ giao dịch",Đối tượng,1,"Tổ chức (không bao gồm doanh nghiệp, HTX)",,23/2015/NĐ-CP; 66.7/2025/NQ-CP; 280/2025/NĐ-CP; 01/2020/TT-BTP; 226/2016/TT-BTC; 18/2026/NĐ-CP
2.000913,"Chứng thực việc sửa đổi, bổ sung, hủy bỏ giao dịch",Đối tượng,2,Công dân Việt Nam,,23/2015/NĐ-CP; 66.7/2025/NQ-CP; 280/2025/NĐ-CP; 01/2020/TT-BTP; 226/2016/TT-BTC; 18/2026/NĐ-CP
2.000927,Sửa lỗi sai sót trong giao dịch,Đối tượng,1,"Tổ chức (không bao gồm doanh nghiệp, HTX)",,280/2025/NĐ-CP; 01/2020/TT-BTP; 226/2016/TT-BTC; 23/2015/NĐ-CP; 18/2026/NĐ-CP
2.000927,Sửa lỗi sai sót trong giao dịch,Đối tượng,2,Công dân Việt Nam,,280/2025/NĐ-CP; 01/2020/TT-BTP; 226/2016/TT-BTC; 23/2015/NĐ-CP; 18/2026/NĐ-CP
2.000942,Cấp bản sao có chứng thực từ bản chính giao dịch đã được chứng thực,Đối tượng,1,Công dân Việt Nam,,226/2016/TT-BTC; 280/2025/NĐ-CP; 66.7/2025/NQ-CP; 01/2020/TT-BTP; 18/2026/NĐ-CP; 23/2015/NĐ-CP
2.000942,Cấp bản sao có chứng thực từ bản chính giao dịch đã được chứng thực,Đối tượng,2,"Tổ chức (không bao gồm doanh nghiệp, HTX)",,226/2016/TT-BTC; 280/2025/NĐ-CP; 66.7/2025/NQ-CP; 01/2020/TT-BTP; 18/2026/NĐ-CP; 23/2015/NĐ-CP
2.000991,"Thủ tục cấp giấy phép mang di vật, cổ vật, bảo vật quốc gia ra nước ng",Đối tượng,1,Công dân Việt Nam,,45/2024/QH15
2.000991,"Thủ tục cấp giấy phép mang di vật, cổ vật, bảo vật quốc gia ra nước ng",Đối tượng,2,"Tổ chức (không bao gồm doanh nghiệp, HTX)",,45/2024/QH15
2.001016,Chứng thực văn bản từ chối nhận di sản,Đối tượng,1,Công dân Việt Nam,,18/2026/NĐ-CP; 23/2015/NĐ-CP; 280/2025/NĐ-CP; 226/2016/TT-BTC; 66.7/2025/NQ-CP
2.001016,Chứng thực văn bản từ chối nhận di sản,Đối tượng,2,"Tổ chức (không bao gồm doanh nghiệp, HTX)",,18/2026/NĐ-CP; 23/2015/NĐ-CP; 280/2025/NĐ-CP; 226/2016/TT-BTC; 66.7/2025/NQ-CP
2.001019,Chứng thực di chúc,Đối tượng,1,"Tổ chức (không bao gồm doanh nghiệp, HTX)",,66.7/2025/NQ-CP; 280/2025/NĐ-CP; 01/2020/TT-BTP; 226/2016/TT-BTC; 23/2015/NĐ-CP; 18/2026/NĐ-CP
2.001019,Chứng thực di chúc,Đối tượng,2,Công dân Việt Nam,,66.7/2025/NQ-CP; 280/2025/NĐ-CP; 01/2020/TT-BTP; 226/2016/TT-BTC; 23/2015/NĐ-CP; 18/2026/NĐ-CP
2.001019,Chứng thực di chúc,Đối tượng,3,Doanh nghiệp,,66.7/2025/NQ-CP; 280/2025/NĐ-CP; 01/2020/TT-BTP; 226/2016/TT-BTC; 23/2015/NĐ-CP; 18/2026/NĐ-CP
2.001034,Cấp Giấy phép vận tải đường bộ quốc tế giữa Việt Nam và Trung Quốc loạ,Đối tượng,1,"Tổ chức (không bao gồm doanh nghiệp, HTX)",,158/2024/NĐ-CP; 144/2025/NĐ-CP
2.001034,Cấp Giấy phép vận tải đường bộ quốc tế giữa Việt Nam và Trung Quốc loạ,Đối tượng,2,Người Việt Nam định cư ở nước ngoài,,158/2024/NĐ-CP; 144/2025/NĐ-CP
2.001034,Cấp Giấy phép vận tải đường bộ quốc tế giữa Việt Nam và Trung Quốc loạ,Đối tượng,3,Doanh nghiệp có vốn đầu tư nước ngoài,,158/2024/NĐ-CP; 144/2025/NĐ-CP
2.001034,Cấp Giấy phép vận tải đường bộ quốc tế giữa Việt Nam và Trung Quốc loạ,Đối tượng,4,Công dân Việt Nam,,158/2024/NĐ-CP; 144/2025/NĐ-CP
2.001034,Cấp Giấy phép vận tải đường bộ quốc tế giữa Việt Nam và Trung Quốc loạ,Đối tượng,5,Doanh nghiệp,,158/2024/NĐ-CP; 144/2025/NĐ-CP
2.001034,Cấp Giấy phép vận tải đường bộ quốc tế giữa Việt Nam và Trung Quốc loạ,Đối tượng,6,Người nước ngoài,,158/2024/NĐ-CP; 144/2025/NĐ-CP
2.001034,Cấp Giấy phép vận tải đường bộ quốc tế giữa Việt Nam và Trung Quốc loạ,Đối tượng,7,Tổ chức nước ngoài,,158/2024/NĐ-CP; 144/2025/NĐ-CP
2.001034,Cấp Giấy phép vận tải đường bộ quốc tế giữa Việt Nam và Trung Quốc loạ,Đối tượng,8,Hợp tác xã,,158/2024/NĐ-CP; 144/2025/NĐ-CP
2.001035,"Chứng thực giao dịch liên quan đến tài sản là động sản, quyền sử dụng",Đối tượng,1,Công dân Việt Nam,,66.7/2025/NQ-CP; 226/2016/TT-BTC; 280/2025/NĐ-CP; 01/2020/TT-BTP; 23/2015/NĐ-CP; 18/2026/NĐ-CP
2.001035,"Chứng thực giao dịch liên quan đến tài sản là động sản, quyền sử dụng",Đối tượng,2,Doanh nghiệp,,66.7/2025/NQ-CP; 226/2016/TT-BTC; 280/2025/NĐ-CP; 01/2020/TT-BTP; 23/2015/NĐ-CP; 18/2026/NĐ-CP
2.001035,"Chứng thực giao dịch liên quan đến tài sản là động sản, quyền sử dụng",Đối tượng,3,"Tổ chức (không bao gồm doanh nghiệp, HTX)",,66.7/2025/NQ-CP; 226/2016/TT-BTC; 280/2025/NĐ-CP; 01/2020/TT-BTP; 23/2015/NĐ-CP; 18/2026/NĐ-CP
2.001057,Thủ tục công nhận Ban vận động thành lập hội thể thao quốc gia,Đối tượng,1,"Tổ chức (không bao gồm doanh nghiệp, HTX)",,33/2012/NĐ-CP; 01/2013/TT-BVHTTDL; 45/2010/NĐ-CP
2.001057,Thủ tục công nhận Ban vận động thành lập hội thể thao quốc gia,Đối tượng,2,Công dân Việt Nam,,33/2012/NĐ-CP; 01/2013/TT-BVHTTDL; 45/2010/NĐ-CP
2.001402,"Cấp đổi Giấy chứng nhận đủ điều kiện về an ninh, trật tự (thực hiện tạ",Đối tượng,1,Doanh nghiệp có vốn đầu tư nước ngoài,,218/2016/TT-BTC; 42/2017/TT-BCA; 96/2016/NĐ-CP; 56/2023/NĐ-CP; 15/2022/TT-BCA
2.001402,"Cấp đổi Giấy chứng nhận đủ điều kiện về an ninh, trật tự (thực hiện tạ",Đối tượng,2,"Tổ chức (không bao gồm doanh nghiệp, HTX)",,218/2016/TT-BTC; 42/2017/TT-BCA; 96/2016/NĐ-CP; 56/2023/NĐ-CP; 15/2022/TT-BCA
2.001402,"Cấp đổi Giấy chứng nhận đủ điều kiện về an ninh, trật tự (thực hiện tạ",Đối tượng,3,Người Việt Nam định cư ở nước ngoài,,218/2016/TT-BTC; 42/2017/TT-BCA; 96/2016/NĐ-CP; 56/2023/NĐ-CP; 15/2022/TT-BCA
2.001402,"Cấp đổi Giấy chứng nhận đủ điều kiện về an ninh, trật tự (thực hiện tạ",Đối tượng,4,Công dân Việt Nam,,218/2016/TT-BTC; 42/2017/TT-BCA; 96/2016/NĐ-CP; 56/2023/NĐ-CP; 15/2022/TT-BCA
2.001402,"Cấp đổi Giấy chứng nhận đủ điều kiện về an ninh, trật tự (thực hiện tạ",Đối tượng,5,Doanh nghiệp,,218/2016/TT-BTC; 42/2017/TT-BCA; 96/2016/NĐ-CP; 56/2023/NĐ-CP; 15/2022/TT-BCA
2.001402,"Cấp đổi Giấy chứng nhận đủ điều kiện về an ninh, trật tự (thực hiện tạ",Đối tượng,6,Người nước ngoài,,218/2016/TT-BTC; 42/2017/TT-BCA; 96/2016/NĐ-CP; 56/2023/NĐ-CP; 15/2022/TT-BCA
2.001402,"Cấp đổi Giấy chứng nhận đủ điều kiện về an ninh, trật tự (thực hiện tạ",Đối tượng,7,Tổ chức nước ngoài,,218/2016/TT-BTC; 42/2017/TT-BCA; 96/2016/NĐ-CP; 56/2023/NĐ-CP; 15/2022/TT-BCA
2.001402,"Cấp đổi Giấy chứng nhận đủ điều kiện về an ninh, trật tự (thực hiện tạ",Đối tượng,8,Hợp tác xã,,218/2016/TT-BTC; 42/2017/TT-BCA; 96/2016/NĐ-CP; 56/2023/NĐ-CP; 15/2022/TT-BCA
2.001406,"Chứng thực văn bản phân chia di sản mà di sản là động sản, quyền sử dụ",Đối tượng,1,Công dân Việt Nam,,226/2016/TT-BTC; 280/2025/NĐ-CP; 66.7/2025/NQ-CP; 01/2020/TT-BTP; 18/2026/NĐ-CP; 23/2015/NĐ-CP
2.001406,"Chứng thực văn bản phân chia di sản mà di sản là động sản, quyền sử dụ",Đối tượng,2,"Tổ chức (không bao gồm doanh nghiệp, HTX)",,226/2016/TT-BTC; 280/2025/NĐ-CP; 66.7/2025/NQ-CP; 01/2020/TT-BTP; 18/2026/NĐ-CP; 23/2015/NĐ-CP
2.001478,"Cấp mới Giấy chứng nhận đủ điều kiện về an ninh, trật tự (thực hiện tạ",Đối tượng,1,Công dân Việt Nam,,56/2023/NĐ-CP; 15/2022/TT-BCA; 23/2019/TT-BTC; 42/2017/TT-BCA; 218/2016/TT-BTC
2.001478,"Cấp mới Giấy chứng nhận đủ điều kiện về an ninh, trật tự (thực hiện tạ",Đối tượng,2,Doanh nghiệp,,56/2023/NĐ-CP; 15/2022/TT-BCA; 23/2019/TT-BTC; 42/2017/TT-BCA; 218/2016/TT-BTC
2.001478,"Cấp mới Giấy chứng nhận đủ điều kiện về an ninh, trật tự (thực hiện tạ",Đối tượng,3,Người nước ngoài,,56/2023/NĐ-CP; 15/2022/TT-BCA; 23/2019/TT-BTC; 42/2017/TT-BCA; 218/2016/TT-BTC
2.001478,"Cấp mới Giấy chứng nhận đủ điều kiện về an ninh, trật tự (thực hiện tạ",Đối tượng,4,Tổ chức nước ngoài,,56/2023/NĐ-CP; 15/2022/TT-BCA; 23/2019/TT-BTC; 42/2017/TT-BCA; 218/2016/TT-BTC
2.001478,"Cấp mới Giấy chứng nhận đủ điều kiện về an ninh, trật tự (thực hiện tạ",Đối tượng,5,Hợp tác xã,,56/2023/NĐ-CP; 15/2022/TT-BCA; 23/2019/TT-BTC; 42/2017/TT-BCA; 218/2016/TT-BTC
2.001478,"Cấp mới Giấy chứng nhận đủ điều kiện về an ninh, trật tự (thực hiện tạ",Đối tượng,6,"Tổ chức (không bao gồm doanh nghiệp, HTX)",,56/2023/NĐ-CP; 15/2022/TT-BCA; 23/2019/TT-BTC; 42/2017/TT-BCA; 218/2016/TT-BTC
2.001478,"Cấp mới Giấy chứng nhận đủ điều kiện về an ninh, trật tự (thực hiện tạ",Đối tượng,7,Người Việt Nam định cư ở nước ngoài,,56/2023/NĐ-CP; 15/2022/TT-BCA; 23/2019/TT-BTC; 42/2017/TT-BCA; 218/2016/TT-BTC
2.001478,"Cấp mới Giấy chứng nhận đủ điều kiện về an ninh, trật tự (thực hiện tạ",Đối tượng,8,Doanh nghiệp có vốn đầu tư nước ngoài,,56/2023/NĐ-CP; 15/2022/TT-BCA; 23/2019/TT-BTC; 42/2017/TT-BCA; 218/2016/TT-BTC
2.001591,Thủ tục cấp phép khai quật khảo cổ khẩn cấp,Đối tượng,1,Công dân Việt Nam,,45/2024/QH15
2.001591,Thủ tục cấp phép khai quật khảo cổ khẩn cấp,Đối tượng,2,Doanh nghiệp,,45/2024/QH15
2.001591,Thủ tục cấp phép khai quật khảo cổ khẩn cấp,Đối tượng,3,Hợp tác xã,,45/2024/QH15
2.001591,Thủ tục cấp phép khai quật khảo cổ khẩn cấp,Đối tượng,4,"Tổ chức (không bao gồm doanh nghiệp, HTX)",,45/2024/QH15
2.001628,Thủ tục cấp giấy phép kinh doanh dịch vụ lữ hành nội địa,Đối tượng,1,Công dân Việt Nam,,168/2017/NĐ-CP; 06/2017/TT-BVHTTDL; 94/2021/NĐ-CP; 04/2024/TT-BVHTTDL; 66.18/2026/NQ-CP
2.001628,Thủ tục cấp giấy phép kinh doanh dịch vụ lữ hành nội địa,Đối tượng,2,Doanh nghiệp,,168/2017/NĐ-CP; 06/2017/TT-BVHTTDL; 94/2021/NĐ-CP; 04/2024/TT-BVHTTDL; 66.18/2026/NQ-CP
2.001628,Thủ tục cấp giấy phép kinh doanh dịch vụ lữ hành nội địa,Đối tượng,3,"Tổ chức (không bao gồm doanh nghiệp, HTX)",,168/2017/NĐ-CP; 06/2017/TT-BVHTTDL; 94/2021/NĐ-CP; 04/2024/TT-BVHTTDL; 66.18/2026/NQ-CP
2.001631,"Thủ tục đăng ký di vật, cổ vật",Đối tượng,1,"Tổ chức (không bao gồm doanh nghiệp, HTX)",,45/2024/QH15
2.001631,"Thủ tục đăng ký di vật, cổ vật",Đối tượng,2,Công dân Việt Nam,,45/2024/QH15
2.001631,"Thủ tục đăng ký di vật, cổ vật",Đối tượng,3,Doanh nghiệp,,45/2024/QH15
2.001641,"Thủ tục cấp lại Giấy chứng nhận đủ điều kiện hành nghề bảo quản, tu bổ",Đối tượng,1,"Tổ chức (không bao gồm doanh nghiệp, HTX)",,45/2024/QH15
2.001641,"Thủ tục cấp lại Giấy chứng nhận đủ điều kiện hành nghề bảo quản, tu bổ",Đối tượng,2,Công dân Việt Nam,,45/2024/QH15
2.001641,"Thủ tục cấp lại Giấy chứng nhận đủ điều kiện hành nghề bảo quản, tu bổ",Đối tượng,3,Doanh nghiệp,,45/2024/QH15
2.001641,"Thủ tục cấp lại Giấy chứng nhận đủ điều kiện hành nghề bảo quản, tu bổ",Đối tượng,4,Hợp tác xã,,45/2024/QH15
2.001842,Cho phép trường tiểu học hoạt động giáo dục,Đối tượng,1,"Tổ chức (không bao gồm doanh nghiệp, HTX)",,125/2024/NĐ-CP; 142/2025/NĐ-CP; 124/2024/NĐ-CP; 86/2018/NĐ-CP; 66.18/2026/NQ-CP
2.001842,Cho phép trường tiểu học hoạt động giáo dục,Đối tượng,2,Người nước ngoài,,125/2024/NĐ-CP; 142/2025/NĐ-CP; 124/2024/NĐ-CP; 86/2018/NĐ-CP; 66.18/2026/NQ-CP
2.001895,Cấp Giấy xác nhận là người gốc Việt Nam,Đối tượng,1,Người nước ngoài,,66.7/2025/NQ-CP; 264/2016/TT-BTC; 12/2025/TT-BTP; 24/2008/QH12; 191/2025/NĐ-CP
2.001895,Cấp Giấy xác nhận là người gốc Việt Nam,Đối tượng,2,Người Việt Nam định cư ở nước ngoài,,66.7/2025/NQ-CP; 264/2016/TT-BTC; 12/2025/TT-BTP; 24/2008/QH12; 191/2025/NĐ-CP
2.001921,"Chấp thuận vị trí, quy mô, kích thước, phương án tổ chức thi công biển",Đối tượng,1,"Tổ chức (không bao gồm doanh nghiệp, HTX)",,165/2024/NĐ-CP; 241/2026/NĐ-CP
2.001921,"Chấp thuận vị trí, quy mô, kích thước, phương án tổ chức thi công biển",Đối tượng,2,Người Việt Nam định cư ở nước ngoài,,165/2024/NĐ-CP; 241/2026/NĐ-CP
2.001921,"Chấp thuận vị trí, quy mô, kích thước, phương án tổ chức thi công biển",Đối tượng,3,Doanh nghiệp có vốn đầu tư nước ngoài,,165/2024/NĐ-CP; 241/2026/NĐ-CP
2.001921,"Chấp thuận vị trí, quy mô, kích thước, phương án tổ chức thi công biển",Đối tượng,4,Công dân Việt Nam,,165/2024/NĐ-CP; 241/2026/NĐ-CP
2.001921,"Chấp thuận vị trí, quy mô, kích thước, phương án tổ chức thi công biển",Đối tượng,5,Doanh nghiệp,,165/2024/NĐ-CP; 241/2026/NĐ-CP
2.001921,"Chấp thuận vị trí, quy mô, kích thước, phương án tổ chức thi công biển",Đối tượng,6,Người nước ngoài,,165/2024/NĐ-CP; 241/2026/NĐ-CP
2.001921,"Chấp thuận vị trí, quy mô, kích thước, phương án tổ chức thi công biển",Đối tượng,7,Tổ chức nước ngoài,,165/2024/NĐ-CP; 241/2026/NĐ-CP
2.001921,"Chấp thuận vị trí, quy mô, kích thước, phương án tổ chức thi công biển",Đối tượng,8,Hợp tác xã,,165/2024/NĐ-CP; 241/2026/NĐ-CP
2.001940,Báo cáo chuyên gia khoa học công nghệ không thuộc diện cấp giấy phép l,Đối tượng,1,Doanh nghiệp,,190/2025/NQ-QH15; 25/2025/NĐ-CP; 24/2015/TT-BLĐTBXH; 87/2014/NĐ-CP
2.001940,Báo cáo chuyên gia khoa học công nghệ không thuộc diện cấp giấy phép l,Đối tượng,2,"Tổ chức (không bao gồm doanh nghiệp, HTX)",,190/2025/NQ-QH15; 25/2025/NĐ-CP; 24/2015/TT-BLĐTBXH; 87/2014/NĐ-CP
2.001942,Chuyển trẻ em đang được chăm sóc thay thế tại cơ sở trợ giúp xã hội đế,Đối tượng,1,Doanh nghiệp có vốn đầu tư nước ngoài,,42/2025/NĐ-CP; 147/2025/NĐ-CP; 56/2017/NĐ-CP; 102/2016/QH13
2.001942,Chuyển trẻ em đang được chăm sóc thay thế tại cơ sở trợ giúp xã hội đế,Đối tượng,2,"Tổ chức (không bao gồm doanh nghiệp, HTX)",,42/2025/NĐ-CP; 147/2025/NĐ-CP; 56/2017/NĐ-CP; 102/2016/QH13
2.001942,Chuyển trẻ em đang được chăm sóc thay thế tại cơ sở trợ giúp xã hội đế,Đối tượng,3,Công dân Việt Nam,,42/2025/NĐ-CP; 147/2025/NĐ-CP; 56/2017/NĐ-CP; 102/2016/QH13
2.001942,Chuyển trẻ em đang được chăm sóc thay thế tại cơ sở trợ giúp xã hội đế,Đối tượng,4,Doanh nghiệp,,42/2025/NĐ-CP; 147/2025/NĐ-CP; 56/2017/NĐ-CP; 102/2016/QH13
2.001947,"Phê duyệt kế hoạch hỗ trợ, can thiệp đối với trẻ em bị xâm hại hoặc có",Đối tượng,1,"Tổ chức (không bao gồm doanh nghiệp, HTX)",,42/2025/NĐ-CP; 147/2025/NĐ-CP; 56/2017/NĐ-CP; 102/2016/QH13
2.001947,"Phê duyệt kế hoạch hỗ trợ, can thiệp đối với trẻ em bị xâm hại hoặc có",Đối tượng,2,Công dân Việt Nam,,42/2025/NĐ-CP; 147/2025/NĐ-CP; 56/2017/NĐ-CP; 102/2016/QH13
2.002188,Thủ tục Cấp Giấy chứng nhận đủ điều kiện kinh doanh hoạt động thể thao,Đối tượng,1,Doanh nghiệp,,31/2024/NĐ-CP; 77/2006/QH11; 36/2019/NĐ-CP; 97/2015/QH13; 26/2018/QH14; 11/2018/TT-BVHTTDL
2.002188,Thủ tục Cấp Giấy chứng nhận đủ điều kiện kinh doanh hoạt động thể thao,Đối tượng,2,Công dân Việt Nam,,31/2024/NĐ-CP; 77/2006/QH11; 36/2019/NĐ-CP; 97/2015/QH13; 26/2018/QH14; 11/2018/TT-BVHTTDL
2.002189,Thủ tục ghi vào Sổ hộ tịch việc kết hôn của công dân Việt Nam đã được,Đối tượng,1,Công dân Việt Nam,,85/2019/TT-BTC; 104/2022/NĐ-CP; 08/2025/TT-BTP; 18/2026/NĐ-CP; 87/2020/NĐ-CP; 04/2024/TT-BTP; 60/2014/QH13; 106/2021/TT-BTC; 03/2023/TT-BTP; 04/2020/TT-BTP; 07/2025/NĐ-CP; 120/2025/NĐ-CP; 66.7/2025/NQ-CP; 01/2022/TT-BTP; 123/2013/NĐ-CP
2.002189,Thủ tục ghi vào Sổ hộ tịch việc kết hôn của công dân Việt Nam đã được,Đối tượng,2,Người Việt Nam định cư ở nước ngoài,,85/2019/TT-BTC; 104/2022/NĐ-CP; 08/2025/TT-BTP; 18/2026/NĐ-CP; 87/2020/NĐ-CP; 04/2024/TT-BTP; 60/2014/QH13; 106/2021/TT-BTC; 03/2023/TT-BTP; 04/2020/TT-BTP; 07/2025/NĐ-CP; 120/2025/NĐ-CP; 66.7/2025/NQ-CP; 01/2022/TT-BTP; 123/2013/NĐ-CP
2.002285,Đăng ký khai thác tuyến vận tải hành khách cố định,Đối tượng,1,Doanh nghiệp,,158/2024/NĐ-CP; 24/2026/NQ-CP
2.002285,Đăng ký khai thác tuyến vận tải hành khách cố định,Đối tượng,2,Hợp tác xã,,158/2024/NĐ-CP; 24/2026/NQ-CP
2.002285,Đăng ký khai thác tuyến vận tải hành khách cố định,Đối tượng,3,Tổ chức nước ngoài,,158/2024/NĐ-CP; 24/2026/NQ-CP
2.002285,Đăng ký khai thác tuyến vận tải hành khách cố định,Đối tượng,4,"Tổ chức (không bao gồm doanh nghiệp, HTX)",,158/2024/NĐ-CP; 24/2026/NQ-CP
2.002285,Đăng ký khai thác tuyến vận tải hành khách cố định,Đối tượng,5,Doanh nghiệp có vốn đầu tư nước ngoài,,158/2024/NĐ-CP; 24/2026/NQ-CP
2.002286,"Cấp lại Giấy phép kinh doanh vận tải bằng xe ô tô, bằng xe bốn bánh có",Đối tượng,1,"Tổ chức (không bao gồm doanh nghiệp, HTX)",,158/2024/NĐ-CP; 24/2026/NQ-CP
2.002286,"Cấp lại Giấy phép kinh doanh vận tải bằng xe ô tô, bằng xe bốn bánh có",Đối tượng,2,Người Việt Nam định cư ở nước ngoài,,158/2024/NĐ-CP; 24/2026/NQ-CP
2.002286,"Cấp lại Giấy phép kinh doanh vận tải bằng xe ô tô, bằng xe bốn bánh có",Đối tượng,3,Công dân Việt Nam,,158/2024/NĐ-CP; 24/2026/NQ-CP
2.002286,"Cấp lại Giấy phép kinh doanh vận tải bằng xe ô tô, bằng xe bốn bánh có",Đối tượng,4,Doanh nghiệp,,158/2024/NĐ-CP; 24/2026/NQ-CP
2.002286,"Cấp lại Giấy phép kinh doanh vận tải bằng xe ô tô, bằng xe bốn bánh có",Đối tượng,5,Người nước ngoài,,158/2024/NĐ-CP; 24/2026/NQ-CP
2.002286,"Cấp lại Giấy phép kinh doanh vận tải bằng xe ô tô, bằng xe bốn bánh có",Đối tượng,6,Tổ chức nước ngoài,,158/2024/NĐ-CP; 24/2026/NQ-CP
2.002286,"Cấp lại Giấy phép kinh doanh vận tải bằng xe ô tô, bằng xe bốn bánh có",Đối tượng,7,Hợp tác xã,,158/2024/NĐ-CP; 24/2026/NQ-CP
2.002286,"Cấp lại Giấy phép kinh doanh vận tải bằng xe ô tô, bằng xe bốn bánh có",Đối tượng,8,Doanh nghiệp có vốn đầu tư nước ngoài,,158/2024/NĐ-CP; 24/2026/NQ-CP
2.002287,"Cấp lại Giấy phép kinh doanh vận tải bằng xe ô tô, bằng xe bốn bánh có",Đối tượng,1,Doanh nghiệp có vốn đầu tư nước ngoài,,158/2024/NĐ-CP
2.002287,"Cấp lại Giấy phép kinh doanh vận tải bằng xe ô tô, bằng xe bốn bánh có",Đối tượng,2,"Tổ chức (không bao gồm doanh nghiệp, HTX)",,158/2024/NĐ-CP
2.002287,"Cấp lại Giấy phép kinh doanh vận tải bằng xe ô tô, bằng xe bốn bánh có",Đối tượng,3,Người Việt Nam định cư ở nước ngoài,,158/2024/NĐ-CP
2.002287,"Cấp lại Giấy phép kinh doanh vận tải bằng xe ô tô, bằng xe bốn bánh có",Đối tượng,4,Công dân Việt Nam,,158/2024/NĐ-CP
2.002287,"Cấp lại Giấy phép kinh doanh vận tải bằng xe ô tô, bằng xe bốn bánh có",Đối tượng,5,Doanh nghiệp,,158/2024/NĐ-CP
2.002287,"Cấp lại Giấy phép kinh doanh vận tải bằng xe ô tô, bằng xe bốn bánh có",Đối tượng,6,Người nước ngoài,,158/2024/NĐ-CP
2.002287,"Cấp lại Giấy phép kinh doanh vận tải bằng xe ô tô, bằng xe bốn bánh có",Đối tượng,7,Tổ chức nước ngoài,,158/2024/NĐ-CP
2.002287,"Cấp lại Giấy phép kinh doanh vận tải bằng xe ô tô, bằng xe bốn bánh có",Đối tượng,8,Hợp tác xã,,158/2024/NĐ-CP
2.002288,"Cấp, cấp lại Phù hiệu cho xe ô tô, xe bốn bánh có gắn động cơ kinh doa",Đối tượng,1,Doanh nghiệp có vốn đầu tư nước ngoài,,158/2024/NĐ-CP
2.002288,"Cấp, cấp lại Phù hiệu cho xe ô tô, xe bốn bánh có gắn động cơ kinh doa",Đối tượng,2,Doanh nghiệp,,158/2024/NĐ-CP
2.002288,"Cấp, cấp lại Phù hiệu cho xe ô tô, xe bốn bánh có gắn động cơ kinh doa",Đối tượng,3,Hợp tác xã,,158/2024/NĐ-CP
2.002288,"Cấp, cấp lại Phù hiệu cho xe ô tô, xe bốn bánh có gắn động cơ kinh doa",Đối tượng,4,Tổ chức nước ngoài,,158/2024/NĐ-CP
2.002288,"Cấp, cấp lại Phù hiệu cho xe ô tô, xe bốn bánh có gắn động cơ kinh doa",Đối tượng,5,"Tổ chức (không bao gồm doanh nghiệp, HTX)",,158/2024/NĐ-CP
2.002340,"Giải quyết chế độ bảo hiểm tai nạn lao động, bệnh nghề nghiệp của ngườ",Đối tượng,1,Doanh nghiệp,,88/2020/NĐ-CP; 45/2025/NĐ-CP; 25/2025/NĐ-CP; 84/2015/QH13; 190/2025/NQ-QH15
2.002340,"Giải quyết chế độ bảo hiểm tai nạn lao động, bệnh nghề nghiệp của ngườ",Đối tượng,2,Tổ chức nước ngoài,,88/2020/NĐ-CP; 45/2025/NĐ-CP; 25/2025/NĐ-CP; 84/2015/QH13; 190/2025/NQ-QH15
2.002340,"Giải quyết chế độ bảo hiểm tai nạn lao động, bệnh nghề nghiệp của ngườ",Đối tượng,3,Hợp tác xã,,88/2020/NĐ-CP; 45/2025/NĐ-CP; 25/2025/NĐ-CP; 84/2015/QH13; 190/2025/NQ-QH15
2.002340,"Giải quyết chế độ bảo hiểm tai nạn lao động, bệnh nghề nghiệp của ngườ",Đối tượng,4,"Tổ chức (không bao gồm doanh nghiệp, HTX)",,88/2020/NĐ-CP; 45/2025/NĐ-CP; 25/2025/NĐ-CP; 84/2015/QH13; 190/2025/NQ-QH15
2.002341,"Giải quyết chế độ bảo hiểm tai nạn lao động, bệnh nghề nghiệp của ngườ",Đối tượng,1,"Tổ chức (không bao gồm doanh nghiệp, HTX)",,45/2025/NĐ-CP; 88/2020/NĐ-CP; 25/2025/NĐ-CP; 190/2025/NQ-QH15; 84/2015/QH13
2.002341,"Giải quyết chế độ bảo hiểm tai nạn lao động, bệnh nghề nghiệp của ngườ",Đối tượng,2,Hợp tác xã,,45/2025/NĐ-CP; 88/2020/NĐ-CP; 25/2025/NĐ-CP; 190/2025/NQ-QH15; 84/2015/QH13
2.002341,"Giải quyết chế độ bảo hiểm tai nạn lao động, bệnh nghề nghiệp của ngườ",Đối tượng,3,Doanh nghiệp,,45/2025/NĐ-CP; 88/2020/NĐ-CP; 25/2025/NĐ-CP; 190/2025/NQ-QH15; 84/2015/QH13
2.002341,"Giải quyết chế độ bảo hiểm tai nạn lao động, bệnh nghề nghiệp của ngườ",Đối tượng,4,Tổ chức nước ngoài,,45/2025/NĐ-CP; 88/2020/NĐ-CP; 25/2025/NĐ-CP; 190/2025/NQ-QH15; 84/2015/QH13
2.002342,Giải quyết chế độ cho người lao động phát hiện bị bệnh nghề nghiệp khi,Đối tượng,1,Công dân Việt Nam,,88/2020/NĐ-CP; 45/2025/NĐ-CP; 190/2025/NQ-QH15; 25/2025/NĐ-CP; 84/2015/QH13
2.002342,Giải quyết chế độ cho người lao động phát hiện bị bệnh nghề nghiệp khi,Đối tượng,2,Doanh nghiệp,,88/2020/NĐ-CP; 45/2025/NĐ-CP; 190/2025/NQ-QH15; 25/2025/NĐ-CP; 84/2015/QH13
2.002342,Giải quyết chế độ cho người lao động phát hiện bị bệnh nghề nghiệp khi,Đối tượng,3,Tổ chức nước ngoài,,88/2020/NĐ-CP; 45/2025/NĐ-CP; 190/2025/NQ-QH15; 25/2025/NĐ-CP; 84/2015/QH13
2.002342,Giải quyết chế độ cho người lao động phát hiện bị bệnh nghề nghiệp khi,Đối tượng,4,Hợp tác xã,,88/2020/NĐ-CP; 45/2025/NĐ-CP; 190/2025/NQ-QH15; 25/2025/NĐ-CP; 84/2015/QH13
2.002342,Giải quyết chế độ cho người lao động phát hiện bị bệnh nghề nghiệp khi,Đối tượng,5,"Tổ chức (không bao gồm doanh nghiệp, HTX)",,88/2020/NĐ-CP; 45/2025/NĐ-CP; 190/2025/NQ-QH15; 25/2025/NĐ-CP; 84/2015/QH13
2.002343,"Hỗ trợ chi phí khám, chữa bệnh nghề nghiệp cho người lao động phát hiệ",Đối tượng,1,Hợp tác xã,,88/2020/NĐ-CP; 45/2025/NĐ-CP; 25/2025/NĐ-CP; 190/2025/NQ-QH15; 84/2015/QH13
2.002343,"Hỗ trợ chi phí khám, chữa bệnh nghề nghiệp cho người lao động phát hiệ",Đối tượng,2,Công dân Việt Nam,,88/2020/NĐ-CP; 45/2025/NĐ-CP; 25/2025/NĐ-CP; 190/2025/NQ-QH15; 84/2015/QH13
2.002343,"Hỗ trợ chi phí khám, chữa bệnh nghề nghiệp cho người lao động phát hiệ",Đối tượng,3,Doanh nghiệp,,88/2020/NĐ-CP; 45/2025/NĐ-CP; 25/2025/NĐ-CP; 190/2025/NQ-QH15; 84/2015/QH13
2.002343,"Hỗ trợ chi phí khám, chữa bệnh nghề nghiệp cho người lao động phát hiệ",Đối tượng,4,Tổ chức nước ngoài,,88/2020/NĐ-CP; 45/2025/NĐ-CP; 25/2025/NĐ-CP; 190/2025/NQ-QH15; 84/2015/QH13
2.002343,"Hỗ trợ chi phí khám, chữa bệnh nghề nghiệp cho người lao động phát hiệ",Đối tượng,5,"Tổ chức (không bao gồm doanh nghiệp, HTX)",,88/2020/NĐ-CP; 45/2025/NĐ-CP; 25/2025/NĐ-CP; 190/2025/NQ-QH15; 84/2015/QH13
2.002352,"Thủ tục cấp hộ chiếu ngoại giao, hộ chiếu công vụ tại cơ quan trong nư",Đối tượng,1,Công dân Việt Nam,,49/2019/QH14; 23/2023/QH15; 219/2016/TT-BTC; 06/2023/TT-BNG; 64/2025/TT-BTC; 04/2020/TT-BNG; 25/2021/TT-BTC; 02/2017/TT-VPCP; 08/2025/TT-BNG
2.002352,"Thủ tục cấp hộ chiếu ngoại giao, hộ chiếu công vụ tại cơ quan trong nư",Đối tượng,2,"Cán bộ, công chức, viên chức",,49/2019/QH14; 23/2023/QH15; 219/2016/TT-BTC; 06/2023/TT-BNG; 64/2025/TT-BTC; 04/2020/TT-BNG; 25/2021/TT-BTC; 02/2017/TT-VPCP; 08/2025/TT-BNG
2.002353,"Thủ tục gia hạn hộ chiếu ngoại giao, hộ chiếu công vụ (không gắn chip",Đối tượng,1,Công dân Việt Nam,,06/2023/TT-BNG; 04/2020/TT-BNG; 49/2019/QH14
2.002353,"Thủ tục gia hạn hộ chiếu ngoại giao, hộ chiếu công vụ (không gắn chip",Đối tượng,2,"Cán bộ, công chức, viên chức",,06/2023/TT-BNG; 04/2020/TT-BNG; 49/2019/QH14
2.002354,Thủ tục cấp công hàm đề nghị phía nước ngoài cấp thị thực tại cơ quan,Đối tượng,1,Công dân Việt Nam,,02/2017/TT-VPCP; 49/2019/QH14; 219/2016/TT-BTC; 06/2023/TT-BNG; 04/2020/TT-BNG; 03/2023/TT-BNG
2.002354,Thủ tục cấp công hàm đề nghị phía nước ngoài cấp thị thực tại cơ quan,Đối tượng,2,"Cán bộ, công chức, viên chức",,02/2017/TT-VPCP; 49/2019/QH14; 219/2016/TT-BTC; 06/2023/TT-BNG; 04/2020/TT-BNG; 03/2023/TT-BNG
2.002355,"Thủ tục cấp hộ chiếu ngoại giao, hộ chiếu công vụ tại cơ quan đại diện",Đối tượng,1,Công dân Việt Nam,,264/2016/TT-BTC; 49/2019/QH14; 08/2025/TT-BNG; 06/2023/TT-BNG; 04/2020/TT-BNG
2.002355,"Thủ tục cấp hộ chiếu ngoại giao, hộ chiếu công vụ tại cơ quan đại diện",Đối tượng,2,"Cán bộ, công chức, viên chức",,264/2016/TT-BTC; 49/2019/QH14; 08/2025/TT-BNG; 06/2023/TT-BNG; 04/2020/TT-BNG
2.002356,"Thủ tục gia hạn hộ chiếu ngoại giao, hộ chiếu công vụ (không gắn chip",Đối tượng,1,"Cán bộ, công chức, viên chức",,264/2016/TT-BTC; 49/2019/QH14; 04/2020/TT-BNG
2.002356,"Thủ tục gia hạn hộ chiếu ngoại giao, hộ chiếu công vụ (không gắn chip",Đối tượng,2,Công dân Việt Nam,,264/2016/TT-BTC; 49/2019/QH14; 04/2020/TT-BNG
2.002516,Thủ tục xác nhận thông tin hộ tịch,Đối tượng,1,"Tổ chức (không bao gồm doanh nghiệp, HTX)",,04/2020/TT-BTP; 07/2025/NĐ-CP; 120/2025/NĐ-CP; 66.7/2025/NQ-CP; 01/2022/TT-BTP; 60/2014/QH13; 85/2019/TT-BTC; 104/2022/NĐ-CP; 123/2015/NĐ-CP; 08/2025/TT-BTP; 18/2026/NĐ-CP; 87/2020/NĐ-CP; 106/2021/TT-BTC; 281/2016/TT-BTC; 03/2023/TT-BTP
2.002516,Thủ tục xác nhận thông tin hộ tịch,Đối tượng,2,Công dân Việt Nam,,04/2020/TT-BTP; 07/2025/NĐ-CP; 120/2025/NĐ-CP; 66.7/2025/NQ-CP; 01/2022/TT-BTP; 60/2014/QH13; 85/2019/TT-BTC; 104/2022/NĐ-CP; 123/2015/NĐ-CP; 08/2025/TT-BTP; 18/2026/NĐ-CP; 87/2020/NĐ-CP; 106/2021/TT-BTC; 281/2016/TT-BTC; 03/2023/TT-BTP
2.002593,"Đề nghị đánh giá, công nhận Đơn vị học tập cấp tỉnh",Đối tượng,1,"Tổ chức (không bao gồm doanh nghiệp, HTX)",,24/2023/TT-BGDĐT
2.002593,"Đề nghị đánh giá, công nhận Đơn vị học tập cấp tỉnh",Đối tượng,2,Hợp tác xã,,24/2023/TT-BGDĐT
2.002602,Công bố dự án đầu tư kinh doanh (gồm dự án đầu tư có sử dụng đất) đối,Đối tượng,1,Công dân Việt Nam,,57/2024/QH15; 90/2025/QH15; 274/2026/NĐ-CP; 129/2026/TT-BTC; 22/2023/QH15
2.002602,Công bố dự án đầu tư kinh doanh (gồm dự án đầu tư có sử dụng đất) đối,Đối tượng,2,Doanh nghiệp,,57/2024/QH15; 90/2025/QH15; 274/2026/NĐ-CP; 129/2026/TT-BTC; 22/2023/QH15
2.002602,Công bố dự án đầu tư kinh doanh (gồm dự án đầu tư có sử dụng đất) đối,Đối tượng,3,Hợp tác xã,,57/2024/QH15; 90/2025/QH15; 274/2026/NĐ-CP; 129/2026/TT-BTC; 22/2023/QH15
2.002602,Công bố dự án đầu tư kinh doanh (gồm dự án đầu tư có sử dụng đất) đối,Đối tượng,4,"Cán bộ, công chức, viên chức",,57/2024/QH15; 90/2025/QH15; 274/2026/NĐ-CP; 129/2026/TT-BTC; 22/2023/QH15
2.002602,Công bố dự án đầu tư kinh doanh (gồm dự án đầu tư có sử dụng đất) đối,Đối tượng,5,"Tổ chức (không bao gồm doanh nghiệp, HTX)",,57/2024/QH15; 90/2025/QH15; 274/2026/NĐ-CP; 129/2026/TT-BTC; 22/2023/QH15
2.002602,Công bố dự án đầu tư kinh doanh (gồm dự án đầu tư có sử dụng đất) đối,Đối tượng,6,Doanh nghiệp Việt Nam,,57/2024/QH15; 90/2025/QH15; 274/2026/NĐ-CP; 129/2026/TT-BTC; 22/2023/QH15
2.002602,Công bố dự án đầu tư kinh doanh (gồm dự án đầu tư có sử dụng đất) đối,Đối tượng,7,Doanh nghiệp có vốn đầu tư nước ngoài,,57/2024/QH15; 90/2025/QH15; 274/2026/NĐ-CP; 129/2026/TT-BTC; 22/2023/QH15
2.002603,Công bố dự án đầu tư kinh doanh (gồm dự án đầu tư có sử dụng đất) đối,Đối tượng,1,Công dân Việt Nam,,22/2023/QH15; 57/2024/QH15; 90/2025/QH15; 274/2026/NĐ-CP; 129/2026/TT-BTC
2.002603,Công bố dự án đầu tư kinh doanh (gồm dự án đầu tư có sử dụng đất) đối,Đối tượng,2,Doanh nghiệp,,22/2023/QH15; 57/2024/QH15; 90/2025/QH15; 274/2026/NĐ-CP; 129/2026/TT-BTC
2.002603,Công bố dự án đầu tư kinh doanh (gồm dự án đầu tư có sử dụng đất) đối,Đối tượng,3,Hợp tác xã,,22/2023/QH15; 57/2024/QH15; 90/2025/QH15; 274/2026/NĐ-CP; 129/2026/TT-BTC
2.002603,Công bố dự án đầu tư kinh doanh (gồm dự án đầu tư có sử dụng đất) đối,Đối tượng,4,"Cán bộ, công chức, viên chức",,22/2023/QH15; 57/2024/QH15; 90/2025/QH15; 274/2026/NĐ-CP; 129/2026/TT-BTC
2.002603,Công bố dự án đầu tư kinh doanh (gồm dự án đầu tư có sử dụng đất) đối,Đối tượng,5,"Tổ chức (không bao gồm doanh nghiệp, HTX)",,22/2023/QH15; 57/2024/QH15; 90/2025/QH15; 274/2026/NĐ-CP; 129/2026/TT-BTC
2.002603,Công bố dự án đầu tư kinh doanh (gồm dự án đầu tư có sử dụng đất) đối,Đối tượng,6,Doanh nghiệp có vốn đầu tư nước ngoài,,22/2023/QH15; 57/2024/QH15; 90/2025/QH15; 274/2026/NĐ-CP; 129/2026/TT-BTC
2.002610,Đăng ký tham gia Hệ thống mạng đấu thầu quốc gia,Đối tượng,1,"Tổ chức (không bao gồm doanh nghiệp, HTX)",,214/2025/NĐ-CP; 22/2023/QH15
2.002610,Đăng ký tham gia Hệ thống mạng đấu thầu quốc gia,Đối tượng,2,Doanh nghiệp có vốn đầu tư nước ngoài,,214/2025/NĐ-CP; 22/2023/QH15
2.002610,Đăng ký tham gia Hệ thống mạng đấu thầu quốc gia,Đối tượng,3,Công dân Việt Nam,,214/2025/NĐ-CP; 22/2023/QH15
2.002610,Đăng ký tham gia Hệ thống mạng đấu thầu quốc gia,Đối tượng,4,Doanh nghiệp,,214/2025/NĐ-CP; 22/2023/QH15
2.002610,Đăng ký tham gia Hệ thống mạng đấu thầu quốc gia,Đối tượng,5,Hợp tác xã,,214/2025/NĐ-CP; 22/2023/QH15
2.002676,"Thông báo phát triển nguồn điện mặt trời mái nhà tự sản xuất, tự tiêu",Đối tượng,1,"Tổ chức (không bao gồm doanh nghiệp, HTX)",,58/2025/NĐ-CP; 62/2026/TT-BCA
2.002676,"Thông báo phát triển nguồn điện mặt trời mái nhà tự sản xuất, tự tiêu",Đối tượng,2,Công dân Việt Nam,,58/2025/NĐ-CP; 62/2026/TT-BCA
2.002676,"Thông báo phát triển nguồn điện mặt trời mái nhà tự sản xuất, tự tiêu",Đối tượng,3,Doanh nghiệp,,58/2025/NĐ-CP; 62/2026/TT-BCA
2.002676,"Thông báo phát triển nguồn điện mặt trời mái nhà tự sản xuất, tự tiêu",Đối tượng,4,Công dân Việt Nam mà không xác định được nơi thường trú hoặc nơi tạm trú,,58/2025/NĐ-CP; 62/2026/TT-BCA
2.002725,Thủ tục cấp Giấy chứng nhận đăng ký đầu tư theo thủ tục đầu tư đặc biệ,Đối tượng,1,"Tổ chức (không bao gồm doanh nghiệp, HTX)",,96/2026/NĐ-CP; 55/2026/TT-BTC; 143/2025/QH15
2.002725,Thủ tục cấp Giấy chứng nhận đăng ký đầu tư theo thủ tục đầu tư đặc biệ,Đối tượng,2,Người Việt Nam định cư ở nước ngoài,,96/2026/NĐ-CP; 55/2026/TT-BTC; 143/2025/QH15
2.002725,Thủ tục cấp Giấy chứng nhận đăng ký đầu tư theo thủ tục đầu tư đặc biệ,Đối tượng,3,Doanh nghiệp có vốn đầu tư nước ngoài,,96/2026/NĐ-CP; 55/2026/TT-BTC; 143/2025/QH15
2.002725,Thủ tục cấp Giấy chứng nhận đăng ký đầu tư theo thủ tục đầu tư đặc biệ,Đối tượng,4,Công dân Việt Nam,,96/2026/NĐ-CP; 55/2026/TT-BTC; 143/2025/QH15
2.002725,Thủ tục cấp Giấy chứng nhận đăng ký đầu tư theo thủ tục đầu tư đặc biệ,Đối tượng,5,Người nước ngoài,,96/2026/NĐ-CP; 55/2026/TT-BTC; 143/2025/QH15
2.002725,Thủ tục cấp Giấy chứng nhận đăng ký đầu tư theo thủ tục đầu tư đặc biệ,Đối tượng,6,Tổ chức nước ngoài,,96/2026/NĐ-CP; 55/2026/TT-BTC; 143/2025/QH15
2.002725,Thủ tục cấp Giấy chứng nhận đăng ký đầu tư theo thủ tục đầu tư đặc biệ,Đối tượng,7,Hợp tác xã,,96/2026/NĐ-CP; 55/2026/TT-BTC; 143/2025/QH15
2.002725,Thủ tục cấp Giấy chứng nhận đăng ký đầu tư theo thủ tục đầu tư đặc biệ,Đối tượng,8,Doanh nghiệp,,96/2026/NĐ-CP; 55/2026/TT-BTC; 143/2025/QH15
2.002727,Thủ tục cấp đổi Giấy chứng nhận đăng ký đầu tư theo thủ tục đầu tư đặc,Đối tượng,1,Doanh nghiệp có vốn đầu tư nước ngoài,,96/2026/NĐ-CP; 55/2026/TT-BTC; 143/2025/QH15
2.002727,Thủ tục cấp đổi Giấy chứng nhận đăng ký đầu tư theo thủ tục đầu tư đặc,Đối tượng,2,Công dân Việt Nam,,96/2026/NĐ-CP; 55/2026/TT-BTC; 143/2025/QH15
2.002727,Thủ tục cấp đổi Giấy chứng nhận đăng ký đầu tư theo thủ tục đầu tư đặc,Đối tượng,3,Doanh nghiệp,,96/2026/NĐ-CP; 55/2026/TT-BTC; 143/2025/QH15
2.002727,Thủ tục cấp đổi Giấy chứng nhận đăng ký đầu tư theo thủ tục đầu tư đặc,Đối tượng,4,Người nước ngoài,,96/2026/NĐ-CP; 55/2026/TT-BTC; 143/2025/QH15
2.002727,Thủ tục cấp đổi Giấy chứng nhận đăng ký đầu tư theo thủ tục đầu tư đặc,Đối tượng,5,Tổ chức nước ngoài,,96/2026/NĐ-CP; 55/2026/TT-BTC; 143/2025/QH15
2.002727,Thủ tục cấp đổi Giấy chứng nhận đăng ký đầu tư theo thủ tục đầu tư đặc,Đối tượng,6,Hợp tác xã,,96/2026/NĐ-CP; 55/2026/TT-BTC; 143/2025/QH15
2.002727,Thủ tục cấp đổi Giấy chứng nhận đăng ký đầu tư theo thủ tục đầu tư đặc,Đối tượng,7,"Tổ chức (không bao gồm doanh nghiệp, HTX)",,96/2026/NĐ-CP; 55/2026/TT-BTC; 143/2025/QH15
2.002727,Thủ tục cấp đổi Giấy chứng nhận đăng ký đầu tư theo thủ tục đầu tư đặc,Đối tượng,8,Người Việt Nam định cư ở nước ngoài,,96/2026/NĐ-CP; 55/2026/TT-BTC; 143/2025/QH15
2.002854,Chuyển trường và tiếp nhận học sinh,Đối tượng,1,Công dân Việt Nam,,15/2026/TT-BGDĐT
2.002854,Chuyển trường và tiếp nhận học sinh,Đối tượng,2,Người nước ngoài,,15/2026/TT-BGDĐT
2.002854,Chuyển trường và tiếp nhận học sinh,Đối tượng,3,Người Việt Nam định cư ở nước ngoài,,15/2026/TT-BGDĐT
2.002855,Tiếp nhận học sinh Việt Nam từ nước ngoài về nước,Đối tượng,1,Công dân Việt Nam,,Không có thông tin căn cứ pháp lý trong dữ liệu gốc
2.002855,Tiếp nhận học sinh Việt Nam từ nước ngoài về nước,Đối tượng,2,Người nước ngoài,,Không có thông tin căn cứ pháp lý trong dữ liệu gốc
2.002855,Tiếp nhận học sinh Việt Nam từ nước ngoài về nước,Đối tượng,3,Người Việt Nam định cư ở nước ngoài,,Không có thông tin căn cứ pháp lý trong dữ liệu gốc
2.002856,Tiếp nhận học sinh người nước ngoài,Đối tượng,1,Người Việt Nam định cư ở nước ngoài,,15/2026/TT-BGDĐT
2.002856,Tiếp nhận học sinh người nước ngoài,Đối tượng,2,Công dân Việt Nam,,15/2026/TT-BGDĐT
2.002856,Tiếp nhận học sinh người nước ngoài,Đối tượng,3,Người nước ngoài,,15/2026/TT-BGDĐT
2.002857,Tiếp nhận học sinh xin học lại,Đối tượng,1,Công dân Việt Nam,,15/2026/TT-BGDĐT
2.002857,Tiếp nhận học sinh xin học lại,Đối tượng,2,Người nước ngoài,,15/2026/TT-BGDĐT
2.002857,Tiếp nhận học sinh xin học lại,Đối tượng,3,Người Việt Nam định cư ở nước ngoài,,15/2026/TT-BGDĐT
2.002862,Hỗ trợ chi phí mai táng đối với người dân tộc thiểu số trên địa bàn tỉ,Đối tượng,1,Công dân Việt Nam,,23/2016/NĐ-CP; 78/2025/NĐ-CP; 56/2024/QH15; 87/2025/QH15; 64/2025/QH15; 53/2025/NQ-HĐND; 72/2025/QH15; 89/2025/QH15; 03/2007/QH12
2.002862,Hỗ trợ chi phí mai táng đối với người dân tộc thiểu số trên địa bàn tỉ,Đối tượng,2,Doanh nghiệp,,23/2016/NĐ-CP; 78/2025/NĐ-CP; 56/2024/QH15; 87/2025/QH15; 64/2025/QH15; 53/2025/NQ-HĐND; 72/2025/QH15; 89/2025/QH15; 03/2007/QH12
2.002862,Hỗ trợ chi phí mai táng đối với người dân tộc thiểu số trên địa bàn tỉ,Đối tượng,3,"Tổ chức (không bao gồm doanh nghiệp, HTX)",,23/2016/NĐ-CP; 78/2025/NĐ-CP; 56/2024/QH15; 87/2025/QH15; 64/2025/QH15; 53/2025/NQ-HĐND; 72/2025/QH15; 89/2025/QH15; 03/2007/QH12
2.002863,Chấp thuận thiết kế nút giao đấu nối vào đường địa phương đang khai th,Đối tượng,1,Hợp tác xã,,09/2025/TT-BXD; 41/2024/TT-BGTVT
2.002863,Chấp thuận thiết kế nút giao đấu nối vào đường địa phương đang khai th,Đối tượng,2,Công dân Việt Nam,,09/2025/TT-BXD; 41/2024/TT-BGTVT
2.002863,Chấp thuận thiết kế nút giao đấu nối vào đường địa phương đang khai th,Đối tượng,3,Doanh nghiệp,,09/2025/TT-BXD; 41/2024/TT-BGTVT
2.002863,Chấp thuận thiết kế nút giao đấu nối vào đường địa phương đang khai th,Đối tượng,4,Người nước ngoài,,09/2025/TT-BXD; 41/2024/TT-BGTVT
2.002863,Chấp thuận thiết kế nút giao đấu nối vào đường địa phương đang khai th,Đối tượng,5,Tổ chức nước ngoài,,09/2025/TT-BXD; 41/2024/TT-BGTVT
2.002863,Chấp thuận thiết kế nút giao đấu nối vào đường địa phương đang khai th,Đối tượng,6,Doanh nghiệp Việt Nam,,09/2025/TT-BXD; 41/2024/TT-BGTVT
2.002863,Chấp thuận thiết kế nút giao đấu nối vào đường địa phương đang khai th,Đối tượng,7,Doanh nghiệp có vốn đầu tư nước ngoài,,09/2025/TT-BXD; 41/2024/TT-BGTVT
2.002863,Chấp thuận thiết kế nút giao đấu nối vào đường địa phương đang khai th,Đối tượng,8,"Tổ chức (không bao gồm doanh nghiệp, HTX)",,09/2025/TT-BXD; 41/2024/TT-BGTVT
2.002864,Cấp phép thi công nút giao đấu nối vào đường địa phương đang khai thác,Đối tượng,1,Doanh nghiệp Việt Nam,,09/2025/TT-BXD; 41/2024/TT-BGTVT
2.002864,Cấp phép thi công nút giao đấu nối vào đường địa phương đang khai thác,Đối tượng,2,Doanh nghiệp có vốn đầu tư nước ngoài,,09/2025/TT-BXD; 41/2024/TT-BGTVT
2.002864,Cấp phép thi công nút giao đấu nối vào đường địa phương đang khai thác,Đối tượng,3,Hợp tác xã,,09/2025/TT-BXD; 41/2024/TT-BGTVT
2.002864,Cấp phép thi công nút giao đấu nối vào đường địa phương đang khai thác,Đối tượng,4,Công dân Việt Nam,,09/2025/TT-BXD; 41/2024/TT-BGTVT
2.002864,Cấp phép thi công nút giao đấu nối vào đường địa phương đang khai thác,Đối tượng,5,Doanh nghiệp,,09/2025/TT-BXD; 41/2024/TT-BGTVT
2.002864,Cấp phép thi công nút giao đấu nối vào đường địa phương đang khai thác,Đối tượng,6,Người nước ngoài,,09/2025/TT-BXD; 41/2024/TT-BGTVT
2.002864,Cấp phép thi công nút giao đấu nối vào đường địa phương đang khai thác,Đối tượng,7,Tổ chức nước ngoài,,09/2025/TT-BXD; 41/2024/TT-BGTVT
2.002864,Cấp phép thi công nút giao đấu nối vào đường địa phương đang khai thác,Đối tượng,8,"Tổ chức (không bao gồm doanh nghiệp, HTX)",,09/2025/TT-BXD; 41/2024/TT-BGTVT
2.002864,Cấp phép thi công nút giao đấu nối vào đường địa phương đang khai thác,Đối tượng,9,Người Việt Nam định cư ở nước ngoài,,09/2025/TT-BXD; 41/2024/TT-BGTVT
2.002865,Chấp thuận thiết kế nút giao đấu nối vào đường địa phương đang khai th,Đối tượng,1,Doanh nghiệp,,2026/QĐ-UBND
2.002865,Chấp thuận thiết kế nút giao đấu nối vào đường địa phương đang khai th,Đối tượng,2,Công dân Việt Nam,,2026/QĐ-UBND
2.002865,Chấp thuận thiết kế nút giao đấu nối vào đường địa phương đang khai th,Đối tượng,3,"Tổ chức (không bao gồm doanh nghiệp, HTX)",,2026/QĐ-UBND
2.002871,Thành lập hoặc cho phép thành lập phân hiệu của cơ sở giáo dục đại học,Đối tượng,1,Doanh nghiệp,,125/2024/NĐ-CP; 86/2018/NĐ-CP; 124/2024/NĐ-CP; 23/2026/NQ-CP; 66.7/2025/NQ-CP
2.002871,Thành lập hoặc cho phép thành lập phân hiệu của cơ sở giáo dục đại học,Đối tượng,2,Doanh nghiệp có vốn đầu tư nước ngoài,,125/2024/NĐ-CP; 86/2018/NĐ-CP; 124/2024/NĐ-CP; 23/2026/NQ-CP; 66.7/2025/NQ-CP
2.002871,Thành lập hoặc cho phép thành lập phân hiệu của cơ sở giáo dục đại học,Đối tượng,3,Doanh nghiệp Việt Nam,,125/2024/NĐ-CP; 86/2018/NĐ-CP; 124/2024/NĐ-CP; 23/2026/NQ-CP; 66.7/2025/NQ-CP
2.002876,"Giải thể cơ sở giáo dục đại học, phân hiệu của cơ sở giáo dục đại học",Đối tượng,1,Doanh nghiệp,,125/2024/NĐ-CP; 86/2018/NĐ-CP; 124/2024/NĐ-CP; 23/2026/NQ-CP
2.002876,"Giải thể cơ sở giáo dục đại học, phân hiệu của cơ sở giáo dục đại học",Đối tượng,2,Doanh nghiệp Việt Nam,,125/2024/NĐ-CP; 86/2018/NĐ-CP; 124/2024/NĐ-CP; 23/2026/NQ-CP
2.002876,"Giải thể cơ sở giáo dục đại học, phân hiệu của cơ sở giáo dục đại học",Đối tượng,3,Doanh nghiệp có vốn đầu tư nước ngoài,,125/2024/NĐ-CP; 86/2018/NĐ-CP; 124/2024/NĐ-CP; 23/2026/NQ-CP
2.002877,Thành lập trường cao đẳng,Đối tượng,1,Doanh nghiệp,,140/2018/NĐ-CP; 24/2022/NĐ-CP; 66.7/2025/NQ-CP; 143/2016/NĐ-CP; 15/2019/NĐ-CP; 23/2026/NQ-CP
2.002877,Thành lập trường cao đẳng,Đối tượng,2,Doanh nghiệp Việt Nam,,140/2018/NĐ-CP; 24/2022/NĐ-CP; 66.7/2025/NQ-CP; 143/2016/NĐ-CP; 15/2019/NĐ-CP; 23/2026/NQ-CP
2.002878,"Chia, tách, sáp nhập trường cao đẳng",Đối tượng,1,Doanh nghiệp,,Không có thông tin căn cứ pháp lý trong dữ liệu gốc
2.002878,"Chia, tách, sáp nhập trường cao đẳng",Đối tượng,2,Doanh nghiệp Việt Nam,,Không có thông tin căn cứ pháp lý trong dữ liệu gốc
2.002878,"Chia, tách, sáp nhập trường cao đẳng",Đối tượng,3,Doanh nghiệp có vốn đầu tư nước ngoài,,Không có thông tin căn cứ pháp lý trong dữ liệu gốc
2.002879,Đổi tên trường cao đẳng,Đối tượng,1,Doanh nghiệp có vốn đầu tư nước ngoài,,95/2026/NĐ-CP; 23/2026/NQ-CP
2.002879,Đổi tên trường cao đẳng,Đối tượng,2,Doanh nghiệp Việt Nam,,95/2026/NĐ-CP; 23/2026/NQ-CP
2.002879,Đổi tên trường cao đẳng,Đối tượng,3,Doanh nghiệp,,95/2026/NĐ-CP; 23/2026/NQ-CP
2.002880,Giải thể trường cao đẳng,Đối tượng,1,Doanh nghiệp,,140/2018/NĐ-CP; 24/2022/NĐ-CP; 143/2016/NĐ-CP; 23/2026/NQ-CP; 15/2019/NĐ-CP
2.002880,Giải thể trường cao đẳng,Đối tượng,2,Doanh nghiệp có vốn đầu tư nước ngoài,,140/2018/NĐ-CP; 24/2022/NĐ-CP; 143/2016/NĐ-CP; 23/2026/NQ-CP; 15/2019/NĐ-CP
2.002880,Giải thể trường cao đẳng,Đối tượng,3,Doanh nghiệp Việt Nam,,140/2018/NĐ-CP; 24/2022/NĐ-CP; 143/2016/NĐ-CP; 23/2026/NQ-CP; 15/2019/NĐ-CP
2.002881,Cấp giấy chứng nhận đăng ký hoạt động giáo dục nghề nghiệp đối với trư,Đối tượng,1,Doanh nghiệp Việt Nam,,66.16/2026/NQ-CP; 140/2018/NĐ-CP; 24/2022/NĐ-CP; 143/2016/NĐ-CP; 23/2026/NQ-CP; 15/2019/NĐ-CP
2.002881,Cấp giấy chứng nhận đăng ký hoạt động giáo dục nghề nghiệp đối với trư,Đối tượng,2,Doanh nghiệp,,66.16/2026/NQ-CP; 140/2018/NĐ-CP; 24/2022/NĐ-CP; 143/2016/NĐ-CP; 23/2026/NQ-CP; 15/2019/NĐ-CP
2.002882,"Thành lập, cho phép thành lập phân hiệu của trường cao đẳng",Đối tượng,1,Doanh nghiệp,,95/2026/NĐ-CP; 23/2026/NQ-CP
2.002882,"Thành lập, cho phép thành lập phân hiệu của trường cao đẳng",Đối tượng,2,Doanh nghiệp có vốn đầu tư nước ngoài,,95/2026/NĐ-CP; 23/2026/NQ-CP
2.002882,"Thành lập, cho phép thành lập phân hiệu của trường cao đẳng",Đối tượng,3,Doanh nghiệp Việt Nam,,95/2026/NĐ-CP; 23/2026/NQ-CP
2.002883,Giải thể phân hiệu của trường cao đẳng,Đối tượng,1,Doanh nghiệp,,95/2026/NĐ-CP; 23/2026/NQ-CP
2.002883,Giải thể phân hiệu của trường cao đẳng,Đối tượng,2,Doanh nghiệp có vốn đầu tư nước ngoài,,95/2026/NĐ-CP; 23/2026/NQ-CP
2.002883,Giải thể phân hiệu của trường cao đẳng,Đối tượng,3,Doanh nghiệp Việt Nam,,95/2026/NĐ-CP; 23/2026/NQ-CP
2.002884,"Cho phép thành lập trường trung cấp, trung tâm giáo dục nghề nghiệp, c",Đối tượng,1,Doanh nghiệp Việt Nam,,143/2016/NĐ-CP; 23/2026/NQ-CP; 140/2018/NĐ-CP; 24/2022/NĐ-CP; 142/2025/NĐ-CP
2.002884,"Cho phép thành lập trường trung cấp, trung tâm giáo dục nghề nghiệp, c",Đối tượng,2,Doanh nghiệp có vốn đầu tư nước ngoài,,143/2016/NĐ-CP; 23/2026/NQ-CP; 140/2018/NĐ-CP; 24/2022/NĐ-CP; 142/2025/NĐ-CP
2.002884,"Cho phép thành lập trường trung cấp, trung tâm giáo dục nghề nghiệp, c",Đối tượng,3,Doanh nghiệp,,143/2016/NĐ-CP; 23/2026/NQ-CP; 140/2018/NĐ-CP; 24/2022/NĐ-CP; 142/2025/NĐ-CP
2.002885,"Chia, tách, sáp nhập trung tâm giáo dục nghề nghiệp, trường trung cấp",Đối tượng,1,Doanh nghiệp có vốn đầu tư nước ngoài,,143/2016/NĐ-CP; 23/2026/NQ-CP; 66.16/2026/NQ-CP; 24/2022/NĐ-CP; 140/2018/NĐ-CP
2.002885,"Chia, tách, sáp nhập trung tâm giáo dục nghề nghiệp, trường trung cấp",Đối tượng,2,Doanh nghiệp Việt Nam,,143/2016/NĐ-CP; 23/2026/NQ-CP; 66.16/2026/NQ-CP; 24/2022/NĐ-CP; 140/2018/NĐ-CP
2.002885,"Chia, tách, sáp nhập trung tâm giáo dục nghề nghiệp, trường trung cấp",Đối tượng,3,Doanh nghiệp,,143/2016/NĐ-CP; 23/2026/NQ-CP; 66.16/2026/NQ-CP; 24/2022/NĐ-CP; 140/2018/NĐ-CP
2.002886,"Cho phép giải thể trung tâm giáo dục nghề nghiệp, trường trung cấp tư",Đối tượng,1,Doanh nghiệp Việt Nam,,24/2022/NĐ-CP; 142/2025/NĐ-CP; 143/2016/NĐ-CP; 23/2026/NQ-CP
2.002886,"Cho phép giải thể trung tâm giáo dục nghề nghiệp, trường trung cấp tư",Đối tượng,2,Doanh nghiệp có vốn đầu tư nước ngoài,,24/2022/NĐ-CP; 142/2025/NĐ-CP; 143/2016/NĐ-CP; 23/2026/NQ-CP
2.002886,"Cho phép giải thể trung tâm giáo dục nghề nghiệp, trường trung cấp tư",Đối tượng,3,Doanh nghiệp,,24/2022/NĐ-CP; 142/2025/NĐ-CP; 143/2016/NĐ-CP; 23/2026/NQ-CP
2.002887,"Thành lập phân hiệu của trường trung cấp, trường trung học nghề",Đối tượng,1,Doanh nghiệp Việt Nam,,23/2026/NQ-CP; 95/2026/NĐ-CP; 124/2025/QH15
2.002887,"Thành lập phân hiệu của trường trung cấp, trường trung học nghề",Đối tượng,2,Doanh nghiệp có vốn đầu tư nước ngoài,,23/2026/NQ-CP; 95/2026/NĐ-CP; 124/2025/QH15
2.002887,"Thành lập phân hiệu của trường trung cấp, trường trung học nghề",Đối tượng,3,Công dân Việt Nam,,23/2026/NQ-CP; 95/2026/NĐ-CP; 124/2025/QH15
2.002887,"Thành lập phân hiệu của trường trung cấp, trường trung học nghề",Đối tượng,4,Doanh nghiệp,,23/2026/NQ-CP; 95/2026/NĐ-CP; 124/2025/QH15
2.002887,"Thành lập phân hiệu của trường trung cấp, trường trung học nghề",Đối tượng,5,Người nước ngoài cư trú tại Việt Nam,,23/2026/NQ-CP; 95/2026/NĐ-CP; 124/2025/QH15
2.002887,"Thành lập phân hiệu của trường trung cấp, trường trung học nghề",Đối tượng,6,Người nước ngoài,,23/2026/NQ-CP; 95/2026/NĐ-CP; 124/2025/QH15
2.002887,"Thành lập phân hiệu của trường trung cấp, trường trung học nghề",Đối tượng,7,Tổ chức nước ngoài,,23/2026/NQ-CP; 95/2026/NĐ-CP; 124/2025/QH15
2.002887,"Thành lập phân hiệu của trường trung cấp, trường trung học nghề",Đối tượng,8,Hợp tác xã,,23/2026/NQ-CP; 95/2026/NĐ-CP; 124/2025/QH15
2.002887,"Thành lập phân hiệu của trường trung cấp, trường trung học nghề",Đối tượng,9,"Tổ chức (không bao gồm doanh nghiệp, HTX)",,23/2026/NQ-CP; 95/2026/NĐ-CP; 124/2025/QH15
2.002887,"Thành lập phân hiệu của trường trung cấp, trường trung học nghề",Đối tượng,10,Người Việt Nam định cư ở nước ngoài,,23/2026/NQ-CP; 95/2026/NĐ-CP; 124/2025/QH15
2.002888,"Giải thể phân hiệu của trường trung cấp, trường trung học nghề",Đối tượng,1,Tổ chức nước ngoài,,23/2026/NQ-CP; 95/2026/NĐ-CP
2.002888,"Giải thể phân hiệu của trường trung cấp, trường trung học nghề",Đối tượng,2,Người nước ngoài,,23/2026/NQ-CP; 95/2026/NĐ-CP
2.002888,"Giải thể phân hiệu của trường trung cấp, trường trung học nghề",Đối tượng,3,Doanh nghiệp,,23/2026/NQ-CP; 95/2026/NĐ-CP
2.002888,"Giải thể phân hiệu của trường trung cấp, trường trung học nghề",Đối tượng,4,Công dân Việt Nam,,23/2026/NQ-CP; 95/2026/NĐ-CP
2.002888,"Giải thể phân hiệu của trường trung cấp, trường trung học nghề",Đối tượng,5,Người nước ngoài cư trú tại Việt Nam,,23/2026/NQ-CP; 95/2026/NĐ-CP
2.002888,"Giải thể phân hiệu của trường trung cấp, trường trung học nghề",Đối tượng,6,Hợp tác xã,,23/2026/NQ-CP; 95/2026/NĐ-CP
2.002888,"Giải thể phân hiệu của trường trung cấp, trường trung học nghề",Đối tượng,7,"Tổ chức (không bao gồm doanh nghiệp, HTX)",,23/2026/NQ-CP; 95/2026/NĐ-CP
2.002888,"Giải thể phân hiệu của trường trung cấp, trường trung học nghề",Đối tượng,8,Người Việt Nam định cư ở nước ngoài,,23/2026/NQ-CP; 95/2026/NĐ-CP
2.002888,"Giải thể phân hiệu của trường trung cấp, trường trung học nghề",Đối tượng,9,Doanh nghiệp có vốn đầu tư nước ngoài,,23/2026/NQ-CP; 95/2026/NĐ-CP
2.002888,"Giải thể phân hiệu của trường trung cấp, trường trung học nghề",Đối tượng,10,Doanh nghiệp Việt Nam,,23/2026/NQ-CP; 95/2026/NĐ-CP
2.002889,"Đổi tên trường trung cấp, trường trung học nghề",Đối tượng,1,Doanh nghiệp có vốn đầu tư nước ngoài,,124/2025/QH15; 23/2026/NQ-CP; 95/2026/NĐ-CP
2.002889,"Đổi tên trường trung cấp, trường trung học nghề",Đối tượng,2,Doanh nghiệp Việt Nam,,124/2025/QH15; 23/2026/NQ-CP; 95/2026/NĐ-CP
2.002889,"Đổi tên trường trung cấp, trường trung học nghề",Đối tượng,3,"Tổ chức (không bao gồm doanh nghiệp, HTX)",,124/2025/QH15; 23/2026/NQ-CP; 95/2026/NĐ-CP
2.002889,"Đổi tên trường trung cấp, trường trung học nghề",Đối tượng,4,Người Việt Nam định cư ở nước ngoài,,124/2025/QH15; 23/2026/NQ-CP; 95/2026/NĐ-CP
2.002889,"Đổi tên trường trung cấp, trường trung học nghề",Đối tượng,5,Công dân Việt Nam,,124/2025/QH15; 23/2026/NQ-CP; 95/2026/NĐ-CP
2.002889,"Đổi tên trường trung cấp, trường trung học nghề",Đối tượng,6,Người nước ngoài cư trú tại Việt Nam,,124/2025/QH15; 23/2026/NQ-CP; 95/2026/NĐ-CP
2.002889,"Đổi tên trường trung cấp, trường trung học nghề",Đối tượng,7,Doanh nghiệp,,124/2025/QH15; 23/2026/NQ-CP; 95/2026/NĐ-CP
2.002889,"Đổi tên trường trung cấp, trường trung học nghề",Đối tượng,8,Người nước ngoài,,124/2025/QH15; 23/2026/NQ-CP; 95/2026/NĐ-CP
2.002889,"Đổi tên trường trung cấp, trường trung học nghề",Đối tượng,9,Tổ chức nước ngoài,,124/2025/QH15; 23/2026/NQ-CP; 95/2026/NĐ-CP
2.002889,"Đổi tên trường trung cấp, trường trung học nghề",Đối tượng,10,Hợp tác xã,,124/2025/QH15; 23/2026/NQ-CP; 95/2026/NĐ-CP
2.002890,Cấp giấy chứng nhận đăng ký hoạt động giáo dục nghề nghiệp đối với trư,Đối tượng,1,Doanh nghiệp,,140/2018/NĐ-CP; 66.16/2026/NQ-CP; 143/2016/NĐ-CP; 15/2019/NĐ-CP; 23/2026/NQ-CP; 24/2022/NĐ-CP; 142/2025/NĐ-CP
2.002890,Cấp giấy chứng nhận đăng ký hoạt động giáo dục nghề nghiệp đối với trư,Đối tượng,2,Doanh nghiệp có vốn đầu tư nước ngoài,,140/2018/NĐ-CP; 66.16/2026/NQ-CP; 143/2016/NĐ-CP; 15/2019/NĐ-CP; 23/2026/NQ-CP; 24/2022/NĐ-CP; 142/2025/NĐ-CP
2.002890,Cấp giấy chứng nhận đăng ký hoạt động giáo dục nghề nghiệp đối với trư,Đối tượng,3,Doanh nghiệp Việt Nam,,140/2018/NĐ-CP; 66.16/2026/NQ-CP; 143/2016/NĐ-CP; 15/2019/NĐ-CP; 23/2026/NQ-CP; 24/2022/NĐ-CP; 142/2025/NĐ-CP
2.002891,"Thành lập hoặc cho phép thành lập nhà trẻ, trường mẫu giáo, trường mầm",Đối tượng,1,Doanh nghiệp Việt Nam,,66.16/2026/NQ-CP; 125/2024/NĐ-CP; 124/2024/NĐ-CP; 23/2026/NQ-CP; 86/2018/NĐ-CP; 142/2025/NĐ-CP
2.002891,"Thành lập hoặc cho phép thành lập nhà trẻ, trường mẫu giáo, trường mầm",Đối tượng,2,Doanh nghiệp có vốn đầu tư nước ngoài,,66.16/2026/NQ-CP; 125/2024/NĐ-CP; 124/2024/NĐ-CP; 23/2026/NQ-CP; 86/2018/NĐ-CP; 142/2025/NĐ-CP
2.002891,"Thành lập hoặc cho phép thành lập nhà trẻ, trường mẫu giáo, trường mầm",Đối tượng,3,Doanh nghiệp,,66.16/2026/NQ-CP; 125/2024/NĐ-CP; 124/2024/NĐ-CP; 23/2026/NQ-CP; 86/2018/NĐ-CP; 142/2025/NĐ-CP
2.002892,"Sáp nhập, chia, tách nhà trẻ, trường mẫu giáo, trường mầm non",Đối tượng,1,Doanh nghiệp,,125/2024/NĐ-CP; 66.16/2026/NQ-CP; 142/2025/NĐ-CP
2.002892,"Sáp nhập, chia, tách nhà trẻ, trường mẫu giáo, trường mầm non",Đối tượng,2,Doanh nghiệp có vốn đầu tư nước ngoài,,125/2024/NĐ-CP; 66.16/2026/NQ-CP; 142/2025/NĐ-CP
2.002892,"Sáp nhập, chia, tách nhà trẻ, trường mẫu giáo, trường mầm non",Đối tượng,3,Doanh nghiệp Việt Nam,,125/2024/NĐ-CP; 66.16/2026/NQ-CP; 142/2025/NĐ-CP
2.002893,"Giải thể nhà trẻ, trường mẫu giáo, trường mầm non",Đối tượng,1,Doanh nghiệp,,23/2026/NQ-CP; 125/2024/NĐ-CP; 86/2018/NĐ-CP; 124/2024/NĐ-CP; 66.16/2026/NQ-CP; 142/2025/NĐ-CP
2.002893,"Giải thể nhà trẻ, trường mẫu giáo, trường mầm non",Đối tượng,2,Doanh nghiệp Việt Nam,,23/2026/NQ-CP; 125/2024/NĐ-CP; 86/2018/NĐ-CP; 124/2024/NĐ-CP; 66.16/2026/NQ-CP; 142/2025/NĐ-CP
2.002893,"Giải thể nhà trẻ, trường mẫu giáo, trường mầm non",Đối tượng,3,Doanh nghiệp có vốn đầu tư nước ngoài,,23/2026/NQ-CP; 125/2024/NĐ-CP; 86/2018/NĐ-CP; 124/2024/NĐ-CP; 66.16/2026/NQ-CP; 142/2025/NĐ-CP
2.002894,"Cho phép nhà trẻ, trường mẫu giáo, trường mầm non, nhà trẻ hoạt động g",Đối tượng,1,Doanh nghiệp,,23/2026/NQ-CP; 66.16/2026/NQ-CP; 125/2024/NĐ-CP; 142/2025/NĐ-CP; 124/2024/NĐ-CP; 86/2018/NĐ-CP
2.002894,"Cho phép nhà trẻ, trường mẫu giáo, trường mầm non, nhà trẻ hoạt động g",Đối tượng,2,Doanh nghiệp Việt Nam,,23/2026/NQ-CP; 66.16/2026/NQ-CP; 125/2024/NĐ-CP; 142/2025/NĐ-CP; 124/2024/NĐ-CP; 86/2018/NĐ-CP
2.002894,"Cho phép nhà trẻ, trường mẫu giáo, trường mầm non, nhà trẻ hoạt động g",Đối tượng,3,Doanh nghiệp có vốn đầu tư nước ngoài,,23/2026/NQ-CP; 66.16/2026/NQ-CP; 125/2024/NĐ-CP; 142/2025/NĐ-CP; 124/2024/NĐ-CP; 86/2018/NĐ-CP
2.002911,Chấp thuận thiết kế nút giao đấu nối vào đường địa phương đang khai th,Đối tượng,1,Tổ chức nước ngoài,,Không có thông tin căn cứ pháp lý trong dữ liệu gốc
2.002911,Chấp thuận thiết kế nút giao đấu nối vào đường địa phương đang khai th,Đối tượng,2,Công dân Việt Nam,,Không có thông tin căn cứ pháp lý trong dữ liệu gốc
2.002911,Chấp thuận thiết kế nút giao đấu nối vào đường địa phương đang khai th,Đối tượng,3,Hợp tác xã,,Không có thông tin căn cứ pháp lý trong dữ liệu gốc
2.002911,Chấp thuận thiết kế nút giao đấu nối vào đường địa phương đang khai th,Đối tượng,4,Người nước ngoài,,Không có thông tin căn cứ pháp lý trong dữ liệu gốc
2.002911,Chấp thuận thiết kế nút giao đấu nối vào đường địa phương đang khai th,Đối tượng,5,Người nước ngoài đã cư trú tại Việt Nam,,Không có thông tin căn cứ pháp lý trong dữ liệu gốc
2.002911,Chấp thuận thiết kế nút giao đấu nối vào đường địa phương đang khai th,Đối tượng,6,Doanh nghiệp,,Không có thông tin căn cứ pháp lý trong dữ liệu gốc
2.002911,Chấp thuận thiết kế nút giao đấu nối vào đường địa phương đang khai th,Đối tượng,7,"Tổ chức (không bao gồm doanh nghiệp, HTX)",,Không có thông tin căn cứ pháp lý trong dữ liệu gốc
2.002911,Chấp thuận thiết kế nút giao đấu nối vào đường địa phương đang khai th,Đối tượng,8,Người Việt Nam định cư ở nước ngoài,,Không có thông tin căn cứ pháp lý trong dữ liệu gốc
2.002911,Chấp thuận thiết kế nút giao đấu nối vào đường địa phương đang khai th,Đối tượng,9,Doanh nghiệp có vốn đầu tư nước ngoài,,Không có thông tin căn cứ pháp lý trong dữ liệu gốc
2.002911,Chấp thuận thiết kế nút giao đấu nối vào đường địa phương đang khai th,Đối tượng,10,Doanh nghiệp Việt Nam,,Không có thông tin căn cứ pháp lý trong dữ liệu gốc
2.002912,Cấp phép thi công nút giao đấu nối vào đường địa phương đang khai thác,Đối tượng,1,"Tổ chức (không bao gồm doanh nghiệp, HTX)",,Không có thông tin căn cứ pháp lý trong dữ liệu gốc
2.002912,Cấp phép thi công nút giao đấu nối vào đường địa phương đang khai thác,Đối tượng,2,Công dân Việt Nam,,Không có thông tin căn cứ pháp lý trong dữ liệu gốc
2.002912,Cấp phép thi công nút giao đấu nối vào đường địa phương đang khai thác,Đối tượng,3,Tổ chức nước ngoài,,Không có thông tin căn cứ pháp lý trong dữ liệu gốc
2.002912,Cấp phép thi công nút giao đấu nối vào đường địa phương đang khai thác,Đối tượng,4,Hợp tác xã,,Không có thông tin căn cứ pháp lý trong dữ liệu gốc
2.002912,Cấp phép thi công nút giao đấu nối vào đường địa phương đang khai thác,Đối tượng,5,Người nước ngoài,,Không có thông tin căn cứ pháp lý trong dữ liệu gốc
2.002912,Cấp phép thi công nút giao đấu nối vào đường địa phương đang khai thác,Đối tượng,6,Người nước ngoài đã cư trú tại Việt Nam,,Không có thông tin căn cứ pháp lý trong dữ liệu gốc
2.002912,Cấp phép thi công nút giao đấu nối vào đường địa phương đang khai thác,Đối tượng,7,Doanh nghiệp,,Không có thông tin căn cứ pháp lý trong dữ liệu gốc
2.002912,Cấp phép thi công nút giao đấu nối vào đường địa phương đang khai thác,Đối tượng,8,Doanh nghiệp có vốn đầu tư nước ngoài,,Không có thông tin căn cứ pháp lý trong dữ liệu gốc
2.002912,Cấp phép thi công nút giao đấu nối vào đường địa phương đang khai thác,Đối tượng,9,Doanh nghiệp Việt Nam,,Không có thông tin căn cứ pháp lý trong dữ liệu gốc
2.002912,Cấp phép thi công nút giao đấu nối vào đường địa phương đang khai thác,Đối tượng,10,Người Việt Nam định cư ở nước ngoài,,Không có thông tin căn cứ pháp lý trong dữ liệu gốc
2.002913,"Liên thông điện tử: Đăng ký khai tử, xóa đăng ký thường trú, giải quyế",Đối tượng,1,Công dân Việt Nam,,301/2026/NĐ-CP
2.002913,"Liên thông điện tử: Đăng ký khai tử, xóa đăng ký thường trú, giải quyế",Đối tượng,2,"Tổ chức (không bao gồm doanh nghiệp, HTX)",,301/2026/NĐ-CP
3.000202,Hỗ trợ sau đầu tư cho các dự án đầu tư theo Nghị quyết số 01/2022/NQ-H,Đối tượng,1,Công dân Việt Nam,,01/2022/NQ-HĐND
3.000202,Hỗ trợ sau đầu tư cho các dự án đầu tư theo Nghị quyết số 01/2022/NQ-H,Đối tượng,2,Doanh nghiệp,,01/2022/NQ-HĐND
3.000202,Hỗ trợ sau đầu tư cho các dự án đầu tư theo Nghị quyết số 01/2022/NQ-H,Đối tượng,3,"Tổ chức (không bao gồm doanh nghiệp, HTX)",,01/2022/NQ-HĐND
3.000243,"Cấp mới Giấy chứng nhận đủ điều kiện về an ninh, trật tự (thực hiện tạ",Đối tượng,1,"Tổ chức (không bao gồm doanh nghiệp, HTX)",,23/2019/TT-BTC; 42/2017/TT-BCA; 218/2016/TT-BTC; 96/2016/NĐ-CP; 56/2023/NĐ-CP; 15/2022/TT-BCA; 43/2017/TT-BCA
3.000243,"Cấp mới Giấy chứng nhận đủ điều kiện về an ninh, trật tự (thực hiện tạ",Đối tượng,2,Công dân Việt Nam,,23/2019/TT-BTC; 42/2017/TT-BCA; 218/2016/TT-BTC; 96/2016/NĐ-CP; 56/2023/NĐ-CP; 15/2022/TT-BCA; 43/2017/TT-BCA
3.000243,"Cấp mới Giấy chứng nhận đủ điều kiện về an ninh, trật tự (thực hiện tạ",Đối tượng,3,Doanh nghiệp,,23/2019/TT-BTC; 42/2017/TT-BCA; 218/2016/TT-BTC; 96/2016/NĐ-CP; 56/2023/NĐ-CP; 15/2022/TT-BCA; 43/2017/TT-BCA
3.000243,"Cấp mới Giấy chứng nhận đủ điều kiện về an ninh, trật tự (thực hiện tạ",Đối tượng,4,Người nước ngoài,,23/2019/TT-BTC; 42/2017/TT-BCA; 218/2016/TT-BTC; 96/2016/NĐ-CP; 56/2023/NĐ-CP; 15/2022/TT-BCA; 43/2017/TT-BCA
3.000244,"Cấp đổi Giấy chứng nhận đủ điều kiện về an ninh, trật tự (thực hiện tạ",Đối tượng,1,Công dân Việt Nam,,218/2016/TT-BTC; 96/2016/NĐ-CP; 56/2023/NĐ-CP; 15/2022/TT-BCA; 43/2017/TT-BCA; 23/2019/TT-BTC; 42/2017/TT-BCA
3.000244,"Cấp đổi Giấy chứng nhận đủ điều kiện về an ninh, trật tự (thực hiện tạ",Đối tượng,2,Doanh nghiệp,,218/2016/TT-BTC; 96/2016/NĐ-CP; 56/2023/NĐ-CP; 15/2022/TT-BCA; 43/2017/TT-BCA; 23/2019/TT-BTC; 42/2017/TT-BCA
3.000244,"Cấp đổi Giấy chứng nhận đủ điều kiện về an ninh, trật tự (thực hiện tạ",Đối tượng,3,Người nước ngoài,,218/2016/TT-BTC; 96/2016/NĐ-CP; 56/2023/NĐ-CP; 15/2022/TT-BCA; 43/2017/TT-BCA; 23/2019/TT-BTC; 42/2017/TT-BCA
3.000307,"Sáp nhập, chia, tách trung tâm học tập cộng đồng",Đối tượng,1,"Tổ chức (không bao gồm doanh nghiệp, HTX)",,142/2025/NĐ-CP; 125/2024/NĐ-CP; 66.16/2026/NQ-CP
3.000307,"Sáp nhập, chia, tách trung tâm học tập cộng đồng",Đối tượng,2,Công dân Việt Nam,,142/2025/NĐ-CP; 125/2024/NĐ-CP; 66.16/2026/NQ-CP
3.000308,"Giải thể trung tâm học tập cộng đồng (theo đề nghị của tổ chức, cá nhâ",Đối tượng,1,Công dân Việt Nam,,66.16/2026/NQ-CP; 125/2024/NĐ-CP; 142/2025/NĐ-CP
3.000308,"Giải thể trung tâm học tập cộng đồng (theo đề nghị của tổ chức, cá nhâ",Đối tượng,2,"Tổ chức (không bao gồm doanh nghiệp, HTX)",,66.16/2026/NQ-CP; 125/2024/NĐ-CP; 142/2025/NĐ-CP
3.000315,Thành lập hoặc cho phép thành lập trung tâm khác thực hiện nhiệm vụ gi,Đối tượng,1,"Tổ chức (không bao gồm doanh nghiệp, HTX)",,142/2025/NĐ-CP; 66.16/2026/NQ-CP; 125/2024/NĐ-CP
3.000315,Thành lập hoặc cho phép thành lập trung tâm khác thực hiện nhiệm vụ gi,Đối tượng,2,Công dân Việt Nam,,142/2025/NĐ-CP; 66.16/2026/NQ-CP; 125/2024/NĐ-CP
3.000315,Thành lập hoặc cho phép thành lập trung tâm khác thực hiện nhiệm vụ gi,Đối tượng,3,Doanh nghiệp,,142/2025/NĐ-CP; 66.16/2026/NQ-CP; 125/2024/NĐ-CP
3.000317,"Sáp nhập, chia, tách trung tâm khác thực hiện nhiệm vụ giáo dục thường",Đối tượng,1,Công dân Việt Nam,,125/2024/NĐ-CP; 142/2025/NĐ-CP; 66.16/2026/NQ-CP
3.000317,"Sáp nhập, chia, tách trung tâm khác thực hiện nhiệm vụ giáo dục thường",Đối tượng,2,"Tổ chức (không bao gồm doanh nghiệp, HTX)",,125/2024/NĐ-CP; 142/2025/NĐ-CP; 66.16/2026/NQ-CP
3.000322,Đăng ký chấm dứt giám sát việc giám hộ,Đối tượng,1,"Tổ chức (không bao gồm doanh nghiệp, HTX)",,04/2020/TT-BTP; 120/2025/NĐ-CP; 66.7/2025/NQ-CP; 01/2022/TT-BTP; 07/2025/NĐ-CP; 281/2016/TT-BTC; 04/2024/TT-BTP; 106/2021/TT-BTC; 60/2014/QH13; 85/2019/TT-BTC; 104/2022/NĐ-CP; 123/2015/NĐ-CP; 08/2025/TT-BTP; 18/2026/NĐ-CP; 87/2020/NĐ-CP; 03/2023/TT-BTP; 91/2015/QH13
3.000322,Đăng ký chấm dứt giám sát việc giám hộ,Đối tượng,2,Người Việt Nam định cư ở nước ngoài,,04/2020/TT-BTP; 120/2025/NĐ-CP; 66.7/2025/NQ-CP; 01/2022/TT-BTP; 07/2025/NĐ-CP; 281/2016/TT-BTC; 04/2024/TT-BTP; 106/2021/TT-BTC; 60/2014/QH13; 85/2019/TT-BTC; 104/2022/NĐ-CP; 123/2015/NĐ-CP; 08/2025/TT-BTP; 18/2026/NĐ-CP; 87/2020/NĐ-CP; 03/2023/TT-BTP; 91/2015/QH13
3.000322,Đăng ký chấm dứt giám sát việc giám hộ,Đối tượng,3,Công dân Việt Nam,,04/2020/TT-BTP; 120/2025/NĐ-CP; 66.7/2025/NQ-CP; 01/2022/TT-BTP; 07/2025/NĐ-CP; 281/2016/TT-BTC; 04/2024/TT-BTP; 106/2021/TT-BTC; 60/2014/QH13; 85/2019/TT-BTC; 104/2022/NĐ-CP; 123/2015/NĐ-CP; 08/2025/TT-BTP; 18/2026/NĐ-CP; 87/2020/NĐ-CP; 03/2023/TT-BTP; 91/2015/QH13
3.000323,Đăng ký giám sát việc giám hộ,Đối tượng,1,"Tổ chức (không bao gồm doanh nghiệp, HTX)",,66.7/2025/NQ-CP; 85/2019/TT-BTC; 03/2023/TT-BTP; 104/2022/NĐ-CP; 123/2015/NĐ-CP; 04/2020/TT-BTP; 07/2025/NĐ-CP; 120/2025/NĐ-CP; 01/2022/TT-BTP; 281/2016/TT-BTC; 04/2024/TT-BTP; 60/2014/QH13; 106/2021/TT-BTC; 91/2015/QH13; 08/2025/TT-BTP; 18/2026/NĐ-CP; 87/2020/NĐ-CP
3.000323,Đăng ký giám sát việc giám hộ,Đối tượng,2,Người Việt Nam định cư ở nước ngoài,,66.7/2025/NQ-CP; 85/2019/TT-BTC; 03/2023/TT-BTP; 104/2022/NĐ-CP; 123/2015/NĐ-CP; 04/2020/TT-BTP; 07/2025/NĐ-CP; 120/2025/NĐ-CP; 01/2022/TT-BTP; 281/2016/TT-BTC; 04/2024/TT-BTP; 60/2014/QH13; 106/2021/TT-BTC; 91/2015/QH13; 08/2025/TT-BTP; 18/2026/NĐ-CP; 87/2020/NĐ-CP
3.000323,Đăng ký giám sát việc giám hộ,Đối tượng,3,Công dân Việt Nam,,66.7/2025/NQ-CP; 85/2019/TT-BTC; 03/2023/TT-BTP; 104/2022/NĐ-CP; 123/2015/NĐ-CP; 04/2020/TT-BTP; 07/2025/NĐ-CP; 120/2025/NĐ-CP; 01/2022/TT-BTP; 281/2016/TT-BTC; 04/2024/TT-BTP; 60/2014/QH13; 106/2021/TT-BTC; 91/2015/QH13; 08/2025/TT-BTP; 18/2026/NĐ-CP; 87/2020/NĐ-CP
3.000330,Cấp Phiếu lý lịch tư pháp cho công dân Việt Nam mà không xác định được,Đối tượng,1,Công dân Việt Nam,,28/2009/QH12
3.000330,Cấp Phiếu lý lịch tư pháp cho công dân Việt Nam mà không xác định được,Đối tượng,2,Công dân Việt Nam mà không xác định được nơi thường trú hoặc nơi tạm trú,,28/2009/QH12
3.000330,Cấp Phiếu lý lịch tư pháp cho công dân Việt Nam mà không xác định được,Đối tượng,3,Người nước ngoài đã cư trú tại Việt Nam,,28/2009/QH12
3.000333,"Cấp Phiếu Lý lịch tư pháp cho công dân Việt Nam, người nước ngoài đang",Đối tượng,1,Công dân Việt Nam,,28/2009/QH12
3.000333,"Cấp Phiếu Lý lịch tư pháp cho công dân Việt Nam, người nước ngoài đang",Đối tượng,2,Người nước ngoài cư trú tại Việt Nam,,28/2009/QH12
3.000333,"Cấp Phiếu Lý lịch tư pháp cho công dân Việt Nam, người nước ngoài đang",Đối tượng,3,Người Việt Nam định cư ở nước ngoài,,28/2009/QH12
3.000503,Thủ tục giao chủ đầu tư không thông qua đấu thầu đối với dự án đầu tư,Đối tượng,1,Doanh nghiệp có vốn đầu tư nước ngoài,,201/2025/QH15; 192/2025/NĐ-CP
3.000503,Thủ tục giao chủ đầu tư không thông qua đấu thầu đối với dự án đầu tư,Đối tượng,2,"Tổ chức (không bao gồm doanh nghiệp, HTX)",,201/2025/QH15; 192/2025/NĐ-CP
3.000503,Thủ tục giao chủ đầu tư không thông qua đấu thầu đối với dự án đầu tư,Đối tượng,3,Công dân Việt Nam,,201/2025/QH15; 192/2025/NĐ-CP
3.000503,Thủ tục giao chủ đầu tư không thông qua đấu thầu đối với dự án đầu tư,Đối tượng,4,Người nước ngoài,,201/2025/QH15; 192/2025/NĐ-CP
3.000503,Thủ tục giao chủ đầu tư không thông qua đấu thầu đối với dự án đầu tư,Đối tượng,5,Doanh nghiệp,,201/2025/QH15; 192/2025/NĐ-CP
3.000503,Thủ tục giao chủ đầu tư không thông qua đấu thầu đối với dự án đầu tư,Đối tượng,6,Tổ chức nước ngoài,,201/2025/QH15; 192/2025/NĐ-CP
3.000503,Thủ tục giao chủ đầu tư không thông qua đấu thầu đối với dự án đầu tư,Đối tượng,7,Hợp tác xã,,201/2025/QH15; 192/2025/NĐ-CP
3.000504,Thủ tục chấp thuận chủ trương đầu tư đồng thời giao chủ đầu tư đối với,Đối tượng,1,"Tổ chức (không bao gồm doanh nghiệp, HTX)",,201/2025/QH15; 192/2025/NĐ-CP
3.000504,Thủ tục chấp thuận chủ trương đầu tư đồng thời giao chủ đầu tư đối với,Đối tượng,2,Doanh nghiệp có vốn đầu tư nước ngoài,,201/2025/QH15; 192/2025/NĐ-CP
3.000504,Thủ tục chấp thuận chủ trương đầu tư đồng thời giao chủ đầu tư đối với,Đối tượng,3,Công dân Việt Nam,,201/2025/QH15; 192/2025/NĐ-CP
3.000504,Thủ tục chấp thuận chủ trương đầu tư đồng thời giao chủ đầu tư đối với,Đối tượng,4,Người nước ngoài,,201/2025/QH15; 192/2025/NĐ-CP
3.000504,Thủ tục chấp thuận chủ trương đầu tư đồng thời giao chủ đầu tư đối với,Đối tượng,5,Doanh nghiệp,,201/2025/QH15; 192/2025/NĐ-CP
3.000504,Thủ tục chấp thuận chủ trương đầu tư đồng thời giao chủ đầu tư đối với,Đối tượng,6,Tổ chức nước ngoài,,201/2025/QH15; 192/2025/NĐ-CP
3.000504,Thủ tục chấp thuận chủ trương đầu tư đồng thời giao chủ đầu tư đối với,Đối tượng,7,Hợp tác xã,,201/2025/QH15; 192/2025/NĐ-CP
3.000505,"Thủ tục điều chỉnh quyết định giao chủ đầu tư, quyết định chấp thuận c",Đối tượng,1,"Tổ chức (không bao gồm doanh nghiệp, HTX)",,192/2025/NĐ-CP; 201/2025/QH15
3.000505,"Thủ tục điều chỉnh quyết định giao chủ đầu tư, quyết định chấp thuận c",Đối tượng,2,Công dân Việt Nam,,192/2025/NĐ-CP; 201/2025/QH15
3.000505,"Thủ tục điều chỉnh quyết định giao chủ đầu tư, quyết định chấp thuận c",Đối tượng,3,Người nước ngoài,,192/2025/NĐ-CP; 201/2025/QH15
3.000505,"Thủ tục điều chỉnh quyết định giao chủ đầu tư, quyết định chấp thuận c",Đối tượng,4,Doanh nghiệp,,192/2025/NĐ-CP; 201/2025/QH15
3.000505,"Thủ tục điều chỉnh quyết định giao chủ đầu tư, quyết định chấp thuận c",Đối tượng,5,Tổ chức nước ngoài,,192/2025/NĐ-CP; 201/2025/QH15
3.000505,"Thủ tục điều chỉnh quyết định giao chủ đầu tư, quyết định chấp thuận c",Đối tượng,6,Hợp tác xã,,192/2025/NĐ-CP; 201/2025/QH15
3.000505,"Thủ tục điều chỉnh quyết định giao chủ đầu tư, quyết định chấp thuận c",Đối tượng,7,Doanh nghiệp có vốn đầu tư nước ngoài,,192/2025/NĐ-CP; 201/2025/QH15
3.000506,Thủ tục giao chủ đầu tư không thông qua đấu thầu đối với trường hợp dự,Đối tượng,1,Doanh nghiệp có vốn đầu tư nước ngoài,,201/2025/QH15; 192/2025/NĐ-CP
3.000506,Thủ tục giao chủ đầu tư không thông qua đấu thầu đối với trường hợp dự,Đối tượng,2,Công dân Việt Nam,,201/2025/QH15; 192/2025/NĐ-CP
3.000506,Thủ tục giao chủ đầu tư không thông qua đấu thầu đối với trường hợp dự,Đối tượng,3,Người nước ngoài,,201/2025/QH15; 192/2025/NĐ-CP
3.000506,Thủ tục giao chủ đầu tư không thông qua đấu thầu đối với trường hợp dự,Đối tượng,4,Doanh nghiệp,,201/2025/QH15; 192/2025/NĐ-CP
3.000506,Thủ tục giao chủ đầu tư không thông qua đấu thầu đối với trường hợp dự,Đối tượng,5,Tổ chức nước ngoài,,201/2025/QH15; 192/2025/NĐ-CP
3.000506,Thủ tục giao chủ đầu tư không thông qua đấu thầu đối với trường hợp dự,Đối tượng,6,Hợp tác xã,,201/2025/QH15; 192/2025/NĐ-CP
3.000506,Thủ tục giao chủ đầu tư không thông qua đấu thầu đối với trường hợp dự,Đối tượng,7,"Tổ chức (không bao gồm doanh nghiệp, HTX)",,201/2025/QH15; 192/2025/NĐ-CP
3.000507,Thủ tục chấp thuận chủ trương đầu tư đồng thời giao chủ đầu tư đối với,Đối tượng,1,Doanh nghiệp có vốn đầu tư nước ngoài,,192/2025/NĐ-CP; 201/2025/QH15
3.000507,Thủ tục chấp thuận chủ trương đầu tư đồng thời giao chủ đầu tư đối với,Đối tượng,2,"Tổ chức (không bao gồm doanh nghiệp, HTX)",,192/2025/NĐ-CP; 201/2025/QH15
3.000507,Thủ tục chấp thuận chủ trương đầu tư đồng thời giao chủ đầu tư đối với,Đối tượng,3,Công dân Việt Nam,,192/2025/NĐ-CP; 201/2025/QH15
3.000507,Thủ tục chấp thuận chủ trương đầu tư đồng thời giao chủ đầu tư đối với,Đối tượng,4,Doanh nghiệp,,192/2025/NĐ-CP; 201/2025/QH15
3.000507,Thủ tục chấp thuận chủ trương đầu tư đồng thời giao chủ đầu tư đối với,Đối tượng,5,Tổ chức nước ngoài,,192/2025/NĐ-CP; 201/2025/QH15
3.000507,Thủ tục chấp thuận chủ trương đầu tư đồng thời giao chủ đầu tư đối với,Đối tượng,6,Hợp tác xã,,192/2025/NĐ-CP; 201/2025/QH15
3.000507,Thủ tục chấp thuận chủ trương đầu tư đồng thời giao chủ đầu tư đối với,Đối tượng,7,Người nước ngoài,,192/2025/NĐ-CP; 201/2025/QH15
3.000508,"Thủ tục điều chỉnh quyết định giao chủ đầu tư, quyết định chấp thuận c",Đối tượng,1,"Tổ chức (không bao gồm doanh nghiệp, HTX)",,192/2025/NĐ-CP; 201/2025/QH15
3.000508,"Thủ tục điều chỉnh quyết định giao chủ đầu tư, quyết định chấp thuận c",Đối tượng,2,Công dân Việt Nam,,192/2025/NĐ-CP; 201/2025/QH15
3.000508,"Thủ tục điều chỉnh quyết định giao chủ đầu tư, quyết định chấp thuận c",Đối tượng,3,Người nước ngoài,,192/2025/NĐ-CP; 201/2025/QH15
3.000508,"Thủ tục điều chỉnh quyết định giao chủ đầu tư, quyết định chấp thuận c",Đối tượng,4,Doanh nghiệp,,192/2025/NĐ-CP; 201/2025/QH15
3.000508,"Thủ tục điều chỉnh quyết định giao chủ đầu tư, quyết định chấp thuận c",Đối tượng,5,Tổ chức nước ngoài,,192/2025/NĐ-CP; 201/2025/QH15
3.000508,"Thủ tục điều chỉnh quyết định giao chủ đầu tư, quyết định chấp thuận c",Đối tượng,6,Hợp tác xã,,192/2025/NĐ-CP; 201/2025/QH15
3.000508,"Thủ tục điều chỉnh quyết định giao chủ đầu tư, quyết định chấp thuận c",Đối tượng,7,Doanh nghiệp có vốn đầu tư nước ngoài,,192/2025/NĐ-CP; 201/2025/QH15
3.000533,Thủ tục chấp thuận thiết kế nút giao đấu nối vào đường địa phương đang,Đối tượng,1,"Tổ chức (không bao gồm doanh nghiệp, HTX)",,165/2024/NĐ-CP; 66/2025/QĐ-UBND
3.000533,Thủ tục chấp thuận thiết kế nút giao đấu nối vào đường địa phương đang,Đối tượng,2,Công dân Việt Nam,,165/2024/NĐ-CP; 66/2025/QĐ-UBND
3.000533,Thủ tục chấp thuận thiết kế nút giao đấu nối vào đường địa phương đang,Đối tượng,3,Doanh nghiệp,,165/2024/NĐ-CP; 66/2025/QĐ-UBND
3.000534,Cấp phép thi công nút giao đấu nối vào đường địa phương đang khai thác,Đối tượng,1,Công dân Việt Nam,,165/2024/NĐ-CP; 66/2025/QĐ-UBND
3.000534,Cấp phép thi công nút giao đấu nối vào đường địa phương đang khai thác,Đối tượng,2,Doanh nghiệp,,165/2024/NĐ-CP; 66/2025/QĐ-UBND
3.000534,Cấp phép thi công nút giao đấu nối vào đường địa phương đang khai thác,Đối tượng,3,"Tổ chức (không bao gồm doanh nghiệp, HTX)",,165/2024/NĐ-CP; 66/2025/QĐ-UBND
3.000535,"Thủ tục chấp thuận tiếp tục khai thác, sử dụng công trình tạm phục vụ",Đối tượng,1,"Tổ chức (không bao gồm doanh nghiệp, HTX)",,91/2025/QĐ-UBND
3.000535,"Thủ tục chấp thuận tiếp tục khai thác, sử dụng công trình tạm phục vụ",Đối tượng,2,Công dân Việt Nam,,91/2025/QĐ-UBND
3.000535,"Thủ tục chấp thuận tiếp tục khai thác, sử dụng công trình tạm phục vụ",Đối tượng,3,Doanh nghiệp,,91/2025/QĐ-UBND
3.000536,"Thủ tục chấp thuận địa điểm, quy mô xây dựng và thời gian tồn tại của",Đối tượng,1,Công dân Việt Nam,,91/2025/QĐ-UBND
3.000536,"Thủ tục chấp thuận địa điểm, quy mô xây dựng và thời gian tồn tại của",Đối tượng,2,Doanh nghiệp,,91/2025/QĐ-UBND
3.000536,"Thủ tục chấp thuận địa điểm, quy mô xây dựng và thời gian tồn tại của",Đối tượng,3,"Tổ chức (không bao gồm doanh nghiệp, HTX)",,91/2025/QĐ-UBND
3.000538,Cấp phép thi công nút giao đấu nối vào đường địa phương đang khai thác,Đối tượng,1,Công dân Việt Nam,,2026/QĐ-UBND
3.000538,Cấp phép thi công nút giao đấu nối vào đường địa phương đang khai thác,Đối tượng,2,Doanh nghiệp,,2026/QĐ-UBND
3.000538,Cấp phép thi công nút giao đấu nối vào đường địa phương đang khai thác,Đối tượng,3,"Tổ chức (không bao gồm doanh nghiệp, HTX)",,2026/QĐ-UBND
3.000547,"Thủ tục Hỗ trợ tổ chức các lớp tập huấn, bồi dưỡng nghiệp vụ, kiến thứ",Đối tượng,1,Công dân Việt Nam,,44/2025/NQ-HĐND
3.000547,"Thủ tục Hỗ trợ tổ chức các lớp tập huấn, bồi dưỡng nghiệp vụ, kiến thứ",Đối tượng,2,Doanh nghiệp,,44/2025/NQ-HĐND
3.000547,"Thủ tục Hỗ trợ tổ chức các lớp tập huấn, bồi dưỡng nghiệp vụ, kiến thứ",Đối tượng,3,"Cán bộ, công chức, viên chức",,44/2025/NQ-HĐND
3.000548,"Thủ tục hỗ trợ tổ chức các lớp đào tạo, bồi dưỡng đổi mới sáng tạo cho",Đối tượng,1,"Cán bộ, công chức, viên chức",,44/2025/NQ-HĐND
3.000548,"Thủ tục hỗ trợ tổ chức các lớp đào tạo, bồi dưỡng đổi mới sáng tạo cho",Đối tượng,2,Doanh nghiệp,,44/2025/NQ-HĐND
3.000548,"Thủ tục hỗ trợ tổ chức các lớp đào tạo, bồi dưỡng đổi mới sáng tạo cho",Đối tượng,3,Công dân Việt Nam,,44/2025/NQ-HĐND
3.000548,"Thủ tục hỗ trợ tổ chức các lớp đào tạo, bồi dưỡng đổi mới sáng tạo cho",Đối tượng,4,Hợp tác xã,,44/2025/NQ-HĐND
3.000549,Thủ tục Hỗ trợ tham gia các chương trình xúc tiến du lịch hoặc hội chợ,Đối tượng,1,"Cán bộ, công chức, viên chức",,44/2025/NQ-HĐND
3.000549,Thủ tục Hỗ trợ tham gia các chương trình xúc tiến du lịch hoặc hội chợ,Đối tượng,2,Doanh nghiệp,,44/2025/NQ-HĐND
3.000549,Thủ tục Hỗ trợ tham gia các chương trình xúc tiến du lịch hoặc hội chợ,Đối tượng,3,Hợp tác xã,,44/2025/NQ-HĐND
3.000549,Thủ tục Hỗ trợ tham gia các chương trình xúc tiến du lịch hoặc hội chợ,Đối tượng,4,Công dân Việt Nam,,44/2025/NQ-HĐND
3.000550,Thủ tục Hỗ trợ phát triển sản phẩm du lịch mới,Đối tượng,1,"Cán bộ, công chức, viên chức",,44/2025/NQ-HĐND
3.000550,Thủ tục Hỗ trợ phát triển sản phẩm du lịch mới,Đối tượng,2,Doanh nghiệp,,44/2025/NQ-HĐND
3.000550,Thủ tục Hỗ trợ phát triển sản phẩm du lịch mới,Đối tượng,3,Hợp tác xã,,44/2025/NQ-HĐND
3.000550,Thủ tục Hỗ trợ phát triển sản phẩm du lịch mới,Đối tượng,4,Công dân Việt Nam,,44/2025/NQ-HĐND
3.000551,Thủ tục Hỗ trợ tổ chức các chương trình biểu diễn nghệ thuật góp phần,Đối tượng,1,"Cán bộ, công chức, viên chức",,44/2025/NQ-HĐND
3.000551,Thủ tục Hỗ trợ tổ chức các chương trình biểu diễn nghệ thuật góp phần,Đối tượng,2,Doanh nghiệp,,44/2025/NQ-HĐND
3.000551,Thủ tục Hỗ trợ tổ chức các chương trình biểu diễn nghệ thuật góp phần,Đối tượng,3,Hợp tác xã,,44/2025/NQ-HĐND
3.000551,Thủ tục Hỗ trợ tổ chức các chương trình biểu diễn nghệ thuật góp phần,Đối tượng,4,Công dân Việt Nam,,44/2025/NQ-HĐND
3.000552,"Thủ tục Hỗ trợ đầu tư xây dựng mới hoặc nâng cấp, cải tạo loại hình nh",Đối tượng,1,Doanh nghiệp Việt Nam,,44/2025/NQ-HĐND
3.000552,"Thủ tục Hỗ trợ đầu tư xây dựng mới hoặc nâng cấp, cải tạo loại hình nh",Đối tượng,2,"Cán bộ, công chức, viên chức",,44/2025/NQ-HĐND
3.000552,"Thủ tục Hỗ trợ đầu tư xây dựng mới hoặc nâng cấp, cải tạo loại hình nh",Đối tượng,3,Doanh nghiệp,,44/2025/NQ-HĐND
3.000552,"Thủ tục Hỗ trợ đầu tư xây dựng mới hoặc nâng cấp, cải tạo loại hình nh",Đối tượng,4,Hợp tác xã,,44/2025/NQ-HĐND
3.000552,"Thủ tục Hỗ trợ đầu tư xây dựng mới hoặc nâng cấp, cải tạo loại hình nh",Đối tượng,5,Công dân Việt Nam,,44/2025/NQ-HĐND
3.000553,"Thủ tục hỗ trợ thành lập mới các đội văn nghệ, câu lạc bộ văn nghệ quầ",Đối tượng,1,Doanh nghiệp có vốn đầu tư nước ngoài,,44/2025/NQ-HĐND
3.000553,"Thủ tục hỗ trợ thành lập mới các đội văn nghệ, câu lạc bộ văn nghệ quầ",Đối tượng,2,Doanh nghiệp Việt Nam,,44/2025/NQ-HĐND
3.000553,"Thủ tục hỗ trợ thành lập mới các đội văn nghệ, câu lạc bộ văn nghệ quầ",Đối tượng,3,Doanh nghiệp,,44/2025/NQ-HĐND
3.000553,"Thủ tục hỗ trợ thành lập mới các đội văn nghệ, câu lạc bộ văn nghệ quầ",Đối tượng,4,Hợp tác xã,,44/2025/NQ-HĐND
3.000553,"Thủ tục hỗ trợ thành lập mới các đội văn nghệ, câu lạc bộ văn nghệ quầ",Đối tượng,5,Công dân Việt Nam,,44/2025/NQ-HĐND
3.000554,"Thủ tục Hỗ trợ duy trì hoạt động của các đội văn nghệ, câu lạc bộ văn",Đối tượng,1,Doanh nghiệp có vốn đầu tư nước ngoài,,44/2025/NQ-HĐND
3.000554,"Thủ tục Hỗ trợ duy trì hoạt động của các đội văn nghệ, câu lạc bộ văn",Đối tượng,2,Doanh nghiệp Việt Nam,,44/2025/NQ-HĐND
3.000554,"Thủ tục Hỗ trợ duy trì hoạt động của các đội văn nghệ, câu lạc bộ văn",Đối tượng,3,Doanh nghiệp,,44/2025/NQ-HĐND
3.000554,"Thủ tục Hỗ trợ duy trì hoạt động của các đội văn nghệ, câu lạc bộ văn",Đối tượng,4,Hợp tác xã,,44/2025/NQ-HĐND
3.000554,"Thủ tục Hỗ trợ duy trì hoạt động của các đội văn nghệ, câu lạc bộ văn",Đối tượng,5,Công dân Việt Nam,,44/2025/NQ-HĐND
3.000555,Thủ tục Hỗ trợ xây dựng mới nhà ở (theo khung mẫu thiết kế) trong,Đối tượng,1,Doanh nghiệp,,44/2025/NQ-HĐND
3.000555,Thủ tục Hỗ trợ xây dựng mới nhà ở (theo khung mẫu thiết kế) trong,Đối tượng,2,Hợp tác xã,,44/2025/NQ-HĐND
3.000555,Thủ tục Hỗ trợ xây dựng mới nhà ở (theo khung mẫu thiết kế) trong,Đối tượng,3,Công dân Việt Nam,,44/2025/NQ-HĐND
3.000555,Thủ tục Hỗ trợ xây dựng mới nhà ở (theo khung mẫu thiết kế) trong,Đối tượng,4,Doanh nghiệp có vốn đầu tư nước ngoài,,44/2025/NQ-HĐND
3.000555,Thủ tục Hỗ trợ xây dựng mới nhà ở (theo khung mẫu thiết kế) trong,Đối tượng,5,Doanh nghiệp Việt Nam,,44/2025/NQ-HĐND
3.000556,"Thủ tục Hỗ trợ tu bổ, sửa chữa nhà ở mang kiểu dáng kiến trúc truy",Đối tượng,1,Doanh nghiệp có vốn đầu tư nước ngoài,,44/2025/NQ-HĐND
3.000556,"Thủ tục Hỗ trợ tu bổ, sửa chữa nhà ở mang kiểu dáng kiến trúc truy",Đối tượng,2,Doanh nghiệp Việt Nam,,44/2025/NQ-HĐND
3.000556,"Thủ tục Hỗ trợ tu bổ, sửa chữa nhà ở mang kiểu dáng kiến trúc truy",Đối tượng,3,Doanh nghiệp,,44/2025/NQ-HĐND
3.000556,"Thủ tục Hỗ trợ tu bổ, sửa chữa nhà ở mang kiểu dáng kiến trúc truy",Đối tượng,4,Công dân Việt Nam,,44/2025/NQ-HĐND
3.000556,"Thủ tục Hỗ trợ tu bổ, sửa chữa nhà ở mang kiểu dáng kiến trúc truy",Đối tượng,5,Hợp tác xã,,44/2025/NQ-HĐND
3.000557,Chấp thuận thiết kế nút giao đấu nối với đường địa phương đang khai th,Đối tượng,1,Doanh nghiệp,,165/2024/NĐ-CP
3.000557,Chấp thuận thiết kế nút giao đấu nối với đường địa phương đang khai th,Đối tượng,2,Công dân Việt Nam,,165/2024/NĐ-CP
3.000557,Chấp thuận thiết kế nút giao đấu nối với đường địa phương đang khai th,Đối tượng,3,Hợp tác xã,,165/2024/NĐ-CP
3.000557,Chấp thuận thiết kế nút giao đấu nối với đường địa phương đang khai th,Đối tượng,4,Doanh nghiệp có vốn đầu tư nước ngoài,,165/2024/NĐ-CP
3.000557,Chấp thuận thiết kế nút giao đấu nối với đường địa phương đang khai th,Đối tượng,5,Doanh nghiệp Việt Nam,,165/2024/NĐ-CP
3.000558,Cấp phép thi công nút giao đấu nối vào đường địa phương đang khai thác,Đối tượng,1,Doanh nghiệp có vốn đầu tư nước ngoài,,165/2024/NĐ-CP
3.000558,Cấp phép thi công nút giao đấu nối vào đường địa phương đang khai thác,Đối tượng,2,Doanh nghiệp Việt Nam,,165/2024/NĐ-CP
3.000558,Cấp phép thi công nút giao đấu nối vào đường địa phương đang khai thác,Đối tượng,3,"Tổ chức (không bao gồm doanh nghiệp, HTX)",,165/2024/NĐ-CP
3.000558,Cấp phép thi công nút giao đấu nối vào đường địa phương đang khai thác,Đối tượng,4,Doanh nghiệp,,165/2024/NĐ-CP
3.000558,Cấp phép thi công nút giao đấu nối vào đường địa phương đang khai thác,Đối tượng,5,Công dân Việt Nam,,165/2024/NĐ-CP
3.000558,Cấp phép thi công nút giao đấu nối vào đường địa phương đang khai thác,Đối tượng,6,Hợp tác xã,,165/2024/NĐ-CP
3.000579,Giải quyết trợ cấp hằng tháng đối với thanh niên xung phong đã hoàn th,Đối tượng,1,Công dân Việt Nam,,182/2025/NQ-HĐND; 118/2025/NĐ-CP; 16/2026/QĐ-UBND; 02/2017/TT-VPCP; 03/2025/TT-VPCP
3.000579,Giải quyết trợ cấp hằng tháng đối với thanh niên xung phong đã hoàn th,Đối tượng,2,"Cán bộ, công chức, viên chức",,182/2025/NQ-HĐND; 118/2025/NĐ-CP; 16/2026/QĐ-UBND; 02/2017/TT-VPCP; 03/2025/TT-VPCP
3.000581,Hỗ trợ chi phí đào tạo tiếng Hàn cho người lao động tham dự kỳ thi tiế,Đối tượng,1,"Tổ chức (không bao gồm doanh nghiệp, HTX)",,12/2026/NQ-HĐND
3.000581,Hỗ trợ chi phí đào tạo tiếng Hàn cho người lao động tham dự kỳ thi tiế,Đối tượng,2,Công dân Việt Nam,,12/2026/NQ-HĐND
3.000587,Thủ tục tặng thưởng Bằng khen của Chủ tịch UBND thành phố (công trạng),Đối tượng,1,Tổ chức Đảng,,152/2025/NĐ-CP; 85/2025/QĐ-UBND
3.000587,Thủ tục tặng thưởng Bằng khen của Chủ tịch UBND thành phố (công trạng),Đối tượng,2,"Tổ chức (không bao gồm doanh nghiệp, HTX)",,152/2025/NĐ-CP; 85/2025/QĐ-UBND
3.000588,Thủ tục tặng danh hiệu Cờ thi đua của UBND thành phố (công trạng),Đối tượng,1,"Tổ chức (không bao gồm doanh nghiệp, HTX)",,152/2025/NĐ-CP; 85/2025/QĐ-UBND
3.000588,Thủ tục tặng danh hiệu Cờ thi đua của UBND thành phố (công trạng),Đối tượng,2,Tổ chức Đảng,,152/2025/NĐ-CP; 85/2025/QĐ-UBND
3.000589,Thủ tục tặng danh hiệu Chiến sĩ thi đua thành phố,Đối tượng,1,Tổ chức Đảng,,152/2025/NĐ-CP; 85/2025/QĐ-UBND; 06/2022/QH15
3.000589,Thủ tục tặng danh hiệu Chiến sĩ thi đua thành phố,Đối tượng,2,"Tổ chức (không bao gồm doanh nghiệp, HTX)",,152/2025/NĐ-CP; 85/2025/QĐ-UBND; 06/2022/QH15
3.000590,Thủ tục tặng danh hiệu Tập thể lao động xuất sắc,Đối tượng,1,Tổ chức Đảng,,152/2025/NĐ-CP; 06/2022/QH15
3.000590,Thủ tục tặng danh hiệu Tập thể lao động xuất sắc,Đối tượng,2,"Tổ chức (không bao gồm doanh nghiệp, HTX)",,152/2025/NĐ-CP; 06/2022/QH15
3.000591,Thủ tục tặng thưởng Bằng khen của Chủ tịch UBND thành phố theo chuyên,Đối tượng,1,Tổ chức Đảng,,152/2025/NĐ-CP; 06/2022/QH15; 85/2025/QĐ-UBND
3.000591,Thủ tục tặng thưởng Bằng khen của Chủ tịch UBND thành phố theo chuyên,Đối tượng,2,"Tổ chức (không bao gồm doanh nghiệp, HTX)",,152/2025/NĐ-CP; 06/2022/QH15; 85/2025/QĐ-UBND
3.000592,Thủ tục tặng danh hiệu Cờ thi đua của UBND thành phố theo chuyên đề,Đối tượng,1,Tổ chức Đảng,,152/2025/NĐ-CP; 06/2022/QH15; 85/2025/QĐ-UBND
3.000592,Thủ tục tặng danh hiệu Cờ thi đua của UBND thành phố theo chuyên đề,Đối tượng,2,"Tổ chức (không bao gồm doanh nghiệp, HTX)",,152/2025/NĐ-CP; 06/2022/QH15; 85/2025/QĐ-UBND
3.000593,Thủ tục tặng thưởng Bằng khen của Chủ tịch UBND thành phố về thành tíc,Đối tượng,1,Tổ chức Đảng,,152/2025/NĐ-CP; 06/2022/QH15; 85/2025/QĐ-UBND
3.000593,Thủ tục tặng thưởng Bằng khen của Chủ tịch UBND thành phố về thành tíc,Đối tượng,2,"Tổ chức (không bao gồm doanh nghiệp, HTX)",,152/2025/NĐ-CP; 06/2022/QH15; 85/2025/QĐ-UBND
3.000594,Thủ tục tặng thưởng Bằng khen của Chủ tịch UBND thành phố cho hộ gia đ,Đối tượng,1,Tổ chức Đảng,,152/2025/NĐ-CP; 85/2025/QĐ-UBND; 06/2022/QH15
3.000594,Thủ tục tặng thưởng Bằng khen của Chủ tịch UBND thành phố cho hộ gia đ,Đối tượng,2,"Tổ chức (không bao gồm doanh nghiệp, HTX)",,152/2025/NĐ-CP; 85/2025/QĐ-UBND; 06/2022/QH15
3.000595,Thủ tục tặng thưởng Bằng khen của Chủ tịch UBND thành phố về thành tíc,Đối tượng,1,"Tổ chức (không bao gồm doanh nghiệp, HTX)",,152/2025/NĐ-CP; 85/2025/QĐ-UBND; 06/2022/QH15
3.000595,Thủ tục tặng thưởng Bằng khen của Chủ tịch UBND thành phố về thành tíc,Đối tượng,2,Tổ chức Đảng,,152/2025/NĐ-CP; 85/2025/QĐ-UBND; 06/2022/QH15
3.000596,Thủ tục cấp đổi hiện vật khen thưởng cấp thành phố,Đối tượng,1,Công dân Việt Nam,,152/2025/NĐ-CP; 06/2022/QH15; 85/2025/QĐ-UBND
3.000596,Thủ tục cấp đổi hiện vật khen thưởng cấp thành phố,Đối tượng,2,"Tổ chức (không bao gồm doanh nghiệp, HTX)",,152/2025/NĐ-CP; 06/2022/QH15; 85/2025/QĐ-UBND
3.000597,Thủ tục cấp lại hiện vật khen thưởng cấp thành phố,Đối tượng,1,Công dân Việt Nam,,152/2025/NĐ-CP; 06/2022/QH15; 85/2025/QĐ-UBND
3.000597,Thủ tục cấp lại hiện vật khen thưởng cấp thành phố,Đối tượng,2,Doanh nghiệp,,152/2025/NĐ-CP; 06/2022/QH15; 85/2025/QĐ-UBND
3.000597,Thủ tục cấp lại hiện vật khen thưởng cấp thành phố,Đối tượng,3,"Tổ chức (không bao gồm doanh nghiệp, HTX)",,152/2025/NĐ-CP; 06/2022/QH15; 85/2025/QĐ-UBND
3.000619,Chấp thuận nhà đầu tư dự án lưới điện,Đối tượng,1,Doanh nghiệp Việt Nam,,272/2026/NĐ-CP; 61/2024/QH15; 253/2025/QH15
3.000619,Chấp thuận nhà đầu tư dự án lưới điện,Đối tượng,2,Doanh nghiệp,,272/2026/NĐ-CP; 61/2024/QH15; 253/2025/QH15
3.000620,Điều chỉnh Quyết định chấp thuận nhà đầu tư dự án lưới điện,Đối tượng,1,Doanh nghiệp Việt Nam,,61/2024/QH15; 253/2025/QH15; 272/2026/NĐ-CP
3.000620,Điều chỉnh Quyết định chấp thuận nhà đầu tư dự án lưới điện,Đối tượng,2,Doanh nghiệp,,61/2024/QH15; 253/2025/QH15; 272/2026/NĐ-CP
3.000720,Hỗ trợ chi phí hỏa táng cho cơ sở hỏa táng,Đối tượng,1,"Tổ chức (không bao gồm doanh nghiệp, HTX)",,75/2026/NQ-HĐND
3.000720,Hỗ trợ chi phí hỏa táng cho cơ sở hỏa táng,Đối tượng,2,Doanh nghiệp,,75/2026/NQ-HĐND
3.000721,Hỗ trợ chi phí vận chuyển người tử vong đến cơ sở hỏa táng,Đối tượng,1,"Tổ chức (không bao gồm doanh nghiệp, HTX)",,75/2026/NQ-HĐND
3.000721,Hỗ trợ chi phí vận chuyển người tử vong đến cơ sở hỏa táng,Đối tượng,2,Công dân Việt Nam,,75/2026/NQ-HĐND
3.000721,Hỗ trợ chi phí vận chuyển người tử vong đến cơ sở hỏa táng,Đối tượng,3,Doanh nghiệp,,75/2026/NQ-HĐND
3.000723,Nghiệm thu và thanh toán kinh phí hỗ trợ thực hiện cơ cấu lại ngành nô,Đối tượng,1,Doanh nghiệp Việt Nam,,358/2025/NĐ-CP; 23/2026/NQ-HĐND
3.000723,Nghiệm thu và thanh toán kinh phí hỗ trợ thực hiện cơ cấu lại ngành nô,Đối tượng,2,Doanh nghiệp,,358/2025/NĐ-CP; 23/2026/NQ-HĐND
3.000723,Nghiệm thu và thanh toán kinh phí hỗ trợ thực hiện cơ cấu lại ngành nô,Đối tượng,3,Hợp tác xã,,358/2025/NĐ-CP; 23/2026/NQ-HĐND
3.000723,Nghiệm thu và thanh toán kinh phí hỗ trợ thực hiện cơ cấu lại ngành nô,Đối tượng,4,"Tổ chức (không bao gồm doanh nghiệp, HTX)",,358/2025/NĐ-CP; 23/2026/NQ-HĐND
3.000724,Đề nghị hỗ trợ chi phí điều trị cho người bị thương nặng do động vật r,Đối tượng,1,Công dân Việt Nam,,102/2026/NQ-HĐND
3.000724,Đề nghị hỗ trợ chi phí điều trị cho người bị thương nặng do động vật r,Đối tượng,2,Doanh nghiệp,,102/2026/NQ-HĐND
3.000724,Đề nghị hỗ trợ chi phí điều trị cho người bị thương nặng do động vật r,Đối tượng,3,"Tổ chức (không bao gồm doanh nghiệp, HTX)",,102/2026/NQ-HĐND
3.000725,Đề nghị hỗ trợ chi phí mai táng cho người chết do động vật rừng gây ra,Đối tượng,1,"Tổ chức (không bao gồm doanh nghiệp, HTX)",,102/2026/NQ-HĐND
3.000725,Đề nghị hỗ trợ chi phí mai táng cho người chết do động vật rừng gây ra,Đối tượng,2,Công dân Việt Nam,,102/2026/NQ-HĐND
3.000725,Đề nghị hỗ trợ chi phí mai táng cho người chết do động vật rừng gây ra,Đối tượng,3,Doanh nghiệp,,102/2026/NQ-HĐND
3.000726,Đề nghị hỗ trợ khắc phục thiệt hại về tài sản do động vật rừng gây ra,Đối tượng,1,"Tổ chức (không bao gồm doanh nghiệp, HTX)",,102/2026/NQ-HĐND
3.000726,Đề nghị hỗ trợ khắc phục thiệt hại về tài sản do động vật rừng gây ra,Đối tượng,2,Công dân Việt Nam,,102/2026/NQ-HĐND
3.000726,Đề nghị hỗ trợ khắc phục thiệt hại về tài sản do động vật rừng gây ra,Đối tượng,3,Doanh nghiệp,,102/2026/NQ-HĐND
5.003881,"Thủ tục Lấy ý kiến Bộ, cơ quan ngang Bộ về về lượng và thời điểm p",Đối tượng,1,"Tổ chức (không bao gồm doanh nghiệp, HTX)",,48/2026/TT-BCT
5.003881,"Thủ tục Lấy ý kiến Bộ, cơ quan ngang Bộ về về lượng và thời điểm p",Đối tượng,2,"Cán bộ, công chức, viên chức",,48/2026/TT-BCT
5.003882,"Xây dựng kế hoạch xử lý, cải tạo và phục hồi ô nhiễm môi trường đất đặ",Đối tượng,1,"Tổ chức (không bao gồm doanh nghiệp, HTX)",,Không có thông tin căn cứ pháp lý trong dữ liệu gốc
5.003882,"Xây dựng kế hoạch xử lý, cải tạo và phục hồi ô nhiễm môi trường đất đặ",Đối tượng,2,"Cán bộ, công chức, viên chức",,Không có thông tin căn cứ pháp lý trong dữ liệu gốc
5.003882,"Xây dựng kế hoạch xử lý, cải tạo và phục hồi ô nhiễm môi trường đất đặ",Đối tượng,3,Doanh nghiệp,,Không có thông tin căn cứ pháp lý trong dữ liệu gốc
6.003622,Trình Thủ tướng Chính phủ cho phép chuyển đổi công năng đối với nhà ở,Đối tượng,1,Doanh nghiệp,,95/2024/NĐ-CP; 27/2023/QH15
6.003622,Trình Thủ tướng Chính phủ cho phép chuyển đổi công năng đối với nhà ở,Đối tượng,2,"Cán bộ, công chức, viên chức",,95/2024/NĐ-CP; 27/2023/QH15
6.003634,Chuyển đổi công năng nhà ở đối với nhà ở xây dựng trong dự án được đầu,Đối tượng,1,Doanh nghiệp,,95/2024/NĐ-CP; 27/2023/QH15; 54/2026/NĐ-CP
6.003634,Chuyển đổi công năng nhà ở đối với nhà ở xây dựng trong dự án được đầu,Đối tượng,2,"Cán bộ, công chức, viên chức",,95/2024/NĐ-CP; 27/2023/QH15; 54/2026/NĐ-CP
6.003635,Chuyển đổi công năng nhà ở đối với nhà ở công vụ không xây dựng theo d,Đối tượng,1,Doanh nghiệp,,95/2024/NĐ-CP; 27/2023/QH15
6.003635,Chuyển đổi công năng nhà ở đối với nhà ở công vụ không xây dựng theo d,Đối tượng,2,"Cán bộ, công chức, viên chức",,95/2024/NĐ-CP; 27/2023/QH15
6.005704,Thủ tục đề nghị xét tặng danh hiệu Cờ thi đua của Bộ Xây dựng,Đối tượng,1,Doanh nghiệp,,55/2025/TT-BXD; 15/2025/TT-BNV; 06; 152/2025/NĐ-CP
6.005704,Thủ tục đề nghị xét tặng danh hiệu Cờ thi đua của Bộ Xây dựng,Đối tượng,2,"Tổ chức (không bao gồm doanh nghiệp, HTX)",,55/2025/TT-BXD; 15/2025/TT-BNV; 06; 152/2025/NĐ-CP
6.005707,Thủ tục đề nghị xét tặng Bằng khen của Bộ Xây dựng,Đối tượng,1,Doanh nghiệp,,15/2025/TT-BNV; 06; 55/2025/TT-BXD; 152/2025/NĐ-CP
6.005707,Thủ tục đề nghị xét tặng Bằng khen của Bộ Xây dựng,Đối tượng,2,"Cán bộ, công chức, viên chức",,15/2025/TT-BNV; 06; 55/2025/TT-BXD; 152/2025/NĐ-CP
6.005707,Thủ tục đề nghị xét tặng Bằng khen của Bộ Xây dựng,Đối tượng,3,"Tổ chức (không bao gồm doanh nghiệp, HTX)",,15/2025/TT-BNV; 06; 55/2025/TT-BXD; 152/2025/NĐ-CP
6.005710,Thủ tục đề nghị xét tặng danh hiệu Tập thể lao động tiên tiến,Đối tượng,1,"Tổ chức (không bao gồm doanh nghiệp, HTX)",,55/2025/TT-BXD; 06; 152/2025/NĐ-CP; 15/2025/TT-BNV
6.005710,Thủ tục đề nghị xét tặng danh hiệu Tập thể lao động tiên tiến,Đối tượng,2,Doanh nghiệp,,55/2025/TT-BXD; 06; 152/2025/NĐ-CP; 15/2025/TT-BNV
6.005711,Thủ tục đề nghị xét tặng danh hiệu Tập thể lao động xuất sắc,Đối tượng,1,"Tổ chức (không bao gồm doanh nghiệp, HTX)",,152/2025/NĐ-CP; 55/2025/TT-BXD; 06
6.005711,Thủ tục đề nghị xét tặng danh hiệu Tập thể lao động xuất sắc,Đối tượng,2,Doanh nghiệp,,152/2025/NĐ-CP; 55/2025/TT-BXD; 06
6.005712,Thủ tục đề nghị xét tặng Bức trướng của Bộ Xây dựng,Đối tượng,1,"Tổ chức (không bao gồm doanh nghiệp, HTX)",,55/2025/TT-BXD; 06; 152/2025/NĐ-CP
6.005712,Thủ tục đề nghị xét tặng Bức trướng của Bộ Xây dựng,Đối tượng,2,Doanh nghiệp,,55/2025/TT-BXD; 06; 152/2025/NĐ-CP
6.005713,"Thủ tục đề nghị xét tặng Giấy khen của thủ trưởng các cơ quan, đơn vị",Đối tượng,1,"Tổ chức (không bao gồm doanh nghiệp, HTX)",,55/2025/TT-BXD; 152/2025/NĐ-CP; 06
6.005713,"Thủ tục đề nghị xét tặng Giấy khen của thủ trưởng các cơ quan, đơn vị",Đối tượng,2,Doanh nghiệp,,55/2025/TT-BXD; 152/2025/NĐ-CP; 06
6.005713,"Thủ tục đề nghị xét tặng Giấy khen của thủ trưởng các cơ quan, đơn vị",Đối tượng,3,"Cán bộ, công chức, viên chức",,55/2025/TT-BXD; 152/2025/NĐ-CP; 06
6.005714,"Thủ tục cấp đổi, cấp lại hiện vật khen thưởng thuộc thẩm quyền của Bộ",Đối tượng,1,Doanh nghiệp,,06; 55/2025/TT-BXD; 152/2025/NĐ-CP
6.005714,"Thủ tục cấp đổi, cấp lại hiện vật khen thưởng thuộc thẩm quyền của Bộ",Đối tượng,2,"Cán bộ, công chức, viên chức",,06; 55/2025/TT-BXD; 152/2025/NĐ-CP
6.005714,"Thủ tục cấp đổi, cấp lại hiện vật khen thưởng thuộc thẩm quyền của Bộ",Đối tượng,3,"Tổ chức (không bao gồm doanh nghiệp, HTX)",,06; 55/2025/TT-BXD; 152/2025/NĐ-CP
6.005715,"Thủ tục hủy bỏ quyết định tặng danh hiệu thi đua, hình thức khen thưởn",Đối tượng,1,"Tổ chức (không bao gồm doanh nghiệp, HTX)",,152/2025/NĐ-CP; 06; 55/2025/TT-BXD
6.005715,"Thủ tục hủy bỏ quyết định tặng danh hiệu thi đua, hình thức khen thưởn",Đối tượng,2,Doanh nghiệp,,152/2025/NĐ-CP; 06; 55/2025/TT-BXD
6.005715,"Thủ tục hủy bỏ quyết định tặng danh hiệu thi đua, hình thức khen thưởn",Đối tượng,3,"Cán bộ, công chức, viên chức",,152/2025/NĐ-CP; 06; 55/2025/TT-BXD
6.006594,"Thủ tục giao quản lý tài sản kết cấu hạ tầng công viên, cây xanh do Nh",Đối tượng,1,"Tổ chức (không bao gồm doanh nghiệp, HTX)",,67/2025/TT-BXD; 258/2025/NĐ-CP
6.006594,"Thủ tục giao quản lý tài sản kết cấu hạ tầng công viên, cây xanh do Nh",Đối tượng,2,"Cán bộ, công chức, viên chức",,67/2025/TT-BXD; 258/2025/NĐ-CP
6.006595,"Thủ tục xử lý tài sản kết cấu hạ tầng công viên, cây xanh do Nhà nước",Đối tượng,1,"Cán bộ, công chức, viên chức",,258/2025/NĐ-CP; 67/2025/TT-BXD
6.006595,"Thủ tục xử lý tài sản kết cấu hạ tầng công viên, cây xanh do Nhà nước",Đối tượng,2,"Tổ chức (không bao gồm doanh nghiệp, HTX)",,258/2025/NĐ-CP; 67/2025/TT-BXD
6.006596,Thủ tục phê duyệt đề án cho thuê quyền khai thác tài sản kết cấu hạ tầ,Đối tượng,1,"Cán bộ, công chức, viên chức",,67/2025/TT-BXD; 258/2025/NĐ-CP
6.006596,Thủ tục phê duyệt đề án cho thuê quyền khai thác tài sản kết cấu hạ tầ,Đối tượng,2,"Tổ chức (không bao gồm doanh nghiệp, HTX)",,67/2025/TT-BXD; 258/2025/NĐ-CP
6.006597,Thủ tục phê duyệt đề án chuyển nhượng có thời hạn quyền khai thác tài,Đối tượng,1,"Tổ chức (không bao gồm doanh nghiệp, HTX)",,258/2025/NĐ-CP; 67/2025/TT-BXD
6.006597,Thủ tục phê duyệt đề án chuyển nhượng có thời hạn quyền khai thác tài,Đối tượng,2,"Cán bộ, công chức, viên chức",,258/2025/NĐ-CP; 67/2025/TT-BXD
6.006684,Công nhận danh hiệu “Cờ thi đua của Bộ Giáo dục và Đào tạo”,Đối tượng,1,"Cán bộ, công chức, viên chức",,06; 07/2026/TT-BGDĐT
6.006684,Công nhận danh hiệu “Cờ thi đua của Bộ Giáo dục và Đào tạo”,Đối tượng,2,"Tổ chức (không bao gồm doanh nghiệp, HTX)",,06; 07/2026/TT-BGDĐT
6.006685,Xét tặng “Bằng khen” của Bộ Giáo dục và Đào tạo,Đối tượng,1,"Cán bộ, công chức, viên chức",,07/2026/TT-BGDĐT; 06
6.006685,Xét tặng “Bằng khen” của Bộ Giáo dục và Đào tạo,Đối tượng,2,"Tổ chức (không bao gồm doanh nghiệp, HTX)",,07/2026/TT-BGDĐT; 06
6.006711,"Thủ tục đề nghị cấp đổi, cấp lại hiện vật khen thưởng",Đối tượng,1,"Tổ chức (không bao gồm doanh nghiệp, HTX)",,06; 07/2026/TT-BGDĐT
6.006711,"Thủ tục đề nghị cấp đổi, cấp lại hiện vật khen thưởng",Đối tượng,2,"Cán bộ, công chức, viên chức",,06; 07/2026/TT-BGDĐT
6.006775,Thủ tục: Xử lý tài sản kết cấu hạ tầng hàng hải,Đối tượng,1,"Tổ chức (không bao gồm doanh nghiệp, HTX)",,84/2025/NĐ-CP; 99/2026/NĐ-CP
6.006775,Thủ tục: Xử lý tài sản kết cấu hạ tầng hàng hải,Đối tượng,2,Doanh nghiệp,,84/2025/NĐ-CP; 99/2026/NĐ-CP
6.006776,Thủ tục: Sử dụng tài sản kết cấu hạ tầng hàng hải hiện có để tham gia,Đối tượng,1,Doanh nghiệp,,84/2025/NĐ-CP; 99/2025/NĐ-CP
6.006776,Thủ tục: Sử dụng tài sản kết cấu hạ tầng hàng hải hiện có để tham gia,Đối tượng,2,"Tổ chức (không bao gồm doanh nghiệp, HTX)",,84/2025/NĐ-CP; 99/2025/NĐ-CP
