id,query,polarity,intent,gold_doc_ids,gold_chunk_type,gold_chunk_types,source,variant,procedure_name,doc_rank,answer_rank,cover_rank,type_ok_top1,top1_doc,top1_type,top1_procedure,top1_vector_score,top1_final_score,n_results,n_with_legal,latency_ms,error,has_address,confusable_with,name_similarity,negative_kind
M001,thủ tục cấp thị thực cho người nước ngoài mất bao nhiêu phí,positive,fee,1.000612,fee,fee,manual,manual,Thủ tục cấp thị thực cho người nước ngoài tại các cơ quan có thẩm quyền cấp thị thực của Việt Nam ở nước ngoài,,,,True,2.002354,fee,Thủ tục cấp công hàm đề nghị phía nước ngoài cấp thị thực tại cơ quan trong nước của Bộ Ngoại giao,0.4124,0.7689,3,3,1097.5,,,,,
M002,thủ tục gia hạn tạm trú cấp thị thực cho người nước ngoài mất bao nhiêu phí,positive,fee,1.000039,fee,fee,manual,manual,"Thủ tục gia hạn tạm trú, cấp thị thực mới cho người nước ngoài đang tạm trú ở Việt Nam tại cơ quan có thẩm quyền ở trong nước của Bộ Ngoại giao",1.0,1.0,1.0,True,1.000039,fee,"Thủ tục gia hạn tạm trú, cấp thị thực mới cho người nước ngoài đang tạm trú ở Việt Nam tại cơ quan có thẩm quyền ở trong nước của Bộ Ngoại giao",0.4342,0.7839,3,3,311.0,,,,,
M003,thủ tục gia hạn tạm trú cấp thị thực cho người nước ngoài nộp hồ sơ ở đâu,positive,location,1.000039,location,location,manual,manual,"Thủ tục gia hạn tạm trú, cấp thị thực mới cho người nước ngoài đang tạm trú ở Việt Nam tại cơ quan có thẩm quyền ở trong nước của Bộ Ngoại giao",1.0,1.0,1.0,True,1.000039,location,"Thủ tục gia hạn tạm trú, cấp thị thực mới cho người nước ngoài đang tạm trú ở Việt Nam tại cơ quan có thẩm quyền ở trong nước của Bộ Ngoại giao",0.4682,0.8013,3,3,335.7,,,,,
M004,gia hạn tạm trú cho người nước ngoài mất bao lâu,positive,processing_time,1.000039,processing_time,processing_time,manual,manual,"Thủ tục gia hạn tạm trú, cấp thị thực mới cho người nước ngoài đang tạm trú ở Việt Nam tại cơ quan có thẩm quyền ở trong nước của Bộ Ngoại giao",,,,True,1.012890,processing_time,"Gia hạn thời hạn sở hữu nhà ở tại Việt Nam của tổ chức, cá nhân nước ngoài",0.5035,0.7433,3,3,269.9,,,,,
M005,gia hạn tạm trú thị thực cho người nước ngoài theo thông tư nào,positive,legal_basis,1.000039,legal_basis,legal_basis,manual,manual,"Thủ tục gia hạn tạm trú, cấp thị thực mới cho người nước ngoài đang tạm trú ở Việt Nam tại cơ quan có thẩm quyền ở trong nước của Bộ Ngoại giao",,,,True,1.012890,legal_basis,"Gia hạn thời hạn sở hữu nhà ở tại Việt Nam của tổ chức, cá nhân nước ngoài",0.399,0.6841,3,3,280.2,,,,,
M006,xin cấp công hàm đề nghị phía nước ngoài cấp thị thực cần giấy tờ gì,positive,required_documents,2.002354,required_documents,required_documents,manual,manual,Thủ tục cấp công hàm đề nghị phía nước ngoài cấp thị thực tại cơ quan trong nước của Bộ Ngoại giao,1.0,1.0,1.0,True,2.002354,required_documents,Thủ tục cấp công hàm đề nghị phía nước ngoài cấp thị thực tại cơ quan trong nước của Bộ Ngoại giao,0.6017,0.9515,2,2,295.5,,,,,
M007,cấp công hàm đề nghị nước ngoài cấp thị thực mất bao lâu,positive,processing_time,2.002354,processing_time,processing_time,manual,manual,Thủ tục cấp công hàm đề nghị phía nước ngoài cấp thị thực tại cơ quan trong nước của Bộ Ngoại giao,1.0,1.0,1.0,True,2.002354,processing_time,Thủ tục cấp công hàm đề nghị phía nước ngoài cấp thị thực tại cơ quan trong nước của Bộ Ngoại giao,0.4776,0.7849,3,3,296.2,,,,,
M008,cấp công hàm đề nghị phía nước ngoài cấp thị thực căn cứ pháp lý là gì,positive,legal_basis,2.002354,legal_basis,legal_basis,manual,manual,Thủ tục cấp công hàm đề nghị phía nước ngoài cấp thị thực tại cơ quan trong nước của Bộ Ngoại giao,,,,True,1.012648,legal_basis,"THỦ TỤC ĐỀ NGHỊ MỜI TỔ CHỨC, CÁ NHÂN NƯỚC NGOÀI VÀO VIỆT NAM THỰC HIỆN HOẠT ĐỘNG TÔN GIÁO Ở MỘT TỈNH (CẤP TỈNH)",0.419,0.6562,3,3,298.7,,,,,
M009,cấp giấy xác nhận là người gốc Việt Nam cần hồ sơ gì,positive,required_documents,1.001210,required_documents,required_documents,manual,manual,Cấp giấy xác nhận là người gốc Việt Nam,1.0,1.0,1.0,True,1.001210,required_documents,Cấp giấy xác nhận là người gốc Việt Nam,0.7679,1.0,3,3,163.0,,,,,
M010,cấp giấy xác nhận là người gốc Việt Nam mất bao lâu,positive,processing_time,1.001210,processing_time,processing_time,manual,manual,Cấp giấy xác nhận là người gốc Việt Nam,1.0,1.0,1.0,True,1.001210,processing_time,Cấp giấy xác nhận là người gốc Việt Nam,0.7164,0.9808,2,2,164.6,,,,,
M011,lệ phí cấp giấy phép hoạt động của tổ chức con nuôi nước ngoài tại Việt Nam,positive,fee,1.005133,fee,fee,manual,manual,Thủ tục Cấp giấy phép hoạt động của tổ chức con nuôi nước ngoài tại Việt Nam,1.0,,,False,1.005133,required_documents,Thủ tục Cấp giấy phép hoạt động của tổ chức con nuôi nước ngoài tại Việt Nam,0.4056,0.8795,1,1,305.9,,,,,
M012,gia hạn thời hạn sở hữu nhà ở của người nước ngoài mất bao lâu,positive,processing_time,1.012890,processing_time,processing_time,manual,manual,"Gia hạn thời hạn sở hữu nhà ở tại Việt Nam của tổ chức, cá nhân nước ngoài",,,,True,1.002543,processing_time,Gia hạn thời gian học tập ở nước ngoài,0.3414,0.8278,1,1,265.4,,,,,
M013,gia hạn sở hữu nhà ở của cá nhân nước ngoài cần giấy tờ gì,positive,required_documents,1.012890,required_documents,required_documents,manual,manual,"Gia hạn thời hạn sở hữu nhà ở tại Việt Nam của tổ chức, cá nhân nước ngoài",1.0,1.0,1.0,True,1.012890,required_documents,"Gia hạn thời hạn sở hữu nhà ở tại Việt Nam của tổ chức, cá nhân nước ngoài",0.5109,0.9288,3,3,308.3,,,,,
M014,cấp đổi thẻ thường trú cho người nước ngoài cần hồ sơ gì,positive,required_documents,1.116247,required_documents,required_documents,manual,manual,Cấp đổi thẻ thường trú cho người nước ngoài tại Cục Quản lý xuất nhập cảnh,2.0,2.0,2.0,True,1.116248,required_documents,Cấp lại thẻ thường trú cho người nước ngoài tại Cục Quản lý xuất nhập cảnh,0.6378,0.887,3,3,320.7,,,,,
M015,cấp lại thẻ thường trú cho người nước ngoài cần hồ sơ gì,positive,required_documents,1.116248,required_documents,required_documents,manual,manual,Cấp lại thẻ thường trú cho người nước ngoài tại Cục Quản lý xuất nhập cảnh,1.0,1.0,1.0,True,1.116248,required_documents,Cấp lại thẻ thường trú cho người nước ngoài tại Cục Quản lý xuất nhập cảnh,0.6733,0.903,3,3,315.1,,,,,
M016,cấp đổi thẻ thường trú cho người nước ngoài nộp hồ sơ ở đâu,positive,location,1.116247,location,location,manual,manual,Cấp đổi thẻ thường trú cho người nước ngoài tại Cục Quản lý xuất nhập cảnh,1.0,1.0,1.0,True,1.116247,location,Cấp đổi thẻ thường trú cho người nước ngoài tại Cục Quản lý xuất nhập cảnh,0.656,0.8702,3,3,326.0,,,,,
M017,cấp lại thẻ thường trú cho người nước ngoài nộp hồ sơ ở đâu,positive,location,1.116248,location,location,manual,manual,Cấp lại thẻ thường trú cho người nước ngoài tại Cục Quản lý xuất nhập cảnh,1.0,1.0,1.0,True,1.116248,location,Cấp lại thẻ thường trú cho người nước ngoài tại Cục Quản lý xuất nhập cảnh,0.6613,0.8726,3,3,327.7,,,,,
M018,đăng ký khai sinh cần những giấy tờ gì,positive,required_documents,1.001193,required_documents,required_documents,manual,manual,Thủ tục đăng ký khai sinh,1.0,1.0,1.0,True,1.001193,required_documents,Thủ tục đăng ký khai sinh,0.4468,0.9064,1,1,314.1,,,,,
M019,đăng ký kết hôn cần chuẩn bị hồ sơ gì,positive,required_documents,1.000894,required_documents,required_documents,manual,manual,Thủ tục đăng ký kết hôn,1.0,1.0,1.0,True,1.000894,required_documents,Thủ tục đăng ký kết hôn,0.4882,0.8959,3,3,316.6,,,,,
M020,đăng ký khai tử nộp hồ sơ ở đâu,positive,location,1.000656,location,location,manual,manual,Thủ tục đăng ký khai tử,,,,True,1.005461,location,Đăng ký lại khai tử,0.3961,0.8664,1,1,325.2,,,,,
M022,đăng ký kết hôn mất bao lâu,positive,processing_time,1.000894,processing_time,processing_time,manual,manual,Thủ tục đăng ký kết hôn,1.0,,,False,1.000894,required_documents,Thủ tục đăng ký kết hôn,0.338,0.635,1,1,286.7,,,,,
M023,đăng ký khai sinh căn cứ pháp lý là gì,positive,legal_basis,1.001193,legal_basis,legal_basis,manual,manual,Thủ tục đăng ký khai sinh,,,,True,1.013797,legal_basis,"THỦ TỤC ĐỀ NGHỊ TỔ CHỨC CUỘC LỄ NGOÀI CƠ SỞ TÔN GIÁO, ĐỊA ĐIỂM HỢP PHÁP ĐÃ ĐĂNG KÝ CÓ QUY MÔ TỔ CHỨC Ở MỘT XÃ",0.3524,0.574,3,3,304.1,,,,,
M024,cấp giấy xác nhận tình trạng hôn nhân mất bao lâu,positive,processing_time,1.004873,processing_time,processing_time,manual,manual,Thủ tục cấp Giấy xác nhận tình trạng hôn nhân,,,,True,2.000689,processing_time,Thủ tục cấp Giấy xác nhận tình trạng hôn nhân cho công dân Việt Nam trong thời gian cư trú ở nước ngoài,0.4508,0.6872,3,3,330.8,,,,,
M025,xác nhận tình trạng hôn nhân cần giấy tờ gì,positive,required_documents,1.004873,required_documents,required_documents,manual,manual,Thủ tục cấp Giấy xác nhận tình trạng hôn nhân,1.0,1.0,1.0,True,1.004873,required_documents,Thủ tục cấp Giấy xác nhận tình trạng hôn nhân,0.3828,0.884,1,1,316.8,,,,,
M026,đăng ký khai sinh lưu động cần giấy tờ gì,positive,required_documents,1.003583,required_documents,required_documents,manual,manual,Thủ tục đăng ký khai sinh lưu động,1.0,1.0,1.0,True,1.003583,required_documents,Thủ tục đăng ký khai sinh lưu động,0.5311,0.9359,3,3,325.0,,,,,
M027,đăng ký kết hôn lưu động cần giấy tờ gì,positive,required_documents,1.000593,required_documents,required_documents,manual,manual,Thủ tục đăng ký kết hôn lưu động,1.0,1.0,1.0,True,1.000593,required_documents,Thủ tục đăng ký kết hôn lưu động,0.3973,0.8891,3,3,329.5,,,,,
M028,lệ phí đổi giấy phép lái xe,positive,fee,1.115978;1.115979,fee,fee,manual,short,"Đổi, cấp lại Giấy phép lái xe",1.0,1.0,1.0,True,1.115978,fee,"Đổi, cấp lại Giấy phép lái xe",0.5892,0.9562,1,1,319.9,,,,,
M029,phí cấp hộ chiếu ngoại giao,positive,fee,2.002352;2.002355,fee,fee,manual,short,"Thủ tục cấp hộ chiếu ngoại giao, hộ chiếu công vụ tại cơ quan trong nước của Bộ Ngoại giao",1.0,1.0,1.0,True,2.002355,fee,"Thủ tục cấp hộ chiếu ngoại giao, hộ chiếu công vụ tại cơ quan đại diện Việt Nam ở nước ngoài",0.3917,0.7763,3,3,342.9,,,,,
M030,khai tử nộp ở đâu,positive,location,1.000656,location,location,manual,short,Thủ tục đăng ký khai tử,,,,True,2.000527,location,Thủ tục đăng ký khai tử cho công dân Việt Nam ở nước ngoài,0.346,0.7257,3,3,303.9,,,,,
M031,kết hôn cần giấy gì,positive,required_documents,1.000894,required_documents,required_documents,manual,short,Thủ tục đăng ký kết hôn,2.0,2.0,2.0,True,1.000736,required_documents,Thủ tục ghi vào sổ hộ tịch việc kết hôn của công dân Việt Nam đã được giải quyết tại cơ quan có thẩm quyền của nước ngoài,0.3987,0.7794,3,3,290.7,,,,,
M032,khai sinh thời hạn,positive,processing_time,1.001193,processing_time,processing_time,manual,short,Thủ tục đăng ký khai sinh,,,,True,6.001690,processing_time,THỦ TỤC KÉO DÀI THỜI GIAN GIỮ CHỨC VỤ ĐẾN TUỔI NGHỈ HƯU,0.4127,0.7107,2,2,284.6,,,,,
M033,thẻ căn cước lệ phí,positive,fee,1.116405;1.116407;1.116410,fee,fee,manual,short,"Cấp, cấp đổi, cấp lại thẻ căn cước",2.0,2.0,2.0,True,1.115981,fee,Cấp đổi thẻ ABTC,0.4182,0.7382,3,3,270.2,,,,,
M034,thẻ thường trú nộp ở đâu,positive,location,1.116247;1.116248,location,location,manual,short,Cấp đổi thẻ thường trú cho người nước ngoài tại Cục Quản lý xuất nhập cảnh,1.0,1.0,1.0,True,1.116247,location,Cấp đổi thẻ thường trú cho người nước ngoài tại Cục Quản lý xuất nhập cảnh,0.3474,0.6963,3,3,305.8,,,,,
M035,gia hạn tạm trú phí,positive,fee,1.000039,fee,fee,manual,short,"Thủ tục gia hạn tạm trú, cấp thị thực mới cho người nước ngoài đang tạm trú ở Việt Nam tại cơ quan có thẩm quyền ở trong nước của Bộ Ngoại giao",,,,True,1.002046,fee,Gia hạn thời gian lưu hành tại Việt Nam cho phương tiện của các nước thực hiện Hiệp định GMS,0.3432,0.6945,3,3,284.9,,,,,
M036,visa lệ phí,positive,fee,1.000612;1.000039,fee,fee,manual,short,Thủ tục cấp thị thực cho người nước ngoài tại các cơ quan có thẩm quyền cấp thị thực của Việt Nam ở nước ngoài,1.0,1.0,1.0,True,1.000612,fee,Thủ tục cấp thị thực cho người nước ngoài tại các cơ quan có thẩm quyền cấp thị thực của Việt Nam ở nước ngoài,0.4497,0.7524,3,3,262.4,,,,,
M037,giám hộ hồ sơ,positive,required_documents,1.004837;1.001669,required_documents,required_documents,manual,short,Thủ tục đăng ký giám hộ,,,,True,3.000322,required_documents,Đăng ký chấm dứt giám sát việc giám hộ,0.3952,0.6059,3,3,296.3,,,,,
M038,chứng thực bản sao,positive,required_documents,1.001606;2.000815,required_documents,required_documents,manual,short,"Thủ tục Chứng thực bản sao từ bản chính các giấy tờ, văn bản do cơ quan có thẩm quyền cấp hoặc chứng nhận",2.0,,,False,2.000757,general_information,Thủ tục Chứng thực chữ ký người dịch trong các văn bản dịch từ tiếng nước ngoài sang tiếng Việt hoặc từ tiếng Việt sang tiếng nước ngoài,0.308,0.627,3,3,303.0,,,,,
M039,căn cứ pháp lý đăng ký kết hôn,positive,legal_basis,1.000894,legal_basis,legal_basis,manual,short,Thủ tục đăng ký kết hôn,,,,True,2.000689,legal_basis,Thủ tục cấp Giấy xác nhận tình trạng hôn nhân cho công dân Việt Nam trong thời gian cư trú ở nước ngoài,0.3006,0.5471,1,1,305.3,,,,,
M040,làm CCCD gắn chip cần giấy tờ gì,positive,required_documents,1.116405;1.116407;1.116410,required_documents,required_documents,manual,abbrev,"Cấp, cấp đổi, cấp lại thẻ căn cước",1.0,1.0,1.0,True,1.116405,required_documents,"Cấp, cấp đổi, cấp lại thẻ căn cước",0.4745,0.7135,3,3,300.2,,,,,
M041,đổi GPLX mất bao lâu,positive,processing_time,1.115978;1.115979,processing_time,processing_time,manual,abbrev,"Đổi, cấp lại Giấy phép lái xe",2.0,2.0,2.0,True,1.005210,processing_time,"Cấp lại Giấy phép đào tạo lái xe ô tô khi bị mất, bị hỏng, có sự thay đổi về tên của cơ sở đào tạo",0.5326,0.7647,3,3,294.1,,,,,
M042,cấp lại GPLX lệ phí bao nhiêu,positive,fee,1.115978,fee,fee,manual,abbrev,"Đổi, cấp lại Giấy phép lái xe",1.0,1.0,1.0,True,1.115978,fee,"Đổi, cấp lại Giấy phép lái xe",0.5305,0.8087,3,3,316.3,,,,,
M043,xin LLTP cần giấy tờ gì,positive,required_documents,3.000333,required_documents,required_documents,manual,abbrev,"Cấp Phiếu Lý lịch tư pháp cho công dân Việt Nam, người nước ngoài đang cư trú tại Việt Nam, người Việt Nam đang cư trú ở nước ngoài",2.0,2.0,2.0,True,3.000330,required_documents,Cấp Phiếu lý lịch tư pháp cho công dân Việt Nam mà không xác định được nơi thường trú hoặc nơi tạm trú; người nước ngoài đã cư trú tại Việt Nam,0.4514,0.8031,3,3,292.2,,,,,
M044,xin LLTP nộp ở đâu,positive,location,3.000333,location,location,manual,abbrev,"Cấp Phiếu Lý lịch tư pháp cho công dân Việt Nam, người nước ngoài đang cư trú tại Việt Nam, người Việt Nam đang cư trú ở nước ngoài",2.0,2.0,2.0,True,1.012641,location,THỦ TỤC ĐỀ NGHỊ CẤP ĐĂNG KÝ PHÁP NHÂN PHI THƯƠNG MẠI CHO TỔ CHỨC TÔN GIÁO TRỰC THUỘC CÓ ĐỊA BÀN HOẠT ĐỘNG Ở MỘT TỈNH (CẤP TỈNH),0.4272,0.7172,3,3,281.4,,,,,
M045,cấp GCN người gốc VN cần hồ sơ gì,positive,required_documents,1.001210,required_documents,required_documents,manual,abbrev,Cấp giấy xác nhận là người gốc Việt Nam,1.0,1.0,1.0,True,1.001210,required_documents,Cấp giấy xác nhận là người gốc Việt Nam,0.7238,0.8828,3,3,332.7,,,,,
M046,gia hạn tạm trú cho NNN mất bao lâu,positive,processing_time,1.000039,processing_time,processing_time,manual,abbrev,"Thủ tục gia hạn tạm trú, cấp thị thực mới cho người nước ngoài đang tạm trú ở Việt Nam tại cơ quan có thẩm quyền ở trong nước của Bộ Ngoại giao",,,,True,1.012890,processing_time,"Gia hạn thời hạn sở hữu nhà ở tại Việt Nam của tổ chức, cá nhân nước ngoài",0.4028,0.6741,3,3,293.2,,,,,
M047,dang ky khai sinh can giay to gi,positive,required_documents,1.001193,required_documents,required_documents,manual,no_accent,Thủ tục đăng ký khai sinh,1.0,1.0,1.0,True,1.001193,required_documents,Thủ tục đăng ký khai sinh,0.4362,0.9027,1,1,318.4,,,,,
M048,xac nhan tinh trang hon nhan can giay to gi,positive,required_documents,1.004873,required_documents,required_documents,manual,no_accent,Thủ tục cấp Giấy xác nhận tình trạng hôn nhân,,,,True,2.000682,required_documents,Thủ tục đăng ký kết hôn giữa công dân Việt Nam tạm trú ở nước ngoài với nhau hoặc giữa công dân Việt Nam cư trú ở nước ngoài với người nước ngoài,0.3163,0.5956,3,3,327.2,,,,,
M049,gia han tam tru thi thuc cho nguoi nuoc ngoai phi bao nhieu,positive,fee,1.000039,fee,fee,manual,no_accent,"Thủ tục gia hạn tạm trú, cấp thị thực mới cho người nước ngoài đang tạm trú ở Việt Nam tại cơ quan có thẩm quyền ở trong nước của Bộ Ngoại giao",,,,True,1.014165,fee,"HƯỞNG CHẾ ĐỘ THAI SẢN ĐỐI VỚI LAO ĐỘNG NỮ ĐI KHÁM THAI, LAO ĐỘNG NỮ SẢY THAI, PHÁ THAI HOẶC CÓ THAI CHẾT TRONG TỬ CUNG, THAI CHẾT TRONG KHI CHUYỂN DẠ, THAI NGOÀI TỬ CUNG; NGƯỜI LAO ĐỘNG THỰC HIỆN BIỆN PHÁP TRÁNH THAI",0.3334,0.5316,3,3,337.4,,,,,
M050,cap doi the thuong tru nguoi nuoc ngoai mat bao lau,positive,processing_time,1.116247,processing_time,processing_time,manual,no_accent,Cấp đổi thẻ thường trú cho người nước ngoài tại Cục Quản lý xuất nhập cảnh,,,,True,1.010126,processing_time,"Trình khen thưởng đối ngoại đối với các tổ chức và cá nhân nước ngoài, người Việt Nam ở nước ngoài và người Việt Nam làm việc cho các tổ chức nước ngoài có những đóng góp tích cực cho thành phố Đà Nẵng (UBND TP Đà Nẵng)",0.3092,0.6725,3,3,345.3,,,,,
M051,cap lai giay phep lai xe can giay to gi,positive,required_documents,1.115978,required_documents,required_documents,manual,no_accent,"Đổi, cấp lại Giấy phép lái xe",1.0,1.0,1.0,True,1.115978,required_documents,"Đổi, cấp lại Giấy phép lái xe",0.4939,0.9229,1,1,324.3,,,,,
M052,đăng ký kêt hôn mât bao lâu,positive,processing_time,1.000894,processing_time,processing_time,manual,typo,Thủ tục đăng ký kết hôn,,,,True,2.000682,processing_time,Thủ tục đăng ký kết hôn giữa công dân Việt Nam tạm trú ở nước ngoài với nhau hoặc giữa công dân Việt Nam cư trú ở nước ngoài với người nước ngoài,0.3495,0.6073,3,3,303.0,,,,,
M053,khia tử nộp hồ so ở dâu,positive,location,1.000656,location,location,manual,typo,Thủ tục đăng ký khai tử,,,,True,1.014217,location,"Thủ tục lấy ý kiến đối với việc sửa chữa, cải tạo, xây dựng nhà ở riêng lẻ nằm trong khu vực bảo vệ di tích, di sản thế giới (trường hợp không cấp giấy phép xây dựng)",0.2659,0.6768,3,3,321.4,,,,,
M054,đăng kí khai sinh cân giấy tờ j,positive,required_documents,1.001193,required_documents,required_documents,manual,typo,Thủ tục đăng ký khai sinh,,,,True,1.003583,required_documents,Thủ tục đăng ký khai sinh lưu động,0.2996,0.6982,3,3,316.0,,,,,
M055,gia hạn tạm chú người nước ngoài mất bao nhiu phí,positive,fee,1.000039,fee,fee,manual,typo,"Thủ tục gia hạn tạm trú, cấp thị thực mới cho người nước ngoài đang tạm trú ở Việt Nam tại cơ quan có thẩm quyền ở trong nước của Bộ Ngoại giao",,,,True,1.000532,fee,Thủ tục Gia hạn giấy phép hoạt động của tổ chức con nuôi nước ngoài tại Việt Nam,0.3567,0.6855,3,3,315.6,,,,,
M056,lý lich tư pháp cần mang theo giấy tờ gì,positive,required_documents,3.000333,required_documents,required_documents,manual,typo,"Cấp Phiếu Lý lịch tư pháp cho công dân Việt Nam, người nước ngoài đang cư trú tại Việt Nam, người Việt Nam đang cư trú ở nước ngoài",,,,True,2.000991,required_documents,"Thủ tục cấp giấy phép mang di vật, cổ vật, bảo vật quốc gia ra nước ngoài",0.2749,0.6862,3,3,318.4,,,,,
M057,chứng thực chử ký cần giấy tờ gì,positive,required_documents,1.001590;2.000884,required_documents,required_documents,manual,typo,"Thủ tục Chứng thực chữ ký trong các giấy tờ, văn bản",1.0,1.0,1.0,True,1.001590,required_documents,"Thủ tục Chứng thực chữ ký trong các giấy tờ, văn bản",0.4772,0.917,1,1,381.0,,,,,
M058,"Chào bạn, mình muốn làm giấy khai sinh cho con mới sinh thì cần chuẩn bị những giấy tờ gì vậy?",positive,required_documents,1.001193,required_documents,required_documents,manual,conversational,Thủ tục đăng ký khai sinh,2.0,2.0,2.0,True,1.014332,required_documents,Cấp lại Giấy chứng sinh,0.438,0.7394,3,3,386.3,,,,,
M059,"Ba tôi mới mất, tôi cần đi khai tử thì hồ sơ gồm những gì?",positive,required_documents,1.000656,required_documents,required_documents,manual,conversational,Thủ tục đăng ký khai tử,,,,True,2.000616,required_documents,Thủ tục đăng ký lại việc tử,0.4619,0.7579,3,3,385.7,,,,,
M060,Người nước ngoài ở Việt Nam muốn ở thêm thì gia hạn tạm trú tốn bao nhiêu tiền?,positive,fee,1.000039,fee,fee,manual,conversational,"Thủ tục gia hạn tạm trú, cấp thị thực mới cho người nước ngoài đang tạm trú ở Việt Nam tại cơ quan có thẩm quyền ở trong nước của Bộ Ngoại giao",,,,True,1.012890,fee,"Gia hạn thời hạn sở hữu nhà ở tại Việt Nam của tổ chức, cá nhân nước ngoài",0.4517,0.7341,2,2,595.8,,,,,
M061,"Tôi là người nước ngoài, muốn xin visa Việt Nam thì lệ phí là bao nhiêu?",positive,fee,1.000612;1.000039,fee,fee,manual,conversational,Thủ tục cấp thị thực cho người nước ngoài tại các cơ quan có thẩm quyền cấp thị thực của Việt Nam ở nước ngoài,1.0,1.0,1.0,True,1.000612,fee,Thủ tục cấp thị thực cho người nước ngoài tại các cơ quan có thẩm quyền cấp thị thực của Việt Nam ở nước ngoài,0.3952,0.7591,3,3,564.5,,,,,
M062,"Bằng lái xe bị mất thì làm lại như thế nào, cần giấy tờ gì?",positive,required_documents,1.115978,required_documents,required_documents,manual,conversational,"Đổi, cấp lại Giấy phép lái xe",2.0,2.0,2.0,True,1.005210,required_documents,"Cấp lại Giấy phép đào tạo lái xe ô tô khi bị mất, bị hỏng, có sự thay đổi về tên của cơ sở đào tạo",0.6068,0.823,3,3,553.2,,,,,
M063,"Tôi cần giấy xác nhận độc thân để đi làm thủ tục cưới ở nước ngoài, cần chuẩn bị gì?",positive,required_documents,1.004873,required_documents,required_documents,manual,conversational,Thủ tục cấp Giấy xác nhận tình trạng hôn nhân,,,,True,1.001210,required_documents,Cấp giấy xác nhận là người gốc Việt Nam,0.4123,0.6977,3,3,619.1,,,,,
M064,Muốn đổi thẻ thường trú của người nước ngoài thì nộp hồ sơ ở đâu?,positive,location,1.116247,location,location,manual,conversational,Cấp đổi thẻ thường trú cho người nước ngoài tại Cục Quản lý xuất nhập cảnh,1.0,1.0,1.0,True,1.116247,location,Cấp đổi thẻ thường trú cho người nước ngoài tại Cục Quản lý xuất nhập cảnh,0.6103,0.8474,3,3,545.0,,,,,
M065,"Con tôi sinh ra ở nước ngoài, giờ về Việt Nam muốn đăng ký khai sinh thì cần giấy tờ gì?",positive,required_documents,1.001020,required_documents,required_documents,manual,conversational,Thủ tục đăng ký khai sinh cho trẻ em sinh ra ở nước ngoài và có quốc tịch Việt Nam,2.0,2.0,2.0,True,2.000528,required_documents,Thủ tục đăng ký khai sinh có yếu tố nước ngoài,0.5108,0.7539,3,3,623.4,,,,,
M066,"Đã ly hôn ở nước ngoài rồi thì ghi vào sổ hộ tịch Việt Nam thế nào, cần giấy tờ gì?",positive,required_documents,2.000554;2.000698,required_documents,required_documents,manual,conversational,"Thủ tục ghi vào Sổ hộ tịch việc ly hôn, hủy việc kết hôn của công dân Việt Nam đã được giải quyết tại cơ quan có thẩm quyền của nước ngoài",,,,True,2.000682,required_documents,Thủ tục đăng ký kết hôn giữa công dân Việt Nam tạm trú ở nước ngoài với nhau hoặc giữa công dân Việt Nam cư trú ở nước ngoài với người nước ngoài,0.572,0.6988,3,3,645.5,,,,,
M067,Mình cần sao y bản chính các giấy tờ thì cần mang theo những gì?,positive,required_documents,1.001606;2.000815,required_documents,required_documents,manual,conversational,"Thủ tục Chứng thực bản sao từ bản chính các giấy tờ, văn bản do cơ quan có thẩm quyền cấp hoặc chứng nhận",,,,True,1.014620,required_documents,Thủ tục cấp giấy phép làm bản sao di sản tư liệu trong Danh mục quốc gia về di sản tư liệu (trung ương),0.4101,0.7695,3,3,591.1,,,,,
M068,"Nhà tôi ở vùng sâu, đi lại khó khăn, muốn đăng ký khai sinh lưu động thì cần gì?",positive,required_documents,1.003583,required_documents,required_documents,manual,conversational,Thủ tục đăng ký khai sinh lưu động,1.0,1.0,1.0,True,1.003583,required_documents,Thủ tục đăng ký khai sinh lưu động,0.4045,0.8416,3,3,656.9,,,,,
M069,"Tôi muốn đăng ký xe máy mới và làm biển số, hồ sơ cần những gì?",positive,required_documents,1.115970,required_documents,required_documents,manual,conversational,"Đăng ký, cấp chứng nhận đăng ký xe, biển số xe",1.0,1.0,1.0,True,1.115970,required_documents,"Đăng ký, cấp chứng nhận đăng ký xe, biển số xe",0.4673,0.8735,1,1,485.1,,,,,
M070,Công hàm để xin visa cho cán bộ đi công tác nước ngoài thì hồ sơ gồm gì?,positive,required_documents,2.002354,required_documents,required_documents,manual,conversational,Thủ tục cấp công hàm đề nghị phía nước ngoài cấp thị thực tại cơ quan trong nước của Bộ Ngoại giao,1.0,1.0,1.0,True,2.002354,required_documents,Thủ tục cấp công hàm đề nghị phía nước ngoài cấp thị thực tại cơ quan trong nước của Bộ Ngoại giao,0.5908,0.8159,3,3,642.2,,,,,
M071,đăng ký kết hôn cần giấy tờ gì và mất bao lâu,positive,multi,1.000894,required_documents,required_documents;processing_time,manual,multi_intent,Thủ tục đăng ký kết hôn,1.0,1.0,,True,1.000894,required_documents,Thủ tục đăng ký kết hôn,0.3974,0.8669,3,3,562.6,,,,,
M072,đăng ký khai tử nộp ở đâu và lệ phí bao nhiêu,positive,multi,1.000656,location,location;fee,manual,multi_intent,Thủ tục đăng ký khai tử,,,,True,2.002913,location,"Liên thông điện tử: Đăng ký khai tử, xóa đăng ký thường trú, giải quyết mai táng phí, tử tuất",0.3571,0.5822,3,3,587.9,,,,,
M073,gia hạn tạm trú cho người nước ngoài mất bao lâu và tốn bao nhiêu phí,positive,multi,1.000039,processing_time,processing_time;fee,manual,multi_intent,"Thủ tục gia hạn tạm trú, cấp thị thực mới cho người nước ngoài đang tạm trú ở Việt Nam tại cơ quan có thẩm quyền ở trong nước của Bộ Ngoại giao",2.0,2.0,,True,1.012890,processing_time,"Gia hạn thời hạn sở hữu nhà ở tại Việt Nam của tổ chức, cá nhân nước ngoài",0.4728,0.7128,3,3,587.2,,,,,
M074,"cấp giấy xác nhận là người gốc Việt Nam cần hồ sơ gì, phí bao nhiêu",positive,multi,1.001210,required_documents,required_documents;fee,manual,multi_intent,Cấp giấy xác nhận là người gốc Việt Nam,1.0,1.0,,True,1.001210,required_documents,Cấp giấy xác nhận là người gốc Việt Nam,0.7336,0.9977,3,3,384.9,,,,,
M075,"cấp đổi thẻ thường trú nộp ở đâu, mất bao lâu",positive,multi,1.116247,location,location;processing_time,manual,multi_intent,Cấp đổi thẻ thường trú cho người nước ngoài tại Cục Quản lý xuất nhập cảnh,1.0,1.0,,True,1.116247,location,Cấp đổi thẻ thường trú cho người nước ngoài tại Cục Quản lý xuất nhập cảnh,0.4476,0.7348,2,2,625.4,,,,,
M076,đăng ký giám hộ cần giấy tờ gì và căn cứ pháp lý là gì,positive,multi,1.004837;1.001669,required_documents,required_documents;legal_basis,manual,multi_intent,Thủ tục đăng ký giám hộ,1.0,,,False,1.004837,location,Thủ tục đăng ký giám hộ,0.3461,0.6211,1,1,607.5,,,,,
G0001,"Thủ tục xử lý tài sản kết cấu hạ tầng công viên, cây xanh do Nhà nước đầu tư, quản lý cần những giấy tờ gì?",positive,required_documents,6.006595,required_documents,required_documents,generated,formal,"Thủ tục xử lý tài sản kết cấu hạ tầng công viên, cây xanh do Nhà nước đầu tư, quản lý",1.0,1.0,1.0,True,6.006595,required_documents,"Thủ tục xử lý tài sản kết cấu hạ tầng công viên, cây xanh do Nhà nước đầu tư, quản lý",0.4987,0.9154,1,1,411.5,,,,,
G0002,"Muốn xử lý tài sản kết cấu hạ tầng công viên, cây xanh do Nhà nước đầu tư, quản lý cần chuẩn bị hồ sơ gì?",positive,required_documents,6.006595,required_documents,required_documents,generated,casual,"Thủ tục xử lý tài sản kết cấu hạ tầng công viên, cây xanh do Nhà nước đầu tư, quản lý",1.0,1.0,1.0,True,6.006595,required_documents,"Thủ tục xử lý tài sản kết cấu hạ tầng công viên, cây xanh do Nhà nước đầu tư, quản lý",0.4784,0.9129,1,1,656.9,,,,,
G0003,Thủ tục Cấp giấy phép hoạt động của tổ chức con nuôi nước ngoài tại Việt Nam cần những giấy tờ gì?,positive,required_documents,1.005133,required_documents,required_documents,generated,formal,Thủ tục Cấp giấy phép hoạt động của tổ chức con nuôi nước ngoài tại Việt Nam,1.0,1.0,1.0,True,1.005133,required_documents,Thủ tục Cấp giấy phép hoạt động của tổ chức con nuôi nước ngoài tại Việt Nam,0.5716,0.9501,3,3,426.4,,,,,
G0004,Muốn cấp giấy phép hoạt động của tổ chức con nuôi nước ngoài tại Việt Nam cần chuẩn bị hồ sơ gì?,positive,required_documents,1.005133,required_documents,required_documents,generated,casual,Thủ tục Cấp giấy phép hoạt động của tổ chức con nuôi nước ngoài tại Việt Nam,1.0,1.0,1.0,True,1.005133,required_documents,Thủ tục Cấp giấy phép hoạt động của tổ chức con nuôi nước ngoài tại Việt Nam,0.5298,0.9299,3,3,658.4,,,,,
G0005,Thủ tục cấp Giấy chứng nhận đủ điều kiện kinh doanh hoạt động thể thao đối với môn Judo cần những giấy tờ gì?,positive,required_documents,1.000842,required_documents,required_documents,generated,formal,Thủ tục cấp Giấy chứng nhận đủ điều kiện kinh doanh hoạt động thể thao đối với môn Judo,1.0,1.0,1.0,True,1.000842,required_documents,Thủ tục cấp Giấy chứng nhận đủ điều kiện kinh doanh hoạt động thể thao đối với môn Judo,0.7616,1.0,1,1,388.5,,,,,
G0006,Muốn cấp Giấy chứng nhận đủ điều kiện kinh doanh hoạt động thể thao đối với môn Judo cần chuẩn bị hồ sơ gì?,positive,required_documents,1.000842,required_documents,required_documents,generated,casual,Thủ tục cấp Giấy chứng nhận đủ điều kiện kinh doanh hoạt động thể thao đối với môn Judo,1.0,1.0,1.0,True,1.000842,required_documents,Thủ tục cấp Giấy chứng nhận đủ điều kiện kinh doanh hoạt động thể thao đối với môn Judo,0.7451,1.0,1,1,691.4,,,,,
G0007,Miễn nhiệm công chứng viên (trường hợp được miễn nhiệm) cần những giấy tờ gì?,positive,required_documents,1.013805,required_documents,required_documents,generated,formal,Miễn nhiệm công chứng viên (trường hợp được miễn nhiệm),1.0,1.0,1.0,True,1.013805,required_documents,Miễn nhiệm công chứng viên (trường hợp được miễn nhiệm),0.5416,0.9173,1,1,363.8,,,,,
G0008,Muốn miễn nhiệm công chứng viên cần chuẩn bị hồ sơ gì?,positive,required_documents,1.013805,required_documents,required_documents,generated,casual,Miễn nhiệm công chứng viên (trường hợp được miễn nhiệm),,,,False,1.013803,general_information,Bổ nhiệm công chứng viên,0.4634,0.5889,1,1,596.1,,,,,
G0009,"Cấp giấy phép xây dựng sửa chữa, cải tạo đối với công trình cấp III, cấp IV (công trình Không theo tuyến/Theo tuyến trong đô thị/Tín ngưỡng, tôn giáo/Tượng đài, tranh hoành tráng/Theo giai đoạn cho công trình không theo tuyến/Theo giai đoạn cho công trình theo tuyến trong đô thị/Dự án) và nhà ở riêng lẻ: cần những giấy tờ gì?",positive,required_documents,1.013229,required_documents,required_documents,generated,formal,"Cấp giấy phép xây dựng sửa chữa, cải tạo đối với công trình cấp III, cấp IV (công trình Không theo tuyến/Theo tuyến trong đô thị/Tín ngưỡng, tôn giáo/Tượng đài, tranh hoành tráng/Theo giai đoạn cho công trình không theo tuyến/Theo giai đoạn cho công trình theo tuyến trong đô thị/Dự án) và nhà ở riêng lẻ:",1.0,1.0,1.0,True,1.013229,required_documents,"Cấp giấy phép xây dựng sửa chữa, cải tạo đối với công trình cấp III, cấp IV (công trình Không theo tuyến/Theo tuyến trong đô thị/Tín ngưỡng, tôn giáo/Tượng đài, tranh hoành tráng/Theo giai đoạn cho công trình không theo tuyến/Theo giai đoạn cho công trình theo tuyến trong đô thị/Dự án) và nhà ở riêng lẻ:",0.7529,1.0,3,3,414.0,,,,,
G0010,"Muốn cấp giấy phép xây dựng sửa chữa, cải tạo đối với công trình cấp III, cấp IV và nhà ở riêng lẻ: cần chuẩn bị hồ sơ gì?",positive,required_documents,1.013229,required_documents,required_documents,generated,casual,"Cấp giấy phép xây dựng sửa chữa, cải tạo đối với công trình cấp III, cấp IV (công trình Không theo tuyến/Theo tuyến trong đô thị/Tín ngưỡng, tôn giáo/Tượng đài, tranh hoành tráng/Theo giai đoạn cho công trình không theo tuyến/Theo giai đoạn cho công trình theo tuyến trong đô thị/Dự án) và nhà ở riêng lẻ:",,,,True,1.009122,required_documents,"Cấp giấy phép xây dựng có thời hạn đối với công trình, nhà ở riêng lẻ (công trình cấp III, cấp IV)",0.6375,0.9648,3,3,681.9,,,,,
G0011,Cho thuê nhà ở cũ thuộc tài sản công đối với trường hợp ký lại hợp đồng thuê cần những giấy tờ gì?,positive,required_documents,1.012898,required_documents,required_documents,generated,formal,Cho thuê nhà ở cũ thuộc tài sản công đối với trường hợp ký lại hợp đồng thuê,1.0,1.0,1.0,True,1.012898,required_documents,Cho thuê nhà ở cũ thuộc tài sản công đối với trường hợp ký lại hợp đồng thuê,0.717,0.9951,1,1,396.9,,,,,
G0012,Muốn cho thuê nhà ở cũ thuộc tài sản công đối với trường hợp ký lại hợp đồng thuê cần chuẩn bị hồ sơ gì?,positive,required_documents,1.012898,required_documents,required_documents,generated,casual,Cho thuê nhà ở cũ thuộc tài sản công đối với trường hợp ký lại hợp đồng thuê,1.0,1.0,1.0,True,1.012898,required_documents,Cho thuê nhà ở cũ thuộc tài sản công đối với trường hợp ký lại hợp đồng thuê,0.6657,0.9725,1,1,385.7,,,,,
G0013,Thủ tục thành lập văn phòng điều hành của nhà đầu tư nước ngoài trong hợp đồng BCC cần những giấy tờ gì?,positive,required_documents,1.009731,required_documents,required_documents,generated,formal,Thủ tục thành lập văn phòng điều hành của nhà đầu tư nước ngoài trong hợp đồng BCC,1.0,1.0,1.0,True,1.009731,required_documents,Thủ tục thành lập văn phòng điều hành của nhà đầu tư nước ngoài trong hợp đồng BCC,0.6026,0.9609,1,1,383.4,,,,,
G0014,Muốn thành lập văn phòng điều hành của nhà đầu tư nước ngoài trong hợp đồng BCC cần chuẩn bị hồ sơ gì?,positive,required_documents,1.009731,required_documents,required_documents,generated,casual,Thủ tục thành lập văn phòng điều hành của nhà đầu tư nước ngoài trong hợp đồng BCC,1.0,1.0,1.0,True,1.009731,required_documents,Thủ tục thành lập văn phòng điều hành của nhà đầu tư nước ngoài trong hợp đồng BCC,0.5613,0.9359,1,1,684.5,,,,,
G0015,"Thủ tục đăng ký khai sinh cho người đã có hồ sơ, giấy tờ cá nhân cần những giấy tờ gì?",positive,required_documents,1.004772,required_documents,required_documents,generated,formal,"Thủ tục đăng ký khai sinh cho người đã có hồ sơ, giấy tờ cá nhân",1.0,1.0,1.0,True,1.004772,required_documents,"Thủ tục đăng ký khai sinh cho người đã có hồ sơ, giấy tờ cá nhân",0.6238,0.9683,3,3,389.8,,,,,
G0016,"Muốn đăng ký khai sinh cho người đã có hồ sơ, giấy tờ cá nhân cần chuẩn bị hồ sơ gì?",positive,required_documents,1.004772,required_documents,required_documents,generated,casual,"Thủ tục đăng ký khai sinh cho người đã có hồ sơ, giấy tờ cá nhân",1.0,1.0,1.0,True,1.004772,required_documents,"Thủ tục đăng ký khai sinh cho người đã có hồ sơ, giấy tờ cá nhân",0.5517,0.9288,3,3,606.6,,,,,
G0017,Đăng ký tham gia Hệ thống mạng đấu thầu quốc gia cần những giấy tờ gì?,positive,required_documents,2.002610,required_documents,required_documents,generated,formal,Đăng ký tham gia Hệ thống mạng đấu thầu quốc gia,1.0,1.0,1.0,True,2.002610,required_documents,Đăng ký tham gia Hệ thống mạng đấu thầu quốc gia,0.563,0.947,1,1,361.6,,,,,
G0018,Muốn đăng ký tham gia Hệ thống mạng đấu thầu quốc gia cần chuẩn bị hồ sơ gì?,positive,required_documents,2.002610,required_documents,required_documents,generated,casual,Đăng ký tham gia Hệ thống mạng đấu thầu quốc gia,1.0,1.0,1.0,True,2.002610,required_documents,Đăng ký tham gia Hệ thống mạng đấu thầu quốc gia,0.5763,0.9374,1,1,384.5,,,,,
G0019,Thủ tục thông báo tổ chức lễ hội (thẩm quyền của UBND cấp tỉnh) cần những giấy tờ gì?,positive,required_documents,1.003654,required_documents,required_documents,generated,formal,Thủ tục thông báo tổ chức lễ hội (thẩm quyền của UBND cấp tỉnh),1.0,1.0,1.0,True,1.003654,required_documents,Thủ tục thông báo tổ chức lễ hội (thẩm quyền của UBND cấp tỉnh),0.5873,0.9472,1,1,385.1,,,,,
G0020,Muốn thông báo tổ chức lễ hội cần chuẩn bị hồ sơ gì?,positive,required_documents,1.003654,required_documents,required_documents,generated,casual,Thủ tục thông báo tổ chức lễ hội (thẩm quyền của UBND cấp tỉnh),,,,True,1.003622,required_documents,Thủ tục thông báo tổ chức lễ hội cấp xã,0.5535,0.9187,1,1,575.9,,,,,
G0021,Thủ tục tặng thưởng Bằng khen của Chủ tịch UBND thành phố về thành tích đối ngoại cần những giấy tờ gì?,positive,required_documents,3.000595,required_documents,required_documents,generated,formal,Thủ tục tặng thưởng Bằng khen của Chủ tịch UBND thành phố về thành tích đối ngoại,1.0,1.0,1.0,True,3.000595,required_documents,Thủ tục tặng thưởng Bằng khen của Chủ tịch UBND thành phố về thành tích đối ngoại,0.5525,0.9367,1,1,331.7,,,,,
G0022,Muốn tặng thưởng Bằng khen của Chủ tịch UBND thành phố về thành tích đối ngoại cần chuẩn bị hồ sơ gì?,positive,required_documents,3.000595,required_documents,required_documents,generated,casual,Thủ tục tặng thưởng Bằng khen của Chủ tịch UBND thành phố về thành tích đối ngoại,1.0,1.0,1.0,True,3.000595,required_documents,Thủ tục tặng thưởng Bằng khen của Chủ tịch UBND thành phố về thành tích đối ngoại,0.5164,0.9241,1,1,611.0,,,,,
G0023,"(Hà Nội) Giao đất, cho thuê đất, chuyển mục đích sử dụng đất đối với trường hợp giao đất, cho thuê đất không đấu giá quyền sử dụng đất, không đấu thầu lựa chọn nhà đầu tư thực hiện dự án có sử dụng đất; trường hợp giao đất, cho thuê đất thông qua đấu thầu lựa chọn nhà đầu tư thực hiện dự án có sử dụng đất; giao đất và giao rừng; cho thuê đất và cho thuê rừng; gia hạn sử dụng đất khi hết thời hạn sử dụng đất (cấp tỉnh) cần những giấy tờ gì?",positive,required_documents,1.116444,required_documents,required_documents,generated,formal,"(Hà Nội) Giao đất, cho thuê đất, chuyển mục đích sử dụng đất đối với trường hợp giao đất, cho thuê đất không đấu giá quyền sử dụng đất, không đấu thầu lựa chọn nhà đầu tư thực hiện dự án có sử dụng đất; trường hợp giao đất, cho thuê đất thông qua đấu thầu lựa chọn nhà đầu tư thực hiện dự án có sử dụng đất; giao đất và giao rừng; cho thuê đất và cho thuê rừng; gia hạn sử dụng đất khi hết thời hạn sử dụng đất (cấp tỉnh)",1.0,1.0,1.0,True,1.116444,required_documents,"(Hà Nội) Giao đất, cho thuê đất, chuyển mục đích sử dụng đất đối với trường hợp giao đất, cho thuê đất không đấu giá quyền sử dụng đất, không đấu thầu lựa chọn nhà đầu tư thực hiện dự án có sử dụng đất; trường hợp giao đất, cho thuê đất thông qua đấu thầu lựa chọn nhà đầu tư thực hiện dự án có sử dụng đất; giao đất và giao rừng; cho thuê đất và cho thuê rừng; gia hạn sử dụng đất khi hết thời hạn sử dụng đất (cấp tỉnh)",0.7075,0.9924,3,3,429.1,,,,,
G0024,"Muốn giao đất, cho thuê đất, chuyển mục đích sử dụng đất đối với trường hợp giao đất, cho thuê đất không đấu giá quyền sử dụng đất, không đấu thầu lựa chọn nhà đầu tư thực hiện dự án có sử dụng đất; trường hợp giao đất, cho thuê đất thông qua đấu thầu lựa chọn nhà đầu tư thực hiện dự án có sử dụng đất; giao đất và giao rừng; cho thuê đất và cho thuê rừng; gia hạn sử dụng đất khi hết thời hạn sử dụng đất cần chuẩn bị hồ sơ gì?",positive,required_documents,1.116444,required_documents,required_documents,generated,casual,"(Hà Nội) Giao đất, cho thuê đất, chuyển mục đích sử dụng đất đối với trường hợp giao đất, cho thuê đất không đấu giá quyền sử dụng đất, không đấu thầu lựa chọn nhà đầu tư thực hiện dự án có sử dụng đất; trường hợp giao đất, cho thuê đất thông qua đấu thầu lựa chọn nhà đầu tư thực hiện dự án có sử dụng đất; giao đất và giao rừng; cho thuê đất và cho thuê rừng; gia hạn sử dụng đất khi hết thời hạn sử dụng đất (cấp tỉnh)",1.0,1.0,1.0,True,1.116444,required_documents,"(Hà Nội) Giao đất, cho thuê đất, chuyển mục đích sử dụng đất đối với trường hợp giao đất, cho thuê đất không đấu giá quyền sử dụng đất, không đấu thầu lựa chọn nhà đầu tư thực hiện dự án có sử dụng đất; trường hợp giao đất, cho thuê đất thông qua đấu thầu lựa chọn nhà đầu tư thực hiện dự án có sử dụng đất; giao đất và giao rừng; cho thuê đất và cho thuê rừng; gia hạn sử dụng đất khi hết thời hạn sử dụng đất (cấp tỉnh)",0.5999,0.8029,3,3,725.8,,,,,
G0025,Thủ tục cấp giấy phép đủ điều kiện kinh doanh dịch vụ karaoke cần những giấy tờ gì?,positive,required_documents,1.001029,required_documents,required_documents,generated,formal,Thủ tục cấp giấy phép đủ điều kiện kinh doanh dịch vụ karaoke,1.0,1.0,1.0,True,1.001029,required_documents,Thủ tục cấp giấy phép đủ điều kiện kinh doanh dịch vụ karaoke,0.8042,1.0,1,1,387.0,,,,,
G0026,Muốn cấp giấy phép đủ điều kiện kinh doanh dịch vụ karaoke cần chuẩn bị hồ sơ gì?,positive,required_documents,1.001029,required_documents,required_documents,generated,casual,Thủ tục cấp giấy phép đủ điều kiện kinh doanh dịch vụ karaoke,1.0,1.0,1.0,True,1.001029,required_documents,Thủ tục cấp giấy phép đủ điều kiện kinh doanh dịch vụ karaoke,0.7584,1.0,1,1,686.7,,,,,
G0027,Thủ tục cấp giấy phép đủ điều kiện kinh doanh dịch vụ vũ trường cần những giấy tờ gì?,positive,required_documents,1.001008,required_documents,required_documents,generated,formal,Thủ tục cấp giấy phép đủ điều kiện kinh doanh dịch vụ vũ trường,1.0,1.0,1.0,True,1.001008,required_documents,Thủ tục cấp giấy phép đủ điều kiện kinh doanh dịch vụ vũ trường,0.5423,0.9327,1,1,430.5,,,,,
G0028,Muốn cấp giấy phép đủ điều kiện kinh doanh dịch vụ vũ trường cần chuẩn bị hồ sơ gì?,positive,required_documents,1.001008,required_documents,required_documents,generated,casual,Thủ tục cấp giấy phép đủ điều kiện kinh doanh dịch vụ vũ trường,1.0,1.0,1.0,True,1.001008,required_documents,Thủ tục cấp giấy phép đủ điều kiện kinh doanh dịch vụ vũ trường,0.495,0.9099,1,1,653.8,,,,,
G0029,"Thủ tục công nhận cơ sở kinh doanh dịch vụ vui chơi, giải trí đạt tiêu chuẩn phục vụ khách du lịch cần những giấy tờ gì?",positive,required_documents,1.004503,required_documents,required_documents,generated,formal,"Thủ tục công nhận cơ sở kinh doanh dịch vụ vui chơi, giải trí đạt tiêu chuẩn phục vụ khách du lịch",1.0,1.0,1.0,True,1.004503,required_documents,"Thủ tục công nhận cơ sở kinh doanh dịch vụ vui chơi, giải trí đạt tiêu chuẩn phục vụ khách du lịch",0.6398,0.9648,1,1,359.3,,,,,
G0030,"Muốn công nhận cơ sở kinh doanh dịch vụ vui chơi, giải trí đạt tiêu chuẩn phục vụ khách du lịch cần chuẩn bị hồ sơ gì?",positive,required_documents,1.004503,required_documents,required_documents,generated,casual,"Thủ tục công nhận cơ sở kinh doanh dịch vụ vui chơi, giải trí đạt tiêu chuẩn phục vụ khách du lịch",1.0,1.0,1.0,True,1.004503,required_documents,"Thủ tục công nhận cơ sở kinh doanh dịch vụ vui chơi, giải trí đạt tiêu chuẩn phục vụ khách du lịch",0.6051,0.9568,1,1,353.6,,,,,
G0031,Công nhận Ban quản trị nhà chung cư cần những giấy tờ gì?,positive,required_documents,1.012888,required_documents,required_documents,generated,formal,Công nhận Ban quản trị nhà chung cư,1.0,1.0,1.0,True,1.012888,required_documents,Công nhận Ban quản trị nhà chung cư,0.5592,0.9457,3,3,167.2,,,,,
G0032,Muốn công nhận Ban quản trị nhà chung cư cần chuẩn bị hồ sơ gì?,positive,required_documents,1.012888,required_documents,required_documents,generated,casual,Công nhận Ban quản trị nhà chung cư,1.0,1.0,1.0,True,1.012888,required_documents,Công nhận Ban quản trị nhà chung cư,0.5316,0.9277,3,3,167.0,,,,,
G0033,Thành lập hoặc cho phép thành lập trung tâm học tập cộng đồng cần những giấy tờ gì?,positive,required_documents,1.012969,required_documents,required_documents,generated,formal,Thành lập hoặc cho phép thành lập trung tâm học tập cộng đồng,1.0,1.0,1.0,True,1.012969,required_documents,Thành lập hoặc cho phép thành lập trung tâm học tập cộng đồng,0.5545,0.9274,2,2,166.1,,,,,
G0034,Muốn thành lập hoặc cho phép thành lập trung tâm học tập cộng đồng cần chuẩn bị hồ sơ gì?,positive,required_documents,1.012969,required_documents,required_documents,generated,casual,Thành lập hoặc cho phép thành lập trung tâm học tập cộng đồng,1.0,1.0,1.0,True,1.012969,required_documents,Thành lập hoặc cho phép thành lập trung tâm học tập cộng đồng,0.5217,0.9183,2,2,165.1,,,,,
G0035,"Giải quyết hưởng trợ cấp một lần đối với người đang hưởng lương hưu, trợ cấp BHXH hằng tháng ra nước ngoài để định cư cần những giấy tờ gì?",positive,required_documents,2.000755,required_documents,required_documents,generated,formal,"Giải quyết hưởng trợ cấp một lần đối với người đang hưởng lương hưu, trợ cấp BHXH hằng tháng ra nước ngoài để định cư",1.0,1.0,1.0,True,2.000755,required_documents,"Giải quyết hưởng trợ cấp một lần đối với người đang hưởng lương hưu, trợ cấp BHXH hằng tháng ra nước ngoài để định cư",0.3866,0.8853,1,1,165.6,,,,,
G0036,"Muốn giải quyết hưởng trợ cấp một lần đối với người đang hưởng lương hưu, trợ cấp BHXH hằng tháng ra nước ngoài để định cư cần chuẩn bị hồ sơ gì?",positive,required_documents,2.000755,required_documents,required_documents,generated,casual,"Giải quyết hưởng trợ cấp một lần đối với người đang hưởng lương hưu, trợ cấp BHXH hằng tháng ra nước ngoài để định cư",1.0,1.0,1.0,True,2.000755,required_documents,"Giải quyết hưởng trợ cấp một lần đối với người đang hưởng lương hưu, trợ cấp BHXH hằng tháng ra nước ngoài để định cư",0.4681,0.9058,1,1,172.0,,,,,
G0037,Thành lập trường phổ thông dân tộc nội trú cần những giấy tờ gì?,positive,required_documents,5.003827,required_documents,required_documents,generated,formal,Thành lập trường phổ thông dân tộc nội trú,1.0,1.0,1.0,True,5.003827,required_documents,Thành lập trường phổ thông dân tộc nội trú,0.4397,0.8948,1,1,164.7,,,,,
G0038,Muốn thành lập trường phổ thông dân tộc nội trú cần chuẩn bị hồ sơ gì?,positive,required_documents,5.003827,required_documents,required_documents,generated,casual,Thành lập trường phổ thông dân tộc nội trú,1.0,1.0,1.0,True,5.003827,required_documents,Thành lập trường phổ thông dân tộc nội trú,0.4141,0.8796,1,1,165.5,,,,,
G0039,"Thủ tục cấp Giấy chứng nhận đủ điều kiện kinh hoạt động thể thao đối với môn Bơi, Lặn cần những giấy tờ gì?",positive,required_documents,1.000883,required_documents,required_documents,generated,formal,"Thủ tục cấp Giấy chứng nhận đủ điều kiện kinh hoạt động thể thao đối với môn Bơi, Lặn",1.0,1.0,1.0,True,1.000883,required_documents,"Thủ tục cấp Giấy chứng nhận đủ điều kiện kinh hoạt động thể thao đối với môn Bơi, Lặn",0.6412,0.9692,1,1,175.0,,,,,
G0040,"Muốn cấp Giấy chứng nhận đủ điều kiện kinh hoạt động thể thao đối với môn Bơi, Lặn cần chuẩn bị hồ sơ gì?",positive,required_documents,1.000883,required_documents,required_documents,generated,casual,"Thủ tục cấp Giấy chứng nhận đủ điều kiện kinh hoạt động thể thao đối với môn Bơi, Lặn",1.0,1.0,1.0,True,1.000883,required_documents,"Thủ tục cấp Giấy chứng nhận đủ điều kiện kinh hoạt động thể thao đối với môn Bơi, Lặn",0.627,0.9695,1,1,304.3,,,,,
G0041,Giải thể phân hiệu của trường cao đẳng cần những giấy tờ gì?,positive,required_documents,2.002883,required_documents,required_documents,generated,formal,Giải thể phân hiệu của trường cao đẳng,,,,True,1.012956,required_documents,"Giải thể trường trung học phổ thông, trường phổ thông có nhiều cấp học có cấp học cao nhất là trung học phổ thông (theo đề nghị của cá nhân, tổ chức thành lập trường)",0.2905,0.5834,3,3,167.2,,,,,
G0042,Muốn giải thể phân hiệu của trường cao đẳng cần chuẩn bị hồ sơ gì?,positive,required_documents,2.002883,required_documents,required_documents,generated,casual,Giải thể phân hiệu của trường cao đẳng,1.0,1.0,1.0,True,2.002883,required_documents,Giải thể phân hiệu của trường cao đẳng,0.2825,0.8289,1,1,164.8,,,,,
G0043,"THỦ TỤC ĐỀ NGHỊ TỔ CHỨC ĐẠI HỘI CỦA TỔ CHỨC TÔN GIÁO, TỔ CHỨC TÔN GIÁO TRỰC THUỘC, TỔ CHỨC ĐƯỢC CẤP CHỨNG NHẬN ĐĂNG KÝ HOẠT ĐỘNG TÔN GIÁO CÓ ĐỊA BÀN HOẠT ĐỘNG Ở NHIỀU XÃ THUỘC MỘT TỈNH (CẤP TỈNH) cần những giấy tờ gì?",positive,required_documents,1.012607,required_documents,required_documents,generated,formal,"THỦ TỤC ĐỀ NGHỊ TỔ CHỨC ĐẠI HỘI CỦA TỔ CHỨC TÔN GIÁO, TỔ CHỨC TÔN GIÁO TRỰC THUỘC, TỔ CHỨC ĐƯỢC CẤP CHỨNG NHẬN ĐĂNG KÝ HOẠT ĐỘNG TÔN GIÁO CÓ ĐỊA BÀN HOẠT ĐỘNG Ở NHIỀU XÃ THUỘC MỘT TỈNH (CẤP TỈNH)",1.0,,,False,1.012607,location,"THỦ TỤC ĐỀ NGHỊ TỔ CHỨC ĐẠI HỘI CỦA TỔ CHỨC TÔN GIÁO, TỔ CHỨC TÔN GIÁO TRỰC THUỘC, TỔ CHỨC ĐƯỢC CẤP CHỨNG NHẬN ĐĂNG KÝ HOẠT ĐỘNG TÔN GIÁO CÓ ĐỊA BÀN HOẠT ĐỘNG Ở NHIỀU XÃ THUỘC MỘT TỈNH (CẤP TỈNH)",0.5203,0.7279,3,3,166.6,,,,,
G0044,"Muốn đề nghị tổ chức đại hội của tổ chức tôn giáo, tổ chức tôn giáo trực thuộc, tổ chức được cấp chứng nhận đăng ký hoạt động tôn giáo có địa bàn hoạt động ở nhiều xã thuộc một tỉnh cần chuẩn bị hồ sơ gì?",positive,required_documents,1.012607,required_documents,required_documents,generated,casual,"THỦ TỤC ĐỀ NGHỊ TỔ CHỨC ĐẠI HỘI CỦA TỔ CHỨC TÔN GIÁO, TỔ CHỨC TÔN GIÁO TRỰC THUỘC, TỔ CHỨC ĐƯỢC CẤP CHỨNG NHẬN ĐĂNG KÝ HOẠT ĐỘNG TÔN GIÁO CÓ ĐỊA BÀN HOẠT ĐỘNG Ở NHIỀU XÃ THUỘC MỘT TỈNH (CẤP TỈNH)",1.0,1.0,1.0,True,1.012607,required_documents,"THỦ TỤC ĐỀ NGHỊ TỔ CHỨC ĐẠI HỘI CỦA TỔ CHỨC TÔN GIÁO, TỔ CHỨC TÔN GIÁO TRỰC THUỘC, TỔ CHỨC ĐƯỢC CẤP CHỨNG NHẬN ĐĂNG KÝ HOẠT ĐỘNG TÔN GIÁO CÓ ĐỊA BÀN HOẠT ĐỘNG Ở NHIỀU XÃ THUỘC MỘT TỈNH (CẤP TỈNH)",0.4933,0.9147,1,1,309.2,,,,,
G0045,Giao tài sản kết cấu hạ tầng đường bộ cần những giấy tờ gì?,positive,required_documents,6.006760,required_documents,required_documents,generated,formal,Giao tài sản kết cấu hạ tầng đường bộ,,,,True,6.006764,required_documents,Giao quản lý tài sản kết cấu hạ tầng đường thủy nội địa,0.3997,0.7281,3,3,162.5,,,,,
G0046,Muốn giao tài sản kết cấu hạ tầng đường bộ cần chuẩn bị hồ sơ gì?,positive,required_documents,6.006760,required_documents,required_documents,generated,casual,Giao tài sản kết cấu hạ tầng đường bộ,,,,True,6.006764,required_documents,Giao quản lý tài sản kết cấu hạ tầng đường thủy nội địa,0.3777,0.7064,3,3,174.1,,,,,
G0047,"(Hà Nội) Sử dụng đất kết hợp đa mục đích, gia hạn phương án sử dụng đất kết hợp đa mục đích (cấp xã) cần những giấy tờ gì?",positive,required_documents,1.116439,required_documents,required_documents,generated,formal,"(Hà Nội) Sử dụng đất kết hợp đa mục đích, gia hạn phương án sử dụng đất kết hợp đa mục đích (cấp xã)",1.0,1.0,1.0,True,1.116439,required_documents,"(Hà Nội) Sử dụng đất kết hợp đa mục đích, gia hạn phương án sử dụng đất kết hợp đa mục đích (cấp xã)",0.5512,0.9429,1,1,185.9,,,,,
G0048,"Muốn sử dụng đất kết hợp đa mục đích, gia hạn phương án sử dụng đất kết hợp đa mục đích cần chuẩn bị hồ sơ gì?",positive,required_documents,1.116439,required_documents,required_documents,generated,casual,"(Hà Nội) Sử dụng đất kết hợp đa mục đích, gia hạn phương án sử dụng đất kết hợp đa mục đích (cấp xã)",,,,True,1.116531,required_documents,"Sử dụng đất kết hợp đa mục đích, gia hạn phương án sử dụng đất kết hợp đa mục đích (TPCT)",0.3938,0.8753,1,1,298.3,,,,,
G0049,Cho thuê nhà ở cũ thuộc tài sản công đối với trường hợp chưa có hợp đồng thuê nhà ở cần những giấy tờ gì?,positive,required_documents,1.012892,required_documents,required_documents,generated,formal,Cho thuê nhà ở cũ thuộc tài sản công đối với trường hợp chưa có hợp đồng thuê nhà ở,1.0,1.0,1.0,True,1.012892,required_documents,Cho thuê nhà ở cũ thuộc tài sản công đối với trường hợp chưa có hợp đồng thuê nhà ở,0.6716,0.9851,3,3,182.5,,,,,
G0050,Muốn cho thuê nhà ở cũ thuộc tài sản công đối với trường hợp chưa có hợp đồng thuê nhà ở cần chuẩn bị hồ sơ gì?,positive,required_documents,1.012892,required_documents,required_documents,generated,casual,Cho thuê nhà ở cũ thuộc tài sản công đối với trường hợp chưa có hợp đồng thuê nhà ở,1.0,1.0,1.0,True,1.012892,required_documents,Cho thuê nhà ở cũ thuộc tài sản công đối với trường hợp chưa có hợp đồng thuê nhà ở,0.6054,0.9452,3,3,183.6,,,,,
G0051,Công nhận tổ chức giám định tư pháp theo vụ việc mất bao lâu?,positive,processing_time,1.116549,processing_time,processing_time,generated,formal,Công nhận tổ chức giám định tư pháp theo vụ việc,,,,True,6.001684,processing_time,"THỦ TỤC BỔ NHIỆM CHỨC VỤ LÃNH ĐẠO, QUẢN LÝ ĐỐI VỚI CÔNG CHỨC, VIÊN CHỨC",0.3258,0.5436,3,3,188.1,,,,,
G0052,Thời hạn giải quyết công nhận tổ chức giám định tư pháp theo vụ việc là bao nhiêu ngày?,positive,processing_time,1.116549,processing_time,processing_time,generated,casual,Công nhận tổ chức giám định tư pháp theo vụ việc,,,,True,1.116550,processing_time,Hủy bỏ công nhận tổ chức giám định tư pháp theo vụ việc,0.3319,0.7387,3,3,183.1,,,,,
G0053,"Quyết định phân loại và điều chỉnh các hệ thống đường bộ: quốc lộ; đường tỉnh, đường đô thị; đường huyện, đường xã; đường chuyên dùng mất bao lâu?",positive,processing_time,6.003496,processing_time,processing_time,generated,formal,"Quyết định phân loại và điều chỉnh các hệ thống đường bộ: quốc lộ; đường tỉnh, đường đô thị; đường huyện, đường xã; đường chuyên dùng",1.0,1.0,1.0,True,6.003496,processing_time,"Quyết định phân loại và điều chỉnh các hệ thống đường bộ: quốc lộ; đường tỉnh, đường đô thị; đường huyện, đường xã; đường chuyên dùng",0.5804,0.944,1,1,190.3,,,,,
G0054,"Thời hạn giải quyết quyết định phân loại và điều chỉnh các hệ thống đường bộ: quốc lộ; đường tỉnh, đường đô thị; đường huyện, đường xã; đường chuyên dùng là bao nhiêu ngày?",positive,processing_time,6.003496,processing_time,processing_time,generated,casual,"Quyết định phân loại và điều chỉnh các hệ thống đường bộ: quốc lộ; đường tỉnh, đường đô thị; đường huyện, đường xã; đường chuyên dùng",1.0,1.0,1.0,True,6.003496,processing_time,"Quyết định phân loại và điều chỉnh các hệ thống đường bộ: quốc lộ; đường tỉnh, đường đô thị; đường huyện, đường xã; đường chuyên dùng",0.6198,0.9669,1,1,182.9,,,,,
G0055,Công nhận Điều lệ của Văn phòng công chứng được thành lập trước ngày 01/7/2025 mất bao lâu?,positive,processing_time,1.013856,processing_time,processing_time,generated,formal,Công nhận Điều lệ của Văn phòng công chứng được thành lập trước ngày 01/7/2025,1.0,1.0,1.0,True,1.013856,processing_time,Công nhận Điều lệ của Văn phòng công chứng được thành lập trước ngày 01/7/2025,0.5575,0.9326,1,1,181.0,,,,,
G0056,Thời hạn giải quyết công nhận Điều lệ của Văn phòng công chứng được thành lập trước ngày 01/7/2025 là bao nhiêu ngày?,positive,processing_time,1.013856,processing_time,processing_time,generated,casual,Công nhận Điều lệ của Văn phòng công chứng được thành lập trước ngày 01/7/2025,,,,True,3.000444,processing_time,Công nhận hoàn thành tập sự hành nghề công chứng,0.3811,0.5898,3,3,186.0,,,,,
G0057,"Đăng ký khai thác tuyến, bổ sung hoặc thay thế phương tiện khai thác tuyến vận tải hành khách cố định giữa Việt Nam và Campuchia mất bao lâu?",positive,processing_time,1.000321,processing_time,processing_time,generated,formal,"Đăng ký khai thác tuyến, bổ sung hoặc thay thế phương tiện khai thác tuyến vận tải hành khách cố định giữa Việt Nam và Campuchia",1.0,1.0,1.0,True,1.000321,processing_time,"Đăng ký khai thác tuyến, bổ sung hoặc thay thế phương tiện khai thác tuyến vận tải hành khách cố định giữa Việt Nam và Campuchia",0.6586,0.9718,1,1,200.1,,,,,
G0058,"Thời hạn giải quyết đăng ký khai thác tuyến, bổ sung hoặc thay thế phương tiện khai thác tuyến vận tải hành khách cố định giữa Việt Nam và Campuchia là bao nhiêu ngày?",positive,processing_time,1.000321,processing_time,processing_time,generated,casual,"Đăng ký khai thác tuyến, bổ sung hoặc thay thế phương tiện khai thác tuyến vận tải hành khách cố định giữa Việt Nam và Campuchia",1.0,1.0,1.0,True,1.000321,processing_time,"Đăng ký khai thác tuyến, bổ sung hoặc thay thế phương tiện khai thác tuyến vận tải hành khách cố định giữa Việt Nam và Campuchia",0.6801,0.988,1,1,238.8,,,,,
G0059,Giải quyết chế độ người có công giúp đỡ cách mạng. mất bao lâu?,positive,processing_time,1.010820,processing_time,processing_time,generated,formal,Giải quyết chế độ người có công giúp đỡ cách mạng.,1.0,1.0,1.0,True,1.010820,processing_time,Giải quyết chế độ người có công giúp đỡ cách mạng.,0.2477,0.8185,1,1,258.3,,,,,
G0060,Thời hạn giải quyết giải quyết chế độ người có công giúp đỡ cách mạng là bao nhiêu ngày?,positive,processing_time,1.010820,processing_time,processing_time,generated,casual,Giải quyết chế độ người có công giúp đỡ cách mạng.,1.0,1.0,1.0,True,1.010820,processing_time,Giải quyết chế độ người có công giúp đỡ cách mạng.,0.2743,0.846,1,1,259.9,,,,,
G0061,"Đăng ký, cấp Giấy chứng nhận đối với trường hợp cá nhân, hộ gia đình đã được cấp Giấy chứng nhận một phần diện tích vào loại đất ở trước ngày 01 tháng 7 năm 2004, phần diện tích còn lại của thửa đất chưa được cấp Giấy chứng nhận (UBND thành phố Cần Thơ) mất bao lâu?",positive,processing_time,1.116492,processing_time,processing_time,generated,formal,"Đăng ký, cấp Giấy chứng nhận đối với trường hợp cá nhân, hộ gia đình đã được cấp Giấy chứng nhận một phần diện tích vào loại đất ở trước ngày 01 tháng 7 năm 2004, phần diện tích còn lại của thửa đất chưa được cấp Giấy chứng nhận (UBND thành phố Cần Thơ)",1.0,,,False,1.116492,required_documents,"Đăng ký, cấp Giấy chứng nhận đối với trường hợp cá nhân, hộ gia đình đã được cấp Giấy chứng nhận một phần diện tích vào loại đất ở trước ngày 01 tháng 7 năm 2004, phần diện tích còn lại của thửa đất chưa được cấp Giấy chứng nhận (UBND thành phố Cần Thơ)",0.6175,0.961,1,1,215.4,,,,,
G0062,"Thời hạn giải quyết đăng ký, cấp Giấy chứng nhận đối với trường hợp cá nhân, hộ gia đình đã được cấp Giấy chứng nhận một phần diện tích vào loại đất ở trước ngày 01 tháng 7 năm 2004, phần diện tích còn lại của thửa đất chưa được cấp Giấy chứng nhận là bao nhiêu ngày?",positive,processing_time,1.116492,processing_time,processing_time,generated,casual,"Đăng ký, cấp Giấy chứng nhận đối với trường hợp cá nhân, hộ gia đình đã được cấp Giấy chứng nhận một phần diện tích vào loại đất ở trước ngày 01 tháng 7 năm 2004, phần diện tích còn lại của thửa đất chưa được cấp Giấy chứng nhận (UBND thành phố Cần Thơ)",,,,True,1.116357,processing_time,"Đăng ký, cấp Giấy chứng nhận đối với trường hợp cá nhân, hộ gia đình đã được cấp Giấy chứng nhận một phần diện tích vào loại đất ở trước ngày 01 tháng 7 năm 2004, phần diện tích còn lại của thửa đất chưa được cấp Giấy chứng nhận",0.5241,0.9334,1,1,194.6,,,,,
G0063,"Thủ tục thu hồi giấy phép kinh doanh dịch vụ lữ hành nội địa trong trường hợp doanh nghiệp chấm dứt hoạt động kinh doanh dịch vụ lữ hành, giải thể hoặc phá sản mất bao lâu?",positive,processing_time,1.014629,processing_time,processing_time,generated,formal,"Thủ tục thu hồi giấy phép kinh doanh dịch vụ lữ hành nội địa trong trường hợp doanh nghiệp chấm dứt hoạt động kinh doanh dịch vụ lữ hành, giải thể hoặc phá sản",1.0,1.0,1.0,True,1.014629,processing_time,"Thủ tục thu hồi giấy phép kinh doanh dịch vụ lữ hành nội địa trong trường hợp doanh nghiệp chấm dứt hoạt động kinh doanh dịch vụ lữ hành, giải thể hoặc phá sản",0.5419,0.932,1,1,203.5,,,,,
G0064,"Thời hạn giải quyết thu hồi giấy phép kinh doanh dịch vụ lữ hành nội địa trong trường hợp doanh nghiệp chấm dứt hoạt động kinh doanh dịch vụ lữ hành, giải thể hoặc phá sản là bao nhiêu ngày?",positive,processing_time,1.014629,processing_time,processing_time,generated,casual,"Thủ tục thu hồi giấy phép kinh doanh dịch vụ lữ hành nội địa trong trường hợp doanh nghiệp chấm dứt hoạt động kinh doanh dịch vụ lữ hành, giải thể hoặc phá sản",1.0,1.0,1.0,True,1.014629,processing_time,"Thủ tục thu hồi giấy phép kinh doanh dịch vụ lữ hành nội địa trong trường hợp doanh nghiệp chấm dứt hoạt động kinh doanh dịch vụ lữ hành, giải thể hoặc phá sản",0.5192,0.9317,1,1,356.5,,,,,
G0065,"Tiếp nhận người có công vào cơ sở nuôi dưỡng, điều dưỡng người có công do tỉnh quản lý mất bao lâu?",positive,processing_time,1.010812,processing_time,processing_time,generated,formal,"Tiếp nhận người có công vào cơ sở nuôi dưỡng, điều dưỡng người có công do tỉnh quản lý",1.0,1.0,1.0,True,1.010812,processing_time,"Tiếp nhận người có công vào cơ sở nuôi dưỡng, điều dưỡng người có công do tỉnh quản lý",0.5505,0.9293,1,1,197.6,,,,,
G0066,"Thời hạn giải quyết tiếp nhận người có công vào cơ sở nuôi dưỡng, điều dưỡng người có công do tỉnh quản lý là bao nhiêu ngày?",positive,processing_time,1.010812,processing_time,processing_time,generated,casual,"Tiếp nhận người có công vào cơ sở nuôi dưỡng, điều dưỡng người có công do tỉnh quản lý",1.0,1.0,1.0,True,1.010812,processing_time,"Tiếp nhận người có công vào cơ sở nuôi dưỡng, điều dưỡng người có công do tỉnh quản lý",0.5465,0.9413,1,1,194.6,,,,,
G0067,Cho thuê nhà ở cũ thuộc tài sản công đối với trường hợp ký lại hợp đồng thuê mất bao lâu?,positive,processing_time,1.012898,processing_time,processing_time,generated,formal,Cho thuê nhà ở cũ thuộc tài sản công đối với trường hợp ký lại hợp đồng thuê,1.0,1.0,1.0,True,1.012898,processing_time,Cho thuê nhà ở cũ thuộc tài sản công đối với trường hợp ký lại hợp đồng thuê,0.6792,0.976,1,1,185.7,,,,,
G0068,Thời hạn giải quyết cho thuê nhà ở cũ thuộc tài sản công đối với trường hợp ký lại hợp đồng thuê là bao nhiêu ngày?,positive,processing_time,1.012898,processing_time,processing_time,generated,casual,Cho thuê nhà ở cũ thuộc tài sản công đối với trường hợp ký lại hợp đồng thuê,1.0,1.0,1.0,True,1.012898,processing_time,Cho thuê nhà ở cũ thuộc tài sản công đối với trường hợp ký lại hợp đồng thuê,0.614,0.9649,1,1,206.0,,,,,
G0069,"Thủ tục cấp lại Chứng chỉ hành nghề kinh doanh di vật, cổ vật mất bao lâu?",positive,processing_time,1.014616,processing_time,processing_time,generated,formal,"Thủ tục cấp lại Chứng chỉ hành nghề kinh doanh di vật, cổ vật",1.0,1.0,1.0,True,1.014616,processing_time,"Thủ tục cấp lại Chứng chỉ hành nghề kinh doanh di vật, cổ vật",0.5815,0.9392,1,1,244.6,,,,,
G0070,"Thời hạn giải quyết cấp lại Chứng chỉ hành nghề kinh doanh di vật, cổ vật là bao nhiêu ngày?",positive,processing_time,1.014616,processing_time,processing_time,generated,casual,"Thủ tục cấp lại Chứng chỉ hành nghề kinh doanh di vật, cổ vật",1.0,1.0,1.0,True,1.014616,processing_time,"Thủ tục cấp lại Chứng chỉ hành nghề kinh doanh di vật, cổ vật",0.536,0.9376,1,1,298.1,,,,,
G0071,"Phê duyệt quy trình vận hành, khai thác bến phà, bến khách ngang sông sử dụng phà một lưỡi chở hành khách và xe ô tô mất bao lâu?",positive,processing_time,1.005021,processing_time,processing_time,generated,formal,"Phê duyệt quy trình vận hành, khai thác bến phà, bến khách ngang sông sử dụng phà một lưỡi chở hành khách và xe ô tô",1.0,1.0,1.0,True,1.005021,processing_time,"Phê duyệt quy trình vận hành, khai thác bến phà, bến khách ngang sông sử dụng phà một lưỡi chở hành khách và xe ô tô",0.5819,0.9446,1,1,167.3,,,,,
G0072,"Thời hạn giải quyết phê duyệt quy trình vận hành, khai thác bến phà, bến khách ngang sông sử dụng phà một lưỡi chở hành khách và xe ô tô là bao nhiêu ngày?",positive,processing_time,1.005021,processing_time,processing_time,generated,casual,"Phê duyệt quy trình vận hành, khai thác bến phà, bến khách ngang sông sử dụng phà một lưỡi chở hành khách và xe ô tô",1.0,1.0,1.0,True,1.005021,processing_time,"Phê duyệt quy trình vận hành, khai thác bến phà, bến khách ngang sông sử dụng phà một lưỡi chở hành khách và xe ô tô",0.588,0.9558,1,1,169.1,,,,,
G0073,Thủ tục cấp giấy phép kinh doanh dịch vụ lữ hành quốc tế mất bao lâu?,positive,processing_time,1.004602,processing_time,processing_time,generated,formal,Thủ tục cấp giấy phép kinh doanh dịch vụ lữ hành quốc tế,1.0,1.0,1.0,True,1.004602,processing_time,Thủ tục cấp giấy phép kinh doanh dịch vụ lữ hành quốc tế,0.5569,0.9316,1,1,183.5,,,,,
G0074,Thời hạn giải quyết cấp giấy phép kinh doanh dịch vụ lữ hành quốc tế là bao nhiêu ngày?,positive,processing_time,1.004602,processing_time,processing_time,generated,casual,Thủ tục cấp giấy phép kinh doanh dịch vụ lữ hành quốc tế,1.0,1.0,1.0,True,1.004602,processing_time,Thủ tục cấp giấy phép kinh doanh dịch vụ lữ hành quốc tế,0.4763,0.9167,1,1,319.6,,,,,
G0075,Kiểm tra chất lượng hàng hóa vật liệu xây dựng nhập khẩu có mức độ rủi ro cao mất bao lâu?,positive,processing_time,1.115407,processing_time,processing_time,generated,formal,Kiểm tra chất lượng hàng hóa vật liệu xây dựng nhập khẩu có mức độ rủi ro cao,1.0,1.0,1.0,True,1.115407,processing_time,Kiểm tra chất lượng hàng hóa vật liệu xây dựng nhập khẩu có mức độ rủi ro cao,0.4955,0.9129,1,1,196.8,,,,,
G0076,Thời hạn giải quyết kiểm tra chất lượng hàng hóa vật liệu xây dựng nhập khẩu có mức độ rủi ro cao là bao nhiêu ngày?,positive,processing_time,1.115407,processing_time,processing_time,generated,casual,Kiểm tra chất lượng hàng hóa vật liệu xây dựng nhập khẩu có mức độ rủi ro cao,1.0,1.0,1.0,True,1.115407,processing_time,Kiểm tra chất lượng hàng hóa vật liệu xây dựng nhập khẩu có mức độ rủi ro cao,0.4665,0.9133,1,1,172.2,,,,,
G0077,Thủ tục đăng ký khai tử có yếu tố nước ngoài tại khu vực biên giới mất bao lâu?,positive,processing_time,1.004827,processing_time,processing_time,generated,formal,Thủ tục đăng ký khai tử có yếu tố nước ngoài tại khu vực biên giới,1.0,,,False,1.004827,required_documents,Thủ tục đăng ký khai tử có yếu tố nước ngoài tại khu vực biên giới,0.4514,0.5462,3,3,175.8,,,,,
G0078,Thời hạn giải quyết đăng ký khai tử có yếu tố nước ngoài tại khu vực biên giới là bao nhiêu ngày?,positive,processing_time,1.004827,processing_time,processing_time,generated,casual,Thủ tục đăng ký khai tử có yếu tố nước ngoài tại khu vực biên giới,1.0,1.0,1.0,True,1.004827,processing_time,Thủ tục đăng ký khai tử có yếu tố nước ngoài tại khu vực biên giới,0.4047,0.8861,1,1,297.2,,,,,
G0079,Công nhận đại học vùng mất bao lâu?,positive,processing_time,1.015023,processing_time,processing_time,generated,formal,Công nhận đại học vùng,1.0,1.0,1.0,True,1.015023,processing_time,Công nhận đại học vùng,0.508,0.8992,1,1,164.8,,,,,
G0080,Thời hạn giải quyết công nhận đại học vùng là bao nhiêu ngày?,positive,processing_time,1.015023,processing_time,processing_time,generated,casual,Công nhận đại học vùng,1.0,1.0,1.0,True,1.015023,processing_time,Công nhận đại học vùng,0.6159,0.9656,1,1,179.0,,,,,
G0081,"Hỗ trợ người lao động tham gia đào tạo, nâng cao trình độ kỹ năng nghề (Cấp tỉnh) mất bao lâu?",positive,processing_time,1.014747,processing_time,processing_time,generated,formal,"Hỗ trợ người lao động tham gia đào tạo, nâng cao trình độ kỹ năng nghề (Cấp tỉnh)",1.0,1.0,1.0,True,1.014747,processing_time,"Hỗ trợ người lao động tham gia đào tạo, nâng cao trình độ kỹ năng nghề (Cấp tỉnh)",0.5008,0.9148,1,1,171.8,,,,,
G0082,"Thời hạn giải quyết hỗ trợ người lao động tham gia đào tạo, nâng cao trình độ kỹ năng nghề là bao nhiêu ngày?",positive,processing_time,1.014747,processing_time,processing_time,generated,casual,"Hỗ trợ người lao động tham gia đào tạo, nâng cao trình độ kỹ năng nghề (Cấp tỉnh)",,,,True,1.116463,processing_time,"Chi trả hỗ trợ người lao động tham gia đào tạo, nâng cao trình độ kỹ năng nghề",0.4754,0.7889,3,3,311.9,,,,,
G0083,"Thủ tục hủy bỏ quyết định tặng danh hiệu thi đua, hình thức khen thưởng và thu hồi hiện vật, tiền thưởng đối với danh hiệu thi đua, hình thức khen thưởng thuộc thẩm quyền của Bộ Xây dựng và cơ quan, đơn vị thuộc bộ mất bao lâu?",positive,processing_time,6.005715,processing_time,processing_time,generated,formal,"Thủ tục hủy bỏ quyết định tặng danh hiệu thi đua, hình thức khen thưởng và thu hồi hiện vật, tiền thưởng đối với danh hiệu thi đua, hình thức khen thưởng thuộc thẩm quyền của Bộ Xây dựng và cơ quan, đơn vị thuộc bộ",1.0,1.0,1.0,True,6.005715,processing_time,"Thủ tục hủy bỏ quyết định tặng danh hiệu thi đua, hình thức khen thưởng và thu hồi hiện vật, tiền thưởng đối với danh hiệu thi đua, hình thức khen thưởng thuộc thẩm quyền của Bộ Xây dựng và cơ quan, đơn vị thuộc bộ",0.5232,0.9265,1,1,172.7,,,,,
G0084,"Thời hạn giải quyết hủy bỏ quyết định tặng danh hiệu thi đua, hình thức khen thưởng và thu hồi hiện vật, tiền thưởng đối với danh hiệu thi đua, hình thức khen thưởng thuộc thẩm quyền của Bộ Xây dựng và cơ quan, đơn vị thuộc bộ là bao nhiêu ngày?",positive,processing_time,6.005715,processing_time,processing_time,generated,casual,"Thủ tục hủy bỏ quyết định tặng danh hiệu thi đua, hình thức khen thưởng và thu hồi hiện vật, tiền thưởng đối với danh hiệu thi đua, hình thức khen thưởng thuộc thẩm quyền của Bộ Xây dựng và cơ quan, đơn vị thuộc bộ",1.0,1.0,1.0,True,6.005715,processing_time,"Thủ tục hủy bỏ quyết định tặng danh hiệu thi đua, hình thức khen thưởng và thu hồi hiện vật, tiền thưởng đối với danh hiệu thi đua, hình thức khen thưởng thuộc thẩm quyền của Bộ Xây dựng và cơ quan, đơn vị thuộc bộ",0.5641,0.9474,1,1,339.5,,,,,
G0085,"Thủ tục cho phép người Việt Nam định cư ở nước ngoài, tổ chức, cá nhân nước ngoài tiến hành nghiên cứu, sưu tầm di sản tư liệu (địa phương) mất bao lâu?",positive,processing_time,1.013801,processing_time,processing_time,generated,formal,"Thủ tục cho phép người Việt Nam định cư ở nước ngoài, tổ chức, cá nhân nước ngoài tiến hành nghiên cứu, sưu tầm di sản tư liệu (địa phương)",1.0,1.0,1.0,True,1.013801,processing_time,"Thủ tục cho phép người Việt Nam định cư ở nước ngoài, tổ chức, cá nhân nước ngoài tiến hành nghiên cứu, sưu tầm di sản tư liệu (địa phương)",0.5851,0.9479,1,1,191.0,,,,,
G0086,"Thời hạn giải quyết cho phép người Việt Nam định cư ở nước ngoài, tổ chức, cá nhân nước ngoài tiến hành nghiên cứu, sưu tầm di sản tư liệu là bao nhiêu ngày?",positive,processing_time,1.013801,processing_time,processing_time,generated,casual,"Thủ tục cho phép người Việt Nam định cư ở nước ngoài, tổ chức, cá nhân nước ngoài tiến hành nghiên cứu, sưu tầm di sản tư liệu (địa phương)",1.0,1.0,1.0,True,1.013801,processing_time,"Thủ tục cho phép người Việt Nam định cư ở nước ngoài, tổ chức, cá nhân nước ngoài tiến hành nghiên cứu, sưu tầm di sản tư liệu (địa phương)",0.5066,0.9273,1,1,342.6,,,,,
G0087,Đăng ký thành lập hộ kinh doanh mất bao lâu?,positive,processing_time,1.001612,processing_time,processing_time,generated,formal,Đăng ký thành lập hộ kinh doanh,1.0,1.0,1.0,True,1.001612,processing_time,Đăng ký thành lập hộ kinh doanh,0.6316,0.9488,1,1,188.1,,,,,
G0088,Thời hạn giải quyết đăng ký thành lập hộ kinh doanh là bao nhiêu ngày?,positive,processing_time,1.001612,processing_time,processing_time,generated,casual,Đăng ký thành lập hộ kinh doanh,1.0,1.0,1.0,True,1.001612,processing_time,Đăng ký thành lập hộ kinh doanh,0.4943,0.923,1,1,182.6,,,,,
G0089,"Thủ tục bổ sung Giấy phép kinh doanh sản phẩm, dịch vụ mật mã dân sự mất bao lâu?",positive,processing_time,1.116625,processing_time,processing_time,generated,formal,"Thủ tục bổ sung Giấy phép kinh doanh sản phẩm, dịch vụ mật mã dân sự",1.0,1.0,1.0,True,1.116625,processing_time,"Thủ tục bổ sung Giấy phép kinh doanh sản phẩm, dịch vụ mật mã dân sự",0.5328,0.9306,1,1,193.9,,,,,
G0090,"Thời hạn giải quyết bổ sung Giấy phép kinh doanh sản phẩm, dịch vụ mật mã dân sự là bao nhiêu ngày?",positive,processing_time,1.116625,processing_time,processing_time,generated,casual,"Thủ tục bổ sung Giấy phép kinh doanh sản phẩm, dịch vụ mật mã dân sự",1.0,1.0,1.0,True,1.116625,processing_time,"Thủ tục bổ sung Giấy phép kinh doanh sản phẩm, dịch vụ mật mã dân sự",0.4229,0.898,1,1,305.0,,,,,
G0091,"Giải thể trung tâm học tập cộng đồng (theo đề nghị của tổ chức, cá nhân thành lập trung tâm) mất bao lâu?",positive,processing_time,3.000308,processing_time,processing_time,generated,formal,"Giải thể trung tâm học tập cộng đồng (theo đề nghị của tổ chức, cá nhân thành lập trung tâm)",1.0,1.0,1.0,True,3.000308,processing_time,"Giải thể trung tâm học tập cộng đồng (theo đề nghị của tổ chức, cá nhân thành lập trung tâm)",0.4062,0.881,1,1,203.1,,,,,
G0092,Thời hạn giải quyết giải thể trung tâm học tập cộng đồng là bao nhiêu ngày?,positive,processing_time,3.000308,processing_time,processing_time,generated,casual,"Giải thể trung tâm học tập cộng đồng (theo đề nghị của tổ chức, cá nhân thành lập trung tâm)",1.0,1.0,1.0,True,3.000308,processing_time,"Giải thể trung tâm học tập cộng đồng (theo đề nghị của tổ chức, cá nhân thành lập trung tâm)",0.4003,0.716,3,3,301.5,,,,,
G0093,Thủ tục điều chỉnh dự án đầu tư thuộc thẩm quyền chấp thuận chủ trương đầu tư của Thủ tướng Chính phủ mất bao lâu?,positive,processing_time,1.009628,processing_time,processing_time,generated,formal,Thủ tục điều chỉnh dự án đầu tư thuộc thẩm quyền chấp thuận chủ trương đầu tư của Thủ tướng Chính phủ,1.0,1.0,1.0,True,1.009628,processing_time,Thủ tục điều chỉnh dự án đầu tư thuộc thẩm quyền chấp thuận chủ trương đầu tư của Thủ tướng Chính phủ,0.3632,0.8666,1,1,186.1,,,,,
G0094,Thời hạn giải quyết điều chỉnh dự án đầu tư thuộc thẩm quyền chấp thuận chủ trương đầu tư của Thủ tướng Chính phủ là bao nhiêu ngày?,positive,processing_time,1.009628,processing_time,processing_time,generated,casual,Thủ tục điều chỉnh dự án đầu tư thuộc thẩm quyền chấp thuận chủ trương đầu tư của Thủ tướng Chính phủ,1.0,1.0,1.0,True,1.009628,processing_time,Thủ tục điều chỉnh dự án đầu tư thuộc thẩm quyền chấp thuận chủ trương đầu tư của Thủ tướng Chính phủ,0.4352,0.9023,1,1,369.0,,,,,
G0095,"Giải thể trường cao đẳng theo Luật Thủ đô (theo đề nghị của cơ quan, tổ chức, cá nhân) mất bao lâu?",positive,processing_time,1.115388,processing_time,processing_time,generated,formal,"Giải thể trường cao đẳng theo Luật Thủ đô (theo đề nghị của cơ quan, tổ chức, cá nhân)",1.0,1.0,1.0,True,1.115388,processing_time,"Giải thể trường cao đẳng theo Luật Thủ đô (theo đề nghị của cơ quan, tổ chức, cá nhân)",0.309,0.8464,1,1,227.6,,,,,
G0096,Thời hạn giải quyết giải thể trường cao đẳng theo Luật Thủ đô là bao nhiêu ngày?,positive,processing_time,1.115388,processing_time,processing_time,generated,casual,"Giải thể trường cao đẳng theo Luật Thủ đô (theo đề nghị của cơ quan, tổ chức, cá nhân)",,,,True,2.002880,processing_time,Giải thể trường cao đẳng,0.3563,0.8497,1,1,240.4,,,,,
G0097,"Cấp mới Giấy chứng nhận đủ điều kiện về an ninh, trật tự (thực hiện tại cấp Trung ương) mất bao lâu?",positive,processing_time,1.003204,processing_time,processing_time,generated,formal,"Cấp mới Giấy chứng nhận đủ điều kiện về an ninh, trật tự (thực hiện tại cấp Trung ương)",1.0,1.0,1.0,True,1.003204,processing_time,"Cấp mới Giấy chứng nhận đủ điều kiện về an ninh, trật tự (thực hiện tại cấp Trung ương)",0.5295,0.9248,1,1,231.3,,,,,
G0098,"Thời hạn giải quyết cấp mới Giấy chứng nhận đủ điều kiện về an ninh, trật tự là bao nhiêu ngày?",positive,processing_time,1.003204,processing_time,processing_time,generated,casual,"Cấp mới Giấy chứng nhận đủ điều kiện về an ninh, trật tự (thực hiện tại cấp Trung ương)",,,,True,2.001478,processing_time,"Cấp mới Giấy chứng nhận đủ điều kiện về an ninh, trật tự (thực hiện tại cấp tỉnh)",0.5599,0.946,1,1,364.3,,,,,
G0099,Thủ tục tặng danh hiệu Chiến sĩ thi đua thành phố mất bao lâu?,positive,processing_time,3.000589,processing_time,processing_time,generated,formal,Thủ tục tặng danh hiệu Chiến sĩ thi đua thành phố,1.0,1.0,1.0,True,3.000589,processing_time,Thủ tục tặng danh hiệu Chiến sĩ thi đua thành phố,0.3374,0.8514,1,1,219.3,,,,,
G0100,Thời hạn giải quyết tặng danh hiệu Chiến sĩ thi đua thành phố là bao nhiêu ngày?,positive,processing_time,3.000589,processing_time,processing_time,generated,casual,Thủ tục tặng danh hiệu Chiến sĩ thi đua thành phố,1.0,1.0,1.0,True,3.000589,processing_time,Thủ tục tặng danh hiệu Chiến sĩ thi đua thành phố,0.4231,0.8981,1,1,313.0,,,,,
G0101,Đăng ký hoạt động Văn phòng công chứng hợp nhất mất bao nhiêu phí?,positive,fee,1.013840,fee,fee,generated,formal,Đăng ký hoạt động Văn phòng công chứng hợp nhất,1.0,1.0,1.0,True,1.013840,fee,Đăng ký hoạt động Văn phòng công chứng hợp nhất,0.5796,0.9445,1,1,222.1,,,,,
G0102,Lệ phí đăng ký hoạt động Văn phòng công chứng hợp nhất là bao nhiêu?,positive,fee,1.013840,fee,fee,generated,casual,Đăng ký hoạt động Văn phòng công chứng hợp nhất,1.0,1.0,1.0,True,1.013840,fee,Đăng ký hoạt động Văn phòng công chứng hợp nhất,0.4857,0.92,1,1,220.6,,,,,
G0103,"Thủ tục bổ sung Giấy phép kinh doanh sản phẩm, dịch vụ mật mã dân sự mất bao nhiêu phí?",positive,fee,1.116625,fee,fee,generated,formal,"Thủ tục bổ sung Giấy phép kinh doanh sản phẩm, dịch vụ mật mã dân sự",1.0,1.0,1.0,True,1.116625,fee,"Thủ tục bổ sung Giấy phép kinh doanh sản phẩm, dịch vụ mật mã dân sự",0.5378,0.9382,1,1,239.6,,,,,
G0104,"Lệ phí bổ sung Giấy phép kinh doanh sản phẩm, dịch vụ mật mã dân sự là bao nhiêu?",positive,fee,1.116625,fee,fee,generated,casual,"Thủ tục bổ sung Giấy phép kinh doanh sản phẩm, dịch vụ mật mã dân sự",1.0,1.0,1.0,True,1.116625,fee,"Thủ tục bổ sung Giấy phép kinh doanh sản phẩm, dịch vụ mật mã dân sự",0.5255,0.9339,1,1,341.9,,,,,
G0105,Đăng ký chấm dứt giám sát việc giám hộ mất bao nhiêu phí?,positive,fee,3.000322,fee,fee,generated,formal,Đăng ký chấm dứt giám sát việc giám hộ,1.0,1.0,1.0,True,3.000322,fee,Đăng ký chấm dứt giám sát việc giám hộ,0.446,0.8961,1,1,224.9,,,,,
G0106,Lệ phí đăng ký chấm dứt giám sát việc giám hộ là bao nhiêu?,positive,fee,3.000322,fee,fee,generated,casual,Đăng ký chấm dứt giám sát việc giám hộ,1.0,1.0,1.0,True,3.000322,fee,Đăng ký chấm dứt giám sát việc giám hộ,0.4093,0.8933,1,1,232.3,,,,,
G0107,Trở lại quốc tịch Việt Nam ở nước ngoài mất bao nhiêu phí?,positive,fee,1.004757,fee,fee,generated,formal,Trở lại quốc tịch Việt Nam ở nước ngoài,1.0,,,False,1.004757,general_information,Trở lại quốc tịch Việt Nam ở nước ngoài,0.4809,0.6192,3,3,221.4,,,,,
G0108,Lệ phí trở lại quốc tịch Việt Nam ở nước ngoài là bao nhiêu?,positive,fee,1.004757,fee,fee,generated,casual,Trở lại quốc tịch Việt Nam ở nước ngoài,1.0,,,False,1.004757,general_information,Trở lại quốc tịch Việt Nam ở nước ngoài,0.505,0.6186,3,3,222.9,,,,,
G0109,Thủ tục đăng ký khai sinh cho trẻ em sinh ra ở nước ngoài và có quốc tịch Việt Nam mất bao nhiêu phí?,positive,fee,1.001020,fee,fee,generated,formal,Thủ tục đăng ký khai sinh cho trẻ em sinh ra ở nước ngoài và có quốc tịch Việt Nam,1.0,1.0,1.0,True,1.001020,fee,Thủ tục đăng ký khai sinh cho trẻ em sinh ra ở nước ngoài và có quốc tịch Việt Nam,0.6246,0.9634,1,1,218.6,,,,,
G0110,Lệ phí đăng ký khai sinh cho trẻ em sinh ra ở nước ngoài và có quốc tịch Việt Nam là bao nhiêu?,positive,fee,1.001020,fee,fee,generated,casual,Thủ tục đăng ký khai sinh cho trẻ em sinh ra ở nước ngoài và có quốc tịch Việt Nam,1.0,1.0,1.0,True,1.001020,fee,Thủ tục đăng ký khai sinh cho trẻ em sinh ra ở nước ngoài và có quốc tịch Việt Nam,0.5423,0.9398,1,1,330.6,,,,,
G0111,Thủ tục đăng ký việc nhận nuôi con nuôi giữa người nhận nuôi là công dân Việt Nam tạm trú ở nước ngoài với trẻ em được nhận nuôi là công dân Việt Nam tạm trú ở nước ngoài mất bao nhiêu phí?,positive,fee,1.000808,fee,fee,generated,formal,Thủ tục đăng ký việc nhận nuôi con nuôi giữa người nhận nuôi là công dân Việt Nam tạm trú ở nước ngoài với trẻ em được nhận nuôi là công dân Việt Nam tạm trú ở nước ngoài,1.0,1.0,1.0,True,1.000808,fee,Thủ tục đăng ký việc nhận nuôi con nuôi giữa người nhận nuôi là công dân Việt Nam tạm trú ở nước ngoài với trẻ em được nhận nuôi là công dân Việt Nam tạm trú ở nước ngoài,0.5772,0.9479,1,1,230.4,,,,,
G0112,Lệ phí đăng ký việc nhận nuôi con nuôi giữa người nhận nuôi là công dân Việt Nam tạm trú ở nước ngoài với trẻ em được nhận nuôi là công dân Việt Nam tạm trú ở nước ngoài là bao nhiêu?,positive,fee,1.000808,fee,fee,generated,casual,Thủ tục đăng ký việc nhận nuôi con nuôi giữa người nhận nuôi là công dân Việt Nam tạm trú ở nước ngoài với trẻ em được nhận nuôi là công dân Việt Nam tạm trú ở nước ngoài,1.0,1.0,1.0,True,1.000808,fee,Thủ tục đăng ký việc nhận nuôi con nuôi giữa người nhận nuôi là công dân Việt Nam tạm trú ở nước ngoài với trẻ em được nhận nuôi là công dân Việt Nam tạm trú ở nước ngoài,0.491,0.692,3,3,360.6,,,,,
G0113,Cấp Giấy xác nhận có quốc tịch Việt Nam ở trong nước mất bao nhiêu phí?,positive,fee,1.005136,fee,fee,generated,formal,Cấp Giấy xác nhận có quốc tịch Việt Nam ở trong nước,1.0,1.0,1.0,True,1.005136,fee,Cấp Giấy xác nhận có quốc tịch Việt Nam ở trong nước,0.6626,0.9742,1,1,224.0,,,,,
G0114,Lệ phí cấp Giấy xác nhận có quốc tịch Việt Nam ở trong nước là bao nhiêu?,positive,fee,1.005136,fee,fee,generated,casual,Cấp Giấy xác nhận có quốc tịch Việt Nam ở trong nước,1.0,1.0,1.0,True,1.005136,fee,Cấp Giấy xác nhận có quốc tịch Việt Nam ở trong nước,0.6166,0.9658,1,1,216.2,,,,,
G0115,"Cấp lại Giấy đăng ký hoạt động cho Văn phòng công chứng do bị mất, hỏng mất bao nhiêu phí?",positive,fee,1.013837,fee,fee,generated,formal,"Cấp lại Giấy đăng ký hoạt động cho Văn phòng công chứng do bị mất, hỏng",1.0,1.0,1.0,True,1.013837,fee,"Cấp lại Giấy đăng ký hoạt động cho Văn phòng công chứng do bị mất, hỏng",0.688,0.9908,1,1,218.2,,,,,
G0116,"Lệ phí cấp lại Giấy đăng ký hoạt động cho Văn phòng công chứng do bị mất, hỏng là bao nhiêu?",positive,fee,1.013837,fee,fee,generated,casual,"Cấp lại Giấy đăng ký hoạt động cho Văn phòng công chứng do bị mất, hỏng",1.0,1.0,1.0,True,1.013837,fee,"Cấp lại Giấy đăng ký hoạt động cho Văn phòng công chứng do bị mất, hỏng",0.6137,0.9648,1,1,220.0,,,,,
G0117,"Thủ tục đăng ký nhận cha, mẹ, con giữa các công dân Việt Nam tạm trú ở nước ngoài với nhau mất bao nhiêu phí?",positive,fee,1.001121,fee,fee,generated,formal,"Thủ tục đăng ký nhận cha, mẹ, con giữa các công dân Việt Nam tạm trú ở nước ngoài với nhau",1.0,1.0,1.0,True,1.001121,fee,"Thủ tục đăng ký nhận cha, mẹ, con giữa các công dân Việt Nam tạm trú ở nước ngoài với nhau",0.5837,0.9499,1,1,223.4,,,,,
G0118,"Lệ phí đăng ký nhận cha, mẹ, con giữa các công dân Việt Nam tạm trú ở nước ngoài với nhau là bao nhiêu?",positive,fee,1.001121,fee,fee,generated,casual,"Thủ tục đăng ký nhận cha, mẹ, con giữa các công dân Việt Nam tạm trú ở nước ngoài với nhau",1.0,1.0,1.0,True,1.001121,fee,"Thủ tục đăng ký nhận cha, mẹ, con giữa các công dân Việt Nam tạm trú ở nước ngoài với nhau",0.5081,0.9278,1,1,357.0,,,,,
G0119,Cấp Giấy xác nhận có quốc tịch Việt Nam ở nước ngoài mất bao nhiêu phí?,positive,fee,1.005137,fee,fee,generated,formal,Cấp Giấy xác nhận có quốc tịch Việt Nam ở nước ngoài,1.0,1.0,1.0,True,1.005137,fee,Cấp Giấy xác nhận có quốc tịch Việt Nam ở nước ngoài,0.6794,0.9801,1,1,215.9,,,,,
G0120,Lệ phí cấp Giấy xác nhận có quốc tịch Việt Nam ở nước ngoài là bao nhiêu?,positive,fee,1.005137,fee,fee,generated,casual,Cấp Giấy xác nhận có quốc tịch Việt Nam ở nước ngoài,1.0,1.0,1.0,True,1.005137,fee,Cấp Giấy xác nhận có quốc tịch Việt Nam ở nước ngoài,0.6431,0.9751,1,1,217.2,,,,,
G0121,Đăng ký thành lập hộ kinh doanh mất bao nhiêu phí?,positive,fee,1.001612,fee,fee,generated,formal,Đăng ký thành lập hộ kinh doanh,1.0,1.0,1.0,True,1.001612,fee,Đăng ký thành lập hộ kinh doanh,0.6058,0.9509,1,1,219.2,,,,,
G0122,Lệ phí đăng ký thành lập hộ kinh doanh là bao nhiêu?,positive,fee,1.001612,fee,fee,generated,casual,Đăng ký thành lập hộ kinh doanh,1.0,1.0,1.0,True,1.001612,fee,Đăng ký thành lập hộ kinh doanh,0.5606,0.9462,1,1,217.7,,,,,
G0123,Thủ tục đăng ký khai tử cho công dân Việt Nam ở nước ngoài mất bao nhiêu phí?,positive,fee,2.000527,fee,fee,generated,formal,Thủ tục đăng ký khai tử cho công dân Việt Nam ở nước ngoài,1.0,1.0,1.0,True,2.000527,fee,Thủ tục đăng ký khai tử cho công dân Việt Nam ở nước ngoài,0.556,0.9379,1,1,223.1,,,,,
G0124,Lệ phí đăng ký khai tử cho công dân Việt Nam ở nước ngoài là bao nhiêu?,positive,fee,2.000527,fee,fee,generated,casual,Thủ tục đăng ký khai tử cho công dân Việt Nam ở nước ngoài,1.0,1.0,1.0,True,2.000527,fee,Thủ tục đăng ký khai tử cho công dân Việt Nam ở nước ngoài,0.5019,0.9257,1,1,347.8,,,,,
G0125,Cấp lại Thẻ công chứng viên mất bao nhiêu phí?,positive,fee,1.013830,fee,fee,generated,formal,Cấp lại Thẻ công chứng viên,1.0,1.0,1.0,True,1.013830,fee,Cấp lại Thẻ công chứng viên,0.7561,1.0,1,1,211.7,,,,,
G0126,Lệ phí cấp lại Thẻ công chứng viên là bao nhiêu?,positive,fee,1.013830,fee,fee,generated,casual,Cấp lại Thẻ công chứng viên,1.0,1.0,1.0,True,1.013830,fee,Cấp lại Thẻ công chứng viên,0.7409,1.0,1,1,218.9,,,,,
G0127,Thủ tục cấp giấy xác nhận có quốc tịch Việt Nam mất bao nhiêu phí?,positive,fee,2.000750,fee,fee,generated,formal,Thủ tục cấp giấy xác nhận có quốc tịch Việt Nam,1.0,1.0,1.0,True,2.000750,fee,Thủ tục cấp giấy xác nhận có quốc tịch Việt Nam,0.6283,0.9616,1,1,219.3,,,,,
G0128,Lệ phí cấp giấy xác nhận có quốc tịch Việt Nam là bao nhiêu?,positive,fee,2.000750,fee,fee,generated,casual,Thủ tục cấp giấy xác nhận có quốc tịch Việt Nam,1.0,1.0,1.0,True,2.000750,fee,Thủ tục cấp giấy xác nhận có quốc tịch Việt Nam,0.5506,0.9427,1,1,332.8,,,,,
G0129,Gia hạn Giấy chứng nhận đủ điều kiện hoạt động kiểm định kỹ thuật an toàn lao động mất bao nhiêu phí?,positive,fee,2.000199,fee,fee,generated,formal,Gia hạn Giấy chứng nhận đủ điều kiện hoạt động kiểm định kỹ thuật an toàn lao động,1.0,1.0,1.0,True,2.000199,fee,Gia hạn Giấy chứng nhận đủ điều kiện hoạt động kiểm định kỹ thuật an toàn lao động,0.566,0.9428,2,2,220.5,,,,,
G0130,Lệ phí gia hạn Giấy chứng nhận đủ điều kiện hoạt động kiểm định kỹ thuật an toàn lao động là bao nhiêu?,positive,fee,2.000199,fee,fee,generated,casual,Gia hạn Giấy chứng nhận đủ điều kiện hoạt động kiểm định kỹ thuật an toàn lao động,1.0,1.0,1.0,True,2.000199,fee,Gia hạn Giấy chứng nhận đủ điều kiện hoạt động kiểm định kỹ thuật an toàn lao động,0.5381,0.9383,2,2,223.7,,,,,
G0131,Giải quyết việc nuôi con nuôi có yếu tố nước ngoài đối với trẻ em sống ở cơ sở nuôi dưỡng mất bao nhiêu phí?,positive,fee,1.003976,fee,fee,generated,formal,Giải quyết việc nuôi con nuôi có yếu tố nước ngoài đối với trẻ em sống ở cơ sở nuôi dưỡng,1.0,1.0,1.0,True,1.003976,fee,Giải quyết việc nuôi con nuôi có yếu tố nước ngoài đối với trẻ em sống ở cơ sở nuôi dưỡng,0.4515,0.9028,3,3,218.7,,,,,
G0132,Lệ phí giải quyết việc nuôi con nuôi có yếu tố nước ngoài đối với trẻ em sống ở cơ sở nuôi dưỡng là bao nhiêu?,positive,fee,1.003976,fee,fee,generated,casual,Giải quyết việc nuôi con nuôi có yếu tố nước ngoài đối với trẻ em sống ở cơ sở nuôi dưỡng,1.0,1.0,1.0,True,1.003976,fee,Giải quyết việc nuôi con nuôi có yếu tố nước ngoài đối với trẻ em sống ở cơ sở nuôi dưỡng,0.4613,0.9115,3,3,222.1,,,,,
G0133,"Thủ tục chứng nhận lãnh sự, hợp pháp hoá lãnh sự tại Cơ quan đại diện VIệt Nam ở nước ngoài mất bao nhiêu phí?",positive,fee,2.000406,fee,fee,generated,formal,"Thủ tục chứng nhận lãnh sự, hợp pháp hoá lãnh sự tại Cơ quan đại diện VIệt Nam ở nước ngoài",1.0,1.0,1.0,True,2.000406,fee,"Thủ tục chứng nhận lãnh sự, hợp pháp hoá lãnh sự tại Cơ quan đại diện VIệt Nam ở nước ngoài",0.553,0.9386,1,1,221.3,,,,,
G0134,"Lệ phí chứng nhận lãnh sự, hợp pháp hoá lãnh sự tại Cơ quan đại diện VIệt Nam ở nước ngoài là bao nhiêu?",positive,fee,2.000406,fee,fee,generated,casual,"Thủ tục chứng nhận lãnh sự, hợp pháp hoá lãnh sự tại Cơ quan đại diện VIệt Nam ở nước ngoài",1.0,1.0,1.0,True,2.000406,fee,"Thủ tục chứng nhận lãnh sự, hợp pháp hoá lãnh sự tại Cơ quan đại diện VIệt Nam ở nước ngoài",0.5222,0.9328,1,1,338.9,,,,,
G0135,"Thủ tục cung cấp thông tin theo yêu cầu (dành cho công dân thông qua tổ chức, đoàn thể, doanh nghiệp) mất bao nhiêu phí?",positive,fee,1.116557,fee,fee,generated,formal,"Thủ tục cung cấp thông tin theo yêu cầu (dành cho công dân thông qua tổ chức, đoàn thể, doanh nghiệp)",1.0,1.0,1.0,True,1.116557,fee,"Thủ tục cung cấp thông tin theo yêu cầu (dành cho công dân thông qua tổ chức, đoàn thể, doanh nghiệp)",0.4843,0.9145,1,1,222.9,,,,,
G0136,Lệ phí cung cấp thông tin theo yêu cầu là bao nhiêu?,positive,fee,1.116557,fee,fee,generated,casual,"Thủ tục cung cấp thông tin theo yêu cầu (dành cho công dân thông qua tổ chức, đoàn thể, doanh nghiệp)",2.0,2.0,2.0,True,1.116556,fee,Thủ tục cung cấp thông tin theo yêu cầu (dành cho cá nhân),0.3279,0.7476,3,3,322.9,,,,,
G0137,Thủ tục đăng ký chấm dứt giám hộ mất bao nhiêu phí?,positive,fee,1.004845,fee,fee,generated,formal,Thủ tục đăng ký chấm dứt giám hộ,,,,True,3.000322,fee,Đăng ký chấm dứt giám sát việc giám hộ,0.4323,0.7638,3,3,222.7,,,,,
G0138,Lệ phí đăng ký chấm dứt giám hộ là bao nhiêu?,positive,fee,1.004845,fee,fee,generated,casual,Thủ tục đăng ký chấm dứt giám hộ,,,,True,3.000322,fee,Đăng ký chấm dứt giám sát việc giám hộ,0.3557,0.747,3,3,303.9,,,,,
G0139,"Cấp Giấy phép xây dựng có thời hạn đối với các công trình công cộng bao gồm nhà để xe, bãi để xe, nhà vệ sinh công cộng trên đất do Nhà nước quản lý (theo thẩm quyền quy định tại khoản 2, Điều 4 Nghị quyết 62/2024/NQ-HĐND ngày 13 tháng 12 năm 2024) mất bao nhiêu phí?",positive,fee,1.013316,fee,fee,generated,formal,"Cấp Giấy phép xây dựng có thời hạn đối với các công trình công cộng bao gồm nhà để xe, bãi để xe, nhà vệ sinh công cộng trên đất do Nhà nước quản lý (theo thẩm quyền quy định tại khoản 2, Điều 4 Nghị quyết 62/2024/NQ-HĐND ngày 13 tháng 12 năm 2024)",1.0,,,False,1.013316,processing_time,"Cấp Giấy phép xây dựng có thời hạn đối với các công trình công cộng bao gồm nhà để xe, bãi để xe, nhà vệ sinh công cộng trên đất do Nhà nước quản lý (theo thẩm quyền quy định tại khoản 2, Điều 4 Nghị quyết 62/2024/NQ-HĐND ngày 13 tháng 12 năm 2024)",0.6156,0.9612,1,1,234.0,,,,,
G0140,"Lệ phí cấp Giấy phép xây dựng có thời hạn đối với các công trình công cộng bao gồm nhà để xe, bãi để xe, nhà vệ sinh công cộng trên đất do Nhà nước quản lý là bao nhiêu?",positive,fee,1.013316,fee,fee,generated,casual,"Cấp Giấy phép xây dựng có thời hạn đối với các công trình công cộng bao gồm nhà để xe, bãi để xe, nhà vệ sinh công cộng trên đất do Nhà nước quản lý (theo thẩm quyền quy định tại khoản 2, Điều 4 Nghị quyết 62/2024/NQ-HĐND ngày 13 tháng 12 năm 2024)",1.0,,,False,1.013316,processing_time,"Cấp Giấy phép xây dựng có thời hạn đối với các công trình công cộng bao gồm nhà để xe, bãi để xe, nhà vệ sinh công cộng trên đất do Nhà nước quản lý (theo thẩm quyền quy định tại khoản 2, Điều 4 Nghị quyết 62/2024/NQ-HĐND ngày 13 tháng 12 năm 2024)",0.5242,0.6498,2,2,383.3,,,,,
G0141,"Thủ tục đăng ký nhận cha, mẹ, con mất bao nhiêu phí?",positive,fee,1.001022,fee,fee,generated,formal,"Thủ tục đăng ký nhận cha, mẹ, con",1.0,1.0,1.0,True,1.001022,fee,"Thủ tục đăng ký nhận cha, mẹ, con",0.5574,0.9351,1,1,227.3,,,,,
G0142,"Lệ phí đăng ký nhận cha, mẹ, con là bao nhiêu?",positive,fee,1.001022,fee,fee,generated,casual,"Thủ tục đăng ký nhận cha, mẹ, con",1.0,1.0,1.0,True,1.001022,fee,"Thủ tục đăng ký nhận cha, mẹ, con",0.4648,0.9127,1,1,314.1,,,,,
G0143,"Thủ tục công nhận hạng cơ sở lưu trú du lịch: hạng 1 sao, 2 sao, 3 sao đối với khách sạn, biệt thự du lịch, căn hộ du lịch, tàu thủy lưu trú du lịch mất bao nhiêu phí?",positive,fee,1.004594,fee,fee,generated,formal,"Thủ tục công nhận hạng cơ sở lưu trú du lịch: hạng 1 sao, 2 sao, 3 sao đối với khách sạn, biệt thự du lịch, căn hộ du lịch, tàu thủy lưu trú du lịch",1.0,,,False,1.004594,required_documents,"Thủ tục công nhận hạng cơ sở lưu trú du lịch: hạng 1 sao, 2 sao, 3 sao đối với khách sạn, biệt thự du lịch, căn hộ du lịch, tàu thủy lưu trú du lịch",0.6087,0.9547,1,1,235.3,,,,,
G0144,"Lệ phí công nhận hạng cơ sở lưu trú du lịch: hạng 1 sao, 2 sao, 3 sao đối với khách sạn, biệt thự du lịch, căn hộ du lịch, tàu thủy lưu trú du lịch là bao nhiêu?",positive,fee,1.004594,fee,fee,generated,casual,"Thủ tục công nhận hạng cơ sở lưu trú du lịch: hạng 1 sao, 2 sao, 3 sao đối với khách sạn, biệt thự du lịch, căn hộ du lịch, tàu thủy lưu trú du lịch",1.0,,,False,1.004594,required_documents,"Thủ tục công nhận hạng cơ sở lưu trú du lịch: hạng 1 sao, 2 sao, 3 sao đối với khách sạn, biệt thự du lịch, căn hộ du lịch, tàu thủy lưu trú du lịch",0.4958,0.9148,1,1,371.0,,,,,
G0145,"Cấp giấy phép xây dựng có thời hạn đối với công trình, nhà ở riêng lẻ (công trình cấp III, cấp IV) mất bao nhiêu phí?",positive,fee,1.009122,fee,fee,generated,formal,"Cấp giấy phép xây dựng có thời hạn đối với công trình, nhà ở riêng lẻ (công trình cấp III, cấp IV)",1.0,,,False,1.009122,processing_time,"Cấp giấy phép xây dựng có thời hạn đối với công trình, nhà ở riêng lẻ (công trình cấp III, cấp IV)",0.4934,0.9122,1,1,228.2,,,,,
G0146,"Lệ phí cấp giấy phép xây dựng có thời hạn đối với công trình, nhà ở riêng lẻ là bao nhiêu?",positive,fee,1.009122,fee,fee,generated,casual,"Cấp giấy phép xây dựng có thời hạn đối với công trình, nhà ở riêng lẻ (công trình cấp III, cấp IV)",1.0,,,False,1.009122,processing_time,"Cấp giấy phép xây dựng có thời hạn đối với công trình, nhà ở riêng lẻ (công trình cấp III, cấp IV)",0.4611,0.9052,1,1,360.1,,,,,
G0147,"Chứng thực văn bản phân chia di sản mà di sản là động sản, quyền sử dụng đất, nhà ở mất bao nhiêu phí?",positive,fee,2.001406,fee,fee,generated,formal,"Chứng thực văn bản phân chia di sản mà di sản là động sản, quyền sử dụng đất, nhà ở",1.0,1.0,1.0,True,2.001406,fee,"Chứng thực văn bản phân chia di sản mà di sản là động sản, quyền sử dụng đất, nhà ở",0.5858,0.9495,1,1,224.0,,,,,
G0148,"Lệ phí chứng thực văn bản phân chia di sản mà di sản là động sản, quyền sử dụng đất, nhà ở là bao nhiêu?",positive,fee,2.001406,fee,fee,generated,casual,"Chứng thực văn bản phân chia di sản mà di sản là động sản, quyền sử dụng đất, nhà ở",1.0,1.0,1.0,True,2.001406,fee,"Chứng thực văn bản phân chia di sản mà di sản là động sản, quyền sử dụng đất, nhà ở",0.5571,0.945,1,1,222.4,,,,,
G0149,"Thủ tục cấp hộ chiếu ngoại giao, hộ chiếu công vụ tại cơ quan đại diện Việt Nam ở nước ngoài mất bao nhiêu phí?",positive,fee,2.002355,fee,fee,generated,formal,"Thủ tục cấp hộ chiếu ngoại giao, hộ chiếu công vụ tại cơ quan đại diện Việt Nam ở nước ngoài",1.0,1.0,1.0,True,2.002355,fee,"Thủ tục cấp hộ chiếu ngoại giao, hộ chiếu công vụ tại cơ quan đại diện Việt Nam ở nước ngoài",0.5443,0.9405,1,1,218.8,,,,,
G0150,"Lệ phí cấp hộ chiếu ngoại giao, hộ chiếu công vụ tại cơ quan đại diện Việt Nam ở nước ngoài là bao nhiêu?",positive,fee,2.002355,fee,fee,generated,casual,"Thủ tục cấp hộ chiếu ngoại giao, hộ chiếu công vụ tại cơ quan đại diện Việt Nam ở nước ngoài",1.0,1.0,1.0,True,2.002355,fee,"Thủ tục cấp hộ chiếu ngoại giao, hộ chiếu công vụ tại cơ quan đại diện Việt Nam ở nước ngoài",0.4803,0.9181,1,1,362.3,,,,,
G0151,"Đăng ký biến động thay đổi quyền sử dụng đất, quyền sở hữu tài sản gắn liền với đất do chia, tách, hợp nhất, sáp nhập tổ chức hoặc chuyển đổi mô hình tổ chức, chuyển đổi loại hình doanh nghiệp theo quy định của pháp luật về doanh nghiệp; điều chỉnh quy hoạch xây dựng chi tiết; cấp Giấy chứng nhận cho từng thửa đất theo quy hoạch xây dựng chi tiết cho chủ đầu tư dự án có nhu cầu (UBND thành phố Cần Thơ) nộp hồ sơ ở đâu?",positive,location,1.116503,location,location,generated,formal,"Đăng ký biến động thay đổi quyền sử dụng đất, quyền sở hữu tài sản gắn liền với đất do chia, tách, hợp nhất, sáp nhập tổ chức hoặc chuyển đổi mô hình tổ chức, chuyển đổi loại hình doanh nghiệp theo quy định của pháp luật về doanh nghiệp; điều chỉnh quy hoạch xây dựng chi tiết; cấp Giấy chứng nhận cho từng thửa đất theo quy hoạch xây dựng chi tiết cho chủ đầu tư dự án có nhu cầu (UBND thành phố Cần Thơ)",,,,True,1.116504,location,"Đăng ký biến động đối với trường hợp thay đổi quyền sử dụng đất, quyền sở hữu tài sản gắn liền với đất theo thỏa thuận của các thành viên hộ gia đình hoặc của vợ và chồng; quyền sử dụng đất xây dựng công trình trên mặt đất phục vụ cho việc vận hành, khai thác sử dụng công trình ngầm, quyền sở hữu công trình ngầm; bán tài sản, điều chuyển, chuyển nhượng quyền sử dụng đất là tài sản công theo quy định của pháp luật về quản lý, sử dụng tài sản công; nhận quyền sử dụng đất, quyền sở hữu tài sản gắn liền với đất theo kết quả giải quyết tranh chấp, khiếu nại, tố cáo về đất đai hoặc bản án, quyết định của Tòa án, quyết định thi hành án của cơ quan thi hành án đã được thi hành; quyết định hoặc phán quyết của Trọng tài thương mại Việt Nam về giải quyết tranh chấp giữa các bên phát sinh từ hoạt động thương mại liên quan đến đất đai; nhận quyền sử dụng đất, quyền sở hữu tài sản gắn liền với đất do xử lý tài sản thế chấp là quyền sử dụng đất, tài sản gắn liền với đất đã được đăng ký, bao gồm cả xử lý khoản nợ có nguồn gốc từ khoản nợ xấu của tổ chức tín dụng, chi nhánh ngân hàng nước ngoài (UBND thành phố Cần Thơ)",0.6238,0.7128,2,2,255.6,,True,,,
G0152,"Nộp hồ sơ đăng ký biến động thay đổi quyền sử dụng đất, quyền sở hữu tài sản gắn liền với đất do chia, tách, hợp nhất, sáp nhập tổ chức hoặc chuyển đổi mô hình tổ chức, chuyển đổi loại hình doanh nghiệp theo quy định của pháp luật về doanh nghiệp; điều chỉnh quy hoạch xây dựng chi tiết; cấp Giấy chứng nhận cho từng thửa đất theo quy hoạch xây dựng chi tiết cho chủ đầu tư dự án có nhu cầu tại đâu?",positive,location,1.116503,location,location,generated,casual,"Đăng ký biến động thay đổi quyền sử dụng đất, quyền sở hữu tài sản gắn liền với đất do chia, tách, hợp nhất, sáp nhập tổ chức hoặc chuyển đổi mô hình tổ chức, chuyển đổi loại hình doanh nghiệp theo quy định của pháp luật về doanh nghiệp; điều chỉnh quy hoạch xây dựng chi tiết; cấp Giấy chứng nhận cho từng thửa đất theo quy hoạch xây dựng chi tiết cho chủ đầu tư dự án có nhu cầu (UBND thành phố Cần Thơ)",,,,False,1.116456,required_documents,"(Hà Nội) Đăng ký biến động thay đổi quyền sử dụng đất, quyền sở hữu tài sản gắn liền với đất do chia, tách, hợp nhất, sáp nhập tổ chức hoặc chuyển đổi mô hình tổ chức, chuyển đổi loại hình doanh nghiệp theo quy định của pháp luật về doanh nghiệp; điều chỉnh quy hoạch xây dựng chi tiết; cấp Giấy chứng nhận cho từng thửa đất theo quy hoạch xây dựng chi tiết cho chủ đầu tư dự án có nhu cầu",0.6323,0.9679,2,2,429.1,,True,,,
G0153,Công nhận đại học vùng nộp hồ sơ ở đâu?,positive,location,1.015023,location,location,generated,formal,Công nhận đại học vùng,1.0,1.0,1.0,True,1.015023,location,Công nhận đại học vùng,0.478,0.8973,1,1,214.7,,True,,,
G0154,Nộp hồ sơ công nhận đại học vùng tại đâu?,positive,location,1.015023,location,location,generated,casual,Công nhận đại học vùng,1.0,1.0,1.0,True,1.015023,location,Công nhận đại học vùng,0.5801,0.733,3,3,217.6,,True,,,
G0155,Thủ tục: Chuyển từ hình thức giao tài sản kết cấu hạ tầng đường sắt đô thị không tính thành phần vốn nhà nước tại doanh nghiệp sang hình thức tính thành phần vốn nhà nước tại doanh nghiệp nộp hồ sơ ở đâu?,positive,location,6.006769,location,location,generated,formal,Thủ tục: Chuyển từ hình thức giao tài sản kết cấu hạ tầng đường sắt đô thị không tính thành phần vốn nhà nước tại doanh nghiệp sang hình thức tính thành phần vốn nhà nước tại doanh nghiệp,1.0,1.0,1.0,True,6.006769,location,Thủ tục: Chuyển từ hình thức giao tài sản kết cấu hạ tầng đường sắt đô thị không tính thành phần vốn nhà nước tại doanh nghiệp sang hình thức tính thành phần vốn nhà nước tại doanh nghiệp,0.5264,0.9276,1,1,222.4,,True,,,
G0156,Nộp hồ sơ thủ tục: Chuyển từ hình thức giao tài sản kết cấu hạ tầng đường sắt đô thị không tính thành phần vốn nhà nước tại doanh nghiệp sang hình thức tính thành phần vốn nhà nước tại doanh nghiệp tại đâu?,positive,location,6.006769,location,location,generated,casual,Thủ tục: Chuyển từ hình thức giao tài sản kết cấu hạ tầng đường sắt đô thị không tính thành phần vốn nhà nước tại doanh nghiệp sang hình thức tính thành phần vốn nhà nước tại doanh nghiệp,1.0,,,False,6.006769,required_documents,Thủ tục: Chuyển từ hình thức giao tài sản kết cấu hạ tầng đường sắt đô thị không tính thành phần vốn nhà nước tại doanh nghiệp sang hình thức tính thành phần vốn nhà nước tại doanh nghiệp,0.4617,0.9081,2,2,221.9,,True,,,
G0157,"Thủ tục chấp thuận địa điểm, quy mô xây dựng và thời gian tồn tại của công trình tạm phục vụ mục đích sử dụng cho việc tổ chức các sự kiện hoặc hoạt động khác nộp hồ sơ ở đâu?",positive,location,3.000536,location,location,generated,formal,"Thủ tục chấp thuận địa điểm, quy mô xây dựng và thời gian tồn tại của công trình tạm phục vụ mục đích sử dụng cho việc tổ chức các sự kiện hoặc hoạt động khác",1.0,1.0,1.0,True,3.000536,location,"Thủ tục chấp thuận địa điểm, quy mô xây dựng và thời gian tồn tại của công trình tạm phục vụ mục đích sử dụng cho việc tổ chức các sự kiện hoặc hoạt động khác",0.5496,0.9397,1,1,230.0,,True,,,
G0158,"Nộp hồ sơ chấp thuận địa điểm, quy mô xây dựng và thời gian tồn tại của công trình tạm phục vụ mục đích sử dụng cho việc tổ chức các sự kiện hoặc hoạt động khác tại đâu?",positive,location,3.000536,location,location,generated,casual,"Thủ tục chấp thuận địa điểm, quy mô xây dựng và thời gian tồn tại của công trình tạm phục vụ mục đích sử dụng cho việc tổ chức các sự kiện hoặc hoạt động khác",,,,True,1.014792,location,"Chấp thuận về địa điểm, quy mô xây dựng công trình và thời gian tồn tại của công trình tạm",0.4958,0.8853,1,1,365.9,,True,,,
G0159,"Chính sách hỗ trợ đào tạo các ngành, nghề phục vụ công nghiệp bán dẫn, trí tuệ nhân tạo, công nghệ số cho học sinh, sinh viên nộp hồ sơ ở đâu?",positive,location,1.014577,location,location,generated,formal,"Chính sách hỗ trợ đào tạo các ngành, nghề phục vụ công nghiệp bán dẫn, trí tuệ nhân tạo, công nghệ số cho học sinh, sinh viên",1.0,1.0,1.0,True,1.014577,location,"Chính sách hỗ trợ đào tạo các ngành, nghề phục vụ công nghiệp bán dẫn, trí tuệ nhân tạo, công nghệ số cho học sinh, sinh viên",0.4949,0.9152,1,1,218.9,,True,,,
G0160,"Nộp hồ sơ chính sách hỗ trợ đào tạo các ngành, nghề phục vụ công nghiệp bán dẫn, trí tuệ nhân tạo, công nghệ số cho học sinh, sinh viên tại đâu?",positive,location,1.014577,location,location,generated,casual,"Chính sách hỗ trợ đào tạo các ngành, nghề phục vụ công nghiệp bán dẫn, trí tuệ nhân tạo, công nghệ số cho học sinh, sinh viên",1.0,2.0,2.0,False,1.014577,fee,"Chính sách hỗ trợ đào tạo các ngành, nghề phục vụ công nghiệp bán dẫn, trí tuệ nhân tạo, công nghệ số cho học sinh, sinh viên",0.4347,0.6941,3,3,219.8,,True,,,
G0161,"Đăng ký, cấp Giấy chứng nhận đối với thửa đất có diện tích tăng thêm do thay đổi ranh giới so với Giấy chứng nhận đã cấp; đăng ký, cấp Giấy chứng nhận quyền sử dụng đất, quyền sở hữu tài sản gắn liền với đất đối với toàn bộ diện tích đất đang sử dụng theo quy định tại khoản 2 và khoản 4 Điều 24 Nghị định số 101/2024/NĐ-CP được bổ sung tại khoản 6 Điều 12 Nghị định số 49/2026/NĐ-CP nộp hồ sơ ở đâu?",positive,location,1.116356,location,location,generated,formal,"Đăng ký, cấp Giấy chứng nhận đối với thửa đất có diện tích tăng thêm do thay đổi ranh giới so với Giấy chứng nhận đã cấp; đăng ký, cấp Giấy chứng nhận quyền sử dụng đất, quyền sở hữu tài sản gắn liền với đất đối với toàn bộ diện tích đất đang sử dụng theo quy định tại khoản 2 và khoản 4 Điều 24 Nghị định số 101/2024/NĐ-CP được bổ sung tại khoản 6 Điều 12 Nghị định số 49/2026/NĐ-CP",1.0,,,False,1.116356,general_information,"Đăng ký, cấp Giấy chứng nhận đối với thửa đất có diện tích tăng thêm do thay đổi ranh giới so với Giấy chứng nhận đã cấp; đăng ký, cấp Giấy chứng nhận quyền sử dụng đất, quyền sở hữu tài sản gắn liền với đất đối với toàn bộ diện tích đất đang sử dụng theo quy định tại khoản 2 và khoản 4 Điều 24 Nghị định số 101/2024/NĐ-CP được bổ sung tại khoản 6 Điều 12 Nghị định số 49/2026/NĐ-CP",0.6764,0.7792,3,3,234.3,,True,,,
G0162,"Nộp hồ sơ đăng ký, cấp Giấy chứng nhận đối với thửa đất có diện tích tăng thêm do thay đổi ranh giới so với Giấy chứng nhận đã cấp; đăng ký, cấp Giấy chứng nhận quyền sử dụng đất, quyền sở hữu tài sản gắn liền với đất đối với toàn bộ diện tích đất đang sử dụng theo quy định tại khoản 2 và khoản 4 Điều 24 Nghị định số 101/2024/NĐ-CP được bổ sung tại khoản 6 Điều 12 Nghị định số 49/2026/NĐ-CP tại đâu?",positive,location,1.116356,location,location,generated,casual,"Đăng ký, cấp Giấy chứng nhận đối với thửa đất có diện tích tăng thêm do thay đổi ranh giới so với Giấy chứng nhận đã cấp; đăng ký, cấp Giấy chứng nhận quyền sử dụng đất, quyền sở hữu tài sản gắn liền với đất đối với toàn bộ diện tích đất đang sử dụng theo quy định tại khoản 2 và khoản 4 Điều 24 Nghị định số 101/2024/NĐ-CP được bổ sung tại khoản 6 Điều 12 Nghị định số 49/2026/NĐ-CP",1.0,,,False,1.116356,required_documents,"Đăng ký, cấp Giấy chứng nhận đối với thửa đất có diện tích tăng thêm do thay đổi ranh giới so với Giấy chứng nhận đã cấp; đăng ký, cấp Giấy chứng nhận quyền sử dụng đất, quyền sở hữu tài sản gắn liền với đất đối với toàn bộ diện tích đất đang sử dụng theo quy định tại khoản 2 và khoản 4 Điều 24 Nghị định số 101/2024/NĐ-CP được bổ sung tại khoản 6 Điều 12 Nghị định số 49/2026/NĐ-CP",0.6689,0.9822,1,1,239.5,,True,,,
G0163,Cấp mới/cấp lại Giấy chứng nhận số nhà nộp hồ sơ ở đâu?,positive,location,1.009141,location,location,generated,formal,Cấp mới/cấp lại Giấy chứng nhận số nhà,1.0,1.0,1.0,True,1.009141,location,Cấp mới/cấp lại Giấy chứng nhận số nhà,0.7541,0.9973,1,1,220.1,,True,,,
G0164,Nộp hồ sơ cấp mới/cấp lại Giấy chứng nhận số nhà tại đâu?,positive,location,1.009141,location,location,generated,casual,Cấp mới/cấp lại Giấy chứng nhận số nhà,1.0,,,False,1.009141,required_documents,Cấp mới/cấp lại Giấy chứng nhận số nhà,0.6519,0.9532,1,1,222.9,,True,,,
G0165,1. Thủ tục hỗ trợ chi phí hỏa táng (bao gồm cả điện táng) trên địa bàn tỉnh Bắc Ninh nộp hồ sơ ở đâu?,positive,location,1.014582,location,location,generated,formal,1. Thủ tục hỗ trợ chi phí hỏa táng (bao gồm cả điện táng) trên địa bàn tỉnh Bắc Ninh,1.0,1.0,1.0,True,1.014582,location,1. Thủ tục hỗ trợ chi phí hỏa táng (bao gồm cả điện táng) trên địa bàn tỉnh Bắc Ninh,0.6332,0.9625,1,1,224.2,,True,,,
G0166,Nộp hồ sơ 1. Thủ tục hỗ trợ chi phí hỏa táng trên địa bàn tỉnh Bắc Ninh tại đâu?,positive,location,1.014582,location,location,generated,casual,1. Thủ tục hỗ trợ chi phí hỏa táng (bao gồm cả điện táng) trên địa bàn tỉnh Bắc Ninh,1.0,,,False,1.014582,required_documents,1. Thủ tục hỗ trợ chi phí hỏa táng (bao gồm cả điện táng) trên địa bàn tỉnh Bắc Ninh,0.6107,0.6999,3,3,225.1,,True,,,
G0167,"Cấp đổi Giấy chứng nhận đủ điều kiện về an ninh, trật tự (thực hiện tại cấp Trung ương) nộp hồ sơ ở đâu?",positive,location,1.003176,location,location,generated,formal,"Cấp đổi Giấy chứng nhận đủ điều kiện về an ninh, trật tự (thực hiện tại cấp Trung ương)",1.0,1.0,1.0,True,1.003176,location,"Cấp đổi Giấy chứng nhận đủ điều kiện về an ninh, trật tự (thực hiện tại cấp Trung ương)",0.5779,0.9432,1,1,218.7,,True,,,
G0168,"Nộp hồ sơ cấp đổi Giấy chứng nhận đủ điều kiện về an ninh, trật tự tại đâu?",positive,location,1.003176,location,location,generated,casual,"Cấp đổi Giấy chứng nhận đủ điều kiện về an ninh, trật tự (thực hiện tại cấp Trung ương)",,,,False,2.001402,required_documents,"Cấp đổi Giấy chứng nhận đủ điều kiện về an ninh, trật tự (thực hiện tại cấp tỉnh)",0.5807,0.9415,1,1,368.6,,True,,,
G0169,Miễn chi phí bồi hoàn (cấp trung ương) nộp hồ sơ ở đâu?,positive,location,1.115983,location,location,generated,formal,Miễn chi phí bồi hoàn (cấp trung ương),1.0,1.0,1.0,True,1.115983,location,Miễn chi phí bồi hoàn (cấp trung ương),0.5589,0.9302,1,1,217.7,,True,,,
G0170,Nộp hồ sơ miễn chi phí bồi hoàn tại đâu?,positive,location,1.115983,location,location,generated,casual,Miễn chi phí bồi hoàn (cấp trung ương),,,,False,1.115985,required_documents,Miễn chi phí bồi hoàn (cấp tỉnh),0.5541,0.9139,2,2,324.7,,True,,,
G0171,Gia hạn sử dụng đất khi hết thời hạn sử dụng đất (UBND thành phố Cần Thơ) nộp hồ sơ ở đâu?,positive,location,1.116514,location,location,generated,formal,Gia hạn sử dụng đất khi hết thời hạn sử dụng đất (UBND thành phố Cần Thơ),1.0,1.0,1.0,True,1.116514,location,Gia hạn sử dụng đất khi hết thời hạn sử dụng đất (UBND thành phố Cần Thơ),0.6391,0.9619,1,1,218.6,,True,,,
G0172,Nộp hồ sơ gia hạn sử dụng đất khi hết thời hạn sử dụng đất tại đâu?,positive,location,1.116514,location,location,generated,casual,Gia hạn sử dụng đất khi hết thời hạn sử dụng đất (UBND thành phố Cần Thơ),1.0,,,False,1.116514,required_documents,Gia hạn sử dụng đất khi hết thời hạn sử dụng đất (UBND thành phố Cần Thơ),0.5117,0.7897,3,3,340.3,,True,,,
G0173,"Xét, cấp học bổng chính sách đối với học viên cơ sở giáo dục nghề nghiệp tư thục dành cho thương binh, người khuyết tật nộp hồ sơ ở đâu?",positive,location,1.014997,location,location,generated,formal,"Xét, cấp học bổng chính sách đối với học viên cơ sở giáo dục nghề nghiệp tư thục dành cho thương binh, người khuyết tật",1.0,1.0,1.0,True,1.014997,location,"Xét, cấp học bổng chính sách đối với học viên cơ sở giáo dục nghề nghiệp tư thục dành cho thương binh, người khuyết tật",0.433,0.8939,1,1,221.4,,True,,,
G0174,"Nộp hồ sơ xét, cấp học bổng chính sách đối với học viên cơ sở giáo dục nghề nghiệp tư thục dành cho thương binh, người khuyết tật tại đâu?",positive,location,1.014997,location,location,generated,casual,"Xét, cấp học bổng chính sách đối với học viên cơ sở giáo dục nghề nghiệp tư thục dành cho thương binh, người khuyết tật",1.0,,,False,1.014997,required_documents,"Xét, cấp học bổng chính sách đối với học viên cơ sở giáo dục nghề nghiệp tư thục dành cho thương binh, người khuyết tật",0.4411,0.8967,1,1,223.5,,True,,,
G0175,Cấp phép thi công các công trình liên quan khác nộp hồ sơ ở đâu?,positive,location,1.009163,location,location,generated,formal,Cấp phép thi công các công trình liên quan khác,1.0,1.0,1.0,True,1.009163,location,Cấp phép thi công các công trình liên quan khác,0.582,0.9383,1,1,218.2,,True,,,
G0176,Nộp hồ sơ cấp phép thi công các công trình liên quan khác tại đâu?,positive,location,1.009163,location,location,generated,casual,Cấp phép thi công các công trình liên quan khác,1.0,,,False,1.009163,required_documents,Cấp phép thi công các công trình liên quan khác,0.5254,0.9185,1,1,218.5,,True,,,
G0177,"Thủ tục hỗ trợ xây dựng bãi đỗ xe tại khu, điểm du lịch nộp hồ sơ ở đâu?",positive,location,1.014509,location,location,generated,formal,"Thủ tục hỗ trợ xây dựng bãi đỗ xe tại khu, điểm du lịch",1.0,1.0,1.0,True,1.014509,location,"Thủ tục hỗ trợ xây dựng bãi đỗ xe tại khu, điểm du lịch",0.6241,0.9573,1,1,218.3,,True,,,
G0178,"Nộp hồ sơ hỗ trợ xây dựng bãi đỗ xe tại khu, điểm du lịch tại đâu?",positive,location,1.014509,location,location,generated,casual,"Thủ tục hỗ trợ xây dựng bãi đỗ xe tại khu, điểm du lịch",1.0,,,False,1.014509,required_documents,"Thủ tục hỗ trợ xây dựng bãi đỗ xe tại khu, điểm du lịch",0.6656,0.9696,1,1,337.4,,True,,,
G0179,"Thẩm định nhiệm vụ quy hoạch, quy hoạch đô thị và nông thôn thuộc thẩm quyền phê duyệt của Thủ tướng Chính phủ hoặc thẩm định các nhiệm vụ quy hoạch, quy hoạch đô thị và nông thôn theo phân công của Thủ tướng Chính phủ nộp hồ sơ ở đâu?",positive,location,5.003809,location,location,generated,formal,"Thẩm định nhiệm vụ quy hoạch, quy hoạch đô thị và nông thôn thuộc thẩm quyền phê duyệt của Thủ tướng Chính phủ hoặc thẩm định các nhiệm vụ quy hoạch, quy hoạch đô thị và nông thôn theo phân công của Thủ tướng Chính phủ",1.0,1.0,1.0,True,5.003809,location,"Thẩm định nhiệm vụ quy hoạch, quy hoạch đô thị và nông thôn thuộc thẩm quyền phê duyệt của Thủ tướng Chính phủ hoặc thẩm định các nhiệm vụ quy hoạch, quy hoạch đô thị và nông thôn theo phân công của Thủ tướng Chính phủ",0.6351,0.9651,1,1,225.2,,True,,,
G0180,"Nộp hồ sơ thẩm định nhiệm vụ quy hoạch, quy hoạch đô thị và nông thôn thuộc thẩm quyền phê duyệt của Thủ tướng Chính phủ hoặc thẩm định các nhiệm vụ quy hoạch, quy hoạch đô thị và nông thôn theo phân công của Thủ tướng Chính phủ tại đâu?",positive,location,5.003809,location,location,generated,casual,"Thẩm định nhiệm vụ quy hoạch, quy hoạch đô thị và nông thôn thuộc thẩm quyền phê duyệt của Thủ tướng Chính phủ hoặc thẩm định các nhiệm vụ quy hoạch, quy hoạch đô thị và nông thôn theo phân công của Thủ tướng Chính phủ",1.0,1.0,1.0,True,5.003809,location,"Thẩm định nhiệm vụ quy hoạch, quy hoạch đô thị và nông thôn thuộc thẩm quyền phê duyệt của Thủ tướng Chính phủ hoặc thẩm định các nhiệm vụ quy hoạch, quy hoạch đô thị và nông thôn theo phân công của Thủ tướng Chính phủ",0.6311,0.7673,3,3,223.6,,True,,,
G0181,Công nhận giám đốc trung tâm giáo dục nghề nghiệp tư thục nộp hồ sơ ở đâu?,positive,location,2.000632,location,location,generated,formal,Công nhận giám đốc trung tâm giáo dục nghề nghiệp tư thục,,,,True,1.013758,location,"Giải thể trung tâm hỗ trợ phát triển giáo dục hòa nhập tư thục (theo đề nghị của tổ chức, cá nhân thành lập)",0.3036,0.5867,3,3,225.4,,True,,,
G0182,Nộp hồ sơ công nhận giám đốc trung tâm giáo dục nghề nghiệp tư thục tại đâu?,positive,location,2.000632,location,location,generated,casual,Công nhận giám đốc trung tâm giáo dục nghề nghiệp tư thục,1.0,,,False,2.000632,required_documents,Công nhận giám đốc trung tâm giáo dục nghề nghiệp tư thục,0.3823,0.8661,1,1,218.6,,True,,,
G0183,"Giao đất, cho thuê đất đồng thời giao khu vực biển để thực hiện hoạt động lấn biển (UBND thành phố Cần Thơ) nộp hồ sơ ở đâu?",positive,location,1.116511,location,location,generated,formal,"Giao đất, cho thuê đất đồng thời giao khu vực biển để thực hiện hoạt động lấn biển (UBND thành phố Cần Thơ)",1.0,1.0,1.0,True,1.116511,location,"Giao đất, cho thuê đất đồng thời giao khu vực biển để thực hiện hoạt động lấn biển (UBND thành phố Cần Thơ)",0.6815,0.9794,1,1,223.3,,True,,,
G0184,"Nộp hồ sơ giao đất, cho thuê đất đồng thời giao khu vực biển để thực hiện hoạt động lấn biển tại đâu?",positive,location,1.116511,location,location,generated,casual,"Giao đất, cho thuê đất đồng thời giao khu vực biển để thực hiện hoạt động lấn biển (UBND thành phố Cần Thơ)",1.0,,,False,1.116511,required_documents,"Giao đất, cho thuê đất đồng thời giao khu vực biển để thực hiện hoạt động lấn biển (UBND thành phố Cần Thơ)",0.5219,0.9271,1,1,379.1,,True,,,
G0185,Thủ tục: Xử lý tài sản kết cấu hạ tầng đường sắt đô thị nộp hồ sơ ở đâu?,positive,location,6.006771,location,location,generated,formal,Thủ tục: Xử lý tài sản kết cấu hạ tầng đường sắt đô thị,1.0,1.0,1.0,True,6.006771,location,Thủ tục: Xử lý tài sản kết cấu hạ tầng đường sắt đô thị,0.4723,0.9042,1,1,219.4,,True,,,
G0186,Nộp hồ sơ thủ tục: Xử lý tài sản kết cấu hạ tầng đường sắt đô thị tại đâu?,positive,location,6.006771,location,location,generated,casual,Thủ tục: Xử lý tài sản kết cấu hạ tầng đường sắt đô thị,1.0,,,False,6.006771,required_documents,Thủ tục: Xử lý tài sản kết cấu hạ tầng đường sắt đô thị,0.3738,0.8691,2,2,221.1,,True,,,
G0187,Bổ nhiệm lại và cấp thẻ giám định viên tư pháp nộp hồ sơ ở đâu?,positive,location,1.116546,location,location,generated,formal,Bổ nhiệm lại và cấp thẻ giám định viên tư pháp,1.0,1.0,1.0,True,1.116546,location,Bổ nhiệm lại và cấp thẻ giám định viên tư pháp,0.4002,0.8767,1,1,214.8,,True,,,
G0188,Nộp hồ sơ bổ nhiệm lại và cấp thẻ giám định viên tư pháp tại đâu?,positive,location,1.116546,location,location,generated,casual,Bổ nhiệm lại và cấp thẻ giám định viên tư pháp,1.0,1.0,1.0,True,1.116546,location,Bổ nhiệm lại và cấp thẻ giám định viên tư pháp,0.4427,0.6916,1,1,219.7,,True,,,
G0189,"Cấp Giấy phép xây dựng có thời hạn đối với các công trình công cộng bao gồm nhà để xe, bãi để xe, nhà vệ sinh công cộng trên đất do Nhà nước quản lý (theo thẩm quyền quy định tại khoản 2, Điều 4 Nghị quyết 62/2024/NQ-HĐND ngày 13 tháng 12 năm 2024) nộp hồ sơ ở đâu?",positive,location,1.013316,location,location,generated,formal,"Cấp Giấy phép xây dựng có thời hạn đối với các công trình công cộng bao gồm nhà để xe, bãi để xe, nhà vệ sinh công cộng trên đất do Nhà nước quản lý (theo thẩm quyền quy định tại khoản 2, Điều 4 Nghị quyết 62/2024/NQ-HĐND ngày 13 tháng 12 năm 2024)",1.0,1.0,1.0,True,1.013316,location,"Cấp Giấy phép xây dựng có thời hạn đối với các công trình công cộng bao gồm nhà để xe, bãi để xe, nhà vệ sinh công cộng trên đất do Nhà nước quản lý (theo thẩm quyền quy định tại khoản 2, Điều 4 Nghị quyết 62/2024/NQ-HĐND ngày 13 tháng 12 năm 2024)",0.6331,0.9676,1,1,358.8,,True,,,
G0190,"Nộp hồ sơ cấp Giấy phép xây dựng có thời hạn đối với các công trình công cộng bao gồm nhà để xe, bãi để xe, nhà vệ sinh công cộng trên đất do Nhà nước quản lý tại đâu?",positive,location,1.013316,location,location,generated,casual,"Cấp Giấy phép xây dựng có thời hạn đối với các công trình công cộng bao gồm nhà để xe, bãi để xe, nhà vệ sinh công cộng trên đất do Nhà nước quản lý (theo thẩm quyền quy định tại khoản 2, Điều 4 Nghị quyết 62/2024/NQ-HĐND ngày 13 tháng 12 năm 2024)",2.0,,,False,1.009122,required_documents,"Cấp giấy phép xây dựng có thời hạn đối với công trình, nhà ở riêng lẻ (công trình cấp III, cấp IV)",0.5516,0.6801,3,3,378.8,,True,,,
G0191,"Hỗ trợ phát triển sản phẩm du lịch cộng đồng, chỉnh trang cảnh quan du lịch cộng đồng nộp hồ sơ ở đâu?",positive,location,1.014975,location,location,generated,formal,"Hỗ trợ phát triển sản phẩm du lịch cộng đồng, chỉnh trang cảnh quan du lịch cộng đồng",1.0,1.0,1.0,True,1.014975,location,"Hỗ trợ phát triển sản phẩm du lịch cộng đồng, chỉnh trang cảnh quan du lịch cộng đồng",0.5743,0.9399,1,1,221.8,,True,,,
G0192,"Nộp hồ sơ hỗ trợ phát triển sản phẩm du lịch cộng đồng, chỉnh trang cảnh quan du lịch cộng đồng tại đâu?",positive,location,1.014975,location,location,generated,casual,"Hỗ trợ phát triển sản phẩm du lịch cộng đồng, chỉnh trang cảnh quan du lịch cộng đồng",1.0,,,False,1.014975,required_documents,"Hỗ trợ phát triển sản phẩm du lịch cộng đồng, chỉnh trang cảnh quan du lịch cộng đồng",0.6407,0.9576,1,1,218.2,,True,,,
G0193,"Thủ tục hỗ trợ đối với các Câu lạc bộ thực hiện công tác bảo tồn, phát huy di sản văn hoá phi vật thể nộp hồ sơ ở đâu?",positive,location,1.013297,location,location,generated,formal,"Thủ tục hỗ trợ đối với các Câu lạc bộ thực hiện công tác bảo tồn, phát huy di sản văn hoá phi vật thể",1.0,1.0,1.0,True,1.013297,location,"Thủ tục hỗ trợ đối với các Câu lạc bộ thực hiện công tác bảo tồn, phát huy di sản văn hoá phi vật thể",0.524,0.926,1,1,218.9,,True,,,
G0194,"Nộp hồ sơ thủ tục hỗ trợ đối với các Câu lạc bộ thực hiện công tác bảo tồn, phát huy di sản văn hoá phi vật thể tại đâu?",positive,location,1.013297,location,location,generated,casual,"Thủ tục hỗ trợ đối với các Câu lạc bộ thực hiện công tác bảo tồn, phát huy di sản văn hoá phi vật thể",1.0,,,False,1.013297,required_documents,"Thủ tục hỗ trợ đối với các Câu lạc bộ thực hiện công tác bảo tồn, phát huy di sản văn hoá phi vật thể",0.4792,0.9103,1,1,222.0,,True,,,
G0195,"Chấp thuận tiếp tục khai thác, sử dụng công trình tạm nộp hồ sơ ở đâu?",positive,location,1.014793,location,location,generated,formal,"Chấp thuận tiếp tục khai thác, sử dụng công trình tạm",1.0,1.0,1.0,True,1.014793,location,"Chấp thuận tiếp tục khai thác, sử dụng công trình tạm",0.5568,0.9324,1,1,217.2,,True,,,
G0196,"Nộp hồ sơ chấp thuận tiếp tục khai thác, sử dụng công trình tạm tại đâu?",positive,location,1.014793,location,location,generated,casual,"Chấp thuận tiếp tục khai thác, sử dụng công trình tạm",1.0,,,False,1.014793,required_documents,"Chấp thuận tiếp tục khai thác, sử dụng công trình tạm",0.5567,0.9386,2,2,220.1,,True,,,
G0197,Giải quyết trợ cấp hằng tháng đối với thanh niên xung phong đã hoàn thành nhiệm vụ trong kháng chiến trở về địa phương (khoản01 Điều 09 Nghị Quyếtsố 182/2025/NQHĐND) nộp hồ sơ ở đâu?,positive,location,3.000579,location,location,generated,formal,Giải quyết trợ cấp hằng tháng đối với thanh niên xung phong đã hoàn thành nhiệm vụ trong kháng chiến trở về địa phương (khoản01 Điều 09 Nghị Quyếtsố 182/2025/NQHĐND),1.0,1.0,1.0,True,3.000579,location,Giải quyết trợ cấp hằng tháng đối với thanh niên xung phong đã hoàn thành nhiệm vụ trong kháng chiến trở về địa phương (khoản01 Điều 09 Nghị Quyếtsố 182/2025/NQHĐND),0.5343,0.9311,1,1,222.8,,True,,,
G0198,Nộp hồ sơ giải quyết trợ cấp hằng tháng đối với thanh niên xung phong đã hoàn thành nhiệm vụ trong kháng chiến trở về địa phương tại đâu?,positive,location,3.000579,location,location,generated,casual,Giải quyết trợ cấp hằng tháng đối với thanh niên xung phong đã hoàn thành nhiệm vụ trong kháng chiến trở về địa phương (khoản01 Điều 09 Nghị Quyếtsố 182/2025/NQHĐND),,,,False,2.001396,required_documents,Trợ cấp hàng tháng đối với thanh niên xung phong đã hoàn thành nhiệm vụ trong kháng chiến,0.4809,0.9068,2,2,235.1,,True,,,
G0199,"Thành lập phân hiệu của trường trung cấp, trường trung học nghề nộp hồ sơ ở đâu?",positive,location,2.002887,location,location,generated,formal,"Thành lập phân hiệu của trường trung cấp, trường trung học nghề",1.0,1.0,1.0,True,2.002887,location,"Thành lập phân hiệu của trường trung cấp, trường trung học nghề",0.5339,0.9226,1,1,224.0,,True,,,
G0200,"Nộp hồ sơ thành lập phân hiệu của trường trung cấp, trường trung học nghề tại đâu?",positive,location,2.002887,location,location,generated,casual,"Thành lập phân hiệu của trường trung cấp, trường trung học nghề",1.0,,,False,2.002887,required_documents,"Thành lập phân hiệu của trường trung cấp, trường trung học nghề",0.5548,0.9442,2,2,218.0,,True,,,
G0201,HƯỞNG TRỢ CẤP MAI TÁNG nộp hồ sơ ở đâu?,positive,location,1.014177,location,location,generated,formal,HƯỞNG TRỢ CẤP MAI TÁNG,1.0,1.0,1.0,True,1.014177,location,HƯỞNG TRỢ CẤP MAI TÁNG,0.4018,0.8706,1,1,217.6,,False,,,
G0202,Nộp hồ sơ hưởng trợ cấp mai táng tại đâu?,positive,location,1.014177,location,location,generated,casual,HƯỞNG TRỢ CẤP MAI TÁNG,1.0,,,False,1.014177,required_documents,HƯỞNG TRỢ CẤP MAI TÁNG,0.5363,0.9177,1,1,214.0,,False,,,
G0203,Giải thể trường cao đẳng nộp hồ sơ ở đâu?,positive,location,2.002880,location,location,generated,formal,Giải thể trường cao đẳng,,,,True,1.002013,location,"Thủ tục đăng cai giải thi đấu, trận thi đấu thể thao thành tích cao khác do liên đoàn thể thao tỉnh, thành phố trực thuộc trung ương tổ chức",0.4344,0.6171,3,3,225.9,,False,,,
G0204,Nộp hồ sơ giải thể trường cao đẳng tại đâu?,positive,location,2.002880,location,location,generated,casual,Giải thể trường cao đẳng,,,,False,1.002013,required_documents,"Thủ tục đăng cai giải thi đấu, trận thi đấu thể thao thành tích cao khác do liên đoàn thể thao tỉnh, thành phố trực thuộc trung ương tổ chức",0.4558,0.6246,3,3,218.8,,False,,,
G0205,Thủ tục cấp giấy phép kinh doanh dịch vụ lữ hành nội địa nộp hồ sơ ở đâu?,positive,location,2.001628,location,location,generated,formal,Thủ tục cấp giấy phép kinh doanh dịch vụ lữ hành nội địa,1.0,1.0,1.0,True,2.001628,location,Thủ tục cấp giấy phép kinh doanh dịch vụ lữ hành nội địa,0.582,0.9426,1,1,220.5,,False,,,
G0206,Nộp hồ sơ cấp giấy phép kinh doanh dịch vụ lữ hành nội địa tại đâu?,positive,location,2.001628,location,location,generated,casual,Thủ tục cấp giấy phép kinh doanh dịch vụ lữ hành nội địa,1.0,,,False,2.001628,required_documents,Thủ tục cấp giấy phép kinh doanh dịch vụ lữ hành nội địa,0.5754,0.9389,2,2,358.6,,False,,,
G0207,"Đăng ký, cấp Giấy chứng nhận quyền sử dụng đất, quyền sở hữu tài sản gắn liền với đất đối với toàn bộ diện tích đất đang sử dụng quy định tại điểm a khoản 2 Điều 24 Nghị định số 101/2024/NĐ-CP (cấp xã) nộp hồ sơ ở đâu?",positive,location,1.116623,location,location,generated,formal,"Đăng ký, cấp Giấy chứng nhận quyền sử dụng đất, quyền sở hữu tài sản gắn liền với đất đối với toàn bộ diện tích đất đang sử dụng quy định tại điểm a khoản 2 Điều 24 Nghị định số 101/2024/NĐ-CP (cấp xã)",1.0,1.0,1.0,True,1.116623,location,"Đăng ký, cấp Giấy chứng nhận quyền sử dụng đất, quyền sở hữu tài sản gắn liền với đất đối với toàn bộ diện tích đất đang sử dụng quy định tại điểm a khoản 2 Điều 24 Nghị định số 101/2024/NĐ-CP (cấp xã)",0.6472,0.9715,1,1,229.7,,False,,,
G0208,"Nộp hồ sơ đăng ký, cấp Giấy chứng nhận quyền sử dụng đất, quyền sở hữu tài sản gắn liền với đất đối với toàn bộ diện tích đất đang sử dụng quy định tại điểm a khoản 2 Điều 24 Nghị định số 101/2024/NĐ-CP tại đâu?",positive,location,1.116623,location,location,generated,casual,"Đăng ký, cấp Giấy chứng nhận quyền sử dụng đất, quyền sở hữu tài sản gắn liền với đất đối với toàn bộ diện tích đất đang sử dụng quy định tại điểm a khoản 2 Điều 24 Nghị định số 101/2024/NĐ-CP (cấp xã)",,,,False,1.116622,required_documents,"Đăng ký, cấp Giấy chứng nhận quyền sử dụng đất, quyền sở hữu tài sản gắn liền với đất đối với toàn bộ diện tích đất đang sử dụng quy định tại điểm a khoản 2 Điều 24 Nghị định số 101/2024/NĐ-CP (cấp tỉnh)",0.5969,0.9536,1,1,383.0,,False,,,
G0209,"Phê duyệt danh mục đầu tư lưới điện trung áp, hạ áp nộp hồ sơ ở đâu?",positive,location,1.013394,location,location,generated,formal,"Phê duyệt danh mục đầu tư lưới điện trung áp, hạ áp",1.0,1.0,1.0,True,1.013394,location,"Phê duyệt danh mục đầu tư lưới điện trung áp, hạ áp",0.5535,0.9371,1,1,216.0,,False,,,
G0210,"Nộp hồ sơ phê duyệt danh mục đầu tư lưới điện trung áp, hạ áp tại đâu?",positive,location,1.013394,location,location,generated,casual,"Phê duyệt danh mục đầu tư lưới điện trung áp, hạ áp",1.0,,,False,1.013394,required_documents,"Phê duyệt danh mục đầu tư lưới điện trung áp, hạ áp",0.6288,0.9634,2,2,214.2,,False,,,
G0211,"Giải quyết chế độ ưu đãi đối với Anh hùng lực lượng vũ trang nhân dân, Anh hùng lao động trong thời kỳ kháng chiến hiện không công tác trong quân đội, công an nộp hồ sơ ở đâu?",positive,location,1.010805,location,location,generated,formal,"Giải quyết chế độ ưu đãi đối với Anh hùng lực lượng vũ trang nhân dân, Anh hùng lao động trong thời kỳ kháng chiến hiện không công tác trong quân đội, công an",1.0,1.0,1.0,True,1.010805,location,"Giải quyết chế độ ưu đãi đối với Anh hùng lực lượng vũ trang nhân dân, Anh hùng lao động trong thời kỳ kháng chiến hiện không công tác trong quân đội, công an",0.5109,0.9228,1,1,218.8,,False,,,
G0212,"Nộp hồ sơ giải quyết chế độ ưu đãi đối với Anh hùng lực lượng vũ trang nhân dân, Anh hùng lao động trong thời kỳ kháng chiến hiện không công tác trong quân đội, công an tại đâu?",positive,location,1.010805,location,location,generated,casual,"Giải quyết chế độ ưu đãi đối với Anh hùng lực lượng vũ trang nhân dân, Anh hùng lao động trong thời kỳ kháng chiến hiện không công tác trong quân đội, công an",1.0,,,False,1.010805,required_documents,"Giải quyết chế độ ưu đãi đối với Anh hùng lực lượng vũ trang nhân dân, Anh hùng lao động trong thời kỳ kháng chiến hiện không công tác trong quân đội, công an",0.4622,0.9027,1,1,217.6,,False,,,
G0213,"Chấp thuận nhà đầu tư dự án cải tạo, xây dựng lại nhà chung cư đối với trường hợp có 01 nhà đầu tư quan tâm đáp ứng điều kiện theo quy định của Chính phủ nộp hồ sơ ở đâu?",positive,location,6.003636,location,location,generated,formal,"Chấp thuận nhà đầu tư dự án cải tạo, xây dựng lại nhà chung cư đối với trường hợp có 01 nhà đầu tư quan tâm đáp ứng điều kiện theo quy định của Chính phủ",1.0,1.0,1.0,True,6.003636,location,"Chấp thuận nhà đầu tư dự án cải tạo, xây dựng lại nhà chung cư đối với trường hợp có 01 nhà đầu tư quan tâm đáp ứng điều kiện theo quy định của Chính phủ",0.5111,0.9259,1,1,222.0,,False,,,
G0214,"Nộp hồ sơ chấp thuận nhà đầu tư dự án cải tạo, xây dựng lại nhà chung cư đối với trường hợp có 01 nhà đầu tư quan tâm đáp ứng điều kiện theo quy định của Chính phủ tại đâu?",positive,location,6.003636,location,location,generated,casual,"Chấp thuận nhà đầu tư dự án cải tạo, xây dựng lại nhà chung cư đối với trường hợp có 01 nhà đầu tư quan tâm đáp ứng điều kiện theo quy định của Chính phủ",1.0,1.0,1.0,True,6.003636,location,"Chấp thuận nhà đầu tư dự án cải tạo, xây dựng lại nhà chung cư đối với trường hợp có 01 nhà đầu tư quan tâm đáp ứng điều kiện theo quy định của Chính phủ",0.4855,0.717,3,3,222.0,,False,,,
G0215,"Thủ tục thành lập văn phòng đại diện tại Việt Nam của cơ quan du lịch nước ngoài, tổ chức du lịch quốc tế và khu vực nộp hồ sơ ở đâu?",positive,location,1.004610,location,location,generated,formal,"Thủ tục thành lập văn phòng đại diện tại Việt Nam của cơ quan du lịch nước ngoài, tổ chức du lịch quốc tế và khu vực",1.0,1.0,1.0,True,1.004610,location,"Thủ tục thành lập văn phòng đại diện tại Việt Nam của cơ quan du lịch nước ngoài, tổ chức du lịch quốc tế và khu vực",0.5448,0.9335,1,1,219.8,,False,,,
G0216,"Nộp hồ sơ thành lập văn phòng đại diện tại Việt Nam của cơ quan du lịch nước ngoài, tổ chức du lịch quốc tế và khu vực tại đâu?",positive,location,1.004610,location,location,generated,casual,"Thủ tục thành lập văn phòng đại diện tại Việt Nam của cơ quan du lịch nước ngoài, tổ chức du lịch quốc tế và khu vực",1.0,,,False,1.004610,required_documents,"Thủ tục thành lập văn phòng đại diện tại Việt Nam của cơ quan du lịch nước ngoài, tổ chức du lịch quốc tế và khu vực",0.5306,0.9317,1,1,354.5,,False,,,
G0217,Giải quyết hưởng trợ cấp đối với nhà giáo đã nghỉ hưu chưa được hưởng chế độ phụ cấp thâm niên trong lương hưu theo Nghị định số 14/2020/NĐ-CP căn cứ pháp lý là gì?,positive,legal_basis,1.001646,legal_basis,legal_basis,generated,formal,Giải quyết hưởng trợ cấp đối với nhà giáo đã nghỉ hưu chưa được hưởng chế độ phụ cấp thâm niên trong lương hưu theo Nghị định số 14/2020/NĐ-CP,1.0,1.0,1.0,True,1.001646,legal_basis,Giải quyết hưởng trợ cấp đối với nhà giáo đã nghỉ hưu chưa được hưởng chế độ phụ cấp thâm niên trong lương hưu theo Nghị định số 14/2020/NĐ-CP,0.5308,0.9358,1,1,222.3,,,,,
G0218,giải quyết hưởng trợ cấp đối với nhà giáo đã nghỉ hưu chưa được hưởng chế độ phụ cấp thâm niên trong lương hưu theo Nghị định số 14/2020/NĐ-CP theo nghị định thông tư nào?,positive,legal_basis,1.001646,legal_basis,legal_basis,generated,casual,Giải quyết hưởng trợ cấp đối với nhà giáo đã nghỉ hưu chưa được hưởng chế độ phụ cấp thâm niên trong lương hưu theo Nghị định số 14/2020/NĐ-CP,1.0,1.0,1.0,True,1.001646,legal_basis,Giải quyết hưởng trợ cấp đối với nhà giáo đã nghỉ hưu chưa được hưởng chế độ phụ cấp thâm niên trong lương hưu theo Nghị định số 14/2020/NĐ-CP,0.5476,0.9348,1,1,220.5,,,,,
G0219,"Bổ nhiệm chức danh giáo sư, phó giáo sư căn cứ pháp lý là gì?",positive,legal_basis,1.005139,legal_basis,legal_basis,generated,formal,"Bổ nhiệm chức danh giáo sư, phó giáo sư",,,,True,1.012645,legal_basis,"THỦ TỤC ĐỀ NGHỊ THAY ĐỔI TÊN CỦA TỔ CHỨC TÔN GIÁO, TỔ CHỨC TÔN GIÁO TRỰC THUỘC CÓ ĐỊA BÀN HOẠT ĐỘNG Ở MỘT TỈNH (CẤP TỈNH)",0.2669,0.5165,3,3,224.3,,,,,
G0220,"bổ nhiệm chức danh giáo sư, phó giáo sư theo nghị định thông tư nào?",positive,legal_basis,1.005139,legal_basis,legal_basis,generated,casual,"Bổ nhiệm chức danh giáo sư, phó giáo sư",1.0,1.0,1.0,True,1.005139,legal_basis,"Bổ nhiệm chức danh giáo sư, phó giáo sư",0.3081,0.8162,1,1,215.9,,,,,
G0221,Khám giám định phúc quyết lần cuối của đối tượng hoặc người đại diện hợp pháp của đối tượng căn cứ pháp lý là gì?,positive,legal_basis,1.010792,legal_basis,legal_basis,generated,formal,Khám giám định phúc quyết lần cuối của đối tượng hoặc người đại diện hợp pháp của đối tượng,1.0,1.0,1.0,True,1.010792,legal_basis,Khám giám định phúc quyết lần cuối của đối tượng hoặc người đại diện hợp pháp của đối tượng,0.3859,0.8851,1,1,217.0,,,,,
G0222,khám giám định phúc quyết lần cuối của đối tượng hoặc người đại diện hợp pháp của đối tượng theo nghị định thông tư nào?,positive,legal_basis,1.010792,legal_basis,legal_basis,generated,casual,Khám giám định phúc quyết lần cuối của đối tượng hoặc người đại diện hợp pháp của đối tượng,1.0,1.0,1.0,True,1.010792,legal_basis,Khám giám định phúc quyết lần cuối của đối tượng hoặc người đại diện hợp pháp của đối tượng,0.3589,0.8546,1,1,217.5,,,,,
G0223,"Thủ tục hủy bỏ quyết định tặng danh hiệu thi đua, hình thức khen thưởng và thu hồi hiện vật, tiền thưởng đối với danh hiệu thi đua, hình thức khen thưởng thuộc thẩm quyền của Bộ Xây dựng và cơ quan, đơn vị thuộc bộ căn cứ pháp lý là gì?",positive,legal_basis,6.005715,legal_basis,legal_basis,generated,formal,"Thủ tục hủy bỏ quyết định tặng danh hiệu thi đua, hình thức khen thưởng và thu hồi hiện vật, tiền thưởng đối với danh hiệu thi đua, hình thức khen thưởng thuộc thẩm quyền của Bộ Xây dựng và cơ quan, đơn vị thuộc bộ",1.0,1.0,1.0,True,6.005715,legal_basis,"Thủ tục hủy bỏ quyết định tặng danh hiệu thi đua, hình thức khen thưởng và thu hồi hiện vật, tiền thưởng đối với danh hiệu thi đua, hình thức khen thưởng thuộc thẩm quyền của Bộ Xây dựng và cơ quan, đơn vị thuộc bộ",0.4925,0.9224,1,1,230.9,,,,,
G0224,"hủy bỏ quyết định tặng danh hiệu thi đua, hình thức khen thưởng và thu hồi hiện vật, tiền thưởng đối với danh hiệu thi đua, hình thức khen thưởng thuộc thẩm quyền của Bộ Xây dựng và cơ quan, đơn vị thuộc bộ theo nghị định thông tư nào?",positive,legal_basis,6.005715,legal_basis,legal_basis,generated,casual,"Thủ tục hủy bỏ quyết định tặng danh hiệu thi đua, hình thức khen thưởng và thu hồi hiện vật, tiền thưởng đối với danh hiệu thi đua, hình thức khen thưởng thuộc thẩm quyền của Bộ Xây dựng và cơ quan, đơn vị thuộc bộ",1.0,1.0,1.0,True,6.005715,legal_basis,"Thủ tục hủy bỏ quyết định tặng danh hiệu thi đua, hình thức khen thưởng và thu hồi hiện vật, tiền thưởng đối với danh hiệu thi đua, hình thức khen thưởng thuộc thẩm quyền của Bộ Xây dựng và cơ quan, đơn vị thuộc bộ",0.5041,0.9135,1,1,374.9,,,,,
G0225,"Tiếp nhận người có công vào cơ sở nuôi dưỡng, điều dưỡng người có công do tỉnh quản lý căn cứ pháp lý là gì?",positive,legal_basis,1.010812,legal_basis,legal_basis,generated,formal,"Tiếp nhận người có công vào cơ sở nuôi dưỡng, điều dưỡng người có công do tỉnh quản lý",1.0,1.0,1.0,True,1.010812,legal_basis,"Tiếp nhận người có công vào cơ sở nuôi dưỡng, điều dưỡng người có công do tỉnh quản lý",0.4442,0.9055,1,1,217.8,,,,,
G0226,"tiếp nhận người có công vào cơ sở nuôi dưỡng, điều dưỡng người có công do tỉnh quản lý theo nghị định thông tư nào?",positive,legal_basis,1.010812,legal_basis,legal_basis,generated,casual,"Tiếp nhận người có công vào cơ sở nuôi dưỡng, điều dưỡng người có công do tỉnh quản lý",1.0,1.0,1.0,True,1.010812,legal_basis,"Tiếp nhận người có công vào cơ sở nuôi dưỡng, điều dưỡng người có công do tỉnh quản lý",0.4964,0.896,1,1,224.2,,,,,
G0227,"(Hà Nội) Cấp đổi Giấy chứng nhận quyền sử dụng đất, quyền sở hữu tài sản gắn liền với đất do UBND cấp xã cấp theo Luật Đất đai năm 2024 căn cứ pháp lý là gì?",positive,legal_basis,1.116461,legal_basis,legal_basis,generated,formal,"(Hà Nội) Cấp đổi Giấy chứng nhận quyền sử dụng đất, quyền sở hữu tài sản gắn liền với đất do UBND cấp xã cấp theo Luật Đất đai năm 2024",1.0,1.0,1.0,True,1.116461,legal_basis,"(Hà Nội) Cấp đổi Giấy chứng nhận quyền sử dụng đất, quyền sở hữu tài sản gắn liền với đất do UBND cấp xã cấp theo Luật Đất đai năm 2024",0.7447,1.0,1,1,226.0,,,,,
G0228,"cấp đổi Giấy chứng nhận quyền sử dụng đất, quyền sở hữu tài sản gắn liền với đất do UBND cấp xã cấp theo Luật Đất đai năm 2024 theo nghị định thông tư nào?",positive,legal_basis,1.116461,legal_basis,legal_basis,generated,casual,"(Hà Nội) Cấp đổi Giấy chứng nhận quyền sử dụng đất, quyền sở hữu tài sản gắn liền với đất do UBND cấp xã cấp theo Luật Đất đai năm 2024",1.0,1.0,1.0,True,1.116461,legal_basis,"(Hà Nội) Cấp đổi Giấy chứng nhận quyền sử dụng đất, quyền sở hữu tài sản gắn liền với đất do UBND cấp xã cấp theo Luật Đất đai năm 2024",0.707,0.9832,1,1,385.5,,,,,
G0229,"Giải thể trung tâm giáo dục thường xuyên, trung tâm giáo dục nghề nghiệp - giáo dục thường xuyên công lập căn cứ pháp lý là gì?",positive,legal_basis,5.003845,legal_basis,legal_basis,generated,formal,"Giải thể trung tâm giáo dục thường xuyên, trung tâm giáo dục nghề nghiệp - giáo dục thường xuyên công lập",,,,True,1.013754,legal_basis,"Giải thể trung tâm giáo dục thường xuyên, trung tâm giáo dục nghề nghiệp - giáo dục thường xuyên tư thục",0.1791,0.6709,3,3,228.4,,,,,
G0230,"giải thể trung tâm giáo dục thường xuyên, trung tâm giáo dục nghề nghiệp - giáo dục thường xuyên công lập theo nghị định thông tư nào?",positive,legal_basis,5.003845,legal_basis,legal_basis,generated,casual,"Giải thể trung tâm giáo dục thường xuyên, trung tâm giáo dục nghề nghiệp - giáo dục thường xuyên công lập",,,,True,3.000308,legal_basis,"Giải thể trung tâm học tập cộng đồng (theo đề nghị của tổ chức, cá nhân thành lập trung tâm)",0.1778,0.551,2,2,223.6,,,,,
G0231,Gia hạn thời gian lưu hành tại Việt Nam cho phương tiện của các nước thực hiện Hiệp định GMS căn cứ pháp lý là gì?,positive,legal_basis,1.002046,legal_basis,legal_basis,generated,formal,Gia hạn thời gian lưu hành tại Việt Nam cho phương tiện của các nước thực hiện Hiệp định GMS,1.0,1.0,1.0,True,1.002046,legal_basis,Gia hạn thời gian lưu hành tại Việt Nam cho phương tiện của các nước thực hiện Hiệp định GMS,0.4677,0.9137,1,1,220.4,,,,,
G0232,gia hạn thời gian lưu hành tại Việt Nam cho phương tiện của các nước thực hiện Hiệp định GMS theo nghị định thông tư nào?,positive,legal_basis,1.002046,legal_basis,legal_basis,generated,casual,Gia hạn thời gian lưu hành tại Việt Nam cho phương tiện của các nước thực hiện Hiệp định GMS,1.0,1.0,1.0,True,1.002046,legal_basis,Gia hạn thời gian lưu hành tại Việt Nam cho phương tiện của các nước thực hiện Hiệp định GMS,0.4805,0.9,1,1,223.2,,,,,
G0233,"Đề nghị hỗ trợ tham gia đánh giá, cấp chứng chỉ kỹ năng nghề quốc gia (Cấp tỉnh) căn cứ pháp lý là gì?",positive,legal_basis,1.115482,legal_basis,legal_basis,generated,formal,"Đề nghị hỗ trợ tham gia đánh giá, cấp chứng chỉ kỹ năng nghề quốc gia (Cấp tỉnh)",1.0,1.0,1.0,True,1.115482,legal_basis,"Đề nghị hỗ trợ tham gia đánh giá, cấp chứng chỉ kỹ năng nghề quốc gia (Cấp tỉnh)",0.4055,0.8919,1,1,214.9,,,,,
G0234,"đề nghị hỗ trợ tham gia đánh giá, cấp chứng chỉ kỹ năng nghề quốc gia theo nghị định thông tư nào?",positive,legal_basis,1.115482,legal_basis,legal_basis,generated,casual,"Đề nghị hỗ trợ tham gia đánh giá, cấp chứng chỉ kỹ năng nghề quốc gia (Cấp tỉnh)",1.0,1.0,1.0,True,1.115482,legal_basis,"Đề nghị hỗ trợ tham gia đánh giá, cấp chứng chỉ kỹ năng nghề quốc gia (Cấp tỉnh)",0.412,0.872,1,1,361.9,,,,,
G0235,"Cấp phép hoạt động giáo dục nghề nghiệp đối với trường cao đẳng, trường đại học theo Luật Thủ đô căn cứ pháp lý là gì?",positive,legal_basis,1.115390,legal_basis,legal_basis,generated,formal,"Cấp phép hoạt động giáo dục nghề nghiệp đối với trường cao đẳng, trường đại học theo Luật Thủ đô",1.0,1.0,1.0,True,1.115390,legal_basis,"Cấp phép hoạt động giáo dục nghề nghiệp đối với trường cao đẳng, trường đại học theo Luật Thủ đô",0.3711,0.8799,1,1,224.2,,,,,
G0236,"cấp phép hoạt động giáo dục nghề nghiệp đối với trường cao đẳng, trường đại học theo Luật Thủ đô theo nghị định thông tư nào?",positive,legal_basis,1.115390,legal_basis,legal_basis,generated,casual,"Cấp phép hoạt động giáo dục nghề nghiệp đối với trường cao đẳng, trường đại học theo Luật Thủ đô",1.0,1.0,1.0,True,1.115390,legal_basis,"Cấp phép hoạt động giáo dục nghề nghiệp đối với trường cao đẳng, trường đại học theo Luật Thủ đô",0.4111,0.8765,1,1,231.0,,,,,
G0237,"Sáp nhập, chia, tách trung tâm giáo dục thường xuyên, trung tâm giáo dục nghề nghiệp - giáo dục thường xuyên công lập căn cứ pháp lý là gì?",positive,legal_basis,5.003844,legal_basis,legal_basis,generated,formal,"Sáp nhập, chia, tách trung tâm giáo dục thường xuyên, trung tâm giáo dục nghề nghiệp - giáo dục thường xuyên công lập",1.0,1.0,1.0,True,5.003844,legal_basis,"Sáp nhập, chia, tách trung tâm giáo dục thường xuyên, trung tâm giáo dục nghề nghiệp - giáo dục thường xuyên công lập",0.197,0.819,1,1,224.9,,,,,
G0238,"sáp nhập, chia, tách trung tâm giáo dục thường xuyên, trung tâm giáo dục nghề nghiệp - giáo dục thường xuyên công lập theo nghị định thông tư nào?",positive,legal_basis,5.003844,legal_basis,legal_basis,generated,casual,"Sáp nhập, chia, tách trung tâm giáo dục thường xuyên, trung tâm giáo dục nghề nghiệp - giáo dục thường xuyên công lập",1.0,,,False,5.003844,location,"Sáp nhập, chia, tách trung tâm giáo dục thường xuyên, trung tâm giáo dục nghề nghiệp - giáo dục thường xuyên công lập",0.2361,0.6116,3,3,230.0,,,,,
G0239,"Thủ tục cấp sửa đổi, bổ sung, cấp lại do mất, thất lạc, hư hỏng Giấy chứng nhận KP theo Quy chế Chứng nhận KP căn cứ pháp lý là gì?",positive,legal_basis,1.116563,legal_basis,legal_basis,generated,formal,"Thủ tục cấp sửa đổi, bổ sung, cấp lại do mất, thất lạc, hư hỏng Giấy chứng nhận KP theo Quy chế Chứng nhận KP",1.0,1.0,1.0,True,1.116563,legal_basis,"Thủ tục cấp sửa đổi, bổ sung, cấp lại do mất, thất lạc, hư hỏng Giấy chứng nhận KP theo Quy chế Chứng nhận KP",0.666,0.9831,1,1,230.1,,,,,
G0240,"cấp sửa đổi, bổ sung, cấp lại do mất, thất lạc, hư hỏng Giấy chứng nhận KP theo Quy chế Chứng nhận KP theo nghị định thông tư nào?",positive,legal_basis,1.116563,legal_basis,legal_basis,generated,casual,"Thủ tục cấp sửa đổi, bổ sung, cấp lại do mất, thất lạc, hư hỏng Giấy chứng nhận KP theo Quy chế Chứng nhận KP",1.0,1.0,1.0,True,1.116563,legal_basis,"Thủ tục cấp sửa đổi, bổ sung, cấp lại do mất, thất lạc, hư hỏng Giấy chứng nhận KP theo Quy chế Chứng nhận KP",0.6291,0.9528,1,1,374.9,,,,,
G0241,"Thủ tục cấp hộ chiếu ngoại giao, hộ chiếu công vụ tại cơ quan đại diện Việt Nam ở nước ngoài căn cứ pháp lý là gì?",positive,legal_basis,2.002355,legal_basis,legal_basis,generated,formal,"Thủ tục cấp hộ chiếu ngoại giao, hộ chiếu công vụ tại cơ quan đại diện Việt Nam ở nước ngoài",1.0,,,False,2.002355,location,"Thủ tục cấp hộ chiếu ngoại giao, hộ chiếu công vụ tại cơ quan đại diện Việt Nam ở nước ngoài",0.4366,0.6928,2,2,232.2,,,,,
G0242,"cấp hộ chiếu ngoại giao, hộ chiếu công vụ tại cơ quan đại diện Việt Nam ở nước ngoài theo nghị định thông tư nào?",positive,legal_basis,2.002355,legal_basis,legal_basis,generated,casual,"Thủ tục cấp hộ chiếu ngoại giao, hộ chiếu công vụ tại cơ quan đại diện Việt Nam ở nước ngoài",1.0,,,False,2.002355,location,"Thủ tục cấp hộ chiếu ngoại giao, hộ chiếu công vụ tại cơ quan đại diện Việt Nam ở nước ngoài",0.4127,0.6745,3,3,376.5,,,,,
G0243,"Cấp Giấy phép xây dựng có thời hạn đối với các công trình công cộng bao gồm nhà để xe, bãi để xe, nhà vệ sinh công cộng trên đất do Nhà nước quản lý (theo thẩm quyền quy định tại khoản 2, Điều 4 Nghị quyết 62/2024/NQ-HĐND ngày 13 tháng 12 năm 2024) căn cứ pháp lý là gì?",positive,legal_basis,1.013316,legal_basis,legal_basis,generated,formal,"Cấp Giấy phép xây dựng có thời hạn đối với các công trình công cộng bao gồm nhà để xe, bãi để xe, nhà vệ sinh công cộng trên đất do Nhà nước quản lý (theo thẩm quyền quy định tại khoản 2, Điều 4 Nghị quyết 62/2024/NQ-HĐND ngày 13 tháng 12 năm 2024)",1.0,1.0,1.0,True,1.013316,legal_basis,"Cấp Giấy phép xây dựng có thời hạn đối với các công trình công cộng bao gồm nhà để xe, bãi để xe, nhà vệ sinh công cộng trên đất do Nhà nước quản lý (theo thẩm quyền quy định tại khoản 2, Điều 4 Nghị quyết 62/2024/NQ-HĐND ngày 13 tháng 12 năm 2024)",0.6308,0.9708,1,1,239.8,,,,,
G0244,"cấp Giấy phép xây dựng có thời hạn đối với các công trình công cộng bao gồm nhà để xe, bãi để xe, nhà vệ sinh công cộng trên đất do Nhà nước quản lý theo nghị định thông tư nào?",positive,legal_basis,1.013316,legal_basis,legal_basis,generated,casual,"Cấp Giấy phép xây dựng có thời hạn đối với các công trình công cộng bao gồm nhà để xe, bãi để xe, nhà vệ sinh công cộng trên đất do Nhà nước quản lý (theo thẩm quyền quy định tại khoản 2, Điều 4 Nghị quyết 62/2024/NQ-HĐND ngày 13 tháng 12 năm 2024)",1.0,1.0,1.0,True,1.013316,legal_basis,"Cấp Giấy phép xây dựng có thời hạn đối với các công trình công cộng bao gồm nhà để xe, bãi để xe, nhà vệ sinh công cộng trên đất do Nhà nước quản lý (theo thẩm quyền quy định tại khoản 2, Điều 4 Nghị quyết 62/2024/NQ-HĐND ngày 13 tháng 12 năm 2024)",0.5865,0.6724,2,2,398.4,,,,,
G0245,Tuyển sinh trung học phổ thông căn cứ pháp lý là gì?,positive,legal_basis,3.000181,legal_basis,legal_basis,generated,formal,Tuyển sinh trung học phổ thông,1.0,,,False,3.000181,general_information,Tuyển sinh trung học phổ thông,0.265,0.5305,1,1,228.5,,,,,
G0246,tuyển sinh trung học phổ thông theo nghị định thông tư nào?,positive,legal_basis,3.000181,legal_basis,legal_basis,generated,casual,Tuyển sinh trung học phổ thông,1.0,1.0,1.0,True,3.000181,legal_basis,Tuyển sinh trung học phổ thông,0.2522,0.7983,1,1,222.8,,,,,
G0247,"Cấp Giấy chứng nhận đủ điều kiện sản xuất, sửa chữa chai LPG căn cứ pháp lý là gì?",positive,legal_basis,1.000475,legal_basis,legal_basis,generated,formal,"Cấp Giấy chứng nhận đủ điều kiện sản xuất, sửa chữa chai LPG",1.0,1.0,1.0,True,1.000475,legal_basis,"Cấp Giấy chứng nhận đủ điều kiện sản xuất, sửa chữa chai LPG",0.612,0.9642,1,1,221.4,,,,,
G0248,"cấp Giấy chứng nhận đủ điều kiện sản xuất, sửa chữa chai LPG theo nghị định thông tư nào?",positive,legal_basis,1.000475,legal_basis,legal_basis,generated,casual,"Cấp Giấy chứng nhận đủ điều kiện sản xuất, sửa chữa chai LPG",1.0,1.0,1.0,True,1.000475,legal_basis,"Cấp Giấy chứng nhận đủ điều kiện sản xuất, sửa chữa chai LPG",0.7309,0.9781,1,1,227.7,,,,,
G0249,Công nhận đại học căn cứ pháp lý là gì?,positive,legal_basis,1.008648,legal_basis,legal_basis,generated,formal,Công nhận đại học,1.0,1.0,1.0,True,1.008648,legal_basis,Công nhận đại học,0.2311,0.8309,1,1,220.0,,,,,
G0250,công nhận đại học theo nghị định thông tư nào?,positive,legal_basis,1.008648,legal_basis,legal_basis,generated,casual,Công nhận đại học,1.0,1.0,1.0,True,1.008648,legal_basis,Công nhận đại học,0.3009,0.7998,1,1,222.7,,,,,
G0251,Chấm dứt hoạt động của Đề án dạy và học bằng tiếng nước ngoài căn cứ pháp lý là gì?,positive,legal_basis,2.002813,legal_basis,legal_basis,generated,formal,Chấm dứt hoạt động của Đề án dạy và học bằng tiếng nước ngoài,1.0,1.0,1.0,True,2.002813,legal_basis,Chấm dứt hoạt động của Đề án dạy và học bằng tiếng nước ngoài,0.4238,0.8983,1,1,231.7,,,,,
G0252,chấm dứt hoạt động của Đề án dạy và học bằng tiếng nước ngoài theo nghị định thông tư nào?,positive,legal_basis,2.002813,legal_basis,legal_basis,generated,casual,Chấm dứt hoạt động của Đề án dạy và học bằng tiếng nước ngoài,1.0,1.0,1.0,True,2.002813,legal_basis,Chấm dứt hoạt động của Đề án dạy và học bằng tiếng nước ngoài,0.4146,0.8673,1,1,221.6,,,,,
G0253,Thủ tục tiếp nhận hồ sơ đăng ký lễ hội quy mô cấp xã căn cứ pháp lý là gì?,positive,legal_basis,1.013791,legal_basis,legal_basis,generated,formal,Thủ tục tiếp nhận hồ sơ đăng ký lễ hội quy mô cấp xã,1.0,1.0,1.0,True,1.013791,legal_basis,Thủ tục tiếp nhận hồ sơ đăng ký lễ hội quy mô cấp xã,0.4902,0.9216,1,1,225.6,,,,,
G0254,tiếp nhận hồ sơ đăng ký lễ hội quy mô cấp xã theo nghị định thông tư nào?,positive,legal_basis,1.013791,legal_basis,legal_basis,generated,casual,Thủ tục tiếp nhận hồ sơ đăng ký lễ hội quy mô cấp xã,1.0,1.0,1.0,True,1.013791,legal_basis,Thủ tục tiếp nhận hồ sơ đăng ký lễ hội quy mô cấp xã,0.5173,0.8998,1,1,364.4,,,,,
G0255,"Xét tặng danh hiệu “Thôn, tổ dân phố văn hóa” căn cứ pháp lý là gì?",positive,legal_basis,6.006759,legal_basis,legal_basis,generated,formal,"Xét tặng danh hiệu “Thôn, tổ dân phố văn hóa”",1.0,1.0,1.0,True,6.006759,legal_basis,"Xét tặng danh hiệu “Thôn, tổ dân phố văn hóa”",0.2768,0.8469,1,1,225.3,,,,,
G0256,"xét tặng danh hiệu “Thôn, tổ dân phố văn hóa” theo nghị định thông tư nào?",positive,legal_basis,6.006759,legal_basis,legal_basis,generated,casual,"Xét tặng danh hiệu “Thôn, tổ dân phố văn hóa”",1.0,1.0,1.0,True,6.006759,legal_basis,"Xét tặng danh hiệu “Thôn, tổ dân phố văn hóa”",0.3559,0.8412,1,1,225.0,,,,,
G0257,"Thủ tục cấp giấy phép nhập khẩu di vật, cổ vật, bảo vật quốc gia có nguồn gốc Việt Nam ở nước ngoài về nước; xác nhận di vật, cổ vật, bảo vật quốc gia nhập khẩu không vì mục đích lợi nhuận căn cứ pháp lý là gì?",positive,legal_basis,1.014617,legal_basis,legal_basis,generated,formal,"Thủ tục cấp giấy phép nhập khẩu di vật, cổ vật, bảo vật quốc gia có nguồn gốc Việt Nam ở nước ngoài về nước; xác nhận di vật, cổ vật, bảo vật quốc gia nhập khẩu không vì mục đích lợi nhuận",1.0,1.0,1.0,True,1.014617,legal_basis,"Thủ tục cấp giấy phép nhập khẩu di vật, cổ vật, bảo vật quốc gia có nguồn gốc Việt Nam ở nước ngoài về nước; xác nhận di vật, cổ vật, bảo vật quốc gia nhập khẩu không vì mục đích lợi nhuận",0.6026,0.9609,1,1,228.4,,,,,
G0258,"cấp giấy phép nhập khẩu di vật, cổ vật, bảo vật quốc gia có nguồn gốc Việt Nam ở nước ngoài về nước; xác nhận di vật, cổ vật, bảo vật quốc gia nhập khẩu không vì mục đích lợi nhuận theo nghị định thông tư nào?",positive,legal_basis,1.014617,legal_basis,legal_basis,generated,casual,"Thủ tục cấp giấy phép nhập khẩu di vật, cổ vật, bảo vật quốc gia có nguồn gốc Việt Nam ở nước ngoài về nước; xác nhận di vật, cổ vật, bảo vật quốc gia nhập khẩu không vì mục đích lợi nhuận",1.0,1.0,1.0,True,1.014617,legal_basis,"Thủ tục cấp giấy phép nhập khẩu di vật, cổ vật, bảo vật quốc gia có nguồn gốc Việt Nam ở nước ngoài về nước; xác nhận di vật, cổ vật, bảo vật quốc gia nhập khẩu không vì mục đích lợi nhuận",0.535,0.9194,1,1,383.1,,,,,
G0259,"Cấp lại Giấy phép đào tạo lái xe ô tô khi bị mất, bị hỏng, có sự thay đổi về tên của cơ sở đào tạo căn cứ pháp lý là gì?",positive,legal_basis,1.005210,legal_basis,legal_basis,generated,formal,"Cấp lại Giấy phép đào tạo lái xe ô tô khi bị mất, bị hỏng, có sự thay đổi về tên của cơ sở đào tạo",1.0,1.0,1.0,True,1.005210,legal_basis,"Cấp lại Giấy phép đào tạo lái xe ô tô khi bị mất, bị hỏng, có sự thay đổi về tên của cơ sở đào tạo",0.5662,0.9482,1,1,226.8,,,,,
G0260,"cấp lại Giấy phép đào tạo lái xe ô tô khi bị mất, bị hỏng, có sự thay đổi về tên của cơ sở đào tạo theo nghị định thông tư nào?",positive,legal_basis,1.005210,legal_basis,legal_basis,generated,casual,"Cấp lại Giấy phép đào tạo lái xe ô tô khi bị mất, bị hỏng, có sự thay đổi về tên của cơ sở đào tạo",1.0,1.0,1.0,True,1.005210,legal_basis,"Cấp lại Giấy phép đào tạo lái xe ô tô khi bị mất, bị hỏng, có sự thay đổi về tên của cơ sở đào tạo",0.6388,0.9518,1,1,231.7,,,,,
G0261,"Phê duyệt nhiệm vụ quy hoạch, nhiệm vụ điều chỉnh quy hoạch đô thị và nông thôn do nhà đầu tư đã được lựa chọn để thực hiện dự án đầu tư tổ chức lập căn cứ pháp lý là gì?",positive,legal_basis,1.014156,legal_basis,legal_basis,generated,formal,"Phê duyệt nhiệm vụ quy hoạch, nhiệm vụ điều chỉnh quy hoạch đô thị và nông thôn do nhà đầu tư đã được lựa chọn để thực hiện dự án đầu tư tổ chức lập",1.0,1.0,1.0,True,1.014156,legal_basis,"Phê duyệt nhiệm vụ quy hoạch, nhiệm vụ điều chỉnh quy hoạch đô thị và nông thôn do nhà đầu tư đã được lựa chọn để thực hiện dự án đầu tư tổ chức lập",0.4969,0.9239,1,1,231.5,,,,,
G0262,"phê duyệt nhiệm vụ quy hoạch, nhiệm vụ điều chỉnh quy hoạch đô thị và nông thôn do nhà đầu tư đã được lựa chọn để thực hiện dự án đầu tư tổ chức lập theo nghị định thông tư nào?",positive,legal_basis,1.014156,legal_basis,legal_basis,generated,casual,"Phê duyệt nhiệm vụ quy hoạch, nhiệm vụ điều chỉnh quy hoạch đô thị và nông thôn do nhà đầu tư đã được lựa chọn để thực hiện dự án đầu tư tổ chức lập",1.0,1.0,1.0,True,1.014156,legal_basis,"Phê duyệt nhiệm vụ quy hoạch, nhiệm vụ điều chỉnh quy hoạch đô thị và nông thôn do nhà đầu tư đã được lựa chọn để thực hiện dự án đầu tư tổ chức lập",0.5357,0.9242,1,1,232.0,,,,,
G0263,Thủ tục cấp giấy phép hoạt động của cơ sở kinh doanh dịch vụ phát hành báo chí nhập khẩu đối với cơ quan báo chí của địa phương căn cứ pháp lý là gì?,positive,legal_basis,1.116487,legal_basis,legal_basis,generated,formal,Thủ tục cấp giấy phép hoạt động của cơ sở kinh doanh dịch vụ phát hành báo chí nhập khẩu đối với cơ quan báo chí của địa phương,1.0,1.0,1.0,True,1.116487,legal_basis,Thủ tục cấp giấy phép hoạt động của cơ sở kinh doanh dịch vụ phát hành báo chí nhập khẩu đối với cơ quan báo chí của địa phương,0.5114,0.929,1,1,226.5,,,,,
G0264,cấp giấy phép hoạt động của cơ sở kinh doanh dịch vụ phát hành báo chí nhập khẩu đối với cơ quan báo chí của địa phương theo nghị định thông tư nào?,positive,legal_basis,1.116487,legal_basis,legal_basis,generated,casual,Thủ tục cấp giấy phép hoạt động của cơ sở kinh doanh dịch vụ phát hành báo chí nhập khẩu đối với cơ quan báo chí của địa phương,1.0,1.0,1.0,True,1.116487,legal_basis,Thủ tục cấp giấy phép hoạt động của cơ sở kinh doanh dịch vụ phát hành báo chí nhập khẩu đối với cơ quan báo chí của địa phương,0.5542,0.924,1,1,381.1,,,,,
G0265,Giải quyết hưởng thêm một chế độ trợ cấp đối với thương binh đồng thời là bệnh binh căn cứ pháp lý là gì?,positive,legal_basis,1.010808,legal_basis,legal_basis,generated,formal,Giải quyết hưởng thêm một chế độ trợ cấp đối với thương binh đồng thời là bệnh binh,1.0,1.0,1.0,True,1.010808,legal_basis,Giải quyết hưởng thêm một chế độ trợ cấp đối với thương binh đồng thời là bệnh binh,0.3105,0.8587,1,1,221.6,,,,,
G0266,giải quyết hưởng thêm một chế độ trợ cấp đối với thương binh đồng thời là bệnh binh theo nghị định thông tư nào?,positive,legal_basis,1.010808,legal_basis,legal_basis,generated,casual,Giải quyết hưởng thêm một chế độ trợ cấp đối với thương binh đồng thời là bệnh binh,1.0,1.0,1.0,True,1.010808,legal_basis,Giải quyết hưởng thêm một chế độ trợ cấp đối với thương binh đồng thời là bệnh binh,0.3436,0.8452,1,1,227.1,,,,,
G0267,hồ sơ đăng ký nhận chăm sóc thay thế,positive,required_documents,1.004941,required_documents,required_documents,generated,short,"Đăng ký nhận chăm sóc thay thế cho trẻ em đối với cá nhân, người đại diện gia đình nhận chăm sóc thay thế không phải là người thân thích của trẻ em",1.0,1.0,1.0,True,1.004941,required_documents,"Đăng ký nhận chăm sóc thay thế cho trẻ em đối với cá nhân, người đại diện gia đình nhận chăm sóc thay thế không phải là người thân thích của trẻ em",0.5716,0.8572,3,3,331.4,,,,,
G0268,phê duyệt nhiệm vụ quy hoạch giấy tờ,positive,required_documents,1.014156,required_documents,required_documents,generated,short,"Phê duyệt nhiệm vụ quy hoạch, nhiệm vụ điều chỉnh quy hoạch đô thị và nông thôn do nhà đầu tư đã được lựa chọn để thực hiện dự án đầu tư tổ chức lập",1.0,1.0,1.0,True,1.014156,required_documents,"Phê duyệt nhiệm vụ quy hoạch, nhiệm vụ điều chỉnh quy hoạch đô thị và nông thôn do nhà đầu tư đã được lựa chọn để thực hiện dự án đầu tư tổ chức lập",0.3487,0.872,1,1,310.7,,,,,
G0269,cấp lại bằng “tổ quốc ghi công” hồ sơ,positive,required_documents,1.010778,required_documents,required_documents,generated,short,Cấp lại Bằng “Tổ quốc ghi công”,1.0,1.0,1.0,True,1.010778,required_documents,Cấp lại Bằng “Tổ quốc ghi công”,0.4791,0.9177,1,1,228.3,,,,,
G0270,gia hạn tạm trú hồ sơ,positive,required_documents,1.000039,required_documents,required_documents,generated,short,"Thủ tục gia hạn tạm trú, cấp thị thực mới cho người nước ngoài đang tạm trú ở Việt Nam tại cơ quan có thẩm quyền ở trong nước của Bộ Ngoại giao",,,,True,6.001690,required_documents,THỦ TỤC KÉO DÀI THỜI GIAN GIỮ CHỨC VỤ ĐẾN TUỔI NGHỈ HƯU,0.3858,0.7486,3,3,302.3,,,,,
G0271,cần giấy tờ gì tiếp tục hưởng lương hưu,positive,required_documents,1.014175,required_documents,required_documents,generated,short,"TIẾP TỤC HƯỞNG LƯƠNG HƯU, TRỢ CẤP BẢO HIỂM XÃ HỘI HẰNG THÁNG TRONG TRƯỜNG HỢP ĐÃ BỊ TẠM DỪNG HOẶC CHẤM DỨT HƯỞNG",,,,True,1.014178,required_documents,HƯỞNG TRỢ CẤP TUẤT HẰNG THÁNG,0.4879,0.7981,3,3,344.0,,,,,
G0272,xét tặng giải thưởng đặng văn ngữ cần giấy tờ gì,positive,required_documents,1.009346,required_documents,required_documents,generated,short,Xét tặng giải thưởng Đặng Văn Ngữ trong lĩnh vực Y tế dự phòng,1.0,1.0,1.0,True,1.009346,required_documents,Xét tặng giải thưởng Đặng Văn Ngữ trong lĩnh vực Y tế dự phòng,0.5228,0.8352,3,3,324.9,,,,,
G0273,chuyển trẻ em đang giấy tờ,positive,required_documents,2.001942,required_documents,required_documents,generated,short,"Chuyển trẻ em đang được chăm sóc thay thế tại cơ sở trợ giúp xã hội đến cá nhân, gia đình nhận chăm sóc thay thế",1.0,1.0,1.0,True,2.001942,required_documents,"Chuyển trẻ em đang được chăm sóc thay thế tại cơ sở trợ giúp xã hội đến cá nhân, gia đình nhận chăm sóc thay thế",0.4354,0.7709,3,3,353.2,,,,,
G0274,cần giấy tờ gì đổi giấy phép lái xe quân sự,positive,required_documents,1.115979,required_documents,required_documents,generated,short,"Đổi giấy phép lái xe quân sự, Công an",,,,True,1.115978,required_documents,"Đổi, cấp lại Giấy phép lái xe",0.5024,0.9259,1,1,337.9,,,,,
G0275,chính sách hỗ trợ đào tạo các ngành hồ sơ,positive,required_documents,1.014577,required_documents,required_documents,generated,short,"Chính sách hỗ trợ đào tạo các ngành, nghề phục vụ công nghiệp bán dẫn, trí tuệ nhân tạo, công nghệ số cho học sinh, sinh viên",1.0,,,False,1.014577,location,"Chính sách hỗ trợ đào tạo các ngành, nghề phục vụ công nghiệp bán dẫn, trí tuệ nhân tạo, công nghệ số cho học sinh, sinh viên",0.479,0.7176,1,1,317.1,,,,,
G0276,cho phép trường trung học phổ thông hồ sơ,positive,required_documents,1.012953,required_documents,required_documents,generated,short,"Cho phép trường trung học phổ thông, trường phổ thông có nhiều cấp học có cấp học cao nhất là trung học phổ thông hoạt động giáo dục",,,,True,5.003828,required_documents,Cho phép trường phổ thông dân tộc nội trú hoạt động giáo dục (Đối với trường phổ thông dân tộc nội trú có cấp học cao nhất là trung học phổ thông),0.5172,0.6833,3,3,347.0,,,,,
G0277,hồ sơ sửa lỗi sai sót,positive,required_documents,2.000927,required_documents,required_documents,generated,short,Sửa lỗi sai sót trong giao dịch,1.0,1.0,1.0,True,2.000927,required_documents,Sửa lỗi sai sót trong giao dịch,0.5463,0.9412,1,1,295.2,,,,,
G0278,công nhận điểm du lịch giấy tờ,positive,required_documents,1.004528,required_documents,required_documents,generated,short,Thủ tục công nhận điểm du lịch,1.0,,,False,1.004528,processing_time,Thủ tục công nhận điểm du lịch,0.3649,0.4991,1,1,341.5,,,,,
G0279,cử đoàn ra công tác ngắn hạn giấy tờ,positive,required_documents,6.006712,required_documents,required_documents,generated,short,Cử đoàn ra công tác ngắn hạn tại nước ngoài,1.0,1.0,1.0,True,6.006712,required_documents,Cử đoàn ra công tác ngắn hạn tại nước ngoài,0.4588,0.8995,1,1,338.4,,,,,
G0280,thanh toán chi phí khám bệnh cần giấy tờ gì,positive,required_documents,1.001909,required_documents,required_documents,generated,short,"Thanh toán chi phí khám bệnh, chữa bệnh giữa cơ quan bảo hiểm xã hội với cơ sở khám bệnh, chữa bệnh",,,,True,1.001656,required_documents,"Thanh toán trực tiếp chi phí khám bệnh, chữa bệnh giữa cơ quan bảo hiểm xã hội và người tham gia bảo hiểm y tế",0.4455,0.7817,3,3,323.6,,,,,
G0281,giấy tờ xác định diện tích đất,positive,required_documents,1.116209,required_documents,required_documents,generated,short,Xác định diện tích đất đã đầu tư hạ tầng dành cho doanh nghiệp được hỗ trợ,2.0,2.0,2.0,True,1.116443,required_documents,"(Hà Nội) Xác định lại diện tích đất ở của hộ gia đình, cá nhân đã được cấp Giấy chứng nhận trước ngày 01 tháng 7 năm 2004",0.3117,0.7173,3,3,336.3,,,,,
G0282,cần giấy tờ gì kiểm soát thay đổi,positive,required_documents,1.012332,required_documents,required_documents,generated,short,"Kiểm soát thay đổi trong thử kỹ thuật mới, phương pháp mới hoặc thử thiết bị y tế trên lâm sàng",1.0,1.0,1.0,True,1.012332,required_documents,"Kiểm soát thay đổi trong thử kỹ thuật mới, phương pháp mới hoặc thử thiết bị y tế trên lâm sàng",0.4147,0.7866,3,3,331.5,,,,,
G0283,công chứng tính xác thực hồ sơ,positive,required_documents,1.001678,required_documents,required_documents,generated,short,"Thủ tục công chứng tính xác thực, tính hợp pháp của hợp đồng, giao dịch",,,,True,1.013746,required_documents,Xác định danh tính hài cốt liệt sĩ còn thiếu thông tin bằng phương pháp thực chứng.,0.3315,0.7277,3,3,338.2,,,,,
G0284,hồ sơ ký hợp đồng khám bệnh,positive,required_documents,1.001798,required_documents,required_documents,generated,short,"Ký hợp đồng khám bệnh, chữa bệnh bảo hiểm y tế",1.0,1.0,1.0,True,1.001798,required_documents,"Ký hợp đồng khám bệnh, chữa bệnh bảo hiểm y tế",0.6616,0.8977,3,3,326.5,,,,,
G0285,giấy tờ cấp giấy phép đào tạo lái xe,positive,required_documents,1.001777,required_documents,required_documents,generated,short,"Cấp Giấy phép đào tạo lái xe, cấp Giấy phép xe tập lái",1.0,1.0,1.0,True,1.001777,required_documents,"Cấp Giấy phép đào tạo lái xe, cấp Giấy phép xe tập lái",0.5087,0.7653,3,3,347.2,,,,,
G0286,hồ sơ hỗ trợ xây dựng mới nhà ở,positive,required_documents,3.000555,required_documents,required_documents,generated,short,Thủ tục Hỗ trợ xây dựng mới nhà ở (theo khung mẫu thiết kế) trong vùng lõi Di sản văn hóa và thiên nhiên thế giới Quần thể danh thắng Tràng An,,,,True,1.014505,required_documents,"Thủ tục hỗ trợ xây dựng mới hoặc nâng cấp, cải tạo loại hình nhà ở có phòng cho khách du lịch thuê (tiếng Anh là homestay) tại khu, điểm du lịch",0.5011,0.9254,1,1,325.2,,,,,
G0287,thời hạn đăng ký sửa đổi quy chế tổ chức,positive,processing_time,1.012636,processing_time,processing_time,generated,short,Thủ tục đăng ký sửa đổi quy chế tổ chức và hoạt động hoặc quy chế tuyển sinh của cơ sở đào tạo tôn giáo (Cấp Trung ương),2.0,2.0,2.0,True,1.012664,processing_time,THỦ TỤC ĐĂNG KÝ SỬA ĐỔI HIẾN CHƯƠNG CỦA TỔ CHỨC TÔN GIÁO CÓ ĐỊA BÀN HOẠT ĐỘNG Ở MỘT TỈNH (CẤP TỈNH),0.4911,0.791,3,3,329.6,,,,,
G0288,cấp thẻ công chứng viên mất bao lâu,positive,processing_time,1.013859,processing_time,processing_time,generated,short,Cấp thẻ công chứng viên,1.0,1.0,1.0,True,1.013859,processing_time,Cấp thẻ công chứng viên,0.5422,0.9065,1,1,223.5,,,,,
G0289,giải thể trung tâm học tập cộng đồng thời hạn,positive,processing_time,3.000308,processing_time,processing_time,generated,short,"Giải thể trung tâm học tập cộng đồng (theo đề nghị của tổ chức, cá nhân thành lập trung tâm)",1.0,1.0,1.0,True,3.000308,processing_time,"Giải thể trung tâm học tập cộng đồng (theo đề nghị của tổ chức, cá nhân thành lập trung tâm)",0.335,0.6932,3,3,331.1,,,,,
G0290,mất bao lâu bổ nhiệm công chứng viên,positive,processing_time,1.013803,processing_time,processing_time,generated,short,Bổ nhiệm công chứng viên,,,,True,1.013830,processing_time,Cấp lại Thẻ công chứng viên,0.3827,0.6575,3,3,222.1,,,,,
G0291,tiếp tục hưởng trợ cấp thất nghiệp mất bao lâu,positive,processing_time,1.014751,processing_time,processing_time,generated,short,Tiếp tục hưởng trợ cấp thất nghiệp (Cấp tỉnh),1.0,1.0,1.0,True,1.014751,processing_time,Tiếp tục hưởng trợ cấp thất nghiệp (Cấp tỉnh),0.4869,0.8982,1,1,336.9,,,,,
G0292,thời hạn cấp giấy chứng sinh,positive,processing_time,1.014331,processing_time,processing_time,generated,short,Cấp Giấy chứng sinh,1.0,1.0,1.0,True,1.014331,processing_time,Cấp Giấy chứng sinh,0.5573,0.9451,1,1,222.8,,,,,
G0293,hỗ trợ ăn trưa mất bao lâu,positive,processing_time,1.001622,processing_time,processing_time,generated,short,Hỗ trợ ăn trưa đối với trẻ em mẫu giáo,1.0,1.0,1.0,True,1.001622,processing_time,Hỗ trợ ăn trưa đối với trẻ em mẫu giáo,0.6177,0.828,3,3,306.2,,,,,
G0294,đề nghị chấm dứt hoạt động mất bao lâu,positive,processing_time,1.000091,processing_time,processing_time,generated,short,Đề nghị chấm dứt hoạt động của cơ sở hỗ trợ nạn nhân,1.0,1.0,1.0,True,1.000091,processing_time,Đề nghị chấm dứt hoạt động của cơ sở hỗ trợ nạn nhân,0.4314,0.6936,3,3,308.5,,,,,
G0295,mất bao lâu đăng ký giám sát việc giám hộ,positive,processing_time,3.000323,processing_time,processing_time,generated,short,Đăng ký giám sát việc giám hộ,1.0,1.0,1.0,True,3.000323,processing_time,Đăng ký giám sát việc giám hộ,0.3879,0.8608,1,1,226.9,,,,,
G0296,tạm dừng đóng vào quỹ hưu trí thời gian giải quyết,positive,processing_time,1.014180,processing_time,processing_time,generated,short,TẠM DỪNG ĐÓNG VÀO QUỸ HƯU TRÍ VÀ TỬ TUẤT.,1.0,1.0,1.0,True,1.014180,processing_time,TẠM DỪNG ĐÓNG VÀO QUỸ HƯU TRÍ VÀ TỬ TUẤT.,0.4345,0.893,1,1,330.4,,,,,
G0297,hỗ trợ xây dựng bãi đỗ xe mất bao lâu,positive,processing_time,1.014509,processing_time,processing_time,generated,short,"Thủ tục hỗ trợ xây dựng bãi đỗ xe tại khu, điểm du lịch",1.0,1.0,1.0,True,1.014509,processing_time,"Thủ tục hỗ trợ xây dựng bãi đỗ xe tại khu, điểm du lịch",0.5705,0.8234,3,3,314.5,,,,,
G0298,hưởng trợ cấp thai sản thời gian giải quyết,positive,processing_time,1.014170,processing_time,processing_time,generated,short,HƯỞNG TRỢ CẤP THAI SẢN ĐỐI VỚI NGƯỜI THAM GIA BẢO HIỂM XÃ HỘI TỰ NGUYỆN,,,,True,1.014169,processing_time,"HƯỞNG TRỢ CẤP DƯỠNG SỨC, PHỤC HỒI SỨC KHOẺ SAU THAI SẢN",0.3948,0.651,3,3,345.6,,,,,
G0299,mất bao lâu đăng ký đất đai lần đầu,positive,processing_time,1.116488,processing_time,processing_time,generated,short,Đăng ký đất đai lần đầu đối với trường hợp được Nhà nước giao đất để quản lý (UBND thành phố Cần Thơ),2.0,2.0,2.0,True,1.116438,processing_time,"(Hà Nội) Đăng ký đất đai, tài sản gắn liền với đất, cấp Giấy chứng nhận quyền sử dụng đất, quyền sở hữu tài sản gắn liền với đất lần đầu đối với cá nhân, cộng đồng dân cư, hộ gia đình, người gốc Việt Nam định cư ở nước ngoài",0.447,0.7636,3,3,309.5,,,,,
G0300,hỗ trợ duy trì hoạt động thời gian giải quyết,positive,processing_time,3.000554,processing_time,processing_time,generated,short,"Thủ tục Hỗ trợ duy trì hoạt động của các đội văn nghệ, câu lạc bộ văn nghệ quần chúng tại các địa phương để phục vụ khách du lịch và các hoạt động, sự kiện du lịch của tỉnh",,,,True,3.000556,processing_time,"Thủ tục Hỗ trợ tu bổ, sửa chữa nhà ở mang kiểu dáng kiến trúc truyền thống của vùng đồng bằng Bắc Bộ, có giá trị trong việc bảo tồn văn hóa lịch sử trong vùng lõi Di sản văn hóa và thiên nhiên thế giới Quần thể danh thắng Tràng An để phục vụ hoạt động du lịch",0.3529,0.7288,3,3,324.4,,,,,
G0301,công nhận ban quản trị nhà chung cư mất bao lâu,positive,processing_time,1.012888,processing_time,processing_time,generated,short,Công nhận Ban quản trị nhà chung cư,1.0,1.0,1.0,True,1.012888,processing_time,Công nhận Ban quản trị nhà chung cư,0.5907,0.9367,1,1,223.6,,,,,
G0302,thời hạn thẩm định giá bán,positive,processing_time,1.012895,processing_time,processing_time,generated,short,"Thẩm định giá bán, giá thuê mua nhà ở xã hội/nhà ở cho lực lượng vũ trang nhân dân",1.0,1.0,1.0,True,1.012895,processing_time,"Thẩm định giá bán, giá thuê mua nhà ở xã hội/nhà ở cho lực lượng vũ trang nhân dân",0.4024,0.6466,3,3,310.3,,,,,
G0303,mất bao lâu giải quyết hưởng lương hưu,positive,processing_time,2.000605,processing_time,processing_time,generated,short,Giải quyết hưởng lương hưu; trợ cấp hằng tháng đối với cán bộ xã,1.0,1.0,1.0,True,2.000605,processing_time,Giải quyết hưởng lương hưu; trợ cấp hằng tháng đối với cán bộ xã,0.4127,0.7429,3,3,287.8,,,,,
G0304,thôi hưởng trợ cấp sinh hoạt hàng tháng mất bao lâu,positive,processing_time,1.014312,processing_time,processing_time,generated,short,"Thủ tục thôi hưởng trợ cấp sinh hoạt hàng tháng, bảo hiểm y tế đối với Nghệ nhân nhân dân, Nghệ nhân ưu tú",,,,False,1.014178,location,HƯỞNG TRỢ CẤP TUẤT HẰNG THÁNG,0.4203,0.4971,1,1,362.9,,,,,
G0305,thời gian giải quyết hỗ trợ học văn hóa,positive,processing_time,2.001661,processing_time,processing_time,generated,short,"Hỗ trợ học văn hóa, học nghề, trợ cấp khó khăn ban đầu cho nạn nhân",1.0,1.0,1.0,True,2.001661,processing_time,"Hỗ trợ học văn hóa, học nghề, trợ cấp khó khăn ban đầu cho nạn nhân",0.4818,0.8002,3,3,309.7,,,,,
G0306,thời hạn thủ tục hỗ trợ một lần,positive,processing_time,1.013294,processing_time,processing_time,generated,short,"Thủ tục hỗ trợ một (01) lần đối với các nghệ sĩ, nghệ nhân được Nhà nước phong tặng các danh hiệu “Nghệ sĩ nhân dân”,” Nghệ sĩ ưu tú”, “Nghệ nhân nhân dân”, “Nghệ nhân ưu tú”; tác giả đạt Giải thưởng Hồ Chí Minh, Giải thường Nhà nước về văn học nghệ thuật",2.0,2.0,2.0,True,1.014174,processing_time,"HƯỞNG TRỢ CẤP MỘT LẦN ĐỐI VỚI NGƯỜI ĐANG HƯỞNG LƯƠNG HƯU, TRỢ CẤP BẢO HIỂM XÃ HỘI HẰNG THÁNG RA NƯỚC NGOÀI ĐỂ ĐỊNH CƯ.",0.5458,0.8242,3,3,321.9,,,,,
G0307,sửa lỗi sai sót bao nhiêu tiền,positive,fee,2.000927,fee,fee,generated,short,Sửa lỗi sai sót trong giao dịch,1.0,1.0,1.0,True,2.000927,fee,Sửa lỗi sai sót trong giao dịch,0.5233,0.9132,1,1,268.0,,,,,
G0308,lệ phí cấp đổi thẻ abtc,positive,fee,1.115981,fee,fee,generated,short,Cấp đổi thẻ ABTC,1.0,1.0,1.0,True,1.115981,fee,Cấp đổi thẻ ABTC,0.7422,1.0,1,1,217.7,,,,,
G0309,bao nhiêu tiền cấp lại thẻ công chứng viên,positive,fee,1.013830,fee,fee,generated,short,Cấp lại Thẻ công chứng viên,1.0,1.0,1.0,True,1.013830,fee,Cấp lại Thẻ công chứng viên,0.6834,0.9725,1,1,222.4,,,,,
G0310,chấm dứt hoạt động hộ kinh doanh lệ phí,positive,fee,1.001266,fee,fee,generated,short,Chấm dứt hoạt động hộ kinh doanh,1.0,1.0,1.0,True,1.001266,fee,Chấm dứt hoạt động hộ kinh doanh,0.4798,0.9179,1,1,231.9,,,,,
G0311,lệ phí đăng ký lại việc sinh,positive,fee,2.000608,fee,fee,generated,short,Thủ tục đăng ký lại việc sinh cho trẻ em sinh ra ở nước ngoài và có quốc tịch Việt Nam,1.0,1.0,1.0,True,2.000608,fee,Thủ tục đăng ký lại việc sinh cho trẻ em sinh ra ở nước ngoài và có quốc tịch Việt Nam,0.5999,0.7261,3,3,315.5,,,,,
G0312,cấp bản sao có chứng thực lệ phí,positive,fee,2.000942,fee,fee,generated,short,Cấp bản sao có chứng thực từ bản chính giao dịch đã được chứng thực,1.0,1.0,1.0,True,2.000942,fee,Cấp bản sao có chứng thực từ bản chính giao dịch đã được chứng thực,0.3755,0.769,3,3,333.6,,,,,
G0313,cấp lại thẻ thường trú bao nhiêu tiền,positive,fee,1.116248,fee,fee,generated,short,Cấp lại thẻ thường trú cho người nước ngoài tại Cục Quản lý xuất nhập cảnh,,,,True,1.013830,fee,Cấp lại Thẻ công chứng viên,0.5106,0.7398,3,3,325.1,,,,,
G0314,cấp lại giấy đăng ký hoạt động bao nhiêu tiền,positive,fee,1.013837,fee,fee,generated,short,"Cấp lại Giấy đăng ký hoạt động cho Văn phòng công chứng do bị mất, hỏng",1.0,1.0,1.0,True,1.013837,fee,"Cấp lại Giấy đăng ký hoạt động cho Văn phòng công chứng do bị mất, hỏng",0.4872,0.8005,3,3,342.2,,,,,
G0315,phí thôi quốc tịch việt nam ở nước ngoài,positive,fee,1.005141,fee,fee,generated,short,Thôi quốc tịch Việt Nam ở nước ngoài,1.0,,,False,1.005141,general_information,Thôi quốc tịch Việt Nam ở nước ngoài,0.5138,0.6287,1,1,230.2,,,,,
G0316,bao nhiêu tiền cấp lại thẻ hướng dẫn viên du lịch,positive,fee,1.004614,fee,fee,generated,short,Thủ tục cấp lại thẻ hướng dẫn viên du lịch,1.0,1.0,1.0,True,1.004614,fee,Thủ tục cấp lại thẻ hướng dẫn viên du lịch,0.622,0.9552,1,1,332.8,,,,,
G0317,chứng thực việc sửa đổi phí,positive,fee,2.000913,fee,fee,generated,short,"Chứng thực việc sửa đổi, bổ sung, hủy bỏ giao dịch",1.0,1.0,1.0,True,2.000913,fee,"Chứng thực việc sửa đổi, bổ sung, hủy bỏ giao dịch",0.3416,0.7537,3,3,323.7,,,,,
G0318,xin thôi quốc tịch việt nam bao nhiêu tiền,positive,fee,1.001730,fee,fee,generated,short,Thủ tục xin thôi quốc tịch Việt Nam tại cơ quan đại diện Việt Nam ở nước ngoài,,,,True,2.002036,fee,Thôi quốc tịch Việt Nam ở trong nước,0.4423,0.8881,1,1,291.1,,,,,
G0319,phí bổ sung giấy phép kinh doanh sản phẩm,positive,fee,1.116625,fee,fee,generated,short,"Thủ tục bổ sung Giấy phép kinh doanh sản phẩm, dịch vụ mật mã dân sự",1.0,1.0,1.0,True,1.116625,fee,"Thủ tục bổ sung Giấy phép kinh doanh sản phẩm, dịch vụ mật mã dân sự",0.4529,0.9085,1,1,319.8,,,,,
G0320,chứng thực di chúc lệ phí,positive,fee,2.001019,fee,fee,generated,short,Chứng thực di chúc,1.0,1.0,1.0,True,2.001019,fee,Chứng thực di chúc,0.368,0.8788,1,1,219.6,,,,,
G0321,bao nhiêu tiền công chứng tính xác thực,positive,fee,1.001678,fee,fee,generated,short,"Thủ tục công chứng tính xác thực, tính hợp pháp của hợp đồng, giao dịch",1.0,1.0,1.0,True,1.001678,fee,"Thủ tục công chứng tính xác thực, tính hợp pháp của hợp đồng, giao dịch",0.3423,0.729,3,3,326.5,,,,,
G0322,phí đăng ký việc thay đổi,positive,fee,1.000881,fee,fee,generated,short,"Thủ tục đăng ký việc thay đổi, cải chính, bổ sung hộ tịch, xác định lại dân tộc, xác định lại giới tính, điều chỉnh hộ tịch",,,,True,1.013836,fee,Thay đổi nội dung đăng ký hoạt động của Văn phòng công chứng,0.4815,0.7917,3,3,324.8,,,,,
G0323,đăng ký lại việc tử lệ phí,positive,fee,2.000616,fee,fee,generated,short,Thủ tục đăng ký lại việc tử,1.0,,,False,2.000616,location,Thủ tục đăng ký lại việc tử,0.3583,0.4968,1,1,324.1,,,,,
G0324,cấp chứng nhận apostille bao nhiêu tiền,positive,fee,1.116612,fee,fee,generated,short,Thủ tục cấp Chứng nhận Apostille đối với giấy tờ công,1.0,1.0,1.0,True,1.116612,fee,Thủ tục cấp Chứng nhận Apostille đối với giấy tờ công,0.6742,0.9034,3,3,334.7,,,,,
G0325,gia hạn giấy phép hoạt động lệ phí,positive,fee,1.000532,fee,fee,generated,short,Thủ tục Gia hạn giấy phép hoạt động của tổ chức con nuôi nước ngoài tại Việt Nam,,,,True,1.115478,fee,Cấp giấy chứng nhận hoạt động đánh giá kỹ năng nghề quốc gia (Cấp tỉnh),0.3869,0.7366,3,3,324.9,,,,,
G0326,cấp thẻ công chứng viên bao nhiêu tiền,positive,fee,1.013859,fee,fee,generated,short,Cấp thẻ công chứng viên,1.0,1.0,1.0,True,1.013859,fee,Cấp thẻ công chứng viên,0.6334,0.9517,1,1,225.2,,,,,
G0327,địa điểm nộp đăng ký nhu cầu đào tạo,positive,location,1.116537,location,location,generated,short,"Đăng ký nhu cầu đào tạo của doanh nghiệp về các ngành, nghề ưu tiên hoặc khó xã hội hóa",,,,True,1.012605,location,"THỦ TỤC ĐỀ NGHỊ GIẢNG ĐẠO NGOÀI ĐỊA BÀN PHỤ TRÁCH, CƠ SỞ TÔN GIÁO, ĐỊA ĐIỂM HỢP PHÁP ĐÃ ĐĂNG KÝ CÓ QUY MÔ TỔ CHỨC Ở NHIỀU XÃ THUỘC MỘT TỈNH HOẶC Ở NHIỀU TỈNH (CẤP TỈNH)",0.3931,0.7269,3,3,308.2,,,,,
G0328,cấp giấy phép mang di vật địa điểm nộp,positive,location,2.000991,location,location,generated,short,"Thủ tục cấp giấy phép mang di vật, cổ vật, bảo vật quốc gia ra nước ngoài",1.0,1.0,1.0,True,2.000991,location,"Thủ tục cấp giấy phép mang di vật, cổ vật, bảo vật quốc gia ra nước ngoài",0.5429,0.8443,3,3,323.5,,,,,
G0329,giám định chi phí khám bệnh nộp tại đâu,positive,location,1.116466,location,location,generated,short,"Giám định chi phí khám bệnh, chữa bệnh bảo hiểm y tế",,,,False,1.001656,fee,"Thanh toán trực tiếp chi phí khám bệnh, chữa bệnh giữa cơ quan bảo hiểm xã hội và người tham gia bảo hiểm y tế",0.414,0.703,2,2,331.5,,,,,
G0330,hỗ trợ chi phí đầu tư ban đầu nộp ở đâu,positive,location,1.014315,location,location,generated,short,Hỗ trợ chi phí đầu tư ban đầu,1.0,1.0,1.0,True,1.014315,location,Hỗ trợ chi phí đầu tư ban đầu,0.6225,0.9568,1,1,224.5,,,,,
G0331,địa điểm nộp cấp thẻ công chứng viên,positive,location,1.013859,location,location,generated,short,Cấp thẻ công chứng viên,1.0,1.0,1.0,True,1.013859,location,Cấp thẻ công chứng viên,0.4618,0.9116,1,1,226.2,,,,,
G0332,nộp tại đâu thu hồi giấy phép sát hạch,positive,location,1.115977,location,location,generated,short,Thu hồi giấy phép sát hạch; thu hồi chấp thuận hoạt động của sân tập lái để sát hạch lái xe mô tô,,,,True,1.014611,location,"Thủ tục cấp giấy phép làm bản sao di vật, cổ vật",0.4283,0.7177,3,3,348.7,,,,,
G0333,nộp tại đâu xét duyệt học sinh bán trú,positive,location,2.002770,location,location,generated,short,"Xét duyệt học sinh bán trú, học viên bán trú hỗ trợ kinh phí, hỗ trợ gạo",,,,True,2.002851,location,"Xét, cấp học bổng chính sách đối với sinh viên học theo chế độ cử tuyển",0.438,0.7638,3,3,320.9,,,,,
G0334,chấp thuận đấu nối nộp ở đâu,positive,location,1.013277,location,location,generated,short,Chấp thuận đấu nối đối với trường hợp kết nối với đường bộ không có trong các quy hoạch,,,,True,1.000314,location,Chấp thuận vị trí đấu nối tạm vào đường bộ đang khai thác,0.4138,0.7612,3,3,298.2,,,,,
G0335,cấp giấy chứng sinh nộp tại đâu,positive,location,1.014331,location,location,generated,short,Cấp Giấy chứng sinh,1.0,1.0,1.0,True,1.014331,location,Cấp Giấy chứng sinh,0.6126,0.9358,1,1,226.2,,,,,
G0336,phê duyệt tiêu chuẩn nộp tại đâu,positive,location,6.006707,location,location,generated,short,"Phê duyệt tiêu chuẩn, định mức sử dụng máy móc, thiết bị chuyên dùng lĩnh vực giáo dục - đào tạo trong các cơ quan, đơn vị (thuộc thẩm quyền giải quyết tại cấp chính quyền địa phương)",,,,True,1.012328,location,"Đánh giá lần đầu việc đáp ứng thực hành tốt thử nghiệm lâm sàng kỹ thuật mới, phương pháp mới hoặc thiết bị y tế",0.3,0.6279,3,3,297.9,,,,,
G0337,lấy ý kiến bộ nộp tại đâu,positive,location,5.003881,location,location,generated,short,"Thủ tục Lấy ý kiến Bộ, cơ quan ngang Bộ về về lượng và thời điểm phân giao hạn ngạch thuế quan nhập khẩu đối với từng mặt hàng cụ thể",,,,True,5.003810,location,"Cho ý kiến thống nhất hoặc đóng góp ý kiến đối với các quy hoạch ngành quốc gia, quy hoạch có tính chất kỹ thuật, chuyên ngành, kế hoạch thực hiện quy hoạch do các Bộ, ngành, địa phương đề nghị Bộ Xây dựng thống nhất hoặc đóng góp ý kiến theo phân công của Bộ trưởng Bộ Xây dựng",0.3706,0.7025,3,3,311.9,,,,,
G0338,công nhận điều lệ nộp tại đâu,positive,location,1.013856,location,location,generated,short,Công nhận Điều lệ của Văn phòng công chứng được thành lập trước ngày 01/7/2025,,,,True,1.116612,location,Thủ tục cấp Chứng nhận Apostille đối với giấy tờ công,0.2741,0.6805,3,3,341.4,,,,,
G0339,xét tặng danh hiệu nghệ nhân ưu tú nộp tại đâu,positive,location,1.000971,location,location,generated,short,Thủ tục xét tặng danh hiệu Nghệ nhân ưu tú trong lĩnh vực di sản văn hóa phi vật thể,3.0,3.0,3.0,True,1.001108,location,Thủ tục xét tặng danh hiệu “Nghệ sĩ ưu tú” (đối với Hội đồng cấp cơ sở tại địa phương),0.4957,0.7248,3,3,344.0,,,,,
G0340,điều chỉnh công bố tải trọng nộp tại đâu,positive,location,6.003467,location,location,generated,short,"Điều chỉnh công bố tải trọng, khổ giới hạn của đường bộ và trạng thái kỹ thuật đường ngang",1.0,1.0,1.0,True,6.003467,location,"Điều chỉnh công bố tải trọng, khổ giới hạn của đường bộ và trạng thái kỹ thuật đường ngang",0.4149,0.768,3,3,329.2,,,,,
G0341,nhập quốc tịch việt nam ở nước ngoài nộp tại đâu,positive,location,2.002797,location,location,generated,short,Nhập quốc tịch Việt Nam ở nước ngoài,1.0,1.0,1.0,True,2.002797,location,Nhập quốc tịch Việt Nam ở nước ngoài,0.5329,0.9183,1,1,239.1,,,,,
G0342,giải quyết hưởng trợ cấp một lần nộp ở đâu,positive,location,2.000755,location,location,generated,short,"Giải quyết hưởng trợ cấp một lần đối với người đang hưởng lương hưu, trợ cấp BHXH hằng tháng ra nước ngoài để định cư",,,,True,1.001613,location,Giải quyết hưởng BHXH một lần,0.4425,0.8716,1,1,445.1,,,,,
G0343,công nhận tương đương nộp ở đâu,positive,location,1.013806,location,location,generated,short,Công nhận tương đương đối với người được đào tạo nghề công chứng ở nước ngoài,,,,True,1.012641,location,THỦ TỤC ĐỀ NGHỊ CẤP ĐĂNG KÝ PHÁP NHÂN PHI THƯƠNG MẠI CHO TỔ CHỨC TÔN GIÁO TRỰC THUỘC CÓ ĐỊA BÀN HOẠT ĐỘNG Ở MỘT TỈNH (CẤP TỈNH),0.3793,0.685,3,3,338.6,,,,,
G0344,đăng ký cấp lại giấy chứng nhận địa điểm nộp,positive,location,1.116392,location,location,generated,short,"Đăng ký cấp lại Giấy chứng nhận do bị mất đồng thời với nhận thừa kế, quyền sử dụng đất, quyền sở hữu tài sản gắn liền với đất và xác nhận tiếp tục sử dụng đất nông nghiệp của cá nhân khi hết thời hạn sử dụng đất",,,,True,1.009022,location,Thủ tục xác nhận hồ sơ cấp mới/cấp lại Giấy chứng nhận biển số nhà,0.4868,0.6458,3,3,371.7,,,,,
G0345,cấp lại giấy đăng ký hoạt động nộp tại đâu,positive,location,1.013837,location,location,generated,short,"Cấp lại Giấy đăng ký hoạt động cho Văn phòng công chứng do bị mất, hỏng",,,,False,1.012902,general_information,Cấp lại giấy phép hoạt động của Sàn giao dịch bất động sản (trong trường hợp thay đổi thông tin của sàn),0.5514,0.7731,3,3,365.5,,,,,
G0346,địa điểm nộp hỗ trợ xây dựng mới nhà ở,positive,location,3.000555,location,location,generated,short,Thủ tục Hỗ trợ xây dựng mới nhà ở (theo khung mẫu thiết kế) trong vùng lõi Di sản văn hóa và thiên nhiên thế giới Quần thể danh thắng Tràng An,2.0,2.0,2.0,True,1.014505,location,"Thủ tục hỗ trợ xây dựng mới hoặc nâng cấp, cải tạo loại hình nhà ở có phòng cho khách du lịch thuê (tiếng Anh là homestay) tại khu, điểm du lịch",0.448,0.8016,3,3,367.7,,,,,
G0347,thăm viếng mộ liệt sĩ theo nghị định nào,positive,legal_basis,1.013750,legal_basis,legal_basis,generated,short,Thăm viếng mộ liệt sĩ.,1.0,1.0,1.0,True,1.013750,legal_basis,Thăm viếng mộ liệt sĩ.,0.377,0.8445,1,1,188.6,,,,,
G0348,theo nghị định nào cho ý kiến thống nhất,positive,legal_basis,5.003810,legal_basis,legal_basis,generated,short,"Cho ý kiến thống nhất hoặc đóng góp ý kiến đối với các quy hoạch ngành quốc gia, quy hoạch có tính chất kỹ thuật, chuyên ngành, kế hoạch thực hiện quy hoạch do các Bộ, ngành, địa phương đề nghị Bộ Xây dựng thống nhất hoặc đóng góp ý kiến theo phân công của Bộ trưởng Bộ Xây dựng",1.0,1.0,1.0,True,5.003810,legal_basis,"Cho ý kiến thống nhất hoặc đóng góp ý kiến đối với các quy hoạch ngành quốc gia, quy hoạch có tính chất kỹ thuật, chuyên ngành, kế hoạch thực hiện quy hoạch do các Bộ, ngành, địa phương đề nghị Bộ Xây dựng thống nhất hoặc đóng góp ý kiến theo phân công của Bộ trưởng Bộ Xây dựng",0.2805,0.8339,1,1,318.6,,,,,
G0349,số hiệu văn bản hỗ trợ xây dựng mới nhà đón khách,positive,legal_basis,1.014506,legal_basis,legal_basis,generated,short,"Thủ tục hỗ trợ xây dựng mới Nhà đón khách, trưng bày, mua sắm sản phẩm du lịch, sản phẩm nông nghiệp, nông thôn tại khu, điểm du lịch",1.0,1.0,1.0,True,1.014506,legal_basis,"Thủ tục hỗ trợ xây dựng mới Nhà đón khách, trưng bày, mua sắm sản phẩm du lịch, sản phẩm nông nghiệp, nông thôn tại khu, điểm du lịch",0.435,0.7958,2,2,300.3,,,,,
G0350,theo nghị định nào điều chỉnh công bố tải trọng,positive,legal_basis,6.003467,legal_basis,legal_basis,generated,short,"Điều chỉnh công bố tải trọng, khổ giới hạn của đường bộ và trạng thái kỹ thuật đường ngang",1.0,1.0,1.0,True,6.003467,legal_basis,"Điều chỉnh công bố tải trọng, khổ giới hạn của đường bộ và trạng thái kỹ thuật đường ngang",0.3153,0.5454,3,3,307.2,,,,,
G0351,chấp thuận việc dạy số hiệu văn bản,positive,legal_basis,6.006689,legal_basis,legal_basis,generated,short,"Thủ tục chấp thuận việc dạy và học tiếng nói, chữ viết của dân tộc thiểu số trong các cơ sở giáo dục phổ thông và trung tâm giáo dục thường xuyên",1.0,1.0,1.0,True,6.006689,legal_basis,"Thủ tục chấp thuận việc dạy và học tiếng nói, chữ viết của dân tộc thiểu số trong các cơ sở giáo dục phổ thông và trung tâm giáo dục thường xuyên",0.3907,0.7758,3,3,288.8,,,,,
G0352,chuyển đổi trường tiểu học tư thục theo nghị định nào,positive,legal_basis,1.008725,legal_basis,legal_basis,generated,short,"Chuyển đổi trường tiểu học tư thục, trường trung học cơ sở tư thục và trường phổ thông tư thục có nhiều cấp học có cấp học cao nhất là trung học cơ sở do nhà đầu tư trong nước đầu tư sang trường phổ thông tư thục hoạt động không vì lợi nhuận",1.0,1.0,1.0,True,1.008725,legal_basis,"Chuyển đổi trường tiểu học tư thục, trường trung học cơ sở tư thục và trường phổ thông tư thục có nhiều cấp học có cấp học cao nhất là trung học cơ sở do nhà đầu tư trong nước đầu tư sang trường phổ thông tư thục hoạt động không vì lợi nhuận",0.448,0.7566,3,3,311.1,,,,,
G0353,theo nghị định nào giải quyết trợ cấp một lần,positive,legal_basis,1.001257,legal_basis,legal_basis,generated,short,"Giải quyết trợ cấp một lần đối với người có thành tích tham gia kháng chiến đã được tặng Bằng khen của Thủ tướng Chính phủ, Bằng khen của Chủ tịch Hội đồng Bộ trưởng hoặc Bằng khen của Bộ trưởng, Thủ trưởng cơ quan ngang bộ, Thủ trưởng cơ quan thuộc Chính phủ, Bằng khen của Chủ tịch Ủy ban nhân dân tỉnh, thành phố trực thuộc Trung ương",,,,True,1.014179,legal_basis,HƯỞNG TRỢ CẤP TUẤT MỘT LẦN,0.435,0.563,3,3,335.0,,,,,
G0354,hưởng trợ cấp tuất một lần theo nghị định nào,positive,legal_basis,1.014179,legal_basis,legal_basis,generated,short,HƯỞNG TRỢ CẤP TUẤT MỘT LẦN,1.0,,,False,1.014179,location,HƯỞNG TRỢ CẤP TUẤT MỘT LẦN,0.5266,0.6968,2,2,217.7,,,,,
G0355,căn cứ pháp lý giải quyết chế độ trợ cấp ưu đãi,positive,legal_basis,1.010801,legal_basis,legal_basis,generated,short,Giải quyết chế độ trợ cấp ưu đãi đối với thân nhân liệt sĩ,,,,True,1.014164,legal_basis,"HƯỞNG TRỢ CẤP DƯỠNG SỨC, PHỤC HỒI SỨC KHOẺ SAU KHI ỐM ĐAU",0.3886,0.5518,3,3,352.7,,,,,
G0356,giải quyết hưởng chế độ thai sản theo nghị định nào,positive,legal_basis,2.000693,legal_basis,legal_basis,generated,short,Giải quyết hưởng chế độ thai sản,,,,True,1.014166,legal_basis,"HƯỞNG CHẾ ĐỘ THAI SẢN ĐỐI VỚI LAO ĐỘNG NỮ SINH CON, LAO ĐỘNG NỮ MANG THAI HỘ SINH CON, LAO ĐỘNG NỮ NHỜ MANG THAI HỘ",0.415,0.6359,2,2,227.9,,,,,
G0357,"xét tặng giải thưởng ""tỏa sáng blouse trắng"" căn cứ pháp lý",positive,legal_basis,1.115158,legal_basis,legal_basis,generated,short,"Thủ tục xét tặng giải thưởng ""Tỏa sáng Blouse trắng""",1.0,1.0,1.0,True,1.115158,legal_basis,"Thủ tục xét tặng giải thưởng ""Tỏa sáng Blouse trắng""",0.3661,0.8781,1,1,294.3,,,,,
G0358,theo nghị định nào bán nhà ở cũ thuộc tài sản công,positive,legal_basis,1.012893,legal_basis,legal_basis,generated,short,Bán nhà ở cũ thuộc tài sản công,1.0,1.0,1.0,True,1.012893,legal_basis,Bán nhà ở cũ thuộc tài sản công,0.483,0.8918,1,1,219.6,,,,,
G0359,căn cứ pháp lý chia sẻ phần giảm doanh thu,positive,legal_basis,1.115014,legal_basis,legal_basis,generated,short,Chia sẻ phần giảm doanh thu,1.0,1.0,1.0,True,1.115014,legal_basis,Chia sẻ phần giảm doanh thu,0.4443,0.9055,1,1,223.3,,,,,
G0360,theo nghị định nào thành lập văn phòng công chứng,positive,legal_basis,1.013834,legal_basis,legal_basis,generated,short,Thành lập Văn phòng công chứng,1.0,,,False,1.013834,required_documents,Thành lập Văn phòng công chứng,0.3806,0.6721,1,1,225.0,,,,,
G0361,thông báo đủ điều kiện theo nghị định nào,positive,legal_basis,1.012882,legal_basis,legal_basis,generated,short,"Thông báo đủ điều kiện được huy động vốn thông qua việc góp vốn, hợp tác đầu tư, hợp tác kinh doanh, liên doanh, liên kết của các tổ chức và cá nhân để phát triển nhà ở",1.0,1.0,1.0,True,1.012882,legal_basis,"Thông báo đủ điều kiện được huy động vốn thông qua việc góp vốn, hợp tác đầu tư, hợp tác kinh doanh, liên doanh, liên kết của các tổ chức và cá nhân để phát triển nhà ở",0.3044,0.6727,3,3,314.9,,,,,
G0362,chấp thuận địa điểm căn cứ pháp lý,positive,legal_basis,3.000536,legal_basis,legal_basis,generated,short,"Thủ tục chấp thuận địa điểm, quy mô xây dựng và thời gian tồn tại của công trình tạm phục vụ mục đích sử dụng cho việc tổ chức các sự kiện hoặc hoạt động khác",,,,False,1.012656,required_documents,THỦ TỤC ĐỀ NGHỊ THAY ĐỔI ĐỊA ĐIỂM SINH HOẠT TÔN GIÁO TẬP TRUNG CỦA NGƯỜI NƯỚC NGOÀI CƯ TRÚ HỢP PHÁP TẠI VIỆT NAM TRONG ĐỊA BÀN MỘT TỈNH (CẤP TỈNH),0.3092,0.4677,3,3,295.6,,,,,
G0363,đề nghị sinh hoạt tôn giáo tập trung số hiệu văn bản,positive,legal_basis,1.012658,legal_basis,legal_basis,generated,short,THỦ TỤC ĐỀ NGHỊ SINH HOẠT TÔN GIÁO TẬP TRUNG CỦA NGƯỜI NƯỚC NGOÀI CƯ TRÚ HỢP PHÁP TẠI VIỆT NAM (CẤP TỈNH),,,,True,1.012582,legal_basis,THỦ TỤC ĐỀ NGHỊ THAY ĐỔI ĐỊA ĐIỂM SINH HOẠT TÔN GIÁO TẬP TRUNG ĐẾN ĐỊA BÀN XÃ KHÁC (CẤP XÃ),0.3428,0.7543,3,3,339.3,,,,,
G0364,căn cứ pháp lý hỗ trợ sau đầu tư,positive,legal_basis,3.000202,legal_basis,legal_basis,generated,short,Hỗ trợ sau đầu tư cho các dự án đầu tư theo Nghị quyết số 01/2022/NQ-HĐND của Hội đồng nhân dân tỉnh về việc ban hành Quy định một số chính sách hỗ trợ đầu tư trên địa bàn tỉnh Thừa Thiên Huế,1.0,1.0,1.0,True,3.000202,legal_basis,Hỗ trợ sau đầu tư cho các dự án đầu tư theo Nghị quyết số 01/2022/NQ-HĐND của Hội đồng nhân dân tỉnh về việc ban hành Quy định một số chính sách hỗ trợ đầu tư trên địa bàn tỉnh Thừa Thiên Huế,0.3322,0.7495,3,3,319.2,,,,,
G0365,số hiệu văn bản thành lập trung tâm giáo dục nghề nghiệp,positive,legal_basis,5.003816,legal_basis,legal_basis,generated,short,"Thủ tục thành lập trung tâm giáo dục nghề nghiệp, trường trung cấp công lập (trực thuộc Bộ Giáo dục và Đào tạo)",,,,True,2.002884,legal_basis,"Cho phép thành lập trường trung cấp, trung tâm giáo dục nghề nghiệp, cơ sở giáo dục nghề nghiệp cho người khuyết tật",0.3268,0.6879,3,3,343.5,,,,,
G0366,căn cứ pháp lý đề nghị tạm dừng học,positive,legal_basis,1.010628,legal_basis,legal_basis,generated,short,Đề nghị tạm dừng học và điều chỉnh thời gian học tập,1.0,1.0,1.0,True,1.010628,legal_basis,Đề nghị tạm dừng học và điều chỉnh thời gian học tập,0.4634,0.8085,3,3,307.6,,,,,
G0367,Muôn đăng ký khai tử có yếu tố nưước ngoài cần chuẩn bị hồ sơ gì?,positive,required_documents,1.001766,required_documents,required_documents,generated,typo,Thủ tục đăng ký khai tử có yếu tố nước ngoài,,,,True,1.005461,required_documents,Đăng ký lại khai tử,0.3515,0.8314,1,1,348.1,,,,,
G0368,Mun cấp thẻ công chưng viên cần chuẩn bị hồ sơ gì?,positive,required_documents,1.013859,required_documents,required_documents,generated,typo,Cấp thẻ công chứng viên,1.0,1.0,1.0,True,1.013859,required_documents,Cấp thẻ công chứng viên,0.413,0.8612,1,1,226.3,,,,,
G0369,Muốn đổi tên trường cao đẳngg cần chunẩ bị hồ sơ gì?,positive,required_documents,2.002879,required_documents,required_documents,generated,typo,Đổi tên trường cao đẳng,1.0,1.0,1.0,True,2.002879,required_documents,Đổi tên trường cao đẳng,0.5988,0.9262,1,1,229.2,,,,,
G0370,"Muốn đề nghị hỗ trợ tham gia đào tạo, bồi ưdỡng, nâng cao trìình độ kỹ năng nghề cần chuẩn bị hồ sơ gì?",positive,required_documents,1.115483,required_documents,required_documents,generated,typo,"Đề nghị hỗ trợ tham gia đào tạo, bồi dưỡng, nâng cao trình độ kỹ năng nghề (Cấp tỉnh)",1.0,1.0,1.0,True,1.115483,required_documents,"Đề nghị hỗ trợ tham gia đào tạo, bồi dưỡng, nâng cao trình độ kỹ năng nghề (Cấp tỉnh)",0.5171,0.9099,3,3,344.2,,,,,
G0371,Muốn tành lập trường cao đẳng cần chuẩẩn bị hồ sơ gì?,positive,required_documents,2.002877,required_documents,required_documents,generated,typo,Thành lập trường cao đẳng,1.0,1.0,1.0,True,2.002877,required_documents,Thành lập trường cao đẳng,0.4603,0.8778,1,1,321.4,,,,,
G0372,Muuốn cấp thuận đề nghị đấu nối vào đường tỉnh cần chuẩn bị hồ sơ gì?,positive,required_documents,1.114998,required_documents,required_documents,generated,typo,Chấp thuận đề nghị đấu nối vào đường tỉnh,1.0,,,False,1.114998,general_information,Chấp thuận đề nghị đấu nối vào đường tỉnh,0.5013,0.5997,1,1,352.6,,,,,
G0373,Muốn thuyêên chuyên nhà giáo trong cơ sở giáo dục công lập tại cấp tỉnh cần chuẩn bị hồ sơ gì?,positive,required_documents,5.003869,required_documents,required_documents,generated,typo,Thuyên chuyển nhà giáo trong cơ sở giáo dục công lập tại cấp tỉnh,1.0,1.0,1.0,True,5.003869,required_documents,Thuyên chuyển nhà giáo trong cơ sở giáo dục công lập tại cấp tỉnh,0.3966,0.8688,1,1,362.8,,,,,
G0374,Muốn giải thể trường đại học theo Luuật Thủ đô cần chuân bị hồ sơ gì?,positive,required_documents,1.115383,required_documents,required_documents,generated,typo,"Giải thể trường đại học theo Luật Thủ đô (theo dề nghị của cơ quan, tổ chức, cá nhân)",1.0,1.0,1.0,True,1.115383,required_documents,"Giải thể trường đại học theo Luật Thủ đô (theo dề nghị của cơ quan, tổ chức, cá nhân)",0.4043,0.6141,3,3,348.9,,,,,
G0375,Muốn cho phéép chuyển nhượng toàn bộ hoặc một phần dự án bất đông sản cần chuẩn bị hồ sơ gì?,positive,required_documents,1.013777,required_documents,required_documents,generated,typo,Cho phép chuyển nhượng toàn bộ hoặc một phần dự án bất động sản,1.0,1.0,1.0,True,1.013777,required_documents,Cho phép chuyển nhượng toàn bộ hoặc một phần dự án bất động sản,0.4962,0.8987,3,3,364.5,,,,,
G0376,Mốun công nhận điểm du lịchh cần chuẩn bị hồ sơ gì?,positive,required_documents,1.004528,required_documents,required_documents,generated,typo,Thủ tục công nhận điểm du lịch,1.0,1.0,1.0,True,1.004528,required_documents,Thủ tục công nhận điểm du lịch,0.4669,0.7501,3,3,344.4,,,,,
G0377,"Thời hạn giải quyết thẩm định, phê duyệt phương án sử dụng đất là bao nhhiêu ngay?",positive,processing_time,1.116519,processing_time,processing_time,generated,typo,"Thẩm định, phê duyệt phương án sử dụng đất (UBND thành phố Cần Thơ)",,,,True,1.116432,processing_time,"(Hà Nội) Thẩm định, phê duyệt phương án sử dụng đất",0.4446,0.899,1,1,334.7,,,,,
G0378,Thời hạn giải quyết đăng ký đất đai lần đầu đối với trường hợp được Nhà nước giiao đất để quản lý là bao nhiu ngày?,positive,processing_time,1.116488,processing_time,processing_time,generated,typo,Đăng ký đất đai lần đầu đối với trường hợp được Nhà nước giao đất để quản lý (UBND thành phố Cần Thơ),1.0,1.0,1.0,True,1.116488,processing_time,Đăng ký đất đai lần đầu đối với trường hợp được Nhà nước giao đất để quản lý (UBND thành phố Cần Thơ),0.4209,0.8882,1,1,366.8,,,,,
G0379,"Thời hạn giải quyết đăng ký khai sinh có yếu tố nước noài cho ngươi đã có hồ sơ, giấy tờ cá nhân là bao nhiêu ngày?",positive,processing_time,1.000893,processing_time,processing_time,generated,typo,"Thủ tục đăng ký khai sinh có yếu tố nước ngoài cho người đã có hồ sơ, giấy tờ cá nhân",,,,False,2.000756,location,Thủ tục đăng ký chấm dứt giám hộ có yếu tố nước ngoài,0.3965,0.4101,3,3,367.0,,,,,
G0380,"Thời hạn igải quyết giải quyết hương chế độ TNLĐ, BNN do thương tật, bệnh tật tái phát là bao nhiêu ngày?",positive,processing_time,1.001521,processing_time,processing_time,generated,typo,"Giải quyết hưởng chế độ TNLĐ, BNN do thương tật, bệnh tật tái phát",1.0,1.0,1.0,True,1.001521,processing_time,"Giải quyết hưởng chế độ TNLĐ, BNN do thương tật, bệnh tật tái phát",0.4602,0.9048,1,1,222.7,,,,,
G0381,"Thời hạn giải quyết cấp lại Chứng chỉ hành nghề kinh doaanh di vật, cổ vật là bao nhiêu ngàày?",positive,processing_time,1.014616,processing_time,processing_time,generated,typo,"Thủ tục cấp lại Chứng chỉ hành nghề kinh doanh di vật, cổ vật",1.0,1.0,1.0,True,1.014616,processing_time,"Thủ tục cấp lại Chứng chỉ hành nghề kinh doanh di vật, cổ vật",0.5282,0.9215,1,1,342.1,,,,,
G0382,Thời hạn giải quyết bổ nhiệm côg chứng viênn là bao nhiêu ngày?,positive,processing_time,1.013803,processing_time,processing_time,generated,typo,Bổ nhiệm công chứng viên,,,,True,1.013832,processing_time,Thu hồi Thẻ công chứng viên,0.4171,0.6915,3,3,312.1,,,,,
G0383,Thhời hạn giải quyết cấp Giấy chứng nhận giáo viên dạy thực hành lái xe là bao niêu ngày?,positive,processing_time,1.001765,processing_time,processing_time,generated,typo,Cấp Giấy chứng nhận giáo viên dạy thực hành lái xe,1.0,1.0,1.0,True,1.001765,processing_time,Cấp Giấy chứng nhận giáo viên dạy thực hành lái xe,0.6148,0.9534,2,2,215.5,,,,,
G0384,Thời hạn giải quyết đề nghị xét tặng danh hiêu Chiến sĩ thi đua Bộ Xây dựnng là bao nhiêu ngày?,positive,processing_time,6.005708,processing_time,processing_time,generated,typo,Thủ tục đề nghị xét tặng danh hiệu Chiến sĩ thi đua Bộ Xây dựng,1.0,1.0,1.0,True,6.005708,processing_time,Thủ tục đề nghị xét tặng danh hiệu Chiến sĩ thi đua Bộ Xây dựng,0.4405,0.8983,1,1,316.4,,,,,
G0385,Thời hạn gii quyết tiếp nhận du học sinhh học bổng ngân sách nhà nước tốt nghiệp về nước là bao nhiêu ngày?,positive,processing_time,1.002499,processing_time,processing_time,generated,typo,Tiếp nhận du học sinh học bổng ngân sách nhà nước tốt nghiệp về nước,1.0,1.0,1.0,True,1.002499,processing_time,Tiếp nhận du học sinh học bổng ngân sách nhà nước tốt nghiệp về nước,0.5201,0.9203,1,1,342.4,,,,,
G0386,Thời hạn giải quyết xét tặng dahn hiệu “Nhà gáio nhân dân” là bao nhiêu ngày?,positive,processing_time,5.003853,processing_time,processing_time,generated,typo,Xét tặng danh hiệu “Nhà giáo nhân dân”,1.0,1.0,1.0,True,5.003853,processing_time,Xét tặng danh hiệu “Nhà giáo nhân dân”,0.4316,0.878,1,1,321.0,,,,,
G0387,Lệ phí đăng ký lại viêc sinh cho trẻ em sinh ra ở nước ngoài và có qốuc tịch Việt Nam là bao nhiêu?,positive,fee,2.000608,fee,fee,generated,typo,Thủ tục đăng ký lại việc sinh cho trẻ em sinh ra ở nước ngoài và có quốc tịch Việt Nam,1.0,1.0,1.0,True,2.000608,fee,Thủ tục đăng ký lại việc sinh cho trẻ em sinh ra ở nước ngoài và có quốc tịch Việt Nam,0.6341,0.9664,1,1,340.5,,,,,
G0388,Lệ phí cấp lại Thẻ cng chứng vêin là bao nhiêu?,positive,fee,1.013830,fee,fee,generated,typo,Cấp lại Thẻ công chứng viên,1.0,1.0,1.0,True,1.013830,fee,Cấp lại Thẻ công chứng viên,0.6952,0.9647,1,1,319.3,,,,,
G0389,"Lệ phí chứng tực việc sửa đổi, bổ sung, hủy bỏ giao dịch là bao niêu?",positive,fee,2.000913,fee,fee,generated,typo,"Chứng thực việc sửa đổi, bổ sung, hủy bỏ giao dịch",1.0,1.0,1.0,True,2.000913,fee,"Chứng thực việc sửa đổi, bổ sung, hủy bỏ giao dịch",0.5211,0.9247,1,1,347.2,,,,,
G0390,Lệ phí thôi quốc tịch Việt Nam ở nươc ngoài là bao nhiêêu?,positive,fee,1.005141,fee,fee,generated,typo,Thôi quốc tịch Việt Nam ở nước ngoài,1.0,,,False,1.005141,general_information,Thôi quốc tịch Việt Nam ở nước ngoài,0.4185,0.5792,1,1,214.5,,,,,
G0391,"Lệ phí cấp đổi thẻ hướng dẫn viên du lich quốc tế, thẻ hớng dẫn viên du lịch nội địa là bao nhiêu?",positive,fee,1.001432,fee,fee,generated,typo,"Thủ tục cấp đổi thẻ hướng dẫn viên du lịch quốc tế, thẻ hướng dẫn viên du lịch nội địa",1.0,1.0,1.0,True,1.001432,fee,"Thủ tục cấp đổi thẻ hướng dẫn viên du lịch quốc tế, thẻ hướng dẫn viên du lịch nội địa",0.6043,0.9544,1,1,340.3,,,,,
G0392,"Lệ phí chứng thực chữ ký người dịch không phải viên chức ngoại giao, viên chưc lãnh sự là bao nhiiêu?",positive,fee,2.000975,fee,fee,generated,typo,"Thủ tục chứng thực chữ ký người dịch không phải viên chức ngoại giao, viên chức lãnh sự",1.0,1.0,1.0,True,2.000975,fee,"Thủ tục chứng thực chữ ký người dịch không phải viên chức ngoại giao, viên chức lãnh sự",0.5549,0.938,1,1,352.3,,,,,
G0393,Lệ phí đăng ký việc nôui con nuôii trong nước là bao nhiêu?,positive,fee,2.001263,fee,fee,generated,typo,Đăng ký việc nuôi con nuôi trong nước,1.0,1.0,1.0,True,2.001263,fee,Đăng ký việc nuôi con nuôi trong nước,0.5043,0.9065,1,1,307.4,,,,,
G0394,Lệ phí nhập quốc tich Việt Nam ở nươc ngoài là bao nhiêu?,positive,fee,2.002797,fee,fee,generated,typo,Nhập quốc tịch Việt Nam ở nước ngoài,1.0,,,False,2.002797,general_information,Nhập quốc tịch Việt Nam ở nước ngoài,0.4825,0.6089,3,3,228.0,,,,,
G0395,Lệ phí chứng thưc di chc là bao nhiêu?,positive,fee,2.001019,fee,fee,generated,typo,Chứng thực di chúc,1.0,1.0,1.0,True,2.001019,fee,Chứng thực di chúc,0.482,0.902,1,1,296.1,,,,,
G0396,Lệ phí đăng ký lại khai isnh có yếu tố nươc ngoài là bao nhiêu?,positive,fee,2.000522,fee,fee,generated,typo,Thủ tục đăng ký lại khai sinh có yếu tố nước ngoài,,,,True,1.003179,fee,Đăng ký lại việc nuôi con nuôi có yếu tố nước ngoài,0.3903,0.6285,3,3,323.6,,,,,
G0397,Nộp hồ sơ ặtng danh hiệệu Cờ thi đua của UBND thành phố tại đâu?,positive,location,3.000588,location,location,generated,typo,Thủ tục tặng danh hiệu Cờ thi đua của UBND thành phố (công trạng),2.0,,,False,3.000592,required_documents,Thủ tục tặng danh hiệu Cờ thi đua của UBND thành phố theo chuyên đề,0.5281,0.7877,3,3,323.9,,,,,
G0398,"Nộp hồ sơ công nhận đạt têu chuẩn chức danh gio sư, phó giáo sư tại đâu?",positive,location,1.005140,location,location,generated,typo,"Công nhận đạt tiêu chuẩn chức danh giáo sư, phó giáo sư",1.0,,,False,1.005140,required_documents,"Công nhận đạt tiêu chuẩn chức danh giáo sư, phó giáo sư",0.4588,0.8856,3,3,354.8,,,,,
G0399,Nộp hồ sơ thanh lập hoặc cho phep thành lập trường đại học tại đâu?,positive,location,1.012976,location,location,generated,typo,Thành lập hoặc cho phép thành lập trường đại học,1.0,,,False,1.012976,required_documents,Thành lập hoặc cho phép thành lập trường đại học,0.5064,0.9189,3,3,219.7,,,,,
G0400,Nộp hồ sơ đnăg ký hkai sinh tại đâu?,positive,location,1.001193,location,location,generated,typo,Thủ tục đăng ký khai sinh,,,,False,1.012590,required_documents,THỦ TỤC ĐĂNG KÝ SINH HOẠT TÔN GIÁO TẬP TRUNG (CẤP XÃ),0.4636,0.742,3,3,327.6,,,,,
G0401,Nộp hồ sơ gải thể trưường phổ thông dân tộc bán trú tại đâu?,positive,location,5.003852,location,location,generated,typo,Giải thể trường phổ thông dân tộc bán trú,1.0,1.0,1.0,True,5.003852,location,Giải thể trường phổ thông dân tộc bán trú,0.3625,0.6461,1,1,332.2,,,,,
G0402,Nộp hồ sơ công nhận người giám đinh tư pháp theeo vụ việc tại đâu?,positive,location,1.116547,location,location,generated,typo,Công nhận người giám định tư pháp theo vụ việc,,,,False,6.001689,required_documents,"THỦ TỤC BỔ NHIỆM LẠI CHỨC VỤ LÃNH ĐẠO, QUẢN LÝ ĐỐI VỚI CÔNG CHỨC, VIÊN CHỨC",0.3908,0.5696,3,3,355.7,,,,,
G0403,"Nộp hồ sơ cấp lại Giấy chứng nhận hcuyên gia gáim định di vật, cổ vật tại đâu?",positive,location,1.014609,location,location,generated,typo,"Thủ tục cấp lại Giấy chứng nhận chuyên gia giám định di vật, cổ vật",,,,False,1.001123,required_documents,"Thủ tục cấp lại Giấy chứng nhận đủ điều kiện kinh doanh giám định di vật, cổ vật",0.467,0.6338,2,2,366.2,,,,,
G0404,Nộp hồ sơ giải quyết chế độ mai tnág phí đối với thanhh niên xung phong thời kỳ chống Pháp tại đâu?,positive,location,2.002308,location,location,generated,typo,Giải quyết chế độ mai táng phí đối với thanh niên xung phong thời kỳ chống Pháp,1.0,,,False,2.002308,required_documents,Giải quyết chế độ mai táng phí đối với thanh niên xung phong thời kỳ chống Pháp,0.5043,0.9083,2,2,351.8,,,,,
G0405,Nộp hồ sơ đăng ký việc nuôi con unôi tại Cơ qaun đại diện Việt Nam ở nước ngoài tại đâu?,positive,location,1.003213,location,location,generated,typo,Thủ tục Đăng ký việc nuôi con nuôi tại Cơ quan đại diện Việt Nam ở nước ngoài,1.0,,,False,1.003213,required_documents,Thủ tục Đăng ký việc nuôi con nuôi tại Cơ quan đại diện Việt Nam ở nước ngoài,0.4905,0.7035,3,3,347.5,,,,,
G0406,Nộp hồ sơ cấp giấy xác nhận có quốc tich iVệt Nam tại đâu?,positive,location,2.000750,location,location,generated,typo,Thủ tục cấp giấy xác nhận có quốc tịch Việt Nam,1.0,1.0,1.0,True,2.000750,location,Thủ tục cấp giấy xác nhận có quốc tịch Việt Nam,0.5714,0.7269,2,2,358.2,,,,,
G0407,thuyên chuyển nhà giáo tong cơ sở giáo dục công lập tại cấp tỉnh theo nghị địhn thông tư nào?,positive,legal_basis,5.003869,legal_basis,legal_basis,generated,typo,Thuyên chuyển nhà giáo trong cơ sở giáo dục công lập tại cấp tỉnh,1.0,1.0,1.0,True,5.003869,legal_basis,Thuyên chuyển nhà giáo trong cơ sở giáo dục công lập tại cấp tỉnh,0.4373,0.8678,1,1,368.7,,,,,
G0408,cấp bản sao từ sổ gốc tho nghị đinh thông tư nào?,positive,legal_basis,2.000908,legal_basis,legal_basis,generated,typo,Thủ tục cấp bản sao từ sổ gốc,1.0,1.0,1.0,True,2.000908,legal_basis,Thủ tục cấp bản sao từ sổ gốc,0.4575,0.8701,1,1,351.5,,,,,
G0409,tuyên sinh trung học phổ thông theo nghịị định thông tư nào?,positive,legal_basis,3.000181,legal_basis,legal_basis,generated,typo,Tuyển sinh trung học phổ thông,1.0,1.0,1.0,True,3.000181,legal_basis,Tuyển sinh trung học phổ thông,0.252,0.7982,1,1,218.3,,,,,
G0410,cấp lại chnứg chỉ hành nghề môi giới bất động sản thoe nghị định thông tư nào?,positive,legal_basis,1.012907,legal_basis,legal_basis,generated,typo,"Cấp lại chứng chỉ hành nghề môi giới bất động sản (trong trường hợp chứng chỉ bị cháy, bị mất, bị rách, bị hủy hoại do thiên tai hoặc lý do bất khả kháng khác)",1.0,1.0,1.0,True,1.012907,legal_basis,"Cấp lại chứng chỉ hành nghề môi giới bất động sản (trong trường hợp chứng chỉ bị cháy, bị mất, bị rách, bị hủy hoại do thiên tai hoặc lý do bất khả kháng khác)",0.3306,0.608,3,3,356.1,,,,,
G0411,xác nhận hồ sơ cấp mi/cấp lại Giấy chứng nhận biểnn số nhà theo nghị định thông tư nào?,positive,legal_basis,1.009022,legal_basis,legal_basis,generated,typo,Thủ tục xác nhận hồ sơ cấp mới/cấp lại Giấy chứng nhận biển số nhà,1.0,1.0,1.0,True,1.009022,legal_basis,Thủ tục xác nhận hồ sơ cấp mới/cấp lại Giấy chứng nhận biển số nhà,0.534,0.7413,3,3,369.8,,,,,
G0412,bổ nhiệm lại công chứng viên theo ngị đinh thông tư nào?,positive,legal_basis,1.013804,legal_basis,legal_basis,generated,typo,Bổ nhiệm lại công chứng viên,1.0,1.0,1.0,True,1.013804,legal_basis,Bổ nhiệm lại công chứng viên,0.3633,0.8317,1,1,220.4,,,,,
G0413,"cấp, cấp lại giấy phhép sát hach cho trung tâm sát hạch lái xe theo nghị định thông tư nào?",positive,legal_basis,1.115975,legal_basis,legal_basis,generated,typo,"Cấp, cấp lại giấy phép sát hạch cho trung tâm sát hạch lái xe",1.0,1.0,1.0,True,1.115975,legal_basis,"Cấp, cấp lại giấy phép sát hạch cho trung tâm sát hạch lái xe",0.4008,0.8474,1,1,349.3,,,,,
G0414,đề nhgị chấm dứt hoạt độngg của cơ sở hỗ trợ nạn nhân theo nghị định thông tư nào?,positive,legal_basis,1.000091,legal_basis,legal_basis,generated,typo,Đề nghị chấm dứt hoạt động của cơ sở hỗ trợ nạn nhân,1.0,1.0,1.0,True,1.000091,legal_basis,Đề nghị chấm dứt hoạt động của cơ sở hỗ trợ nạn nhân,0.357,0.8374,1,1,337.7,,,,,
G0415,giải thể trường phổ thông dân tộc nội trú tho ngịh định thông tư nào?,positive,legal_basis,5.003830,legal_basis,legal_basis,generated,typo,Giải thể trường phổ thông dân tộc nội trú,1.0,,,False,5.003830,location,Giải thể trường phổ thông dân tộc nội trú,0.2818,0.6236,3,3,242.9,,,,,
G0416,đề nghị tổ chức hội nghị có yếu tố nưước ngoàài về tôn giáo theo nghị định thông tư nào?,positive,legal_basis,1.014338,legal_basis,legal_basis,generated,typo,Thủ tục đề nghị tổ chức hội nghị có yếu tố nước ngoài về tôn giáo,,,,True,1.012645,legal_basis,"THỦ TỤC ĐỀ NGHỊ THAY ĐỔI TÊN CỦA TỔ CHỨC TÔN GIÁO, TỔ CHỨC TÔN GIÁO TRỰC THUỘC CÓ ĐỊA BÀN HOẠT ĐỘNG Ở MỘT TỈNH (CẤP TỈNH)",0.3362,0.6071,2,2,335.6,,,,,
G0417,"Muon dang ky khai sinh cho nguoi da co ho so, giay to ca nhan can chuan bi ho so gi?",positive,required_documents,1.004772,required_documents,required_documents,generated,no_accent,"Thủ tục đăng ký khai sinh cho người đã có hồ sơ, giấy tờ cá nhân",1.0,1.0,1.0,True,1.004772,required_documents,"Thủ tục đăng ký khai sinh cho người đã có hồ sơ, giấy tờ cá nhân",0.3552,0.8672,3,3,351.8,,,,,
G0418,Muon 1. Thu tuc ho tro chi phi hoa tang tren dia ban tinh Bac Ninh can chuan bi ho so gi?,positive,required_documents,1.014582,required_documents,required_documents,generated,no_accent,1. Thủ tục hỗ trợ chi phí hỏa táng (bao gồm cả điện táng) trên địa bàn tỉnh Bắc Ninh,,,,True,3.000720,required_documents,Hỗ trợ chi phí hỏa táng cho cơ sở hỏa táng,0.4025,0.6773,2,2,224.6,,,,,
G0419,"Muon doi giay phep lai xe quan su, Cong an can chuan bi ho so gi?",positive,required_documents,1.115979,required_documents,required_documents,generated,no_accent,"Đổi giấy phép lái xe quân sự, Công an",,,,True,1.001023,required_documents,"Cấp, cấp lại Giấy phép liên vận giữa Việt Nam và Campuchia",0.3794,0.6117,3,3,230.3,,,,,
G0420,Muon chap thuan thiet ke nut giao dau noi vao duong tinh dang khai thac can chuan bi ho so gi?,positive,required_documents,1.014855,required_documents,required_documents,generated,no_accent,Chấp thuận thiết kế nút giao đấu nối vào đường tỉnh đang khai thác,,,,False,1.115128,location,Chấp thuận thiết kế nút giao đấu nối với đường tỉnh đang khai thác,0.3015,0.7114,3,3,227.7,,,,,
G0421,Muon mien chi phi boi hoan can chuan bi ho so gi?,positive,required_documents,1.115983,required_documents,required_documents,generated,no_accent,Miễn chi phí bồi hoàn (cấp trung ương),,,,True,3.000720,required_documents,Hỗ trợ chi phí hỏa táng cho cơ sở hỏa táng,0.2336,0.5421,3,3,301.3,,,,,
G0422,Muon cham dut huong tro cap that nghiep can chuan bi ho so gi?,positive,required_documents,1.014752,required_documents,required_documents,generated,no_accent,Chấm dứt hưởng trợ cấp thất nghiệp (Cấp tỉnh),,,,True,1.014171,required_documents,HƯỞNG LƯƠNG HƯU ĐỐI VỚI NGƯỜI THAM GIA BẢO HIỂM XÃ HỘI BẮT BUỘC,0.3018,0.5402,3,3,338.7,,,,,
G0423,Muon huong tro cap tuat hang thang can chuan bi ho so gi?,positive,required_documents,1.014178,required_documents,required_documents,generated,no_accent,HƯỞNG TRỢ CẤP TUẤT HẰNG THÁNG,,,,True,1.014754,required_documents,"Hỗ trợ người sử dụng lao động đào tạo, bồi dưỡng, nâng cao trình độ kỹ năng nghề để duy trì việc làm cho người lao động (Cấp tỉnh)",0.2485,0.5105,3,3,232.3,,,,,
G0424,Muon huong lai che do uu dai can chuan bi ho so gi?,positive,required_documents,1.010823,required_documents,required_documents,generated,no_accent,Hưởng lại chế độ ưu đãi,,,,True,1.116453,required_documents,"(Hà Nội) Thu hồi Giấy chứng nhận đã cấp không đúng quy định của pháp luật đất đai do người sử dụng đất, chủ sở hữu tài sản gắn liền với đất phát hiện và cấp lại Giấy chứng nhận sau thu hồi đối với trường hợp thuộc thẩm quyền cấp Giấy chứng nhận của UBND cấp xã",0.2415,0.5031,2,2,227.3,,,,,
G0425,Muon dung tro giup xa hoi tai co so tro giup xa hoi can chuan bi ho so gi?,positive,required_documents,2.000477,required_documents,required_documents,generated,no_accent,Dừng trợ giúp xã hội tại cơ sở trợ giúp xã hội,,,,True,3.000720,required_documents,Hỗ trợ chi phí hỏa táng cho cơ sở hỏa táng,0.4255,0.6086,1,1,221.6,,,,,
G0426,Muon thu tuc: Xu ly tai san ket cau ha tang duong thuy noi dia can chuan bi ho so gi?,positive,required_documents,6.006766,required_documents,required_documents,generated,no_accent,Thủ tục: Xử lý tài sản kết cấu hạ tầng đường thủy nội địa,,,,False,1.014036,location,Thủ tục hỗ trợ chi phí khuyến khích hỏa táng,0.3298,0.3363,3,3,224.8,,,,,
G0427,Thoi han giai quyet cong nhan giam doc trung tam giao duc nghe nghiep tu thuc la bao nhieu ngay?,positive,processing_time,2.000632,processing_time,processing_time,generated,no_accent,Công nhận giám đốc trung tâm giáo dục nghề nghiệp tư thục,,,,True,1.013754,processing_time,"Giải thể trung tâm giáo dục thường xuyên, trung tâm giáo dục nghề nghiệp - giáo dục thường xuyên tư thục",0.311,0.6904,3,3,232.1,,,,,
G0428,"Thoi han giai quyet cap lai Giay chung nhan du dieu kien dau tu kinh doanh di vat, co vat la bao nhieu ngay?",positive,processing_time,1.014615,processing_time,processing_time,generated,no_accent,"Thủ tục cấp lại Giấy chứng nhận đủ điều kiện đầu tư kinh doanh di vật, cổ vật",,,,True,3.000508,processing_time,"Thủ tục điều chỉnh quyết định giao chủ đầu tư, quyết định chấp thuận chủ trương đầu tư đồng thời giao chủ đầu tư đối với dự án đầu tư xây dựng nhà ở xã hội",0.4617,0.6122,3,3,372.7,,,,,
G0429,"Thoi han giai quyet dang ky di vat, co vat la bao nhieu ngay?",positive,processing_time,2.001631,processing_time,processing_time,generated,no_accent,"Thủ tục đăng ký di vật, cổ vật",,,,True,6.006593,processing_time,Thủ tục chuyển đổi công năng nhà ở thuộc tài sản công,0.3767,0.5697,3,3,322.2,,,,,
G0430,"Thoi han giai quyet phe duyet danh muc dau tu luoi dien trung ap, ha ap la bao nhieu ngay?",positive,processing_time,1.013394,processing_time,processing_time,generated,no_accent,"Phê duyệt danh mục đầu tư lưới điện trung áp, hạ áp",,,,True,1.009661,processing_time,Thủ tục thông báo về việc tự quyết định ngừng hoạt động dự án của nhà đầu tư,0.3402,0.5435,3,3,231.1,,,,,
G0431,Thoi han giai quyet cap lai the Kiem dinh vien kiem dinh chat luong giao duc la bao nhieu ngay?,positive,processing_time,1.001951,processing_time,processing_time,generated,no_accent,Cấp lại thẻ Kiểm định viên kiểm định chất lượng giáo dục,,,,True,5.003841,processing_time,Giải thể trung tâm hỗ trợ phát triển giáo dục hòa nhập công lập,0.3125,0.5579,3,3,223.2,,,,,
G0432,"Thoi han giai quyet thu hoi chung nhan dang ky xe, bien so xe la bao nhieu ngay?",positive,processing_time,1.115971,processing_time,processing_time,generated,no_accent,"Thu hồi chứng nhận đăng ký xe, biển số xe",1.0,1.0,1.0,True,1.115971,processing_time,"Thu hồi chứng nhận đăng ký xe, biển số xe",0.3485,0.872,1,1,221.2,,,,,
G0433,"Thoi han giai quyet cap Giay phep dao tao lai xe, cap Giay phep xe tap lai la bao nhieu ngay?",positive,processing_time,1.001777,processing_time,processing_time,generated,no_accent,"Cấp Giấy phép đào tạo lái xe, cấp Giấy phép xe tập lái",,,,True,1.001751,processing_time,"Cấp bổ sung xe tập lái, cấp lại Giấy phép xe tập lái",0.4647,0.7697,3,3,226.2,,,,,
G0434,"Thoi han giai quyet doi giay phep lai xe quan su, Cong an la bao nhieu ngay?",positive,processing_time,1.115979,processing_time,processing_time,generated,no_accent,"Đổi giấy phép lái xe quân sự, Công an",,,,True,1.115972,processing_time,"Cấp, thu hồi giấy phép hoạt động đối với phương tiện giao thông thông minh",0.3833,0.5903,3,3,221.3,,,,,
G0435,"Thoi han giai quyet sap nhap, chia, tach truong pho thong dan toc noi tru la bao nhieu ngay?",positive,processing_time,5.003829,processing_time,processing_time,generated,no_accent,"Sáp nhập, chia, tách trường phổ thông dân tộc nội trú",,,,True,5.003830,processing_time,Giải thể trường phổ thông dân tộc nội trú,0.3513,0.6931,3,3,222.2,,,,,
G0436,Thoi han giai quyet cong nhan va giai quyet che do uu dai nguoi hoat dong cach mang la bao nhieu ngay?,positive,processing_time,1.010815,processing_time,processing_time,generated,no_accent,Công nhận và giải quyết chế độ ưu đãi người hoạt động cách mạng.,,,,True,1.012894,processing_time,Giải quyết bán phần diện tích nhà đất sử dụng chung của nhà ở cũ thuộc tài sản công,0.2552,0.5213,3,3,226.7,,,,,
G0437,Le phi dang ky khai sinh co yeu to nuoc ngoai la bao nhieu?,positive,fee,2.000528,fee,fee,generated,no_accent,Thủ tục đăng ký khai sinh có yếu tố nước ngoài,,,,True,2.002855,fee,Tiếp nhận học sinh Việt Nam từ nước ngoài về nước,0.2826,0.5783,3,3,324.9,,,,,
G0438,"Le phi thay doi, cai chinh, bo sung thong tin ho tich, xac dinh lai dan toc la bao nhieu?",positive,fee,1.004859,fee,fee,generated,no_accent,"Thủ tục thay đổi, cải chính, bổ sung thông tin hộ tịch, xác định lại dân tộc",1.0,1.0,1.0,True,1.004859,fee,"Thủ tục thay đổi, cải chính, bổ sung thông tin hộ tịch, xác định lại dân tộc",0.3451,0.8708,1,1,345.3,,,,,
G0439,Le phi cap Giay xac nhan co quoc tich Viet Nam o nuoc ngoai la bao nhieu?,positive,fee,1.005137,fee,fee,generated,no_accent,Cấp Giấy xác nhận có quốc tịch Việt Nam ở nước ngoài,1.0,1.0,1.0,True,1.005137,fee,Cấp Giấy xác nhận có quốc tịch Việt Nam ở nước ngoài,0.3267,0.8643,1,1,221.0,,,,,
G0440,"Le phi dang ky nhan cha, me, con la bao nhieu?",positive,fee,1.001022,fee,fee,generated,no_accent,"Thủ tục đăng ký nhận cha, mẹ, con",1.0,,,False,1.001022,required_documents,"Thủ tục đăng ký nhận cha, mẹ, con",0.2839,0.4744,2,2,327.0,,,,,
G0441,Le phi cap Giay phep dieu chinh Giay phep du dieu kien kinh doanh dich vu vu truong la bao nhieu?,positive,fee,1.000922,fee,fee,generated,no_accent,Thủ tục cấp Giấy phép điều chỉnh Giấy phép đủ điều kiện kinh doanh dịch vụ vũ trường,,,,True,1.009664,fee,Thủ tục cấp Giấy chứng nhận đăng ký đầu tư,0.3158,0.5473,3,3,357.4,,,,,
G0442,Le phi cap ban sao co chung thuc tu ban chinh giao dich da duoc chung thuc la bao nhieu?,positive,fee,2.000942,fee,fee,generated,no_accent,Cấp bản sao có chứng thực từ bản chính giao dịch đã được chứng thực,,,,True,3.000508,fee,"Thủ tục điều chỉnh quyết định giao chủ đầu tư, quyết định chấp thuận chủ trương đầu tư đồng thời giao chủ đầu tư đối với dự án đầu tư xây dựng nhà ở xã hội",0.2776,0.5259,3,3,225.4,,,,,
G0443,Le phi cap giay phep hoat dong cua to chuc con nuoi nuoc ngoai tai Viet Nam la bao nhieu?,positive,fee,1.005133,fee,fee,generated,no_accent,Thủ tục Cấp giấy phép hoạt động của tổ chức con nuôi nước ngoài tại Việt Nam,,,,False,2.000779,required_documents,"Thủ tục đăng ký nhận cha, mẹ, con có yếu tố nước ngoài",0.3145,0.6096,3,3,358.4,,,,,
G0444,Le phi danh gia dinh ky viec duy tri dap ung Thuc hanh tot thu thuoc tren lam sang la bao nhieu?,positive,fee,1.014762,fee,fee,generated,no_accent,Thủ tục Đánh giá định kỳ việc duy trì đáp ứng Thực hành tốt thử thuốc trên lâm sàng,,,,True,1.014764,fee,Phê duyệt thay đổi đề cương nghiên cứu thử thuốc trên lâm sàng.,0.2458,0.544,3,3,353.3,,,,,
G0445,Le phi cap giay xac nhan co quoc tich Viet Nam la bao nhieu?,positive,fee,2.000750,fee,fee,generated,no_accent,Thủ tục cấp giấy xác nhận có quốc tịch Việt Nam,1.0,1.0,1.0,True,2.000750,fee,Thủ tục cấp giấy xác nhận có quốc tịch Việt Nam,0.2935,0.8527,1,1,343.0,,,,,
G0446,"Le phi cap moi Giay chung nhan du dieu kien ve an ninh, trat tu la bao nhieu?",positive,fee,2.001478,fee,fee,generated,no_accent,"Cấp mới Giấy chứng nhận đủ điều kiện về an ninh, trật tự (thực hiện tại cấp tỉnh)",,,,True,1.014529,fee,"Chính sách hỗ trợ chi phí học tập cho học sinh, sinh viên học trình độ trung cấp, trình độ cao đẳng tại các cơ sở giáo dục nghề nghiệp trên địa bàn tỉnh Bắc NInh",0.2633,0.5088,3,3,357.4,,,,,
G0447,Nop ho so kiem tra chat luong hang hoa vat lieu xay dung nhap khau co muc do rui ro cao tai dau?,positive,location,1.115407,location,location,generated,no_accent,Kiểm tra chất lượng hàng hóa vật liệu xây dựng nhập khẩu có mức độ rủi ro cao,,,,False,3.000720,required_documents,Hỗ trợ chi phí hỏa táng cho cơ sở hỏa táng,0.2585,0.4774,3,3,234.3,,,,,
G0448,"Nop ho so gop von, mua co phan, mua phan von gop tai dau?",positive,location,1.009729,location,location,generated,no_accent,"Thủ tục góp vốn, mua cổ phần, mua phần vốn góp",,,,False,1.013846,required_documents,Chuyển nhượng toàn bộ phần vốn góp của toàn bộ thành viên hợp danh của Văn phòng công chứng,0.2543,0.5581,2,2,323.8,,,,,
G0449,"Nop ho so de nghi danh gia, cong nhan “Cong dong hoc tap” cap tinh tai dau?",positive,location,6.006688,location,location,generated,no_accent,"Đề nghị đánh giá, công nhận “Cộng đồng học tập” cấp tỉnh",1.0,1.0,1.0,True,6.006688,location,"Đề nghị đánh giá, công nhận “Cộng đồng học tập” cấp tỉnh",0.3551,0.6618,3,3,221.1,,,,,
G0450,Nop ho so xoa chi phi boi hoan tai dau?,positive,location,1.115984,location,location,generated,no_accent,Xóa chi phí bồi hoàn (cấp tỉnh),,,,False,3.000720,required_documents,Hỗ trợ chi phí hỏa táng cho cơ sở hỏa táng,0.2684,0.5598,3,3,327.0,,,,,
G0451,Nop ho so tuyen chon tong cong trinh su he thong tai dau?,positive,location,1.014317,location,location,generated,no_accent,THỦ TỤC TUYỂN CHỌN TỔNG CÔNG TRÌNH SƯ HỆ THỐNG,1.0,1.0,1.0,True,1.014317,location,THỦ TỤC TUYỂN CHỌN TỔNG CÔNG TRÌNH SƯ HỆ THỐNG,0.294,0.6375,3,3,347.7,,,,,
G0452,Nop ho so xac dinh chi phi ho tro dau tu ket cau ha tang tai dau?,positive,location,1.116210,location,location,generated,no_accent,"Xác định chi phí hỗ trợ đầu tư kết cấu hạ tầng (thực hiện sau khi có quyết định của Ủy ban nhân dân tỉnh về diện tích đất của khu công nghiệp dành cho doanh nghiệp được hỗ trợ thuê, thuê lại)",,,,True,1.001731,location,Hỗ trợ chi phí mai táng cho đối tượng bảo trợ xã hội,0.3158,0.6103,3,3,342.3,,,,,
G0453,Nop ho so dang ky khai sinh cho tre em sinh ra o nuoc ngoai va co quoc tich Viet Nam tai dau?,positive,location,1.001020,location,location,generated,no_accent,Thủ tục đăng ký khai sinh cho trẻ em sinh ra ở nước ngoài và có quốc tịch Việt Nam,1.0,,,False,1.001020,required_documents,Thủ tục đăng ký khai sinh cho trẻ em sinh ra ở nước ngoài và có quốc tịch Việt Nam,0.3895,0.8813,2,2,360.5,,,,,
G0454,"Nop ho so tuyen chon kien truc su truong cap bo, cap tinh, du an tai dau?",positive,location,1.014319,location,location,generated,no_accent,"THỦ TỤC TUYỂN CHỌN KIẾN TRÚC SƯ TRƯỞNG CẤP BỘ, CẤP TỈNH, DỰ ÁN",,,,False,1.012976,required_documents,Thành lập hoặc cho phép thành lập trường đại học,0.3088,0.513,1,1,367.4,,,,,
G0455,Nop ho so chap thuan nha dau tu du an luoi dien tai dau?,positive,location,3.000619,location,location,generated,no_accent,Chấp thuận nhà đầu tư dự án lưới điện,,,,False,1.014973,required_documents,Hỗ trợ đầu tư phát triển du lịch cộng đồng,0.2468,0.5472,2,2,230.6,,,,,
G0456,"Nop ho so cap, thu hoi giay phep hoat dong doi voi phuong tien giao thong thong minh tai dau?",positive,location,1.115972,location,location,generated,no_accent,"Cấp, thu hồi giấy phép hoạt động đối với phương tiện giao thông thông minh",,,,False,1.004859,required_documents,"Thủ tục thay đổi, cải chính, bổ sung thông tin hộ tịch, xác định lại dân tộc",0.4202,0.5855,3,3,230.2,,,,,
G0457,"trinh tu, thu tuc thanh lap trung tam giao duc quoc phong va an ninh theo nghi dinh thong tu nao?",positive,legal_basis,1.013645,legal_basis,legal_basis,generated,no_accent,"Trình tự, thủ tục thành lập trung tâm giáo dục quốc phòng và an ninh",1.0,,,False,1.013645,location,"Trình tự, thủ tục thành lập trung tâm giáo dục quốc phòng và an ninh",0.2855,0.6289,2,2,228.3,,,,,
G0458,dieu chinh chuong trinh phat trien nha o cap tinh theo nghi dinh thong tu nao?,positive,legal_basis,6.001434,legal_basis,legal_basis,generated,no_accent,Điều chỉnh chương trình phát triển nhà ở cấp tỉnh,,,,True,1.012605,legal_basis,"THỦ TỤC ĐỀ NGHỊ GIẢNG ĐẠO NGOÀI ĐỊA BÀN PHỤ TRÁCH, CƠ SỞ TÔN GIÁO, ĐỊA ĐIỂM HỢP PHÁP ĐÃ ĐĂNG KÝ CÓ QUY MÔ TỔ CHỨC Ở NHIỀU XÃ THUỘC MỘT TỈNH HOẶC Ở NHIỀU TỈNH (CẤP TỈNH)",0.3046,0.5092,2,2,227.1,,,,,
G0459,"giai quyet huong che do TNLD, BNN do thuong tat, benh tat tai phat theo nghi dinh thong tu nao?",positive,legal_basis,1.001521,legal_basis,legal_basis,generated,no_accent,"Giải quyết hưởng chế độ TNLĐ, BNN do thương tật, bệnh tật tái phát",,,,True,1.012085,legal_basis,Thủ tục hủy bỏ Quyết định cấm tiếp xúc theo đơn đề nghị,0.2821,0.4888,3,3,227.4,,,,,
G0460,"cap bo sung xe tap lai, cap lai Giay phep xe tap lai theo nghi dinh thong tu nao?",positive,legal_basis,1.001751,legal_basis,legal_basis,generated,no_accent,"Cấp bổ sung xe tập lái, cấp lại Giấy phép xe tập lái",1.0,1.0,1.0,True,1.001751,legal_basis,"Cấp bổ sung xe tập lái, cấp lại Giấy phép xe tập lái",0.4483,0.8684,1,1,223.1,,,,,
G0461,"de nghi danh gia, cong nhan “Cong dong hoc tap ""cap xa theo nghi dinh thong tu nao?",positive,legal_basis,6.006695,legal_basis,legal_basis,generated,no_accent,"Thủ tục đề nghị đánh giá, công nhận “Cộng đồng học tập ""cấp xã",1.0,,,False,6.006695,location,"Thủ tục đề nghị đánh giá, công nhận “Cộng đồng học tập ""cấp xã",0.2356,0.485,3,3,372.6,,,,,
G0462,xay dung chuong trinh phat trien nha o cap tinh theo nghi dinh thong tu nao?,positive,legal_basis,6.001430,legal_basis,legal_basis,generated,no_accent,Xây dựng chương trình phát triển nhà ở cấp tỉnh,,,,False,1.009491,location,Trình tự chuẩn bị dự án đầu tư do nhà đầu tư đề xuất (cấp tỉnh),0.256,0.3412,3,3,229.1,,,,,
G0463,ap dung bien phap bao dam dau tu theo nghi dinh thong tu nao?,positive,legal_basis,1.115147,legal_basis,legal_basis,generated,no_accent,Thủ tục áp dụng biện pháp bảo đảm đầu tư,1.0,1.0,1.0,True,1.115147,legal_basis,Thủ tục áp dụng biện pháp bảo đảm đầu tư,0.2561,0.8033,1,1,330.7,,,,,
G0464,"chinh sach ho tro chi phi hoc tap cho hoc sinh, sinh vien theo nghi dinh thong tu nao?",positive,legal_basis,1.014581,legal_basis,legal_basis,generated,no_accent,"Chính sách hỗ trợ chi phí học tập cho học sinh, sinh viên",1.0,1.0,1.0,True,1.014581,legal_basis,"Chính sách hỗ trợ chi phí học tập cho học sinh, sinh viên",0.469,0.8808,1,1,229.3,,,,,
G0465,"chung thuc chu ky trong cac giay to, van ban theo nghi dinh thong tu nao?",positive,legal_basis,2.000884,legal_basis,legal_basis,generated,no_accent,"Chứng thực chữ ký trong các giấy tờ, văn bản (áp dụng cho cả trường hợp chứng thực điểm chỉ và trường hợp người yêu cầu chứng thực không thể ký, không thể điểm chỉ được)",,,,True,2.002308,legal_basis,Giải quyết chế độ mai táng phí đối với thanh niên xung phong thời kỳ chống Pháp,0.2874,0.4806,2,2,353.9,,,,,
G0466,xet tang danh hieu “Gia dinh van hoa” theo nghi dinh thong tu nao?,positive,legal_basis,6.006758,legal_basis,legal_basis,generated,no_accent,Xét tặng danh hiệu “Gia đình văn hoá”,,,,True,3.000308,legal_basis,"Giải thể trung tâm học tập cộng đồng (theo đề nghị của tổ chức, cá nhân thành lập trung tâm)",0.3104,0.492,2,2,241.5,,,,,
G0467,"Muốn ký hợp đồng khám bệnh, chữa bệnh BHYT cần chuẩn bị hồ sơ gì?",positive,required_documents,1.001798,required_documents,required_documents,generated,abbrev,"Ký hợp đồng khám bệnh, chữa bệnh bảo hiểm y tế",1.0,1.0,1.0,True,1.001798,required_documents,"Ký hợp đồng khám bệnh, chữa bệnh bảo hiểm y tế",0.7407,0.982,3,3,327.0,,,,,
G0468,"Muốn cấp lại GCN đủ điều kiện sản xuất, sửa chữa chai LPG cần chuẩn bị hồ sơ gì?",positive,required_documents,1.000455,required_documents,required_documents,generated,abbrev,"Cấp lại Giấy chứng nhận đủ điều kiện sản xuất, sửa chữa chai LPG",1.0,1.0,1.0,True,1.000455,required_documents,"Cấp lại Giấy chứng nhận đủ điều kiện sản xuất, sửa chữa chai LPG",0.7292,0.9865,1,1,352.8,,,,,
G0469,Muốn xin thôi quốc tịch VN tại CQĐD VN ở nước ngoài cần chuẩn bị hồ sơ gì?,positive,required_documents,1.001730,required_documents,required_documents,generated,abbrev,Thủ tục xin thôi quốc tịch Việt Nam tại cơ quan đại diện Việt Nam ở nước ngoài,,,,True,1.005141,required_documents,Thôi quốc tịch Việt Nam ở nước ngoài,0.5681,0.9181,3,3,335.4,,,,,
G0470,"Muốn cấp, cấp lại GP sát hạch cho trung tâm sát hạch lái xe cần chuẩn bị hồ sơ gì?",positive,required_documents,1.115975,required_documents,required_documents,generated,abbrev,"Cấp, cấp lại giấy phép sát hạch cho trung tâm sát hạch lái xe",1.0,1.0,1.0,True,1.115975,required_documents,"Cấp, cấp lại giấy phép sát hạch cho trung tâm sát hạch lái xe",0.4513,0.8829,1,1,361.1,,,,,
G0471,"Muốn xóa đăng ký thuê, cho thuê lại QSDĐ trong dự án xây dựng kinh doanh kết cấu hạ tầng cần chuẩn bị hồ sơ gì?",positive,required_documents,1.116489,required_documents,required_documents,generated,abbrev,"Xóa đăng ký thuê, cho thuê lại quyền sử dụng đất trong dự án xây dựng kinh doanh kết cấu hạ tầng (UBND thành phố Cần Thơ)",1.0,1.0,1.0,True,1.116489,required_documents,"Xóa đăng ký thuê, cho thuê lại quyền sử dụng đất trong dự án xây dựng kinh doanh kết cấu hạ tầng (UBND thành phố Cần Thơ)",0.5267,0.6676,3,3,364.7,,,,,
G0472,Muốn báo cáo chuyên gia khoa học công nghệ không thuộc diện cấp GP lao động làm việc tại VN cần chuẩn bị hồ sơ gì?,positive,required_documents,2.001940,required_documents,required_documents,generated,abbrev,Báo cáo chuyên gia khoa học công nghệ không thuộc diện cấp giấy phép lao động làm việc tại Việt Nam,1.0,1.0,1.0,True,2.001940,required_documents,Báo cáo chuyên gia khoa học công nghệ không thuộc diện cấp giấy phép lao động làm việc tại Việt Nam,0.3921,0.8682,1,1,370.2,,,,,
G0473,"Muốn cấp, cấp lại GCN đăng ký hành nghề công tác xã hội cần chuẩn bị hồ sơ gì?",positive,required_documents,1.013817,required_documents,required_documents,generated,abbrev,"Cấp, cấp lại giấy chứng nhận đăng ký hành nghề công tác xã hội",1.0,,,False,1.013817,location,"Cấp, cấp lại giấy chứng nhận đăng ký hành nghề công tác xã hội",0.524,0.712,3,3,367.1,,,,,
G0474,"Muốn cấp GCN đủ điều kiện sản xuất, sửa chữa chai LPG cần chuẩn bị hồ sơ gì?",positive,required_documents,1.000475,required_documents,required_documents,generated,abbrev,"Cấp Giấy chứng nhận đủ điều kiện sản xuất, sửa chữa chai LPG",1.0,1.0,1.0,True,1.000475,required_documents,"Cấp Giấy chứng nhận đủ điều kiện sản xuất, sửa chữa chai LPG",0.7232,0.9965,2,2,344.5,,,,,
G0475,Muốn cấp GCN đủ điều kiện kinh doanh hoạt động thể thao đối với môn Mô tô nước trên biển cần chuẩn bị hồ sơ gì?,positive,required_documents,1.001213,required_documents,required_documents,generated,abbrev,Thủ tục cấp giấy chứng nhận đủ điều kiện kinh doanh hoạt động thể thao đối với môn Mô tô nước trên biển,1.0,1.0,1.0,True,1.001213,required_documents,Thủ tục cấp giấy chứng nhận đủ điều kiện kinh doanh hoạt động thể thao đối với môn Mô tô nước trên biển,0.6224,0.9633,1,1,381.5,,,,,
G0476,"Muốn cấp GP kinh doanh vận tải bằng xe ô tô, bằng xe bốn bánh có gắn động cơ cần chuẩn bị hồ sơ gì?",positive,required_documents,1.000703,required_documents,required_documents,generated,abbrev,"Cấp Giấy phép kinh doanh vận tải bằng xe ô tô, bằng xe bốn bánh có gắn động cơ",1.0,1.0,1.0,True,1.000703,required_documents,"Cấp Giấy phép kinh doanh vận tải bằng xe ô tô, bằng xe bốn bánh có gắn động cơ",0.6151,0.9486,1,1,367.9,,,,,
G0477,"Thời hạn giải quyết đề nghị cấp GP cho lực lượng, phương tiện nước ngoài vào tìm kiếm, cứu nạn tại VN là bao nhiêu ngày?",positive,processing_time,1.005027,processing_time,processing_time,generated,abbrev,"Đề nghị cấp giấy phép cho lực lượng, phương tiện nước ngoài vào tìm kiếm, cứu nạn tại Việt Nam",1.0,1.0,1.0,True,1.005027,processing_time,"Đề nghị cấp giấy phép cho lực lượng, phương tiện nước ngoài vào tìm kiếm, cứu nạn tại Việt Nam",0.449,0.8935,1,1,366.4,,,,,
G0478,Thời hạn giải quyết cấp GCN đăng ký hoạt động giáo dục nghề nghiệp đối với trường cao đẳng là bao nhiêu ngày?,positive,processing_time,2.002881,processing_time,processing_time,generated,abbrev,Cấp giấy chứng nhận đăng ký hoạt động giáo dục nghề nghiệp đối với trường cao đẳng,1.0,1.0,1.0,True,2.002881,processing_time,Cấp giấy chứng nhận đăng ký hoạt động giáo dục nghề nghiệp đối với trường cao đẳng,0.4519,0.9029,1,1,384.6,,,,,
G0479,"Thời hạn giải quyết điều chỉnh, cấp lại GP quá cảnh chất ma túy, tiền chất thuộc thẩm quyền của Bộ Công an là bao nhiêu ngày?",positive,processing_time,1.116479,processing_time,processing_time,generated,abbrev,"Điều chỉnh, cấp lại giấy phép quá cảnh chất ma túy, tiền chất thuộc thẩm quyền của Bộ Công an",,,,True,1.116468,processing_time,"Điều chỉnh, cấp lại Quyết định cấp phép nghiên cứu chất ma túy, tiền chất thuộc thẩm quyền của Bộ Công an",0.4711,0.7737,3,3,370.1,,,,,
G0480,Thời hạn giải quyết cấp GP thi công công trình trên đường bộ đang khai thác là bao nhiêu ngày?,positive,processing_time,1.013061,processing_time,processing_time,generated,abbrev,Cấp giấy phép thi công công trình trên đường bộ đang khai thác,1.0,1.0,1.0,True,1.013061,processing_time,Cấp giấy phép thi công công trình trên đường bộ đang khai thác,0.4639,0.9057,1,1,356.8,,,,,
G0481,Thời hạn giải quyết cấp lại GP hoạt động của Sàn giao dịch bất động sản là bao nhiêu ngày?,positive,processing_time,1.012902,processing_time,processing_time,generated,abbrev,Cấp lại giấy phép hoạt động của Sàn giao dịch bất động sản (trong trường hợp thay đổi thông tin của sàn),,,,True,1.012900,processing_time,Cấp giấy phép hoạt động của Sàn giao dịch bất động sản,0.5175,0.9168,1,1,347.1,,,,,
G0482,"Thời hạn giải quyết cấp lại GP xây dựng đối với công trình cấp III, cấp IV và nhà ở riêng lẻ là bao nhiêu ngày?",positive,processing_time,1.013228,processing_time,processing_time,generated,abbrev,"Cấp lại giấy phép xây dựng đối với công trình cấp III, cấp IV (công trình Không theo tuyến/Theo tuyến trong đô thị/Tín ngưỡng, tôn giáo/Tượng đài, tranh hoành tráng/Sửa chữa, cải tạo/Theo giai đoạn cho công trình không theo tuyến/Theo giai đoạn cho công trình theo tuyến trong đô thị/Dự án) và nhà ở riêng lẻ",,,,True,1.009122,processing_time,"Cấp giấy phép xây dựng có thời hạn đối với công trình, nhà ở riêng lẻ (công trình cấp III, cấp IV)",0.4891,0.9069,1,1,364.9,,,,,
G0483,Thời hạn giải quyết điều chỉnh GCN đăng ký hoạt động văn phòng điều hành của nhà đầu tư nước ngoài trong hợp đồng BCC là bao nhiêu ngày?,positive,processing_time,1.115146,processing_time,processing_time,generated,abbrev,Thủ tục điều chỉnh Giấy chứng nhận đăng ký hoạt động văn phòng điều hành của nhà đầu tư nước ngoài trong hợp đồng BCC,1.0,1.0,1.0,True,1.115146,processing_time,Thủ tục điều chỉnh Giấy chứng nhận đăng ký hoạt động văn phòng điều hành của nhà đầu tư nước ngoài trong hợp đồng BCC,0.5817,0.9493,1,1,359.0,,,,,
G0484,"Thời hạn giải quyết cấp GCN đủ điều kiện sản xuất, sửa chữa chai LPG là bao nhiêu ngày?",positive,processing_time,1.000475,processing_time,processing_time,generated,abbrev,"Cấp Giấy chứng nhận đủ điều kiện sản xuất, sửa chữa chai LPG",1.0,1.0,1.0,True,1.000475,processing_time,"Cấp Giấy chứng nhận đủ điều kiện sản xuất, sửa chữa chai LPG",0.6826,0.9827,1,1,343.1,,,,,
G0485,Thời hạn giải quyết thu hồi GP sát hạch; thu hồi chấp thuận hoạt động của sân tập lái để sát hạch lái xe mô tô là bao nhiêu ngày?,positive,processing_time,1.115977,processing_time,processing_time,generated,abbrev,Thu hồi giấy phép sát hạch; thu hồi chấp thuận hoạt động của sân tập lái để sát hạch lái xe mô tô,,,,True,1.115976,processing_time,"Chấp thuận, chấp thuận lại hoạt động của sân tập lái để sát hạch lái xe mô tô",0.292,0.8472,1,1,349.0,,,,,
G0486,"Thời hạn giải quyết cấp GP đào tạo lái xe, cấp GP xe tập lái là bao nhiêu ngày?",positive,processing_time,1.001777,processing_time,processing_time,generated,abbrev,"Cấp Giấy phép đào tạo lái xe, cấp Giấy phép xe tập lái",1.0,1.0,1.0,True,1.001777,processing_time,"Cấp Giấy phép đào tạo lái xe, cấp Giấy phép xe tập lái",0.4308,0.8924,1,1,457.7,,,,,
G0487,Lệ phí cấp GP làm việc cho công dân Ô-xtơ-rây-li-a tham gia Chương trình Lao động kết hợp kỳ nghỉ tại VN là bao nhiêu?,positive,fee,2.001830,fee,fee,generated,abbrev,Cấp Giấy phép làm việc cho công dân Ô-xtơ-rây-li-a tham gia Chương trình Lao động kết hợp kỳ nghỉ tại Việt Nam,1.0,1.0,1.0,True,2.001830,fee,Cấp Giấy phép làm việc cho công dân Ô-xtơ-rây-li-a tham gia Chương trình Lao động kết hợp kỳ nghỉ tại Việt Nam,0.3495,0.8643,1,1,375.0,,,,,
G0488,"Lệ phí chứng thực giao dịch liên quan đến tài sản là động sản, QSDĐ, nhà ở là bao nhiêu?",positive,fee,2.001035,fee,fee,generated,abbrev,"Chứng thực giao dịch liên quan đến tài sản là động sản, quyền sử dụng đất, nhà ở",1.0,1.0,1.0,True,2.001035,fee,"Chứng thực giao dịch liên quan đến tài sản là động sản, quyền sử dụng đất, nhà ở",0.4775,0.9105,1,1,349.3,,,,,
G0489,"Lệ phí cấp GP xây dựng có thời hạn đối với công trình, nhà ở riêng lẻ là bao nhiêu?",positive,fee,1.009122,fee,fee,generated,abbrev,"Cấp giấy phép xây dựng có thời hạn đối với công trình, nhà ở riêng lẻ (công trình cấp III, cấp IV)",1.0,,,False,1.009122,processing_time,"Cấp giấy phép xây dựng có thời hạn đối với công trình, nhà ở riêng lẻ (công trình cấp III, cấp IV)",0.4067,0.879,1,1,371.3,,,,,
G0490,Lệ phí cấp GP lao động đối với người lao động nước ngoài làm việc tại VN là bao nhiêu?,positive,fee,1.014199,fee,fee,generated,abbrev,Cấp giấy phép lao động đối với người lao động nước ngoài làm việc tại Việt Nam,1.0,1.0,1.0,True,1.014199,fee,Cấp giấy phép lao động đối với người lao động nước ngoài làm việc tại Việt Nam,0.3878,0.8724,1,1,368.9,,,,,
G0491,"Lệ phí cấp đổi GCN đủ điều kiện về an ninh, trật tự là bao nhiêu?",positive,fee,2.001402,fee,fee,generated,abbrev,"Cấp đổi Giấy chứng nhận đủ điều kiện về an ninh, trật tự (thực hiện tại cấp tỉnh)",1.0,1.0,1.0,True,2.001402,fee,"Cấp đổi Giấy chứng nhận đủ điều kiện về an ninh, trật tự (thực hiện tại cấp tỉnh)",0.6143,0.9567,1,1,347.7,,,,,
G0492,Lệ phí cấp GP điều chỉnh GP đủ điều kiện kinh doanh dịch vụ vũ trường là bao nhiêu?,positive,fee,1.000922,fee,fee,generated,abbrev,Thủ tục cấp Giấy phép điều chỉnh Giấy phép đủ điều kiện kinh doanh dịch vụ vũ trường,1.0,1.0,1.0,True,1.000922,fee,Thủ tục cấp Giấy phép điều chỉnh Giấy phép đủ điều kiện kinh doanh dịch vụ vũ trường,0.4132,0.8869,1,1,339.2,,,,,
G0493,Lệ phí gia hạn GCN đủ điều kiện hoạt động kiểm định kỹ thuật an toàn lao động là bao nhiêu?,positive,fee,2.000199,fee,fee,generated,abbrev,Gia hạn Giấy chứng nhận đủ điều kiện hoạt động kiểm định kỹ thuật an toàn lao động,1.0,1.0,1.0,True,2.000199,fee,Gia hạn Giấy chứng nhận đủ điều kiện hoạt động kiểm định kỹ thuật an toàn lao động,0.4583,0.9045,2,2,348.0,,,,,
G0494,Lệ phí cấp GP đủ điều kiện kinh doanh dịch vụ karaoke là bao nhiêu?,positive,fee,1.001029,fee,fee,generated,abbrev,Thủ tục cấp giấy phép đủ điều kiện kinh doanh dịch vụ karaoke,1.0,1.0,1.0,True,1.001029,fee,Thủ tục cấp giấy phép đủ điều kiện kinh doanh dịch vụ karaoke,0.6213,0.9591,1,1,383.5,,,,,
G0495,"Lệ phí đổi, cấp lại GPLX là bao nhiêu?",positive,fee,1.115978,fee,fee,generated,abbrev,"Đổi, cấp lại Giấy phép lái xe",1.0,1.0,1.0,True,1.115978,fee,"Đổi, cấp lại Giấy phép lái xe",0.5972,0.8437,3,3,293.8,,,,,
G0496,"Lệ phí gia hạn hộ chiếu ngoại giao, hộ chiếu công vụ tại CQĐD VN ở nước ngoài là bao nhiêu?",positive,fee,2.002356,fee,fee,generated,abbrev,"Thủ tục gia hạn hộ chiếu ngoại giao, hộ chiếu công vụ (không gắn chip điện tử) tại cơ quan đại diện Việt Nam ở nước ngoài",,,,True,2.002352,fee,"Thủ tục cấp hộ chiếu ngoại giao, hộ chiếu công vụ tại cơ quan trong nước của Bộ Ngoại giao",0.4575,0.8768,1,1,305.9,,,,,
G0497,"Nộp hồ sơ cấp GP xây dựng sửa chữa, cải tạo đối với công trình cấp III, cấp IV và nhà ở riêng lẻ: tại đâu?",positive,location,1.013229,location,location,generated,abbrev,"Cấp giấy phép xây dựng sửa chữa, cải tạo đối với công trình cấp III, cấp IV (công trình Không theo tuyến/Theo tuyến trong đô thị/Tín ngưỡng, tôn giáo/Tượng đài, tranh hoành tráng/Theo giai đoạn cho công trình không theo tuyến/Theo giai đoạn cho công trình theo tuyến trong đô thị/Dự án) và nhà ở riêng lẻ:",,,,False,1.009122,required_documents,"Cấp giấy phép xây dựng có thời hạn đối với công trình, nhà ở riêng lẻ (công trình cấp III, cấp IV)",0.5841,0.9378,1,1,578.2,,,,,
G0498,Nộp hồ sơ điều chỉnh GCN đăng ký đầu tư tại đâu?,positive,location,1.009647,location,location,generated,abbrev,Thủ tục điều chỉnh Giấy chứng nhận đăng ký đầu tư,3.0,,,False,1.000381,required_documents,Điều chỉnh Giấy chứng nhận đăng ký đầu tư ra nước ngoài đối với dự án không thuộc diện báo cáo Thủ tướng Chính phủ chấp thuận.,0.4997,0.8112,3,3,631.8,,,,,
G0499,"Nộp hồ sơ chỉnh lý, đăng ký biến động, cấp GCN đối với phần diện tích sau khi giải phóng mặt bằng tại đâu?",positive,location,1.116452,location,location,generated,abbrev,"(Hà Nội) Chỉnh lý, đăng ký biến động, cấp Giấy chứng nhận đối với phần diện tích sau khi giải phóng mặt bằng (Cấp tỉnh)",1.0,,,False,1.116452,processing_time,"(Hà Nội) Chỉnh lý, đăng ký biến động, cấp Giấy chứng nhận đối với phần diện tích sau khi giải phóng mặt bằng (Cấp tỉnh)",0.4646,0.546,1,1,683.9,,,,,
G0500,Nộp hồ sơ cấp GP thi công lắp đặt cấp nước cho các hộ dân tại đâu?,positive,location,1.009159,location,location,generated,abbrev,Cấp giấy phép thi công lắp đặt cấp nước cho các hộ dân,1.0,,,False,1.009159,required_documents,Cấp giấy phép thi công lắp đặt cấp nước cho các hộ dân,0.6848,0.9589,1,1,569.7,,,,,
G0501,"Nộp hồ sơ gia hạn thời hạn GP cho lực lượng, phương tiện nước ngoài vào tìm kiếm, cứu nạn tại VN tại đâu?",positive,location,1.005032,location,location,generated,abbrev,"Gia hạn thời hạn giấy phép cho lực lượng, phương tiện nước ngoài vào tìm kiếm, cứu nạn tại Việt Nam",1.0,,,False,1.005032,required_documents,"Gia hạn thời hạn giấy phép cho lực lượng, phương tiện nước ngoài vào tìm kiếm, cứu nạn tại Việt Nam",0.4728,0.8964,1,1,621.7,,,,,
G0502,"Nộp hồ sơ cấp GCN đủ điều kiện kinh doanh giám định di vật, cổ vật tại đâu?",positive,location,1.001106,location,location,generated,abbrev,"Thủ tục cấp Giấy chứng nhận đủ điều kiện kinh doanh giám định di vật, cổ vật",1.0,1.0,1.0,True,1.001106,location,"Thủ tục cấp Giấy chứng nhận đủ điều kiện kinh doanh giám định di vật, cổ vật",0.62,0.7482,3,3,612.0,,,,,
G0503,Nộp hồ sơ cấp lại GCN đủ điều kiện trạm nạp CNG vào phương tiện vận tải tại đâu?,positive,location,1.000444,location,location,generated,abbrev,Cấp lại Giấy chứng nhận đủ điều kiện trạm nạp CNG vào phương tiện vận tải,1.0,,,False,1.000444,required_documents,Cấp lại Giấy chứng nhận đủ điều kiện trạm nạp CNG vào phương tiện vận tải,0.7875,1.0,1,1,641.1,,,,,
G0504,Nộp hồ sơ cấp lại GP làm việc trong kỳ nghỉ cho công dân Niu-Di-Lân tại đâu?,positive,location,2.000725,location,location,generated,abbrev,Cấp lại Giấy phép làm việc trong kỳ nghỉ cho công dân Niu-Di-Lân,1.0,,,False,2.000725,required_documents,Cấp lại Giấy phép làm việc trong kỳ nghỉ cho công dân Niu-Di-Lân,0.7731,1.0,1,1,643.4,,,,,
G0505,"Nộp hồ sơ cấp GP chặt hạ, dịch chuyển cây xanh tại đâu?",positive,location,1.002693,location,location,generated,abbrev,"Cấp giấy phép chặt hạ, dịch chuyển cây xanh",1.0,,,False,1.002693,required_documents,"Cấp giấy phép chặt hạ, dịch chuyển cây xanh",0.5744,0.9203,1,1,685.4,,,,,
G0506,Nộp hồ sơ hưởng lương hưu đối với người tham gia BHXH bắt buộc tại đâu?,positive,location,1.014171,location,location,generated,abbrev,HƯỞNG LƯƠNG HƯU ĐỐI VỚI NGƯỜI THAM GIA BẢO HIỂM XÃ HỘI BẮT BUỘC,,,,False,2.000605,required_documents,Giải quyết hưởng lương hưu; trợ cấp hằng tháng đối với cán bộ xã,0.4664,0.72,3,3,729.1,,,,,
G0507,"thôi hưởng trợ cấp sinh hoạt hàng tháng, BHYT đối với Nghệ nhân nhân dân, Nghệ nhân ưu tú theo nghị định thông tư nào?",positive,legal_basis,1.014312,legal_basis,legal_basis,generated,abbrev,"Thủ tục thôi hưởng trợ cấp sinh hoạt hàng tháng, bảo hiểm y tế đối với Nghệ nhân nhân dân, Nghệ nhân ưu tú",,,,True,1.014310,legal_basis,"Thủ tục hưởng trợ cấp sinh hoạt hàng tháng đối với Nghệ nhân nhân dân, Nghệ nhân ưu tú",0.4231,0.8681,1,1,724.1,,,,,
G0508,"cấp GP xây dựng sửa chữa, cải tạo đối với công trình cấp III, cấp IV và nhà ở riêng lẻ: theo nghị định thông tư nào?",positive,legal_basis,1.013229,legal_basis,legal_basis,generated,abbrev,"Cấp giấy phép xây dựng sửa chữa, cải tạo đối với công trình cấp III, cấp IV (công trình Không theo tuyến/Theo tuyến trong đô thị/Tín ngưỡng, tôn giáo/Tượng đài, tranh hoành tráng/Theo giai đoạn cho công trình không theo tuyến/Theo giai đoạn cho công trình theo tuyến trong đô thị/Dự án) và nhà ở riêng lẻ:",1.0,1.0,1.0,True,1.013229,legal_basis,"Cấp giấy phép xây dựng sửa chữa, cải tạo đối với công trình cấp III, cấp IV (công trình Không theo tuyến/Theo tuyến trong đô thị/Tín ngưỡng, tôn giáo/Tượng đài, tranh hoành tráng/Theo giai đoạn cho công trình không theo tuyến/Theo giai đoạn cho công trình theo tuyến trong đô thị/Dự án) và nhà ở riêng lẻ:",0.4625,0.6893,1,1,744.5,,,,,
G0509,"cấp GP lưu thông vật liệu, cấu kiện ngăn cháy, chống cháy theo nghị định thông tư nào?",positive,legal_basis,1.014783,legal_basis,legal_basis,generated,abbrev,"Cấp giấy phép lưu thông vật liệu, cấu kiện ngăn cháy, chống cháy",1.0,1.0,1.0,True,1.014783,legal_basis,"Cấp giấy phép lưu thông vật liệu, cấu kiện ngăn cháy, chống cháy",0.4048,0.8584,1,1,614.8,,,,,
G0510,"cấp lại GCN đủ điều kiện kinh doanh giám định di vật, cổ vật theo nghị định thông tư nào?",positive,legal_basis,1.001123,legal_basis,legal_basis,generated,abbrev,"Thủ tục cấp lại Giấy chứng nhận đủ điều kiện kinh doanh giám định di vật, cổ vật",1.0,1.0,1.0,True,1.001123,legal_basis,"Thủ tục cấp lại Giấy chứng nhận đủ điều kiện kinh doanh giám định di vật, cổ vật",0.5447,0.9094,1,1,629.9,,,,,
G0511,"cấp GP xây dựng có thời hạn đối với công trình, nhà ở riêng lẻ theo nghị định thông tư nào?",positive,legal_basis,1.009122,legal_basis,legal_basis,generated,abbrev,"Cấp giấy phép xây dựng có thời hạn đối với công trình, nhà ở riêng lẻ (công trình cấp III, cấp IV)",1.0,,,False,1.009122,required_documents,"Cấp giấy phép xây dựng có thời hạn đối với công trình, nhà ở riêng lẻ (công trình cấp III, cấp IV)",0.4088,0.6826,3,3,765.5,,,,,
G0512,báo cáo chuyên gia khoa học công nghệ không thuộc diện cấp GP lao động làm việc tại VN theo nghị định thông tư nào?,positive,legal_basis,2.001940,legal_basis,legal_basis,generated,abbrev,Báo cáo chuyên gia khoa học công nghệ không thuộc diện cấp giấy phép lao động làm việc tại Việt Nam,1.0,1.0,1.0,True,2.001940,legal_basis,Báo cáo chuyên gia khoa học công nghệ không thuộc diện cấp giấy phép lao động làm việc tại Việt Nam,0.2897,0.8196,1,1,748.1,,,,,
G0513,xác nhận hồ sơ cấp mới/cấp lại GCN biển số nhà theo nghị định thông tư nào?,positive,legal_basis,1.009022,legal_basis,legal_basis,generated,abbrev,Thủ tục xác nhận hồ sơ cấp mới/cấp lại Giấy chứng nhận biển số nhà,,,,False,1.009141,fee,Cấp mới/cấp lại Giấy chứng nhận số nhà,0.4601,0.6644,2,2,697.0,,,,,
G0514,"cấp lại, sửa đổi, bổ sung GP thành lập cơ sở hỗ trợ nạn nhân theo nghị định thông tư nào?",positive,legal_basis,2.000027,legal_basis,legal_basis,generated,abbrev,"Cấp lại, sửa đổi, bổ sung Giấy phép thành lập cơ sở hỗ trợ nạn nhân",1.0,1.0,1.0,True,2.000027,legal_basis,"Cấp lại, sửa đổi, bổ sung Giấy phép thành lập cơ sở hỗ trợ nạn nhân",0.4159,0.864,1,1,726.1,,,,,
G0515,"cấp GP cho phương tiện vận tải vào đường cấm; dừng, đỗ xe tại khu vực cấm theo nghị định thông tư nào?",positive,legal_basis,1.014029,legal_basis,legal_basis,generated,abbrev,"Cấp Giấy phép cho phương tiện vận tải vào đường cấm; dừng, đỗ xe tại khu vực cấm",1.0,1.0,1.0,True,1.014029,legal_basis,"Cấp Giấy phép cho phương tiện vận tải vào đường cấm; dừng, đỗ xe tại khu vực cấm",0.5439,0.9088,1,1,703.2,,,,,
G0516,đăng ký việc nuôi con nuôi tại CQĐD VN ở nước ngoài theo nghị định thông tư nào?,positive,legal_basis,1.003213,legal_basis,legal_basis,generated,abbrev,Thủ tục Đăng ký việc nuôi con nuôi tại Cơ quan đại diện Việt Nam ở nước ngoài,,,,True,1.000808,legal_basis,Thủ tục đăng ký việc nhận nuôi con nuôi giữa người nhận nuôi là công dân Việt Nam tạm trú ở nước ngoài với trẻ em được nhận nuôi là công dân Việt Nam tạm trú ở nước ngoài,0.4008,0.6104,2,2,658.8,,,,,
G0517,"Sử dụng đất kết hợp đa mục đích, gia hạn phương án sử dụng đất kết hợp đa mục đích (TPCT) cần những giấy tờ gì?",positive,required_documents,1.116531,required_documents,required_documents,generated,confusable,"Sử dụng đất kết hợp đa mục đích, gia hạn phương án sử dụng đất kết hợp đa mục đích (TPCT)",1.0,1.0,1.0,True,1.116531,required_documents,"Sử dụng đất kết hợp đa mục đích, gia hạn phương án sử dụng đất kết hợp đa mục đích (TPCT)",0.6282,0.9699,1,1,413.8,,,1.116431,1.0,
G0518,Cấp giấy xác nhận thông tin về nơi liệt sĩ hy sinh. cần những giấy tờ gì?,positive,required_documents,1.010831,required_documents,required_documents,generated,confusable,Cấp giấy xác nhận thông tin về nơi liệt sĩ hy sinh.,1.0,1.0,1.0,True,1.010831,required_documents,Cấp giấy xác nhận thông tin về nơi liệt sĩ hy sinh.,0.4252,0.8905,2,2,399.2,,,1.010794,1.0,
G0519,Trở lại quốc tịch Việt Nam ở trong nước cần những giấy tờ gì?,positive,required_documents,2.002038,required_documents,required_documents,generated,confusable,Trở lại quốc tịch Việt Nam ở trong nước,1.0,1.0,1.0,True,2.002038,required_documents,Trở lại quốc tịch Việt Nam ở trong nước,0.5823,0.9538,3,3,395.8,,,1.004757,0.8,
G0520,Chấp thuận thiết kế nút giao đấu nối vào đường tỉnh đang khai thác cần những giấy tờ gì?,positive,required_documents,1.014855,required_documents,required_documents,generated,confusable,Chấp thuận thiết kế nút giao đấu nối vào đường tỉnh đang khai thác,1.0,,,False,1.014855,location,Chấp thuận thiết kế nút giao đấu nối vào đường tỉnh đang khai thác,0.6427,0.9625,1,1,390.0,,,1.001046,0.81,
G0521,Cấp Giấy xác nhận có quốc tịch Việt Nam ở nước ngoài cần những giấy tờ gì?,positive,required_documents,1.005137,required_documents,required_documents,generated,confusable,Cấp Giấy xác nhận có quốc tịch Việt Nam ở nước ngoài,1.0,1.0,1.0,True,1.005137,required_documents,Cấp Giấy xác nhận có quốc tịch Việt Nam ở nước ngoài,0.6282,0.9699,3,3,404.3,,,1.005136,0.85,
G0522,Thủ tục cấp Giấy chứng nhận đủ điều kiện kinh doanh hoạt động thể thao đối với môn Bắn súng thể thao cần những giấy tờ gì?,positive,required_documents,1.001801,required_documents,required_documents,generated,confusable,Thủ tục cấp Giấy chứng nhận đủ điều kiện kinh doanh hoạt động thể thao đối với môn Bắn súng thể thao,1.0,1.0,1.0,True,1.001801,required_documents,Thủ tục cấp Giấy chứng nhận đủ điều kiện kinh doanh hoạt động thể thao đối với môn Bắn súng thể thao,0.7227,0.9979,1,1,416.3,,,1.000485,0.84,
G0523,Cấp Giấy phép vận tải đường bộ quốc tế giữa Việt Nam và Trung Quốc loại D cho phương tiện của Trung Quốc cần những giấy tờ gì?,positive,required_documents,1.002374,required_documents,required_documents,generated,confusable,Cấp Giấy phép vận tải đường bộ quốc tế giữa Việt Nam và Trung Quốc loại D cho phương tiện của Trung Quốc,1.0,1.0,1.0,True,1.002374,required_documents,Cấp Giấy phép vận tải đường bộ quốc tế giữa Việt Nam và Trung Quốc loại D cho phương tiện của Trung Quốc,0.6901,0.9915,2,2,365.5,,,1.002381,0.83,
G0524,Thủ tục công nhận danh hiệu “Tập thể lao động xuất sắc” cần những giấy tờ gì?,positive,required_documents,6.006687,required_documents,required_documents,generated,confusable,Thủ tục công nhận danh hiệu “Tập thể lao động xuất sắc”,1.0,1.0,1.0,True,6.006687,required_documents,Thủ tục công nhận danh hiệu “Tập thể lao động xuất sắc”,0.3276,0.857,1,1,361.9,,,3.000590,0.73,
G0525,Thủ tục cấp giấy phép đủ điều kiện kinh doanh dịch vụ karaoke cần những giấy tờ gì?,positive,required_documents,1.001029,required_documents,required_documents,generated,confusable,Thủ tục cấp giấy phép đủ điều kiện kinh doanh dịch vụ karaoke,1.0,1.0,1.0,True,1.001029,required_documents,Thủ tục cấp giấy phép đủ điều kiện kinh doanh dịch vụ karaoke,0.8042,1.0,1,1,354.0,,,1.001008,0.77,
G0526,Thủ tục Hỗ trợ phẫu thuật tim cho trẻ em bị bệnh tim bẩm sinh cần những giấy tờ gì?,positive,required_documents,1.014590,required_documents,required_documents,generated,confusable,Thủ tục Hỗ trợ phẫu thuật tim cho trẻ em bị bệnh tim bẩm sinh,1.0,1.0,1.0,True,1.014590,required_documents,Thủ tục Hỗ trợ phẫu thuật tim cho trẻ em bị bệnh tim bẩm sinh,0.65,0.9708,1,1,379.4,,,1.008999,0.86,
G0527,Thủ tục cấp thẻ hướng dẫn viên du lịch quốc tế mất bao lâu?,positive,processing_time,1.004628,processing_time,processing_time,generated,confusable,Thủ tục cấp thẻ hướng dẫn viên du lịch quốc tế,1.0,1.0,1.0,True,1.004628,processing_time,Thủ tục cấp thẻ hướng dẫn viên du lịch quốc tế,0.5682,0.9322,1,1,338.6,,,1.001432,0.75,
G0528,Thủ tục tặng danh hiệu Tập thể lao động xuất sắc mất bao lâu?,positive,processing_time,3.000590,processing_time,processing_time,generated,confusable,Thủ tục tặng danh hiệu Tập thể lao động xuất sắc,1.0,1.0,1.0,True,3.000590,processing_time,Thủ tục tặng danh hiệu Tập thể lao động xuất sắc,0.3194,0.8451,1,1,483.2,,,6.005711,0.75,
G0529,Thủ tục Hỗ trợ phẫu thuật tim cho trẻ em bị bệnh tim bẩm sinh mất bao lâu?,positive,processing_time,1.014590,processing_time,processing_time,generated,confusable,Thủ tục Hỗ trợ phẫu thuật tim cho trẻ em bị bệnh tim bẩm sinh,1.0,1.0,1.0,True,1.014590,processing_time,Thủ tục Hỗ trợ phẫu thuật tim cho trẻ em bị bệnh tim bẩm sinh,0.578,0.939,1,1,376.6,,,1.008999,0.86,
G0530,"Thủ tục cấp lại Giấy chứng nhận đủ điều kiện kinh doanh giám định di vật, cổ vật mất bao lâu?",positive,processing_time,1.001123,processing_time,processing_time,generated,confusable,"Thủ tục cấp lại Giấy chứng nhận đủ điều kiện kinh doanh giám định di vật, cổ vật",1.0,1.0,1.0,True,1.001123,processing_time,"Thủ tục cấp lại Giấy chứng nhận đủ điều kiện kinh doanh giám định di vật, cổ vật",0.6389,0.9625,1,1,359.9,,,1.001106,0.93,
G0531,Thủ tục chuyển đổi công năng nhà ở thuộc tài sản công mất bao lâu?,positive,processing_time,6.006593,processing_time,processing_time,generated,confusable,Thủ tục chuyển đổi công năng nhà ở thuộc tài sản công,1.0,1.0,1.0,True,6.006593,processing_time,Thủ tục chuyển đổi công năng nhà ở thuộc tài sản công,0.7021,0.9803,1,1,373.5,,,1.013769,0.9,
G0532,Nhập quốc tịch Việt Nam ở nước ngoài mất bao lâu?,positive,processing_time,2.002797,processing_time,processing_time,generated,confusable,Nhập quốc tịch Việt Nam ở nước ngoài,1.0,1.0,1.0,True,2.002797,processing_time,Nhập quốc tịch Việt Nam ở nước ngoài,0.4336,0.8818,1,1,353.7,,,1.005141,0.78,
G0533,Chuyển đổi công năng nhà ở đối với nhà ở xây dựng trong dự án thuộc thẩm quyền chấp thuận của UBND cấp tỉnh mất bao lâu?,positive,processing_time,1.012883,processing_time,processing_time,generated,confusable,Chuyển đổi công năng nhà ở đối với nhà ở xây dựng trong dự án thuộc thẩm quyền chấp thuận của UBND cấp tỉnh,1.0,1.0,1.0,True,1.012883,processing_time,Chuyển đổi công năng nhà ở đối với nhà ở xây dựng trong dự án thuộc thẩm quyền chấp thuận của UBND cấp tỉnh,0.6297,0.9613,1,1,359.2,,,6.003634,0.79,
G0534,Nhập quốc tịch Việt Nam ở trong nước mất bao lâu?,positive,processing_time,2.002039,processing_time,processing_time,generated,confusable,Nhập quốc tịch Việt Nam ở trong nước,1.0,1.0,1.0,True,2.002039,processing_time,Nhập quốc tịch Việt Nam ở trong nước,0.4764,0.8967,1,1,391.0,,,2.002036,0.78,
G0535,Thẩm định Báo cáo nghiên cứu khả thi đầu tư xây dựng/Báo cáo nghiên cứu khả thi đầu tư xây dựng điều chỉnh mất bao lâu?,positive,processing_time,1.013239,processing_time,processing_time,generated,confusable,Thẩm định Báo cáo nghiên cứu khả thi đầu tư xây dựng/Báo cáo nghiên cứu khả thi đầu tư xây dựng điều chỉnh,2.0,2.0,2.0,True,1.013216,processing_time,Thẩm định Báo cáo nghiên cứu khả thi đầu tư xây dựng/ Báo cáo nghiên cứu khả thi đầu tư xây dựng điều chỉnh,0.3222,0.8485,2,2,415.5,,,1.013216,1.0,
G0536,Thủ tục tặng thưởng Bằng khen của Chủ tịch UBND thành phố (công trạng) mất bao lâu?,positive,processing_time,3.000587,processing_time,processing_time,generated,confusable,Thủ tục tặng thưởng Bằng khen của Chủ tịch UBND thành phố (công trạng),1.0,1.0,1.0,True,3.000587,processing_time,Thủ tục tặng thưởng Bằng khen của Chủ tịch UBND thành phố (công trạng),0.6087,0.9497,1,1,436.7,,,3.000591,0.77,
G0537,Thủ tục đăng ký khai sinh cho trẻ em sinh ra ở nước ngoài và có quốc tịch Việt Nam mất bao nhiêu phí?,positive,fee,1.001020,fee,fee,generated,confusable,Thủ tục đăng ký khai sinh cho trẻ em sinh ra ở nước ngoài và có quốc tịch Việt Nam,1.0,1.0,1.0,True,1.001020,fee,Thủ tục đăng ký khai sinh cho trẻ em sinh ra ở nước ngoài và có quốc tịch Việt Nam,0.6246,0.9634,1,1,405.9,,,2.000608,0.84,
G0538,"Cấp mới Giấy chứng nhận đủ điều kiện về an ninh, trật tự (thực hiện tại cấp xã) mất bao nhiêu phí?",positive,fee,3.000243,fee,fee,generated,confusable,"Cấp mới Giấy chứng nhận đủ điều kiện về an ninh, trật tự (thực hiện tại cấp xã)",1.0,1.0,1.0,True,3.000243,fee,"Cấp mới Giấy chứng nhận đủ điều kiện về an ninh, trật tự (thực hiện tại cấp xã)",0.6712,0.9794,1,1,409.7,,,1.003204,1.0,
G0539,Nhập quốc tịch Việt Nam ở nước ngoài mất bao nhiêu phí?,positive,fee,2.002797,fee,fee,generated,confusable,Nhập quốc tịch Việt Nam ở nước ngoài,1.0,,,False,2.002797,general_information,Nhập quốc tịch Việt Nam ở nước ngoài,0.5214,0.6225,3,3,420.3,,,1.005141,0.78,
G0540,Đăng ký hoạt động Văn phòng công chứng mất bao nhiêu phí?,positive,fee,1.013835,fee,fee,generated,confusable,Đăng ký hoạt động Văn phòng công chứng,1.0,1.0,1.0,True,1.013835,fee,Đăng ký hoạt động Văn phòng công chứng,0.6171,0.956,1,1,395.4,,,1.013840,0.8,
G0541,Thay đổi nội dung đăng ký hoạt động của Văn phòng công chứng mất bao nhiêu phí?,positive,fee,1.013836,fee,fee,generated,confusable,Thay đổi nội dung đăng ký hoạt động của Văn phòng công chứng,1.0,1.0,1.0,True,1.013836,fee,Thay đổi nội dung đăng ký hoạt động của Văn phòng công chứng,0.6263,0.9621,1,1,390.3,,,1.013853,0.87,
G0542,Thủ tục cấp thẻ hướng dẫn viên du lịch quốc tế mất bao nhiêu phí?,positive,fee,1.004628,fee,fee,generated,confusable,Thủ tục cấp thẻ hướng dẫn viên du lịch quốc tế,1.0,1.0,1.0,True,1.004628,fee,Thủ tục cấp thẻ hướng dẫn viên du lịch quốc tế,0.6314,0.9627,1,1,402.4,,,1.001432,0.75,
G0543,"Thủ tục đăng ký khai sinh cho người đã có hồ sơ, giấy tờ cá nhân mất bao nhiêu phí?",positive,fee,1.004772,fee,fee,generated,confusable,"Thủ tục đăng ký khai sinh cho người đã có hồ sơ, giấy tờ cá nhân",1.0,,,False,1.004772,required_documents,"Thủ tục đăng ký khai sinh cho người đã có hồ sơ, giấy tờ cá nhân",0.5806,0.9407,3,3,410.9,,,1.000893,0.78,
G0544,Gia hạn Giấy chứng nhận đủ điều kiện hoạt động kiểm định kỹ thuật an toàn lao động mất bao nhiêu phí?,positive,fee,2.000199,fee,fee,generated,confusable,Gia hạn Giấy chứng nhận đủ điều kiện hoạt động kiểm định kỹ thuật an toàn lao động,1.0,1.0,1.0,True,2.000199,fee,Gia hạn Giấy chứng nhận đủ điều kiện hoạt động kiểm định kỹ thuật an toàn lao động,0.566,0.9428,2,2,414.3,,,1.000354,0.83,
G0545,"Cấp mới Giấy chứng nhận đủ điều kiện về an ninh, trật tự (thực hiện tại cấp tỉnh) mất bao nhiêu phí?",positive,fee,2.001478,fee,fee,generated,confusable,"Cấp mới Giấy chứng nhận đủ điều kiện về an ninh, trật tự (thực hiện tại cấp tỉnh)",1.0,1.0,1.0,True,2.001478,fee,"Cấp mới Giấy chứng nhận đủ điều kiện về an ninh, trật tự (thực hiện tại cấp tỉnh)",0.6719,0.9796,1,1,401.6,,,1.003204,1.0,
G0546,Cấp Giấy xác nhận có quốc tịch Việt Nam ở trong nước mất bao nhiêu phí?,positive,fee,1.005136,fee,fee,generated,confusable,Cấp Giấy xác nhận có quốc tịch Việt Nam ở trong nước,1.0,1.0,1.0,True,1.005136,fee,Cấp Giấy xác nhận có quốc tịch Việt Nam ở trong nước,0.6626,0.9742,1,1,407.4,,,1.005137,0.85,
G0547,Thủ tục cấp Giấy chứng nhận đủ điều kiện kinh doanh hoạt động thể thao đối với môn Bắn súng thể thao nộp hồ sơ ở đâu?,positive,location,1.001801,location,location,generated,confusable,Thủ tục cấp Giấy chứng nhận đủ điều kiện kinh doanh hoạt động thể thao đối với môn Bắn súng thể thao,1.0,1.0,1.0,True,1.001801,location,Thủ tục cấp Giấy chứng nhận đủ điều kiện kinh doanh hoạt động thể thao đối với môn Bắn súng thể thao,0.7308,0.9975,1,1,417.2,,,1.000485,0.84,
G0548,Cấp Giấy xác nhận có quốc tịch Việt Nam ở nước ngoài nộp hồ sơ ở đâu?,positive,location,1.005137,location,location,generated,confusable,Cấp Giấy xác nhận có quốc tịch Việt Nam ở nước ngoài,1.0,1.0,1.0,True,1.005137,location,Cấp Giấy xác nhận có quốc tịch Việt Nam ở nước ngoài,0.6469,0.9697,1,1,408.5,,,1.005136,0.85,
G0549,Thủ tục thành lập trường phổ thông dân tộc bán trú nộp hồ sơ ở đâu?,positive,location,5.003848,location,location,generated,confusable,Thủ tục thành lập trường phổ thông dân tộc bán trú,,,,True,5.003852,location,Giải thể trường phổ thông dân tộc bán trú,0.3732,0.7281,3,3,345.2,,,5.003827,0.8,
G0550,"Cấp, cấp lại Giấy phép vận tải đường bộ quốc tế GMS nộp hồ sơ ở đâu?",positive,location,1.002829,location,location,generated,confusable,"Cấp, cấp lại Giấy phép vận tải đường bộ quốc tế GMS",1.0,1.0,1.0,True,1.002829,location,"Cấp, cấp lại Giấy phép vận tải đường bộ quốc tế GMS",0.7186,0.989,1,1,363.5,,,1.010702,0.83,
G0551,Thủ tục điều chỉnh Giấy chứng nhận đăng ký đầu tư nộp hồ sơ ở đâu?,positive,location,1.009647,location,location,generated,confusable,Thủ tục điều chỉnh Giấy chứng nhận đăng ký đầu tư,1.0,1.0,1.0,True,1.009647,location,Thủ tục điều chỉnh Giấy chứng nhận đăng ký đầu tư,0.5918,0.9505,1,1,367.6,,,1.009664,0.7,
G0552,"Giải thể trung tâm giáo dục thường xuyên, trung tâm giáo dục nghề nghiệp - giáo dục thường xuyên công lập nộp hồ sơ ở đâu?",positive,location,5.003845,location,location,generated,confusable,"Giải thể trung tâm giáo dục thường xuyên, trung tâm giáo dục nghề nghiệp - giáo dục thường xuyên công lập",,,,True,3.000308,location,"Giải thể trung tâm học tập cộng đồng (theo đề nghị của tổ chức, cá nhân thành lập trung tâm)",0.3033,0.6012,3,3,374.5,,,5.003842,0.77,
G0553,Cấp phép thi công nút giao đấu nối vào đường tỉnh đang khai thác nộp hồ sơ ở đâu?,positive,location,1.014856,location,location,generated,confusable,Cấp phép thi công nút giao đấu nối vào đường tỉnh đang khai thác,1.0,1.0,1.0,True,1.014856,location,Cấp phép thi công nút giao đấu nối vào đường tỉnh đang khai thác,0.7419,1.0,1,1,385.1,,,1.001061,0.81,
G0554,Thủ tục cấp giấy chứng nhận đủ điều kiện kinh doanh hoạt động thể thao đối với môn Patin nộp hồ sơ ở đâu?,positive,location,1.000485,location,location,generated,confusable,Thủ tục cấp giấy chứng nhận đủ điều kiện kinh doanh hoạt động thể thao đối với môn Patin,1.0,1.0,1.0,True,1.000485,location,Thủ tục cấp giấy chứng nhận đủ điều kiện kinh doanh hoạt động thể thao đối với môn Patin,0.7633,1.0,1,1,229.2,,,1.000842,0.89,
G0555,Cấp phép thi công nút giao đấu nối vào đường địa phương đang khai thác trên địa bàn tỉnh Thanh Hóa nộp hồ sơ ở đâu?,positive,location,1.013346,location,location,generated,confusable,Cấp phép thi công nút giao đấu nối vào đường địa phương đang khai thác trên địa bàn tỉnh Thanh Hóa,1.0,,,False,1.013346,fee,Cấp phép thi công nút giao đấu nối vào đường địa phương đang khai thác trên địa bàn tỉnh Thanh Hóa,0.6534,0.7743,1,1,166.7,,,1.013464,0.82,
G0556,"(Hà Nội) Sử dụng đất kết hợp đa mục đích, gia hạn phương án sử dụng đất kết hợp đa mục đích (cấp tỉnh) nộp hồ sơ ở đâu?",positive,location,1.116431,location,location,generated,confusable,"(Hà Nội) Sử dụng đất kết hợp đa mục đích, gia hạn phương án sử dụng đất kết hợp đa mục đích (cấp tỉnh)",1.0,1.0,1.0,True,1.116431,location,"(Hà Nội) Sử dụng đất kết hợp đa mục đích, gia hạn phương án sử dụng đất kết hợp đa mục đích (cấp tỉnh)",0.576,0.9421,1,1,169.3,,,1.116439,1.0,
G0557,"Gia hạn Giấy phép sản xuất chất ma túy, tiền chất thuộc thẩm quyền của Bộ Công an căn cứ pháp lý là gì?",positive,legal_basis,1.116472,legal_basis,legal_basis,generated,confusable,"Gia hạn Giấy phép sản xuất chất ma túy, tiền chất thuộc thẩm quyền của Bộ Công an",1.0,1.0,1.0,True,1.116472,legal_basis,"Gia hạn Giấy phép sản xuất chất ma túy, tiền chất thuộc thẩm quyền của Bộ Công an",0.4977,0.9242,1,1,166.6,,,1.116476,0.84,
G0558,"Trình tự, thủ tục giải thể trung tâm giáo dục quốc phòng và an ninh căn cứ pháp lý là gì?",positive,legal_basis,1.013647,legal_basis,legal_basis,generated,confusable,"Trình tự, thủ tục giải thể trung tâm giáo dục quốc phòng và an ninh",,,,True,1.012639,legal_basis,THỦ TỤC ĐỀ NGHỊ TỰ GIẢI THỂ CỦA TỔ CHỨC TÔN GIÁO CÓ ĐỊA BÀN HOẠT ĐỘNG Ở MỘT TỈNH THEO QUY ĐỊNH CỦA HIẾN CHƯƠNG (CẤP TỈNH),0.2076,0.5286,2,2,170.6,,,1.013645,0.76,
G0559,Thủ tục cấp giấy phép làm bản sao di sản tư liệu trong Danh mục của UNESCO căn cứ pháp lý là gì?,positive,legal_basis,1.014621,legal_basis,legal_basis,generated,confusable,Thủ tục cấp giấy phép làm bản sao di sản tư liệu trong Danh mục của UNESCO,1.0,1.0,1.0,True,1.014621,legal_basis,Thủ tục cấp giấy phép làm bản sao di sản tư liệu trong Danh mục của UNESCO,0.5814,0.9535,1,1,160.3,,,1.014620,0.72,
G0560,"THỦ TỤC BỔ NHIỆM LẠI CHỨC VỤ LÃNH ĐẠO, QUẢN LÝ ĐỐI VỚI CÔNG CHỨC, VIÊN CHỨC căn cứ pháp lý là gì?",positive,legal_basis,6.001689,legal_basis,legal_basis,generated,confusable,"THỦ TỤC BỔ NHIỆM LẠI CHỨC VỤ LÃNH ĐẠO, QUẢN LÝ ĐỐI VỚI CÔNG CHỨC, VIÊN CHỨC",1.0,1.0,1.0,True,6.001689,legal_basis,"THỦ TỤC BỔ NHIỆM LẠI CHỨC VỤ LÃNH ĐẠO, QUẢN LÝ ĐỐI VỚI CÔNG CHỨC, VIÊN CHỨC",0.2912,0.8519,1,1,174.0,,,6.001684,0.92,
G0561,(Hà Nội) Xác nhận tiếp tục sử dụng đất nông nghiệp căn cứ pháp lý là gì?,positive,legal_basis,1.116436,legal_basis,legal_basis,generated,confusable,(Hà Nội) Xác nhận tiếp tục sử dụng đất nông nghiệp,1.0,1.0,1.0,True,1.116436,legal_basis,(Hà Nội) Xác nhận tiếp tục sử dụng đất nông nghiệp,0.5041,0.9264,1,1,169.8,,,1.116500,1.0,
G0562,"Thủ tục cấp lại Chứng chỉ hành nghề bảo quản, tu bổ, phục hồi di tích căn cứ pháp lý là gì?",positive,legal_basis,1.002003,legal_basis,legal_basis,generated,confusable,"Thủ tục cấp lại Chứng chỉ hành nghề bảo quản, tu bổ, phục hồi di tích",1.0,1.0,1.0,True,1.002003,legal_basis,"Thủ tục cấp lại Chứng chỉ hành nghề bảo quản, tu bổ, phục hồi di tích",0.4295,0.9003,1,1,164.0,,,1.001822,0.93,
G0563,Hủy bỏ công nhận người giám định tư pháp theo vụ việc căn cứ pháp lý là gì?,positive,legal_basis,1.116548,legal_basis,legal_basis,generated,confusable,Hủy bỏ công nhận người giám định tư pháp theo vụ việc,,,,True,1.012639,legal_basis,THỦ TỤC ĐỀ NGHỊ TỰ GIẢI THỂ CỦA TỔ CHỨC TÔN GIÁO CÓ ĐỊA BÀN HOẠT ĐỘNG Ở MỘT TỈNH THEO QUY ĐỊNH CỦA HIẾN CHƯƠNG (CẤP TỈNH),0.2005,0.4831,1,1,169.5,,,1.116547,0.83,
G0564,"Thủ tục cấp lại Giấy chứng nhận đủ điều kiện kinh doanh giám định di vật, cổ vật căn cứ pháp lý là gì?",positive,legal_basis,1.001123,legal_basis,legal_basis,generated,confusable,"Thủ tục cấp lại Giấy chứng nhận đủ điều kiện kinh doanh giám định di vật, cổ vật",1.0,1.0,1.0,True,1.001123,legal_basis,"Thủ tục cấp lại Giấy chứng nhận đủ điều kiện kinh doanh giám định di vật, cổ vật",0.5909,0.9568,1,1,162.0,,,1.001106,0.93,
G0565,Thủ tục xét tặng danh hiệu Nghệ nhân ưu tú trong lĩnh vực di sản văn hóa phi vật thể căn cứ pháp lý là gì?,positive,legal_basis,1.000971,legal_basis,legal_basis,generated,confusable,Thủ tục xét tặng danh hiệu Nghệ nhân ưu tú trong lĩnh vực di sản văn hóa phi vật thể,1.0,1.0,1.0,True,1.000971,legal_basis,Thủ tục xét tặng danh hiệu Nghệ nhân ưu tú trong lĩnh vực di sản văn hóa phi vật thể,0.4304,0.9006,1,1,159.8,,,1.001032,0.84,
G0566,THỦ TỤC ĐỀ NGHỊ THAY ĐỔI ĐỊA ĐIỂM SINH HOẠT TÔN GIÁO TẬP TRUNG TRONG ĐỊA BÀN MỘT XÃ (CẤP XÃ) căn cứ pháp lý là gì?,positive,legal_basis,1.012584,legal_basis,legal_basis,generated,confusable,THỦ TỤC ĐỀ NGHỊ THAY ĐỔI ĐỊA ĐIỂM SINH HOẠT TÔN GIÁO TẬP TRUNG TRONG ĐỊA BÀN MỘT XÃ (CẤP XÃ),1.0,1.0,1.0,True,1.012584,legal_basis,THỦ TỤC ĐỀ NGHỊ THAY ĐỔI ĐỊA ĐIỂM SINH HOẠT TÔN GIÁO TẬP TRUNG TRONG ĐỊA BÀN MỘT XÃ (CẤP XÃ),0.5259,0.9341,1,1,166.0,,,1.012582,0.78,
N001,hôm nay thời tiết Hà Nội thế nào,negative,none,,,,manual,out_of_scope,,,,,False,1.116441,general_information,"(Hà Nội) Chuyển hình thức giao đất, cho thuê đất (cấp xã)",0.2369,0.6316,3,0,229.5,,,,,off_topic
N002,cách nấu phở bò ngon,negative,none,,,,manual,out_of_scope,,,,,False,6.005706,location,Thủ tục đề nghị xét tặng danh hiệu Chiến sĩ thi đua cơ sở,0.2092,0.1841,3,0,220.1,,,,,off_topic
N003,giá vàng SJC hôm nay bao nhiêu,negative,none,,,,manual,out_of_scope,,,,,False,1.000578,fee,Thủ tục cấp bản sao trích lục giấy tờ hộ tịch tại Bộ Ngoại giao,0.1587,0.5214,1,0,206.4,,,,,off_topic
N004,đội tuyển Việt Nam đá trận nào gần nhất,negative,none,,,,manual,out_of_scope,,,,,False,2.002038,general_information,Trở lại quốc tịch Việt Nam ở trong nước,0.2523,0.6385,3,0,267.8,,,,,off_topic
N005,viết giúp tôi một bài thơ về mùa thu,negative,none,,,,manual,out_of_scope,,,,,False,6.006761,required_documents,Khai thác tài sản kết cấu hạ tầng đường bộ,0.2336,0.3301,1,0,254.0,,,,,off_topic
N006,xin chào bạn khỏe không,negative,none,,,,manual,out_of_scope,,,,,False,1.013824,general_information,"Cấp giấy chứng nhận cơ sở giáo dục đủ điều kiện kiểm tra và công nhận biết tiếng Việt thành thạo hoặc sử dụng thành thạo ngôn ngữ khác hoặc đủ trình độ phiên dịch trong khám bệnh, chữa bệnh.",0.2112,0.6451,3,0,216.7,,,,,off_topic
N007,cách giảm cân nhanh trong một tuần,negative,none,,,,manual,out_of_scope,,,,,False,1.009160,required_documents,"Cấp phép thi công lắp đặt công trình ngầm, công trình trên mặt đường bộ đang khai thác",0.1955,0.568,3,0,315.9,,,,,off_topic
N008,công thức tính lãi suất kép,negative,none,,,,manual,out_of_scope,,,,,False,1.116210,general_information,"Xác định chi phí hỗ trợ đầu tư kết cấu hạ tầng (thực hiện sau khi có quyết định của Ủy ban nhân dân tỉnh về diện tích đất của khu công nghiệp dành cho doanh nghiệp được hỗ trợ thuê, thuê lại)",0.2084,0.6438,3,0,465.4,,,,,off_topic
N009,lập trình Python đảo ngược chuỗi như thế nào,negative,none,,,,manual,out_of_scope,,,,,False,2.002812,general_information,Gia hạn hoặc điều chỉnh Đề án dạy và học bằng tiếng nước ngoài,0.2166,0.5689,3,0,475.9,,,,,off_topic
N010,dịch câu này sang tiếng Anh giúp tôi,negative,none,,,,manual,out_of_scope,,,,,False,2.000757,general_information,Thủ tục Chứng thực chữ ký người dịch trong các văn bản dịch từ tiếng nước ngoài sang tiếng Việt hoặc từ tiếng Việt sang tiếng nước ngoài,0.2994,0.6704,3,0,469.8,,,,,off_topic
N011,nên mua iPhone hay Samsung,negative,none,,,,manual,out_of_scope,,,,,False,1.116615,general_information,"Hỗ trợ sản xuất mẫu thử, mua công nghệ và đổi mới công nghệ theo quy định của pháp luật về chuyển giao công nghệ của dự án cho doanh nghiệp thực hiện dự án sản xuất sản phẩm phụ trợ trực tiếp trong công nghiệp bán dẫn trên địa bàn thành phố Cần Thơ (TPCT)",0.1134,0.5385,3,0,421.3,,,,,off_topic
N012,phim nào hay chiếu rạp tuần này,negative,none,,,,manual,out_of_scope,,,,,False,1.009628,fee,Thủ tục điều chỉnh dự án đầu tư thuộc thẩm quyền chấp thuận chủ trương đầu tư của Thủ tướng Chính phủ,0.1005,0.5252,3,0,431.7,,,,,off_topic
N013,thủ tục xin visa đi Mỹ cần giấy tờ gì,negative,none,,,,manual,out_of_scope,,,,,False,1.014611,required_documents,"Thủ tục cấp giấy phép làm bản sao di vật, cổ vật",0.4305,0.7509,3,0,594.0,,,,,near_domain
N014,xin thẻ xanh Mỹ mất bao lâu,negative,none,,,,manual,out_of_scope,,,,,False,1.001951,processing_time,Cấp lại thẻ Kiểm định viên kiểm định chất lượng giáo dục,0.4132,0.6359,3,0,600.6,,,,,near_domain
N015,thủ tục nhập quốc tịch Canada,negative,none,,,,manual,out_of_scope,,,,,False,2.002039,general_information,Nhập quốc tịch Việt Nam ở trong nước,0.4304,0.7687,3,0,531.4,,,,,near_domain
N016,lệ phí xin visa Schengen là bao nhiêu,negative,none,,,,manual,out_of_scope,,,,,False,2.002354,fee,Thủ tục cấp công hàm đề nghị phía nước ngoài cấp thị thực tại cơ quan trong nước của Bộ Ngoại giao,0.4331,0.7199,3,0,436.7,,,,,near_domain
N017,thủ tục mua bán đất ở Thái Lan cho người nước ngoài,negative,none,,,,manual,out_of_scope,,,,,False,1.009729,general_information,"Thủ tục góp vốn, mua cổ phần, mua phần vốn góp",0.3673,0.7107,3,0,570.9,,,,,near_domain
N018,cách xin việc làm thêm ở Nhật cho du học sinh,negative,none,,,,manual,out_of_scope,,,,,False,2.000731,location,Cấp giấy phép làm việc trong kỳ nghỉ cho công dân Niu-Di-Lân,0.387,0.6575,2,0,559.5,,,,,near_domain
