job_title,job_type,position_level,city,experience,skills,job_fields,salary,salary_min,salary_max,unit
trưởng phòng kinh doanh,nhân viên chính thức,"trưởng nhóm , giám sát",hồ chí minh,lên đến 1 năm,,"kinh doanh, bán hàng, nội ngoại thất, xây dựng",15 tr - 50 tr vnd,15.0,50.0,vnd
nhân viên qc ngành cơ khí,nhân viên chính thức,nhân viên,hồ chí minh,trên 1 năm,"production planning staff, chuyên viên iso, thẩm tra đánh giá, nhân viên iso, nhân viên chất lượng, giám sát chất lượng, nhân viên qc ngành cơ khí, nhân viên quản lý chất lượng, qc staff","vận hành sản xuất, sản xuất, qc), quản lý chất lượng (qa",8 tr - 11 tr vnd,8.0,11.0,vnd
trưởng phòng đấu thầu,nhân viên chính thức,"trưởng nhóm , giám sát",hồ chí minh,5 - 7 năm,"trưởng phòng xây dựng, trưởng phòng đấu thầu, dầu khí, trưởng phòng dầu khí, đấu thầu","điện, xây dựng, điện tử, điện lạnh, dầu khí, điện công nghiệp",20 tr - 30 tr vnd,20.0,30.0,vnd
home textile designer,nhân viên chính thức,nhân viên,hưng yên,5 - 15 năm,,"dệt may, nghệ thuật, da giày, thiết kế, mỹ thuật, vận hành sản xuất, sản xuất, thời trang","800 - 1,500 usd",20.0,37.5,usd
nhân viên kinh doanh,nhân viên chính thức,nhân viên,hồ chí minh,trên 1 năm,,"tư vấn, bán sỉ, bán lẻ, kinh doanh, bán hàng",10 tr - 50 tr vnd,10.0,50.0,vnd
giám đốc kinh doanh khu vực kem dẻo thổ nhĩ kỳ khu vực khánh hòa phú yên bình định,nhân viên chính thức,quản lý,bình định,2 - 5 năm,"sales director, giám đốc kinh doanh khu vực kem dẻo thổ nhĩ kỳ khu vực: khánh hòa phú yên bình định, giám đốc kinh doanh, area sales manager, giám đốc kinh doanh vùng, regional sales manager, sales manager","thực phẩm & đồ uống, bán sỉ, bán lẻ, kinh doanh, bán hàng",15 tr - 40 tr vnd,15.0,40.0,vnd
chuyên viên kinh doanh bất động sản,nhân viên chính thức,nhân viên,hà nội,lên đến 1 năm,"bất động sản, chuyên viên kinh doanh, bđs, real estate, môi giới, nhân viên kinh doanh bất động sản, nhân viên kinh doanh, real estate salesperson, chuyên viên kinh doanh bất động sản",bất động sản,15 tr - 50 tr vnd,15.0,50.0,vnd
kỹ thuật viên ie,nhân viên chính thức,nhân viên,hà nam,chưa có kinh nghiệm,kỹ thuật viên ie tiếng trung,"vận hành sản xuất, sản xuất",10 tr - 18 tr vnd,10.0,18.0,vnd
kế toán tổng hợp,nhân viên chính thức,nhân viên,bến tre,3 - 5 năm,"kế toán tổng hợp, nhân viên kế toán tổng hợp, general accountant, kế toán tổng hợp trong lĩnh vực xuất nhập khẩu, kế toán tổng hợp q hcm chợ lách bến tre, kế toán tổng hợp kiêm kế toán trưởng, kế toán quản trị kiêm kế toán tổng hợp","kế toán, kiểm toán, xuất nhập khẩu, vận hành sản xuất, sản xuất",15 tr - 20 tr vnd,15.0,20.0,vnd
quản lý nhãn hàng,nhân viên chính thức,"trưởng nhóm , giám sát",hà nội,trên 2 năm,quản lý nhãn hàng,"marketing, y tế, dược phẩm, thẩm mỹ, hóa mỹ phẩm, làm đẹp, tiếp thị, chăm sóc sức khỏe",17 tr - 22 tr vnd,17.0,22.0,vnd
hr admin executive chuyên viên hành chính nhân sự,nhân viên chính thức,nhân viên,hà nội,không yêu cầu,,"thư ký, hành chính, giao nhận, vận chuyển, nhân sự, kho vận","9,5 tr - 12 tr vnd",9.5,12.0,vnd
trưởng nhóm digital marketing,nhân viên chính thức,quản lý,hồ chí minh,2 - 25 năm,"online, digital marketer, trưởng nhóm digital marketing, digital ô tô, nhân viên digital marketing, social media, chuyên viên digital marketing, chuyên viên digital","marketing, truyền thông, cơ khí, đối ngoại, quảng cáo, tự động hóa, ô tô, tiếp thị",14 tr - 25 tr vnd,14.0,25.0,vnd
kỹ sư kinh tế xây dựng,nhân viên chính thức,nhân viên,hà nội,3 - 5 năm,,xây dựng,15 tr - 18 tr vnd,15.0,18.0,vnd
nhân viên điều phối vật tư,nhân viên chính thức,nhân viên,hồ chí minh,1 - 3 năm,,"giao nhận, vận chuyển, kho vận",8 tr - 10 tr vnd,8.0,10.0,vnd
nhân viên kinh doanh,nhân viên chính thức,nhân viên,hồ chí minh,2 - 5 năm,,"y tế, dược phẩm, thẩm mỹ, hóa mỹ phẩm, làm đẹp, kinh doanh, bán hàng, chăm sóc sức khỏe",12 tr - 15 tr vnd,12.0,15.0,vnd
kinh doanh quốc tế,nhân viên chính thức,nhân viên,hồ chí minh,2 - 5 năm,,"kinh doanh, bán hàng, xuất nhập khẩu, biên phiên dịch",25 tr - 30 tr vnd,25.0,30.0,vnd
retail associate nhân viên bán hàng,nhân viên chính thức,nhân viên,hồ chí minh,1 - 3 năm,"store manager, operation manager, sales staff, retail manager, retail operation manager, nhân viên bán hàng","nhà hàng, bán sỉ, bán lẻ, kinh doanh, bán hàng, khách sạn",10 tr - 15 tr vnd,10.0,15.0,vnd
nhân viên telesale,nhân viên chính thức,nhân viên,hà nội,1 - 2 năm,,"y tế, thẩm mỹ, tiếp thị trực tuyến, làm đẹp, dịch vụ khách hàng, chăm sóc sức khỏe",10 tr - 25 tr vnd,10.0,25.0,vnd
sân bay tân sơn nhất tuyển dụng nhân viên bếp,nhân viên chính thức,nhân viên,hồ chí minh,1 - 2 năm,"phụ bếp, bếp chính, bếp trưởng, bếp phó, nhân viên bếp","thực phẩm & đồ uống, nhà hàng, bán sỉ, bán lẻ, khách sạn","8,5 tr - 10 tr vnd",8.5,10.0,vnd
chuyên viên trưng bày sản phẩm,nhân viên chính thức,nhân viên,hà nội,1 - 2 năm,,"marketing, bán sỉ, tiếp thị trực tuyến, bán lẻ, tiếp thị",10 tr - 15 tr vnd,10.0,15.0,vnd
quản đốc nhà máy nội thất,nhân viên chính thức,nhân viên,hà nội,1 - 3 năm,"xưởng gỗ, quản lý xưởng mộc, quản đốc nhà máy nội thất","quản lý điều hành, nội ngoại thất, qc), quản lý chất lượng (qa",15 tr - 30 tr vnd,15.0,30.0,vnd
chuyên viên phát triển thầu thợ,nhân viên chính thức,nhân viên,phú thọ,3 - 5 năm," chuyên viên phát triển thầu thợ, business development officer","xây dựng, bán sỉ, bán lẻ, kinh doanh, bán hàng",12 tr - 20 tr vnd,12.0,20.0,vnd
quản lý đơn hàng quản lý đơn hàng cao cấp phòng kinh doanh,nhân viên chính thức,"trưởng nhóm , giám sát",hồ chí minh,3 - 10 năm,"kinh doanh xuất khẩu, quản lý đơn hàng, furniture, xuất nhập khẩu, merchandise, nội thất","bán sỉ, bán lẻ, xuất nhập khẩu, kinh doanh, bán hàng",18 tr - 35 tr vnd,18.0,35.0,vnd
trợ lý hệ thống sản xuất tự động,nhân viên chính thức,nhân viên,bình dương,không yêu cầu,"trợ lý điều hành kinh doanh, trợ lý kinh doanh, trợ lý phòng kinh doanh và giao nhận, sales admin staff, trợ lý sản xuất xưởng sản xuất ghế văn phòng, sales assistant, sales admin, nhân viên cải tiến công đoạn sản xuất, trợ lý hệ thống sản xuất tự động automation production assistant","dệt may, da giày, vận hành sản xuất, sản xuất, thời trang",30 tr - 35 tr vnd,30.0,35.0,vnd
chuyên viên quản lý đại lý,nhân viên chính thức,nhân viên,hà nội,5 - 7 năm,"chuyên viên kinh doanh bất động sản, quản lý đại lý bất động sản","kinh doanh, bán hàng",15 tr - 25 tr vnd,15.0,25.0,vnd
nhân viên văn phòng nhập liệu tiếng nhật,nhân viên chính thức,nhân viên,hà nội,không yêu cầu,"office staff, nhân viên văn phòng nhập liệu tiếng nhật không yêu cầu kinh nghiệm","tư vấn, dịch vụ khách hàng, biên phiên dịch",10 tr - 13 tr vnd,10.0,13.0,vnd
quản lý cửa hàng,nhân viên chính thức,nhân viên,toàn quốc,lên đến 1 năm,,"bán sỉ, bán hàng, bán lẻ, kinh doanh",trên 12 tr vnd,12.0,0.0,vnd
area sales manager,nhân viên chính thức,quản lý,bình dương,trên 3 năm,"giám đốc kinh doanh khu vực, sales director, regional sales manager, giám đốc kinh doanh, giám đốc kinh doanh vùng, area sales manager bình dương, sales manager","thực phẩm & đồ uống, bán sỉ, bán lẻ, kinh doanh, bán hàng",25 tr - 45 tr vnd,25.0,45.0,vnd
kế toán công nợ thanh toán,nhân viên chính thức,nhân viên,hồ chí minh,1 - 2 năm,và chi phí,"kế toán, y tế, thẩm mỹ, kiểm toán, làm đẹp, chăm sóc sức khỏe",10 tr - 15 tr vnd,10.0,15.0,vnd
vietjet air nhân viên chăm sóc khách hàng quốc tế,nhân viên chính thức,nhân viên,hồ chí minh,không yêu cầu,"tiếng anh, vietjet air nhân viên chăm sóc khách hàng quốc tế, tân bình, chăm sóc khách hàng",dịch vụ khách hàng,8 tr - 9 tr vnd,8.0,9.0,vnd
nhân viên kinh doanh nội thất,nhân viên chính thức,nhân viên,hà nội,không yêu cầu,"sales executive, nhân viên phòng kinh doanh, chuyên viên kinh doanh, đại diện bán hàng, đại diện kinh doanh, nhân viên kinh doanh nội thất, sales engineer, sales dept, telesales, salesman, nhân viên bán hàng","bán sỉ, bán hàng, bán lẻ, kinh doanh",15 tr - 20 tr vnd,15.0,20.0,vnd
nhân viên telesale thẩm mỹ viện,nhân viên chính thức,nhân viên,đồng nai,không yêu cầu,"nhân viên telesale thẩm mỹ viện thu nhập upto m, nhân viên bán hàng qua điện thoại, nhân viên tư vấn, telesales","y tế, tư vấn, thẩm mỹ, tiếp thị trực tuyến, làm đẹp, chăm sóc sức khỏe",12 tr - 25 tr vnd,12.0,25.0,vnd
yangmiwa trình dược viên,nhân viên chính thức,nhân viên,hồ chí minh,1 - 3 năm,"medical representative, trình dược viên, yangmiwa trình dược viên kênh bệnh viện & nhà thuốc, trình dược viên khối bệnh viện, trình dược viên kênh nhà thuốc, trình dược viên etc, trình dược viên otc","marketing, y tế, thẩm mỹ, bán sỉ, bán lẻ, làm đẹp, tiếp thị, chăm sóc sức khỏe",10 tr - 30 tr vnd,10.0,30.0,vnd
chỉ huy trưởng,nhân viên chính thức,"trưởng nhóm , giám sát",hưng yên,trên 3 năm,,"quản lý điều hành, kiến trúc, nội ngoại thất",lên đến 30 tr vnd,0.0,30.0,vnd
nhân viên pháp lý,nhân viên chính thức,nhân viên,hồ chí minh,1 - 2 năm,"legal expert, legal officer, chuyên viên pháp chế, cán bộ pháp chế, legal affairs administrator, regulatory affairs executive, legal specialist financial fraud investigator, chuyên viên pháp lý, nhân viên pháp lý, legal specialist, compliance officer","tư vấn, luật, hóa học, pháp lý",9 tr - 15 tr vnd,9.0,15.0,vnd
chuyên viên tư vấn giáo dục thu nhập từ 13 triệu tháng phỏng vấn đi làm ngay,nhân viên chính thức,nhân viên,thái bình,lên đến 1 năm,"chuyên viên tư vấn giáo dục ocean edu thái bình thu nhập từ triệu, tháng phỏng vấn đi làm ngay","kinh doanh, giáo dục, bán hàng, dịch vụ khách hàng, đào tạo",13 tr - 15 tr vnd,13.0,15.0,vnd
quản lý giám sát kho thành phẩm,nhân viên chính thức,quản lý,đồng nai,trên 2 năm,"warehouse supervisor, quản lý giám sát kho thành phẩm","quản lý điều hành, giao nhận, vận chuyển, xuất nhập khẩu, kho vận",10 tr - 15 tr vnd,10.0,15.0,vnd
sales assistant staff,nhân viên chính thức,nhân viên,hồ chí minh,1 - 2 năm,"trợ lý kinh doanh, sales assistant staff kênh horeca","thư ký, hành chính",10 tr - 15 tr vnd,10.0,15.0,vnd
chuyên viên hành chính nhân sự,nhân viên chính thức,nhân viên,hồ chí minh,1 - 3 năm,,"nhân sự, bất động sản, xây dựng",10 tr - 12 tr vnd,10.0,12.0,vnd
chuyên viên tư vấn bảo hiểm kênh liên doanh ngân hàng bidv,nhân viên chính thức,nhân viên,hà nội,trên 1 năm,"insurance counselor, insurance consultant, chuyên viên tư vấn bảo hiểm kênh liên doanh ngân hàng bidv, nhân viên tư vấn vay tiêu dùng, chuyên viên tư vấn tài chính cá nhân, nhân viên kinh doanh, tư vấn viên bảo hiểm, nhân viên tư vấn bảo hiểm","kinh doanh, bán hàng, bảo hiểm, ngân hàng",10 tr - 20 tr vnd,10.0,20.0,vnd
trưởng phòng kinh doanh dược,nhân viên chính thức,"trưởng nhóm , giám sát",khánh hòa,2 - 5 năm,"trưởng phòng kinh doanh dược, quản lý kinh doanh otc, quản lý kinh doanh etc, dược sĩ, quản lý kinh doanh khu vực, giám sát kinh doanh thiết bị vật tư y tế, trình dược viên kênh nhà thuốc, trình dược viên etc, trình dược viên otc, kinh doanh dược phẩm","y tế, dược phẩm, thẩm mỹ, hóa mỹ phẩm, làm đẹp, kinh doanh, bán hàng, chăm sóc sức khỏe",20 tr - 30 tr vnd,20.0,30.0,vnd
thủ kho thu nhập 15 triệu,nhân viên chính thức,nhân viên,hưng yên,1 - 3 năm,"store keeper, stockman, quản lý kho, storeman, warehouse keeper, warehouseman, thủ kho thu nhập triệu ++, tool keeper","kế toán, kiểm toán, giao nhận, vận chuyển, kho vận",14 tr - 17 tr vnd,14.0,17.0,vnd
nhân viên tư vấn trả góp,nhân viên chính thức,nhân viên,điện biên,chưa có kinh nghiệm,"pb tại điện biên, nhân viên bán hàng tại điện biên, sales pos, auto, nhân viên chăm sóc khách hàng tại điện biên, nhân viên kinh doanh tại điện biên, nhân viên dịch vụ khách hàng tại điện biên, pg tại điện biên, twl, cdl, nhân viên tư vấn trả góp pos, nhân viên ô tô tại điện biên, nhân viên xe máy tại điện biên, nhân viên điện thoại tại điện biên, nhân viên tư vấn tại điện biên, nhân viên tài chính tại điện biên","đầu tư, bán sỉ, bán lẻ, kinh doanh, bán hàng, tài chính",7 tr - 15 tr vnd,7.0,15.0,vnd
chuyên viên tư vấn giáo dục thu nhập từ 13 triệu tháng phỏng vấn đi làm ngay,nhân viên chính thức,nhân viên,quảng ninh,không yêu cầu,"tháng phỏng vấn đi làm ngay, chuyên viên tư vấn giáo dục ocean edu hạ long thu nhập từ triệu","kinh doanh, bán hàng, tư vấn, dịch vụ khách hàng",13 tr - 14 tr vnd,13.0,14.0,vnd
chuyên viên tập sự khách hàng cá nhân cn thái bình,nhân viên chính thức,nhân viên,thái bình,không yêu cầu,chuyên viên tập sự khách hàng cá nhân cn. nam định cnlt.,"ngân hàng, đầu tư, kinh doanh, bán hàng, tài chính",9 tr - 35 tr vnd,9.0,35.0,vnd
chuyên viên thiết kế mảng thẩm mỹ,nhân viên chính thức,nhân viên,hồ chí minh,trên 1 năm,"nhân viên phòng thiết kế, chuyên viên thiết kế mảng thẩm mỹ, designer, nhân viên thiết kế","thiết kế, nghệ thuật, mỹ thuật",13 tr - 18 tr vnd,13.0,18.0,vnd
trưởng nhóm tư vấn bán hàng,nhân viên chính thức,"trưởng nhóm , giám sát",hồ chí minh,trên 1 năm,"giám sát bán hàng khu vực miền nam, giám sát bán hàng kênh siêu thị, sales supervisor out of home channel, giám sát bán hàng tại tây nguyên, giám sát bán hàng khu vực miền bắc, sales supervisor, giám sát kênh siêu thị, channel sales, trưởng nhóm tư vấn bán hàng, giám sát bán hàng kênh mt, nhân viên quản lý bán hàng","kinh doanh, bán hàng, tư vấn, dịch vụ khách hàng",12 tr - 15 tr vnd,12.0,15.0,vnd
nhân viên đánh giá hệ thống tích hợp,nhân viên chính thức,nhân viên,đồng nai,1 - 3 năm,,"ngành khác, qc), quản lý chất lượng (qa",12 tr - 15 tr vnd,12.0,15.0,vnd
nhân viên hse,nhân viên chính thức,nhân viên,tiền giang,không yêu cầu,"chuyên viên an toàn môi trường, chuyên viên hse, nhân viên an toàn môi trường, vệ sinh an toàn môi trường","điện, môi trường, ngành khác, điện tử, điện lạnh, điện công nghiệp",7 tr - 9 tr vnd,7.0,9.0,vnd
phó giám đốc chi nhánh phụ trách mảng khdn chi nhánh đăk nông gia lai,nhân viên chính thức,phó giám đốc,gia lai,3 - 5 năm,,ngân hàng,45 tr - 65 tr vnd,45.0,65.0,vnd
nhân viên hành chính kế toán trang trại,nhân viên chính thức,mới tốt nghiệp,đắk nông,không yêu cầu,,"ngành khác, nhân sự, kế toán, kiểm toán",11 tr - 14 tr vnd,11.0,14.0,vnd
cửa hàng trưởng tttm estella,nhân viên chính thức,"trưởng nhóm , giám sát",hồ chí minh,2 - 5 năm,,"marketing, bán sỉ, bán lẻ, kinh doanh, tiếp thị, bán hàng",12 tr - 25 tr vnd,12.0,25.0,vnd
kỹ sư hse,nhân viên chính thức,nhân viên,hà nội,trên 2 năm,"chuyên viên an toàn môi trường, nhân viên hse, chuyên viên hse, hse officer","môi trường, vận hành sản xuất, sản xuất, an toàn lao động",15 tr - 20 tr vnd,15.0,20.0,vnd
lái xe cho tổng giám đốc,nhân viên chính thức,nhân viên,hà nội,2 - 3 năm,"lái xe cho tổng giám đốc, director","ngành khác, giao nhận, vận chuyển, kho vận",12 tr - 15 tr vnd,12.0,15.0,vnd
lễ tân thu ngân,nhân viên chính thức,nhân viên,đà nẵng,1 - 2 năm,,"khách sạn, nhà hàng","7,5 tr - 8 tr vnd",7.5,8.0,vnd
chuyên viên kỹ thuật sản xuất,nhân viên chính thức,nhân viên,hưng yên,trên 2 năm,,"điện công nghiệp, điện lạnh, điện, điện tử",15 tr - 20 tr vnd,15.0,20.0,vnd
trưởng nhóm tuyển sinh ocean edu đan phượng thu nhập hấp dẫn từ 15 triệu tháng phỏng vấn đi làm ngay,nhân viên chính thức,"trưởng nhóm , giám sát",hà nội,1 - 3 năm,"trưởng nhóm tuyển sinh ocean edu đan phượng thu nhập hấp dẫn từ triệu, tháng phỏng vấn đi làm ngay","tư vấn, giáo dục, dịch vụ khách hàng, đào tạo",15 tr - 17 tr vnd,15.0,17.0,vnd
kỹ sư qs nội thất,nhân viên chính thức,nhân viên,hưng yên,không yêu cầu,"assistant quantity surveyor, kỹ sư bóc tách khối lượng, trợ lý kỹ sư khối lượng, kỹ sư định giá, qs engineer, quantity surveyor, kỹ sư khối lượng, kỹ sư qs nội thất, chief surveyor, nhân viên định mức, cán bộ kỹ thuật hiện trường khối lượng","nội ngoại thất, xây dựng, qc), quản lý chất lượng (qa",13 tr - 17 tr vnd,13.0,17.0,vnd
kế toán thanh toán,nhân viên chính thức,nhân viên,long an,2 - 4 năm,"kế toán thanh toán long hậu, ap executive, ap specialist, account payable accountant, payment accountant, ap officer","kế toán, ngân hàng, đầu tư, kiểm toán, tài chính",10 tr - 13 tr vnd,10.0,13.0,vnd
kiến trúc sư triển khai,nhân viên chính thức,nhân viên,hà nội,trên 5 năm,"kiến trúc sư triển khai, cadddesigner, civil engineer, draftsman, họa viên kiến trúc, architect, architectural drafter, nhân viên thiết kế kiến trúc, architectural, site engineer, structural drafter","kiến trúc, nội ngoại thất, xây dựng",15 tr - 21 tr vnd,15.0,21.0,vnd
senior fabric technician,nhân viên chính thức,nhân viên,quảng ngãi,3 - 5 năm,"knitting techincal, jabil, senior fabric technician, brushing","dệt may, da giày, thời trang","1,200 - 1,200 usd",30.0,30.0,usd
receptionist at mercuri v corporation – european excellence in footwear,nhân viên chính thức,nhân viên,hồ chí minh,2 - 4 năm,"nhân viên hành chính tiếp tân, receptionist merchandising & accounting admin at mercuri v corporation – european excellence in footwear, admin, theo dõi đơn hàng, admin officer, administrator, quản lý đơn hàng, nhân viên hành chính văn phòng da giày, sale admin, trưởng phòng hành chính","thư ký, hành chính, luật, dịch vụ khách hàng, pháp lý",14 tr - 20 tr vnd,14.0,20.0,vnd
chuyên viên sàn thương mại điện tử,nhân viên chính thức,nhân viên,hà nội,trên 1 năm,"sale online, chuyên viên sàn thương mại điện tử, kinh doanh online, kinh doanh trực tuyến, b2c, b2b, c2c, bán hàng online, tiếp thị online, shop online, mua bán online","marketing, tiếp thị trực tuyến, kinh doanh, tiếp thị, bán hàng",10 tr - 20 tr vnd,10.0,20.0,vnd
nhân viên kho,nhân viên chính thức,nhân viên,thái bình,không yêu cầu,"nhân viên quản lý kho, warehouse assistant, warehouse, warehouse staff, warehouseman, nhân viên kho công ty jinyang electornics vina thái bình, nhân viên phụ kho, nhân viên phụ trách kho, nhân viên hành chính kho","ngành khác, bảo trì, lao động phổ thông, sửa chữa",6 tr - 9 tr vnd,6.0,9.0,vnd
social media leader,nhân viên chính thức,"trưởng nhóm , giám sát",hồ chí minh,5 - 7 năm,"nhân viên quản trị website, website administrator, digital marketing staff, service marketing specialist, digital marketing specialist, social media leader mạnh xây dựng kênh social, upto gross mil","thương mại điện tử, tiếp thị, marketing, tiếp thị trực tuyến",lên đến 40 tr vnd,0.0,40.0,vnd
head chef,nhân viên chính thức,nhân viên,hồ chí minh,2 - 5 năm,"head chef, bếp trưởng, executive chef","dinh dưỡng, công nghệ thực phẩm",13 tr - 16 tr vnd,13.0,16.0,vnd
chuyên viên kiểm toán nội bộ và quản trị rủi ro tại hcm,nhân viên chính thức,nhân viên,hồ chí minh,4 - 6 năm,"chuyên viên kiểm toán nội bộ và quản trị rủi ro tại hcm, internal auditor, auditing supervisor, kiểm toán viên nội bộ, kiểm toán viên, kiểm toán tư nhân, compliance auditor, chuyên viên kiểm soát nội bộ, kiểm soát viên nội bộ, auditor, kiểm toán nhà nước","kế toán, kiểm toán",14 tr - 22 tr vnd,14.0,22.0,vnd
nhân viên pháp chế tuyển gấp,nhân viên chính thức,nhân viên,hà nội,3 - 4 năm,"nhân viên pháp chế tuyển gấp, chuyên viên pháp chế, legal specialist financial fraud investigator, legal specialist, compliance officer","tư vấn, luật, pháp lý",10 tr - 15 tr vnd,10.0,15.0,vnd
chuyên viên ub phòng giao dịch bãi cháy cn quảng ninh,nhân viên chính thức,nhân viên,quảng ninh,không yêu cầu,chuyên viên ub cn. cẩm phả cnlt.,"bán sỉ, bảo hiểm, bán lẻ, ngân hàng",5 tr - 15 tr vnd,5.0,15.0,vnd
nhân viên nhập liệu xác minh dữ liệu dự án bia,nhân viên chính thức,nhân viên,hồ chí minh,không yêu cầu,"nhân viên nhập liệu, data entry, nhập liệu, xác minh dữ liệu dự án bia","mới tốt nghiệp, thực tập, qc), dịch vụ khách hàng, quản lý chất lượng (qa","6,7 tr - 7,7 tr vnd",6.7,7.7,vnd
nhân viên kinh doanh đi ca,nhân viên chính thức,nhân viên,đồng nai,0 - 0 năm,,"kinh doanh, bán hàng","7 tr - 8,5 tr vnd",7.0,8.5,vnd
kỹ sư quản lý chất lượng sản phẩm,nhân viên chính thức,nhân viên,đồng nai,trên 1 năm,"kỹ sư quản lý chất lượng sản phẩm, kiểm tra chất lượng","qc), quản lý chất lượng (qa",12 tr - 16 tr vnd,12.0,16.0,vnd
nhân viên kế toán,nhân viên chính thức,nhân viên,hồ chí minh,2 - 5 năm,"accountant, nhân viên kế toán senior non manager","đầu tư, kế toán, kiểm toán, tài chính",13 tr - 17 tr vnd,13.0,17.0,vnd
nhân viên diễn họa nội thất interior cg staff,nhân viên chính thức,nhân viên,hà nội,trên 1 năm,,nội ngoại thất,10 tr - 15 tr vnd,10.0,15.0,vnd
quản lý cửa hàng quận quận 5 bình tân nike,nhân viên chính thức,quản lý,hồ chí minh,1 - 2 năm,"quản lý chuỗi cửa hàng tiện dụng, quản lý cửa hàng mỹ phẩm, quản lý chuỗi cửa hàng bán lẻ, cửa hàng trưởng, trợ lý cửa hàng trưởng, quản lý chuỗi cửa hàng thời trang, quản lý cửa hàng thời trang cao cấp, quản lý chuỗi cửa hàng, trợ lý cửa hàng","dệt may, da giày, quản lý điều hành, kinh doanh, bán hàng, thời trang",10 tr - 15 tr vnd,10.0,15.0,vnd
nhân viên thiết kế 3d,nhân viên chính thức,nhân viên,bắc ninh,không yêu cầu,"chuyên viên thiết kế, designer, nhân viên thiết kế d","thiết kế, nghệ thuật, mỹ thuật",8 tr - 12 tr vnd,8.0,12.0,vnd
công nhân cơ khí hàn,nhân viên chính thức,nhân viên,bình dương,trên 1 năm,"mechanic, thợ sửa máy, thợ kim khí, thợ máy","ô tô, cơ khí, tự động hóa",15 tr - 25 tr vnd,15.0,25.0,vnd
trưởng phòng khách hàng doanh nghiệp chi nhánh bình thuận ninh thuận,nhân viên chính thức,quản lý,bình thuận,2 - 3 năm,"head of corporate banking, phó phòng khách hàng doanh nghiệp, giám đốc khối doanh nghiệp, giám đốc khách hàng doanh nghiệp, trưởng phòng khách hàng doanh nghiệp chi nhánh bình thuận ninh thuận",ngân hàng,34 tr - 47 tr vnd,34.0,47.0,vnd
chuyên viên đào tạo tại hà nội,nhân viên chính thức,nhân viên,hà nội,1 - 2 năm,"teacher, chuyên viên đào tạo tại hà nội, giáo viên, huấn luyện viên, chuyên viên huấn luyện","kinh doanh, giáo dục, bán hàng, đào tạo",12 tr - 20 tr vnd,12.0,20.0,vnd
trưởng phòng marketing,nhân viên chính thức,quản lý,hà nội,2 - 5 năm,"phó phòng marketing, trưởng phòng marketing, leader marketing, trướng nhóm marketing","dệt may, marketing, da giày, kinh doanh, tiếp thị, bán hàng, thời trang",30 tr - 35 tr vnd,30.0,35.0,vnd
e commerce content executive,nhân viên chính thức,nhân viên,hồ chí minh,1 - 2 năm,"content staff, content specialist, content executive, content writer, english content, nhân viên nội dung, copywriter, nhân viên nội dung website, e commerce content executive","thương mại điện tử, tiếp thị, marketing, tiếp thị trực tuyến",10 tr - 15 tr vnd,10.0,15.0,vnd
kỹ thuật viên xét nghiệm sinh học phân tử,nhân viên chính thức,nhân viên,hà nội,không yêu cầu,,"y tế, thẩm mỹ, làm đẹp, chăm sóc sức khỏe, công nghệ sinh học",9 tr - 12 tr vnd,9.0,12.0,vnd
kỹ sư cơ điện cơ khí,nhân viên chính thức,nhân viên,long an,trên 3 năm,,"ô tô, cơ khí, tự động hóa",10 tr - 20 tr vnd,10.0,20.0,vnd
nhân viên kế toán bán hàng,nhân viên chính thức,nhân viên,hà nội,2 - 4 năm,"accountant, nhân viên kế toán bán hàng, kế toán viên, kế toán bán hàng công nợ, chuyên viên kế toán, junior accountant, nhân viên kế toán","kế toán, dược phẩm, kiểm toán, hóa mỹ phẩm, xuất nhập khẩu",10 tr - 15 tr vnd,10.0,15.0,vnd
chuyên viên kinh doanh b2b,nhân viên chính thức,nhân viên,hồ chí minh,2 - 5 năm,,"kinh doanh, giáo dục, bán hàng, dịch vụ khách hàng, đào tạo",10 tr - 15 tr vnd,10.0,15.0,vnd
giám sát chuyên môn tiếng anh,nhân viên chính thức,"trưởng nhóm , giám sát",đồng nai,1 - 2 năm,,"giáo dục, đào tạo",15 tr - 20 tr vnd,15.0,20.0,vnd
brand manager,nhân viên chính thức,quản lý,hồ chí minh,2 - 3 năm,"giám đốc nhãn hàng, brand marketing supervisor, senior brand manager, brand manager cocoon, giám đốc thương hiệu, giám đốc nhãn hiệu, brand director, trưởng nhãn hàng, brand manager, giám sát thương hiệu","tiếp thị, marketing",40 tr - 60 tr vnd,40.0,60.0,vnd
nhân viên tư vấn trả góp,nhân viên chính thức,nhân viên,hà nội,không yêu cầu,"consultant executive, consultant, counsellor","kinh doanh, bán hàng, tư vấn, ngân hàng",8 tr - 15 tr vnd,8.0,15.0,vnd
nhân viên bán hàng kiêm thu ngân,nhân viên chính thức,nhân viên,thái bình,không yêu cầu,,"điện, kinh doanh, điện tử, chăm sóc cá nhân, điện lạnh, điện công nghiệp, bán hàng, hàng gia dụng",7 tr - 10 tr vnd,7.0,10.0,vnd
chuyên viên tuyển sinh ocean edu quốc oai thu nhập hấp dẫn từ 13 triệu tháng phỏng vấn đi làm ngay,nhân viên chính thức,nhân viên,hà nội,không yêu cầu,"chuyên viên tuyển sinh ocean edu quốc oai thu nhập hấp dẫn từ triệu, tháng phỏng vấn đi làm ngay","kinh doanh, bán hàng, tư vấn, dịch vụ khách hàng",13 tr - 15 tr vnd,13.0,15.0,vnd
product marketing team leader,nhân viên chính thức,nhân viên,hà nội,trên 3 năm,"product, marketing, hà nội, team leader","marketing, bán sỉ, bán lẻ, kinh doanh, tiếp thị, bán hàng",25 tr - 35 tr vnd,25.0,35.0,vnd
rey hotel hanoi giám sát vệ sinh khu vực công cộng,nhân viên chính thức,"trưởng nhóm , giám sát",hà nội,1 - 5 năm,"security guard, bodyguard","khách sạn, nhà hàng",9 tr - 13 tr vnd,9.0,13.0,vnd
sales executive,"nhân viên chính thức, thực tập",nhân viên,hồ chí minh,không yêu cầu,"chuyên viên kinh doanh, sales supervisor, sales executive thu nhập up to .. vnđ không yêu cầu kinh nghiệm, nhân viên kinh doanh, chuyên viên bán hàng, quản lý kinh doanh, nhân viên bán hàng","bán sỉ, tiếp thị trực tuyến, bán lẻ, kinh doanh, bán hàng",12 tr - 35 tr vnd,12.0,35.0,vnd
chuyên viên tập sự khách hàng doanh nghiệp phòng giao dịch cẩm phả cn quảng ninh,thực tập,"sinh viên, thực tập sinh",quảng ninh,không yêu cầu,chuyên viên tập sự khách hàng doanh nghiệp cn. cẩm phả cnlt.,"ngân hàng, đầu tư, kinh doanh, bán hàng, tài chính","2,5 tr - 15 tr vnd",2.5,15.0,vnd
kỹ sư tư vấn giám sát công trình,nhân viên chính thức,nhân viên,ninh thuận,trên 2 năm,"kỹ sư giám sát thi công xây dựng, kỹ sư cầu đường, kỹ sư tư vấn giám sát công trình, kỹ sư xây dựng, civil engineer, kỹ sư giám sát thi công giao thông, construction engineer, kỹ sư công trình, giám sát thi công công trình, nhân viên kỹ sư xây dựng",xây dựng,12 tr - 16 tr vnd,12.0,16.0,vnd
tổng đài chăm sóc khách hàng vietjet air phỏng vấn online trước tết nhận việc sau tết,nhân viên chính thức,nhân viên,hồ chí minh,không yêu cầu, tổng đài chăm sóc khách hàng vietjet air phỏng vấn online trước tếtnhận việc sau tết,"hàng không, dịch vụ khách hàng","7 tr - 7,5 tr vnd",7.0,7.5,vnd
nhân viên kinh doanh thị trường thành phố thủ đức,nhân viên chính thức,nhân viên,hồ chí minh,không yêu cầu,"sales executive, nhân viên phòng kinh doanh, chuyên viên kinh doanh, đại diện bán hàng, đại diện kinh doanh, nhân viên kinh doanh thị trường thành phố thủ đức, sales engineer, sales dept, telesales, salesman, nhân viên bán hàng","bán sỉ, tiếp thị trực tuyến, bán lẻ, kinh doanh, bán hàng",12 tr - 20 tr vnd,12.0,20.0,vnd
vận hành video ngắn,nhân viên chính thức,nhân viên,hồ chí minh,2 - 3 năm,,"tiếp thị, marketing",20 tr - 25 tr vnd,20.0,25.0,vnd
giám đốc trưởng phòng khách hàng cá nhân,nhân viên chính thức,quản lý,bình dương,2 - 3 năm,"trưởng phòng khách hàng cá nhân bình dương, giám đốc, head of office","đầu tư, tài chính, ngân hàng, chứng khoán",15 tr - 25 tr vnd,15.0,25.0,vnd
quản lý cửa hàng bình dương gap,nhân viên chính thức,quản lý,bình dương,1 - 2 năm,"quản lý cửa hàng mỹ phẩm, quản lý chuỗi cửa hàng bán lẻ, cửa hàng trưởng, trợ lý cửa hàng trưởng, quản lý chuỗi cửa hàng thời trang, quản lý cửa hàng thời trang cao cấp, quản lý chuỗi cửa hàng, trợ lý cửa hàng","dệt may, da giày, quản lý điều hành, kinh doanh, bán hàng, thời trang",10 tr - 15 tr vnd,10.0,15.0,vnd
nhân viên phát triển nông học khu vực thanh hóa miền trung,nhân viên chính thức,nhân viên,thanh hóa,2 - 10 năm,"kỹ sư trồng trọt, kỹ thuật nông học, nhân viên bán nông phẩm, kỹ sư nông học","thực phẩm & đồ uống, nông nghiệp",100 - 500 usd,2.5,12.5,usd
legal officer nhân viên pháp chế,nhân viên chính thức,mới tốt nghiệp,hồ chí minh,không yêu cầu,"chuyên viên pháp chế, legal specialist financial fraud investigator, legal officer nhân viên pháp chế, legal specialist, compliance officer","tư vấn, ngành khác, luật, pháp lý",10 tr - 12 tr vnd,10.0,12.0,vnd
kiến trúc sư chủ trì,nhân viên chính thức,nhân viên,hồ chí minh,3 - 5 năm,"cadddesigner, kiến trúc sư chủ trì, civil engineer, draftsman, họa viên kiến trúc, architect, architectural drafter, nhân viên thiết kế kiến trúc, architectural, site engineer, structural drafter","kiến trúc, nội ngoại thất, xây dựng",15 tr - 25 tr vnd,15.0,25.0,vnd
chuyên viên kinh doanh dự án,nhân viên chính thức,nhân viên,hồ chí minh,2 - 3 năm,"sales executive, chuyên viên kinh doanh dự án, saler, sales supervisor, salesman","bán sỉ, bán lẻ, nội ngoại thất, kinh doanh, bán hàng",18 tr - 25 tr vnd,18.0,25.0,vnd
hiệu phó các cấp tiểu học thcs thpt,nhân viên chính thức,quản lý,hà nội,3 - 5 năm,"hiệu trưởng, hiệu phó, quản lý giáo dục, giáo dục tiểu học, giáo viên, ban giám hiệu","quản lý điều hành, giáo dục, đào tạo","1,000 - 2,000 usd",25.0,50.0,usd
nhân viên phát triển thị trường quận huyện đăng ký,nhân viên chính thức,nhân viên,hồ chí minh,không yêu cầu,,"bán sỉ, tiếp thị trực tuyến, bán lẻ, kinh doanh, bán hàng",12 tr - 20 tr vnd,12.0,20.0,vnd
nhân viên may mẫu hàng thời trang nữ lương 12tr,nhân viên chính thức,nhân viên,hồ chí minh,1 - 3 năm,"nhân viên ra mẫu, nhân viên may mẫu hàng thời trang nữ lương tr, nhân viên cắt rập","dệt may, da giày, thời trang",11 tr - 15 tr vnd,11.0,15.0,vnd
kỹ sư giám sát điện,nhân viên chính thức,"trưởng nhóm , giám sát",hồ chí minh,trên 3 năm,"kỹ sư m&e, kỹ sư giám sát hệ thống cơ điện, electrical engineer, kỹ sư giám sát điện, kỹ sư điện, m&e engineer, kỹ sư cơ điện công trình, kỹ sư cơ điện m&e","điện công nghiệp, điện lạnh, điện, điện tử",trên 15 tr vnd,15.0,0.0,vnd
nhân viên kho,nhân viên chính thức,nhân viên,bà rịa  vũng tàu,trên 1 năm,,"giao nhận, vận chuyển, kho vận",9 tr - 13 tr vnd,9.0,13.0,vnd
trưởng bộ phận kho tổng,nhân viên chính thức,quản lý,hà nội,3 - 5 năm,,"giao nhận, vận chuyển, kho vận",25 tr - 30 tr vnd,25.0,30.0,vnd
lái xe văn phòng đưa kinh doanh đi công tác tỉnh miền bắc miền trung,nhân viên chính thức,nhân viên,hà nội,2 - 3 năm,"lái xe văn phòng đưa kinh doanh đi công tác tỉnh miền bắc miền trung, nhân viên phòng, chăm sóc khách hàng","bán sỉ, bán lẻ, xây dựng",11 tr - 12 tr vnd,11.0,12.0,vnd
warehouse admin admin kho,nhân viên chính thức,mới tốt nghiệp,đồng nai,không yêu cầu,"nhân viên quản lý kho, warehouse assistant, warehouse staff, admin kho, nhân viên kho, warehouse admin, warehouseman, nhân viên phụ kho, nhân viên phụ trách kho, nhân viên hành chính kho","thư ký, kế toán, hành chính, kiểm toán, giao nhận, vận chuyển, kho vận","lên đến 8,7 tr vnd",0.0,8.7,vnd
trưởng nhóm tư vấn tuyển sinh,nhân viên chính thức,"trưởng nhóm , giám sát",bà rịa  vũng tàu,trên 1 năm,"tư vấn đào tạo, trưởng nhóm tư vấn tuyển sinh ","tư vấn, kinh doanh, giáo dục, bán hàng, đào tạo",8 tr - 12 tr vnd,8.0,12.0,vnd
giám sát bán hàng,nhân viên chính thức,"trưởng nhóm , giám sát",hà nội,2 - 5 năm,,"bán sỉ, bán lẻ, kinh doanh, bán hàng, dịch vụ khách hàng",25 tr - 30 tr vnd,25.0,30.0,vnd
nhân viên phiên dịch tiếng hàn,nhân viên chính thức,nhân viên,thái bình,1 - 3 năm,"thông dịch viên tiếng hàn, nhân viên phiên dịch tiếng hàn công ty hite jinro hàn quốc thái bình, dịch thuật viên tiếng hàn, phiên dịch tiếng hàn, nhân viên biên dịch tiếng hàn, biên dịch viên tiếng hàn, thông dịch tiếng hàn, korean translator, biên phiên dịch tiếng hàn, korean interpreter","nhân sự, biên phiên dịch",15 tr - 20 tr vnd,15.0,20.0,vnd
total rewards performance management specialist,nhân viên chính thức,nhân viên,hà nội,4 - 5 năm,"c&b supervisor, quản lý chính sách tiền lương và phúc lợi xã hội, total rewards & performance management specialist, c&b specialist",nhân sự,23 tr - 27 tr vnd,23.0,27.0,vnd
chuyên viên đào tạo,nhân viên chính thức,nhân viên,hồ chí minh,1 - 2 năm,,"giải trí, nhà hàng, giáo dục, khách sạn, đào tạo",9 tr - 14 tr vnd,9.0,14.0,vnd
trợ giảng tiếng anh part time sau tết đi làm,nhân viên chính thức,nhân viên,đồng nai,1 - 2 năm,"teacher assistant, trợ giảng tiếng anh part time sau tết đi làm","giáo dục, đào tạo, biên phiên dịch","6 tr - 7,5 tr vnd",6.0,7.5,vnd
tuyển dụng tổng đài viên ngân hàng tpbank không yêu cầu kinh nghiệm làm việc xoay ca được lựa chọn địa điểm làm việc,nhân viên chính thức,mới tốt nghiệp,hà nội,không yêu cầu, tuyển dụng tổng đài viên ngân hàng tpbank không yêu cầu kinh nghiệm làm việc xoay ca được lựa chọn địa điểm làm việc,"bán sỉ, nhân sự, giải trí, bán lẻ",7 tr - 9 tr vnd,7.0,9.0,vnd
chuyên viên kinh doanh cơ khí,nhân viên chính thức,nhân viên,đà nẵng,1 - 2 năm,"sales executive, chuyên viên kinh doanh cơ khí đà nẵng, nhân viên kinh doanh, giám sát kinh doanh","điện, cơ khí, kinh doanh, điện tử, điện lạnh, tự động hóa, điện công nghiệp, ô tô, bán hàng",15 tr - 35 tr vnd,15.0,35.0,vnd
sales tiếng trung quốc,nhân viên chính thức,nhân viên,hà nội,trên 2 năm,"sales tiếng trung quốc, chuyên viên kinh doanh, nhân viên kinh doanh","kinh doanh, bán hàng, biên phiên dịch",40 tr - 50 tr vnd,40.0,50.0,vnd
ca đêm giám sát vscn kcn cao củ chi,nhân viên chính thức,"trưởng nhóm , giám sát",hồ chí minh,1 - 2 năm,,"ngành khác, nhân sự, dịch vụ khách hàng","7,5 tr - 8,5 tr vnd",7.5,8.5,vnd
kỹ sư chất lượng,nhân viên chính thức,nhân viên,đồng nai,1 - 2 năm,,"điện, cơ khí, điện tử, điện lạnh, qc), tự động hóa, điện công nghiệp, ô tô, quản lý chất lượng (qa",10 tr - 25 tr vnd,10.0,25.0,vnd
kỹ thuật viên lắp đặt máy lọc nước,nhân viên chính thức,nhân viên,hậu giang,trên 1 năm,"bảo hành, lắp đặt, sửa chữa, gia dụng, điện lạnh, bảo dưỡng","điện, sửa chữa, bảo trì, điện tử, điện lạnh, điện công nghiệp",8 tr - 12 tr vnd,8.0,12.0,vnd
production manager,nhân viên chính thức,quản lý,sóc trăng,5 - 7 năm,"quản đốc sản xuất, production manager hand bag làm việc tại miền tây nam bộ, production controller, coepto việt nam, giám sát sản xuất, quản lý sản xuất, quản lý sản phẩm, product manager, manufacturing manager","dệt may, da giày, vận hành sản xuất, sản xuất, thời trang","trên 4,000 usd",100.0,0.0,usd
giám sát vùng vệ sinh công nghiệp,nhân viên chính thức,quản lý,hồ chí minh,3 - 4 năm,"security guard, giám sát vùng vệ sinh công nghiệp, bodyguard","quản lý điều hành, nhân sự, bất động sản",11 tr - 13 tr vnd,11.0,13.0,vnd
biên hòa phó phòng hành chính nhân sự,nhân viên chính thức,quản lý,đồng nai,5 - 6 năm,"trưởng phòng hành chính nhân sự, biên hòa phó phòng hành chính nhân sự mạnh tuyển dụng, human resource and administration manager, hr administration manager, giám đốc hành chính nhân sự, hr administration director, trưởng phòng hcns, hr admin supervisor, hr & admin manager, giám đốc hcns, hr & admin director","thư ký, hành chính, kinh doanh, nhân sự, bán hàng",20 tr - 25 tr vnd,20.0,25.0,vnd
giám đốc chi nhánh,nhân viên chính thức,quản lý,hồ chí minh,2 - 5 năm,"giám đốc chi nhánh beauty clinic, director","y tế, thẩm mỹ, làm đẹp, dịch vụ khách hàng, chăm sóc sức khỏe",60 tr - 110 tr vnd,60.0,110.0,vnd
tuyển dụng nhân viên kinh doanh b2b tại hn và hcm,nhân viên chính thức,mới tốt nghiệp,hà nội,không yêu cầu,,"kinh doanh, bán hàng, tư vấn, dịch vụ khách hàng",25 tr - 50 tr vnd,25.0,50.0,vnd
phiên dịch tiếng trung,nhân viên chính thức,nhân viên,bà rịa  vũng tàu,trên 1 năm,"phiên dịch tiếng trung, biên phiên dịch tiếng trung, chinese translator, chinese interpreter, biên dịch viên tiếng trung quốc","thư ký, hành chính, biên phiên dịch",10 tr - 20 tr vnd,10.0,20.0,vnd
kỹ sư vận hành năng lượng mặt trời,nhân viên chính thức,nhân viên,hà nội,trên 2 năm,"vận hành năng lượng mặt trời, solar, kỹ sư vận hành, kỹ sư vận hành năng lượng mặt trời backoffice, năng lượng mặt trời","điện, điện tử, điện lạnh, điện công nghiệp, vận hành sản xuất, sản xuất",16 tr - 20 tr vnd,16.0,20.0,vnd
trợ lý tiếng trung,nhân viên chính thức,nhân viên,hồ chí minh,không yêu cầu,,"thực phẩm & đồ uống, bán sỉ, bán lẻ, kinh doanh, bán hàng",11 tr - 15 tr vnd,11.0,15.0,vnd
kỹ sư cơ khí,nhân viên chính thức,nhân viên,bà rịa  vũng tàu,2 - 3 năm,"kỹ sư cơ khí, kỹ thuật cơ khí, kỹ sư cơ giới, chuyên viên cơ khí, mechanical engineer, i&c supervisor","ô tô, cơ khí, tự động hóa",10 tr - 15 tr vnd,10.0,15.0,vnd
nhân viên kế toán thuế thu nhập 13 000 000 15 000 000 tại hà nội,nhân viên chính thức,nhân viên,hà nội,2 - 3 năm,"accountant, nhân viên kế toán","kế toán, kiểm toán, ngân hàng",13 tr - 15 tr vnd,13.0,15.0,vnd
nhân viên kinh doanh vật liệu xây dựng thành phố vinh,nhân viên chính thức,nhân viên,nghệ an,không yêu cầu,"sales executive, nhân viên phòng kinh doanh, chuyên viên kinh doanh, đại diện kinh doanh, đại diện bán hàng, nhân viên bán hàng, sales engineer, sales dept, telesales, salesman, nhân viên kinh doanh vật liệu xây dựng thành phố vinh","tư vấn, bán sỉ, bán lẻ, kinh doanh, bán hàng",15 tr - 20 tr vnd,15.0,20.0,vnd
nhân viên phòng mẫu,nhân viên chính thức,nhân viên,bình dương,không yêu cầu,"interior designer, pattern designer, decorative, drafter, nhân viên phác thảo, marker, drafts person, nhân viên giác sơ đồ, nhân viên phòng mẫu, decoration","ô tô, cơ khí, tự động hóa",9 tr - 13 tr vnd,9.0,13.0,vnd
nhân viên kế toán tổng hợp miền bắc thu nhập 15 000 000 20 000 000,nhân viên chính thức,nhân viên,hà nội,3 - 5 năm,,"kế toán, kiểm toán, ngân hàng",15 tr - 20 tr vnd,15.0,20.0,vnd
trưởng nhóm kinh doanh thị trường,nhân viên chính thức,"trưởng nhóm , giám sát",hà nội,2 - 4 năm,"mt sales supervisor, trưởng nhóm kinh doanh mt, kinh doanh thị trường, area sales manager, sales supervisor, nhân viên phòng, chăm sóc khách hàng, mt lead, sales lead, trưởng nhóm kinh doanh thị trường","bán sỉ, tiếp thị trực tuyến, bán lẻ, kinh doanh, bán hàng",25 tr - 35 tr vnd,25.0,35.0,vnd
chuyên viên khách hàng doanh nghiệp phòng giao dịch yên lạc cn vĩnh phúc,nhân viên chính thức,nhân viên,vĩnh phúc,không yêu cầu,chuyên viên khách hàng doanh nghiệp cn. vĩnh phúc cnlt.,"ngân hàng, đầu tư, kinh doanh, bán hàng, tài chính",10 tr - 35 tr vnd,10.0,35.0,vnd
nhân viên livestream,nhân viên chính thức,nhân viên,hồ chí minh,1 - 2 năm,,"tiếp thị, marketing, tiếp thị trực tuyến, dịch vụ khách hàng",11 tr - 13 tr vnd,11.0,13.0,vnd
phó phòng kỹ thuật,nhân viên chính thức,"trưởng nhóm , giám sát",hà nội,5 - 10 năm,"maintenance manager, deputy head of office, trưởng phòng kỹ thuật, chuyên viên kỹ thuật, phó phòng kỹ thuật","điện, sửa chữa, bảo trì, điện tử, điện lạnh, điện công nghiệp",15 tr - 18 tr vnd,15.0,18.0,vnd
kế toán tổng hợp,nhân viên chính thức,nhân viên,hà nội,1 - 2 năm,"kế toán tổng hợp, general accountant","kế toán, đầu tư, kiểm toán, kinh doanh, bán hàng, tài chính",9 tr - 16 tr vnd,9.0,16.0,vnd
c b staff,nhân viên chính thức,nhân viên,hồ chí minh,lên đến 2 năm,,"thư ký, hành chính, nhân sự",9 tr - 11 tr vnd,9.0,11.0,vnd
nhân sự media fulltime,nhân viên chính thức,nhân viên,hà nội,trên 1 năm,"human resource, hr, recruitment","tiếp thị, marketing",8 tr - 10 tr vnd,8.0,10.0,vnd
114872 qa manager food,nhân viên chính thức,nhân viên,hồ chí minh,3 - 8 năm,"trưởng phòng quản lý chất lượng, giám đốc chất lượng, qa, qa manager food, qc, qc manager, quality management manager, trưởng phòng qa, qc division head, trưởng bộ phận quản lý chất lượng",thực phẩm & đồ uống,25 tr - 38 tr vnd,25.0,38.0,vnd
trưởng nhóm tuyển sinh,nhân viên chính thức,"trưởng nhóm , giám sát",thái bình,1 - 3 năm,trưởng nhóm tuyển sinh ocean edu thái bình,"tư vấn, giáo dục, dịch vụ khách hàng, đào tạo",14 tr - 16 tr vnd,14.0,16.0,vnd
giải phóng nhân viên kinh doanh bán hàng trực tiếp,nhân viên chính thức,nhân viên,hà nội,không yêu cầu,"sales executive, nhân viên phòng kinh doanh, chuyên viên kinh doanh, đại diện bán hàng, đại diện kinh doanh, sales engineer, sales dept, giải phóng nhân viên kinh doanh bán hàng trực tiếp, telesales, salesman, nhân viên bán hàng","kinh doanh, bán hàng",10 tr - 14 tr vnd,10.0,14.0,vnd
kế toán tổng hợp,nhân viên chính thức,"trưởng nhóm , giám sát",hà nội,2 - 5 năm,"kế toán tổng hợp, general accountant","kế toán, kiểm toán",12 tr - 17 tr vnd,12.0,17.0,vnd
qa manager,nhân viên chính thức,quản lý,hà nội,5 - 15 năm,,"thực phẩm & đồ uống, qc), quản lý chất lượng (qa",35 tr - 50 tr vnd,35.0,50.0,vnd
nhân viên chăm sóc khách hàng,nhân viên chính thức,nhân viên,hà nội,1 - 2 năm,,"y tế, thẩm mỹ, làm đẹp, kinh doanh, bán hàng, dịch vụ khách hàng, chăm sóc sức khỏe",12 tr - 15 tr vnd,12.0,15.0,vnd
chuyên viên khách hàng cá nhân phòng giao dịch nghi sơn cn thanh hóa,nhân viên chính thức,nhân viên,thanh hóa,không yêu cầu,chuyên viên khách hàng cá nhân cn. tam điệp cnlt.,"ngân hàng, đầu tư, kinh doanh, bán hàng, tài chính",9 tr - 35 tr vnd,9.0,35.0,vnd
chuyên viên tư vấn,nhân viên chính thức,nhân viên,hà nội,1 - 3 năm,,"y tế, tư vấn, thẩm mỹ, làm đẹp, kinh doanh, bán hàng, chăm sóc sức khỏe",trên 50 tr vnd,50.0,0.0,vnd
kỹ sư thiết kế điện,nhân viên chính thức,nhân viên,hà nội,3 - 4 năm,"điện động lực, điện, điện chiếu sáng, kỹ sư thiết kế điện điện động lực chiếu sáng báo cháy điện nhẹ, điện nhẹ, me","điện, sửa chữa, cơ khí, bảo trì, điện tử, điện lạnh, tự động hóa, điện công nghiệp, ô tô",18 tr - 22 tr vnd,18.0,22.0,vnd
nhân viên tư vấn trả góp tại tuyển gấp,nhân viên chính thức,nhân viên,sóc trăng,không yêu cầu,"auto sales, sales pos, pg tại sóc trăng, nhân viên bán hàng tại sóc trăng, nhân viên dịch vụ khách hàng tại sóc trăng, pb tại sóc trăng, nhân viên xe máy, twl, nhân viên tài chính tại sóc trăng, nhân viên ô tô, nhân viên kinh doanh tại sóc trăng, nhân viên tư vấn trả góp tại kênh pos tuyển gấp, nhân viên chăm sóc khách hàng tại sóc trăng","đầu tư, bán sỉ, bán lẻ, kinh doanh, bán hàng, tài chính",7 tr - 15 tr vnd,7.0,15.0,vnd
google ads lead,nhân viên chính thức,nhân viên,hồ chí minh,2 - 3 năm,,"thương mại điện tử, tiếp thị, marketing, bất động sản",16 tr - 19 tr vnd,16.0,19.0,vnd
nhân viên thu mua,nhân viên chính thức,nhân viên,hà nội,1 - 2 năm,"manager, procurement officer, nhân viên thu mua, purchasing staff, supervisor, purchasing officer, executive, nhân viên phòng thu mua, purchasing","dệt may, nhà hàng, da giày, khách sạn, thời trang",10 tr - 12 tr vnd,10.0,12.0,vnd
thực tập sinh,thực tập,mới tốt nghiệp,hồ chí minh,không yêu cầu,"internship, sinh viên thực tập, nhân viên thực tập, nhân viên thực tập nước ngoài, thực tập sinh có lương","xuất bản, cơ khí, in ấn, tự động hóa, ô tô, bán hàng kỹ thuật",trên 2 tr vnd,2.0,0.0,vnd
sales logistics,nhân viên chính thức,nhân viên,hà nội,2 - 3 năm,"nhân viên kinh doanh xuất nhập khẩu, nhân viên sales logistic, chuyên viên kinh doanh xuất nhập khẩu, sales logistics","giao nhận, vận chuyển, xuất nhập khẩu, kinh doanh, bán hàng, kho vận",trên 15 tr vnd,15.0,0.0,vnd
kế toán khách sạn,nhân viên chính thức,nhân viên,hà nội,1 - 2 năm,"kế toán khách sạn, thống kê","kế toán, khách sạn, kiểm toán, nhà hàng",16 tr - 30 tr vnd,16.0,30.0,vnd
chuyên viên digital marketing,nhân viên chính thức,nhân viên,hà nội,1 - 3 năm,,"tiếp thị, marketing",12 tr - 18 tr vnd,12.0,18.0,vnd
chuyên viên lập kế hoạch truyền thông,nhân viên chính thức,nhân viên,hồ chí minh,1 - 2 năm,,"marketing, truyền thông, đối ngoại, quảng cáo, tiếp thị trực tuyến, tiếp thị",12 tr - 20 tr vnd,12.0,20.0,vnd
trưởng nhóm livestream,nhân viên chính thức,"trưởng nhóm , giám sát",hà nội,1 - 2 năm,,"bán sỉ, bán hàng, bán lẻ, kinh doanh",15 tr - 18 tr vnd,15.0,18.0,vnd
kỹ thuật viên khúc xạ quận 6 owndays,nhân viên chính thức,nhân viên,hồ chí minh,1 - 2 năm,"nhân viên kỹ thuật, technician, nhân viên phòng kỹ thuật, nhân viên kỹ thuật cntt, kỹ thuật viên khúc xạ optician quận owndays","dệt may, da giày, thời trang",11 tr - 15 tr vnd,11.0,15.0,vnd
quản lý kinh doanh kênh etc dịch vụ hồ chí minh,nhân viên chính thức,"trưởng nhóm , giám sát",hồ chí minh,1 - 3 năm,"sales executive, chuyên viên kinh doanh, giám sát kinh doanh, quản lý kinh doanh kênh etc dịch vụ hồ chí minh, nhân viên kinh doanh, chuyên viên bán hàng, nhân viên bán hàng","y tế, dược phẩm, thẩm mỹ, hóa mỹ phẩm, làm đẹp, kinh doanh, bán hàng, chăm sóc sức khỏe",30 tr - 50 tr vnd,30.0,50.0,vnd
nhân viên cấp liệu cho phân xưởng hưng yên,nhân viên chính thức,nhân viên,hưng yên,không yêu cầu,,"giao nhận, bảo vệ, vận chuyển, lao động phổ thông, kho vận, an ninh","7 tr - 7,5 tr vnd",7.0,7.5,vnd
trợ giảng tiếng anh,nhân viên chính thức,nhân viên,bà rịa  vũng tàu,không yêu cầu,,"tư vấn, giáo dục, dịch vụ khách hàng, đào tạo",7 tr - 8 tr vnd,7.0,8.0,vnd
nhân viên seo marketing,nhân viên chính thức,nhân viên,hồ chí minh,1 - 2 năm,", marketing, chuyên viên pr marketing, chuyên viên social media, chuyen vien marketing online, marketing operations officer, nhan vien marketing online, marketing online","marketing, tiếp thị trực tuyến, kinh doanh, tiếp thị, bán hàng",15 tr - 20 tr vnd,15.0,20.0,vnd
kỹ sư thiết kế cơ khí,nhân viên chính thức,nhân viên,hà nội,chưa có kinh nghiệm,"kỹ sư giám sát thiết kế cơ khí, kỹ sư cơ khí, kỹ sư thiết kế cơ khí, chuyên viên cơ khí, kỹ sư cơ giới, mechanical engineer","ô tô, cơ khí, tự động hóa",9 tr - 15 tr vnd,9.0,15.0,vnd
chuyên viên thử nghiệm qa sản phẩm gia dụng,nhân viên chính thức,nhân viên,hà nội,trên 1 năm,,"cơ khí, qc), tự động hóa, ô tô, quản lý chất lượng (qa",12 tr - 17 tr vnd,12.0,17.0,vnd
industry research analyst chuyên viên nghiên cứu,nhân viên chính thức,nhân viên,hà nội,trên 2 năm,,"đầu tư, ngành khác, tài chính, biên phiên dịch",15 tr - 20 tr vnd,15.0,20.0,vnd
chủ nhiệm lớp anh ngữ ocean edu vĩnh tường thu nhập hấp dẫn 13 triệu tháng trở lên phỏng vấn đi làm ngay,nhân viên chính thức,nhân viên,vĩnh phúc,không yêu cầu,"chủ nhiệm lớp anh ngữ ocean edu vĩnh tường vĩnh phúc thu nhập hấp dẫn triệu, tháng trở lên phỏng vấn đi làm ngay","kinh doanh, bán hàng, dịch vụ khách hàng, biên phiên dịch",13 tr - 15 tr vnd,13.0,15.0,vnd
đại diện kinh doanh kiêm học vụ mảng giáo dục steam,nhân viên chính thức,nhân viên,đồng tháp,lên đến 1 năm,"đại diện bán hàng, đại diện kinh doanh kiêm học vụ mảng giáo dục steam, saler, sales representative, nhân viên kinh doanh, salesman, nhân viên bán hàng","xuất bản, in ấn, kinh doanh, giáo dục, bán hàng, đào tạo",8 tr - 12 tr vnd,8.0,12.0,vnd
communication leader,nhân viên chính thức,"trưởng nhóm , giám sát",hồ chí minh,3 - 5 năm,,"tiếp thị, marketing",25 tr - 35 tr vnd,25.0,35.0,vnd
118044 import export leader manufacturing trưởng nhóm xuất nhập khẩu sản xuất,nhân viên chính thức,"trưởng nhóm , giám sát",hà nội,trên 4 năm,"epe company, export import officer, clearance audit, import export, xuất nhập khẩu, trưởng nhóm xuất nhập khẩu, xnk, import export leader","vận hành sản xuất, sản xuất, xuất nhập khẩu",25 tr - 30 tr vnd,25.0,30.0,vnd
chuyên viên tập sự khách hàng cá nhân phòng giao dịch vân đồn cn quảng ninh,nhân viên chính thức,nhân viên,quảng ninh,không yêu cầu,chuyên viên tập sự khách hàng cá nhân phòng giao dịch bãi cháy cn. quảng ninh cnlt.,"ngân hàng, đầu tư, kinh doanh, bán hàng, tài chính",9 tr - 35 tr vnd,9.0,35.0,vnd
chuyên viên content,nhân viên chính thức,nhân viên,hà nội,trên 2 năm,"content staff, content executive, senior content executive","truyền hình, marketing, biên tập, truyền thông, đối ngoại, quảng cáo, tiếp thị, báo chí",12 tr - 15 tr vnd,12.0,15.0,vnd
chuyên viên an toàn bảo mật thông tin,nhân viên chính thức,nhân viên,hồ chí minh,2 - 3 năm,an toàn bảo mật thông tin,"chứng khoán, cntt - phần cứng, mạng, cntt - phần mềm",22 tr - 30 tr vnd,22.0,30.0,vnd
kế toán nội bộ,nhân viên chính thức,nhân viên,hồ chí minh,trên 1 năm,"kế toán nội bộ, thống kê","kế toán, kiểm toán",10 tr - 13 tr vnd,10.0,13.0,vnd
nhân viên tuyển dụng,nhân viên chính thức,nhân viên,hà nội,không yêu cầu,"tuyển dụng viên, hr, hành chính nhân sự, nhân sự, nhân viên tuyển dụng, ta","thư ký, hành chính, nhân sự, giáo dục, đào tạo",6 tr - 12 tr vnd,6.0,12.0,vnd
quản lý kỹ thuật công đoạn sấy vớ,nhân viên chính thức,quản lý,đồng nai,3 - 5 năm,,"vận hành sản xuất, sản xuất",20 tr - 25 tr vnd,20.0,25.0,vnd
chuyên viên tư vấn giáo dục thu nhập từ 13 triệu tháng phỏng vấn đi làm ngay,nhân viên chính thức,nhân viên,hà nội,lên đến 1 năm,"tháng phỏng vấn đi làm ngay, chuyên viên tư vấn giáo dục ocean edu đông anh thu nhập từ triệu","kinh doanh, giáo dục, bán hàng, dịch vụ khách hàng, đào tạo",13 tr - 15 tr vnd,13.0,15.0,vnd
giao dịch viên tài chính tại cửa hàng pnj,nhân viên chính thức,nhân viên,hồ chí minh,lên đến 1 năm,"tư vấn, nhân viên kinh doanh, chăm sóc khách hàng, giao dịch viên, tư vấn tài chính, bán hàng, sales","kinh doanh, bán hàng, tư vấn, dịch vụ khách hàng",9 tr - 20 tr vnd,9.0,20.0,vnd
nhân viên kỹ thuật viễn thông,nhân viên chính thức,nhân viên,bình dương,chưa có kinh nghiệm,"nhân viên kỹ thuật viễn thông làm việc tại hưng yên, kỹ thuật, viễn thông","sửa chữa, bưu chính viễn thông, bảo trì, mạng, cntt - phần cứng",12 tr - 20 tr vnd,12.0,20.0,vnd
nhân viên kho,nhân viên chính thức,nhân viên,long an,1 - 2 năm,"nhân viên kho, thủ kho","sản xuất, thực phẩm & đồ uống, giao nhận, vận chuyển, vận hành sản xuất, kho vận",10 tr - 13 tr vnd,10.0,13.0,vnd
kế toán trưởng kiêm kế toán tổng hợp,nhân viên chính thức,nhân viên,hồ chí minh,trên 5 năm,"kế toán trưởng kiêm kế toán tổng hợp, kế toán quản trị nội bộ, management accountant","kế toán, kiểm toán",15 tr - 18 tr vnd,15.0,18.0,vnd
nhân viên thiết kế đồ họa,nhân viên chính thức,nhân viên,hà nội,1 - 2 năm,"graphic designer, họa viên, nhân viên thiết kế đồ họa","dệt may, marketing, da giày, bán sỉ, bán lẻ, tiếp thị, thời trang",12 tr - 15 tr vnd,12.0,15.0,vnd
kế toán công nợ,nhân viên chính thức,nhân viên,hà nội,trên 2 năm,,"kế toán, kiểm toán",10 tr - 14 tr vnd,10.0,14.0,vnd
customer service team leader,nhân viên chính thức,"trưởng nhóm , giám sát",hồ chí minh,1 - 2 năm,"customer service team leader e commerce, trưởng phòng dịch vụ khách hàng, customer service manager, services manager, customer service supervisor, giám đốc phòng dịch vụ khách hàng, giám sát phòng dịch vụ khách hàng, head of customer services","kinh doanh, bán hàng, tư vấn, dịch vụ khách hàng",12 tr - 15 tr vnd,12.0,15.0,vnd
chuyên viên sản phẩm thiết bị y tế,nhân viên chính thức,nhân viên,hà nội,1 - 2 năm,"automotive product specialist, clinical product specialist, chuyên viên sản phẩm thiết bị y tế, biochemical product specialist, product specialist","y tế, dược phẩm, thẩm mỹ, hóa mỹ phẩm, làm đẹp, chăm sóc sức khỏe, công nghệ sinh học",12 tr - 20 tr vnd,12.0,20.0,vnd
kỹ thuật viên sửa xe máy – gia hoa vũng tàu,nhân viên chính thức,nhân viên,bà rịa  vũng tàu,trên 1 năm,,"bảo trì, sửa chữa",7 tr - 14 tr vnd,7.0,14.0,vnd
trình dược viên kênh otc,nhân viên chính thức,nhân viên,thái nguyên,1 - 2 năm,"trình dược viên, kênh nhà thuốc, otc, nhân viên bán hàng","marketing, dược phẩm, hóa mỹ phẩm, kinh doanh, tiếp thị, bán hàng",8 tr - 15 tr vnd,8.0,15.0,vnd
giáo viên giáo dục đặc biệt,nhân viên chính thức,nhân viên,bắc ninh,2 - 3 năm,"sen teacher, special education need, tâm lý học đường, giáo viên tâm lý, tâm lý học, tư vấn học đường","tư vấn, giáo dục, đào tạo",15 tr - 25 tr vnd,15.0,25.0,vnd
chuyên viên tập sự khách hàng cá nhân phòng giao dịch ý yên cn nam định,nhân viên chính thức,nhân viên,nam định,không yêu cầu,chuyên viên tập sự khách hàng cá nhân cn. nam định cnlt.,"ngân hàng, đầu tư, kinh doanh, bán hàng, tài chính",9 tr - 35 tr vnd,9.0,35.0,vnd
trưởng phòng kinh doanh mảng cafe,nhân viên chính thức,quản lý,hà nội,trên 2 năm,"trưởng phòng kinh doanh mảng cafe, trưởng phòng sale, trưởng phòng kinh doanh, head of sales","nhà hàng, quản lý điều hành, khách sạn, kinh doanh, bán hàng",20 tr - 50 tr vnd,20.0,50.0,vnd
kế toán viên 1 năm kinh nghiệm,nhân viên chính thức,nhân viên,hồ chí minh,1 - 2 năm,,"kế toán, kiểm toán",9 tr - 11 tr vnd,9.0,11.0,vnd
nhân viên kinh doanh quận 12,nhân viên chính thức,nhân viên,hồ chí minh,không yêu cầu,,"mới tốt nghiệp, cơ khí, thực tập, tự động hóa, kinh doanh, ô tô, bán hàng",8 tr - 30 tr vnd,8.0,30.0,vnd
nhân viên kho sơ chế phụ bếp nhựa duy tân lê minh xuân bình chánh,nhân viên chính thức,nhân viên,hồ chí minh,không yêu cầu,"nhân viên quản lý kho, warehouse assistant, warehouse, warehouse staff, nhân viên kho, sơ chế, warehouseman, nhân viên phụ kho, nhân viên phụ trách kho, nhân viên hành chính kho, nhân viên bếp, phụ bếp nhựa duy tân lê minh xuân bình chánh","thực phẩm & đồ uống, giao nhận, vận chuyển, lao động phổ thông, kho vận","5,5 tr - 7,5 tr vnd",5.5,7.5,vnd
chuyên viên pha chế,nhân viên chính thức,nhân viên,hà nội,không yêu cầu,,"khách sạn, du lịch, dịch vụ khách hàng, nhà hàng","6,5 tr - 7,5 tr vnd",6.5,7.5,vnd
nhân viên chăm sóc khách hàng hải dương,nhân viên chính thức,nhân viên,hải dương,không yêu cầu,"customer service representative, trực tổng đài, customer care staff, customer service executive, customer service staff, nhân viên hỗ trợ khách hàng, customer services, nhân viên dịch vụ khách hàng, nhân viên chăm sóc khách hàng hải dương","bán sỉ, bán hàng, bán lẻ, kinh doanh",6 tr - 10 tr vnd,6.0,10.0,vnd
115416 qa supervisor equipment,nhân viên chính thức,"trưởng nhóm , giám sát",hồ chí minh,5 - 10 năm,"quality control supervisor, qa, quality assurance supervisor, qc supervisor cosmetic field, qa supervisor equipment, qc supervisor, quality supervisor","cơ khí, tự động hóa, ô tô, vận hành sản xuất, sản xuất","20 tr - 37,5 tr vnd",20.0,37.5,vnd
giáo viên tiếng hoa,nhân viên chính thức,nhân viên,đồng nai,1 - 2 năm,,"giáo dục, đào tạo",8 tr - 12 tr vnd,8.0,12.0,vnd
chuyên viên kinh doanh,nhân viên chính thức,nhân viên,hồ chí minh,1 - 3 năm,"sales executive, chuyên viên kinh doanh, nhân viên kinh doanh, giám sát kinh doanh","dệt may, da giày, bán sỉ, bán lẻ, kinh doanh, bán hàng, thời trang",10 tr - 15 tr vnd,10.0,15.0,vnd
performance marketing specialist,nhân viên chính thức,nhân viên,hồ chí minh,không yêu cầu,"marketing executive, chuyên viên pr marketing, marketing coordinator, offline marketing executive, performance marketing specialist lương cứng tối thiểu .. vnđ làm việc tại quận, online marketing executive, nhân viên marketing, marketer","marketing, truyền thông, đối ngoại, quảng cáo, tiếp thị trực tuyến, tiếp thị",14 tr - 18 tr vnd,14.0,18.0,vnd
phó phòng kiểm soát nội bộ,nhân viên chính thức,quản lý,hà nội,3 - 5 năm,"phó phòng kiểm soát nội bộ, kiểm toán nội bộ, internal audit","y tế, thẩm mỹ, làm đẹp, kinh doanh, bán hàng, chăm sóc sức khỏe, cntt - phần mềm",30 tr - 40 tr vnd,30.0,40.0,vnd
nhân viên call center bán hàng online,nhân viên chính thức,nhân viên,hà nội,1 - 2 năm,"nhân viên trực tổng đài, điện thoại viên, nhân viên trực điện thoại, nhân viên call center bán hàng online","bán sỉ, tiếp thị trực tuyến, bán lẻ, kinh doanh, bán hàng",7 tr - 15 tr vnd,7.0,15.0,vnd
nhân viên kinh doanh thị trường khu vực đăk lăk kon tum gia lai,nhân viên chính thức,nhân viên,kon tum,trên 1 năm,,"dược phẩm, hóa mỹ phẩm, chăm sóc cá nhân, kinh doanh, bán hàng, hàng gia dụng",12 tr - 20 tr vnd,12.0,20.0,vnd
trưởng nhóm tuyển sinh,nhân viên chính thức,"trưởng nhóm , giám sát",ninh bình,1 - 2 năm,"tuyển sinh, ninh bình, tư vấn, trưởng nhóm tuyển sinh ocean edu ninh bình, giáo dục","tư vấn, giáo dục, dịch vụ khách hàng, đào tạo",15 tr - 17 tr vnd,15.0,17.0,vnd
tuyển dụng nhân viên chăm sóc khách hàng dịch vụ mạng cố định cho nhà mạng viettel,nhân viên chính thức,nhân viên,hà nội,không yêu cầu, tuyển dụng nhân viên chăm sóc khách hàng dịch vụ mạng cố định cho nhà mạng viettel ap,"kinh doanh, bưu chính viễn thông, bán hàng, bất động sản","6,5 tr - 8 tr vnd",6.5,8.0,vnd
chuyên viên pháp chế,nhân viên chính thức,nhân viên,hà nội,3 - 5 năm,"legal expert, legal officer, chuyên viên pháp chế, legal affairs administrator, regulatory affairs executive, legal specialist financial fraud investigator, chuyên viên pháp lý, nhân viên pháp lý, legal specialist, compliance officer","thư ký, luật, hành chính, pháp lý",15 tr - 25 tr vnd,15.0,25.0,vnd
giám sát chuyên môn tiếng anh bến cát bình dương,nhân viên chính thức,"trưởng nhóm , giám sát",bình dương,2 - 3 năm,,"giáo dục, đào tạo, biên phiên dịch",14 tr - 18 tr vnd,14.0,18.0,vnd
kế toán thuế,nhân viên chính thức,nhân viên,hà nội,trên 1 năm,"taxtation accountant, tax accountant, kế toán thuế","kế toán, luật, kiểm toán, pháp lý",10 tr - 14 tr vnd,10.0,14.0,vnd
performance marketing,nhân viên chính thức,nhân viên,hà nội,1 - 2 năm,,"tiếp thị, marketing",15 tr - 25 tr vnd,15.0,25.0,vnd
nhân viên bán hàng,nhân viên chính thức,nhân viên,hồ chí minh,trên 1 năm,"tư vấn kinh doanh, đại diện bán hàng, đại diện kinh doanh, tư vấn bán hàng, sales representative, nvkd, nhân viên kinh doanh, salesman, bán hàng, nhân viên bán hàng","bán sỉ, bán lẻ, kinh doanh, bán hàng, dịch vụ khách hàng",7 tr - 10 tr vnd,7.0,10.0,vnd
nhân viên thiết kế thời trang,nhân viên chính thức,nhân viên,hà nội,2 - 3 năm,"fashion designer, nhân viên thiết kế thời trang","dệt may, da giày, thời trang",10 tr - 25 tr vnd,10.0,25.0,vnd
kiến trúc sư triển khai 3d,nhân viên chính thức,nhân viên,hà nội,trên 1 năm,"kiến trúc sư nội thất, kiến trúc sư 2d, kiến trúc sư","nghệ thuật, thiết kế, kiến trúc, nội ngoại thất, mỹ thuật",lên đến 30 tr vnd,0.0,30.0,vnd
market research executive,nhân viên chính thức,nhân viên,hồ chí minh,2 - 4 năm,"market research executive, research manager, research specialist, reporting specialist, nhân viên nghiên cứu thị trường","tiếp thị, marketing",12 tr - 17 tr vnd,12.0,17.0,vnd
nhân viên chăm sóc khách hàng,nhân viên chính thức,nhân viên,hà nội,chưa có kinh nghiệm,trực tổng đài,"kinh doanh, bưu chính viễn thông, bán hàng, dịch vụ khách hàng",9 tr - 10 tr vnd,9.0,10.0,vnd
nhân viên lái xe riêng cho lãnh đạo,nhân viên chính thức,nhân viên,hà nội,trên 5 năm,"tài xế, nhân viên lái xe riêng cho lãnh đạo, nhân viên tài xế, driver, xe tải","thư ký, ngành khác, hành chính, giao nhận, vận chuyển, kho vận",trên 14 tr vnd,14.0,0.0,vnd
chăm sóc khách hàng người dùng sàn thương mại điện tử,nhân viên chính thức,nhân viên,hồ chí minh,không yêu cầu, chăm sóc khách hàng người dùng sàn thương mại điện tử,"thực tập, nhân sự, mới tốt nghiệp, dịch vụ khách hàng",6 tr - 7 tr vnd,6.0,7.0,vnd
nhân viên kinh doanh phát triển thị trường quận 8 nhà bè,nhân viên chính thức,nhân viên,hồ chí minh,không yêu cầu,"sales executive, nhân viên phòng kinh doanh, nhân viên kinh doanh & phát triển thị trường quận nhà bè, chuyên viên kinh doanh, đại diện bán hàng, đại diện kinh doanh, sales engineer, sales dept, telesales, salesman, nhân viên bán hàng","bán sỉ, tiếp thị trực tuyến, bán lẻ, kinh doanh, bán hàng",12 tr - 20 tr vnd,12.0,20.0,vnd
kế toán tổng hợp,nhân viên chính thức,"trưởng nhóm , giám sát",hà nội,2 - 5 năm,"kế toán tổng hợp, general accountant","kế toán, kiểm toán",12 tr - 17 tr vnd,12.0,17.0,vnd
graphic design thẩm mỹ,nhân viên chính thức,nhân viên,hà nội,1 - 3 năm,"thiết kế, đồ họa, thiết kế đồ họa","truyền hình, nghệ thuật, truyền thông, biên tập, thiết kế, đối ngoại, quảng cáo, mỹ thuật, báo chí",13 tr - 15 tr vnd,13.0,15.0,vnd
trưởng nhóm thương mại điện tử,nhân viên chính thức,"trưởng nhóm , giám sát",hà nội,trên 3 năm,,"marketing, tiếp thị trực tuyến, kinh doanh, tiếp thị, bán hàng",15 tr - 20 tr vnd,15.0,20.0,vnd
livestreamer,nhân viên chính thức,nhân viên,hồ chí minh,1 - 5 năm,,"tiếp thị, marketing, tiếp thị trực tuyến",9 tr - 12 tr vnd,9.0,12.0,vnd
nhân viên khai báo hải quan,nhân viên chính thức,nhân viên,hồ chí minh,1 - 2 năm,,xuất nhập khẩu,9 tr - 12 tr vnd,9.0,12.0,vnd
nhân viên kế hoạch in,nhân viên chính thức,nhân viên,đồng nai,2 - 3 năm,"chuyên viên kế hoạch, production planner, planning specialist, nhân viên kế hoạch in, planner","in ấn, xuất bản",15 tr - 20 tr vnd,15.0,20.0,vnd
116984 production engineer manager manufacturing,nhân viên chính thức,nhân viên,hồ chí minh,5 - 10 năm," production engineer manager manufacturing, kỹ sư sản xuất bo mạch điện tử dạng dẻo fpc, kỹ sư sản xuất, manufacturing engineer","vận hành sản xuất, sản xuất",25 tr - 35 tr vnd,25.0,35.0,vnd
product marketing,nhân viên chính thức,nhân viên,hồ chí minh,1 - 2 năm,"marketing executive, product marketing, digital marketing executive, online marketing executive, nhân viên marketing","tiếp thị, marketing, giáo dục, đào tạo",12 tr - 15 tr vnd,12.0,15.0,vnd
trưởng bộ phận thu mua,nhân viên chính thức,"trưởng nhóm , giám sát",hà nội,không yêu cầu,"trưởng bộ phận thu mua, quản lý thu mua","thu mua, vật tư, quản lý điều hành",18 tr - 22 tr vnd,18.0,22.0,vnd
sale assistant,nhân viên chính thức,nhân viên,long an,1 - 2 năm,"kinh doanh, marketing, trợ lý, sale assistant","bán sỉ, bán lẻ, kinh doanh, bán hàng, dịch vụ khách hàng",8 tr - 12 tr vnd,8.0,12.0,vnd
giám sát chuyên môn tiếng anh phú mỹ,nhân viên chính thức,"trưởng nhóm , giám sát",bà rịa  vũng tàu,2 - 3 năm,,"giáo dục, đào tạo, biên phiên dịch",15 tr - 17 tr vnd,15.0,17.0,vnd
thực tập sinh costing nội thất,"nhân viên chính thức, thực tập",mới tốt nghiệp,bình dương,không yêu cầu,nhân viên thực tập nước ngoài,"đồ gỗ, vận hành sản xuất, sản xuất, bán hàng kỹ thuật","6,5 tr - 11 tr vnd",6.5,11.0,vnd
nhân viên kỹ thuật điện,nhân viên chính thức,nhân viên,long an,1 - 2 năm,"kỹ thuật viên, technician, kỹ sư điện, kỹ sư điện công nghiệp, nhân viên kỹ thuật điện, điện công nghiệp","điện, sửa chữa, bảo trì, điện tử, điện lạnh, điện công nghiệp",9 tr - 11 tr vnd,9.0,11.0,vnd
nhân viên sale thị trường,nhân viên chính thức,nhân viên,hà nội,2 - 3 năm,"sale otc, trình dược viên kinh doanh kênh nhà thuốc, sale thị trường","kinh doanh, bán hàng",15 tr - 20 tr vnd,15.0,20.0,vnd
chuyên viên tư vấn,nhân viên chính thức,nhân viên,hải dương,không yêu cầu,"tư vấn, chuyên viên tuyển sinh, thanh miện, ocean edu, giáo dục, chuyên viên tư vấn ocean edu thanh miện","kinh doanh, bán hàng, tư vấn, dịch vụ khách hàng",13 tr - 14 tr vnd,13.0,14.0,vnd
trưởng nhóm quản lý vận hành mảng nha khoa,nhân viên chính thức,"trưởng nhóm , giám sát",hà nội,1 - 3 năm,,"thẩm mỹ, y tế, chăm sóc sức khỏe, làm đẹp",15 tr - 18 tr vnd,15.0,18.0,vnd
trưởng nhóm tuyển sinh,nhân viên chính thức,"trưởng nhóm , giám sát",ninh bình,1 - 2 năm,"tuyển sinh, tư vấn, trưởng nhóm tuyển sinh ocean edu hoa lư, hoa lư, đào tạo","tư vấn, giáo dục, dịch vụ khách hàng, đào tạo",15 tr - 17 tr vnd,15.0,17.0,vnd
nhân viên hóa chất,nhân viên chính thức,nhân viên,hồ chí minh,trên 1 năm,,"thủy sản, thú y, hải sản, kinh doanh, bán hàng, chăn nuôi",8 tr - 12 tr vnd,8.0,12.0,vnd
nhân viên tư vấn trả góp,nhân viên chính thức,nhân viên,bình thuận,không yêu cầu,"nhân viên chăm sóc khách hàng tại bình thuận, sales pos, nhân viên tài chính tại bình thuận, auto, nhân viên bán hàng tại bình thuận, nhân viên kinh doanh tại bình thuận, twl, cdl, nhân viên xe máy tại bình thuận, nhân viên ô tô tại bình thuận, nhân viên dịch vụ khách hàng tại bình thuận, nhân viên điện thoại tại bình thuận, nhân viên tư vấn trả góp pos","đầu tư, bán sỉ, bán lẻ, kinh doanh, bán hàng, tài chính",7 tr - 15 tr vnd,7.0,15.0,vnd
chuyên viên pmc biết tiếng trung,nhân viên chính thức,nhân viên,bình dương,3 - 5 năm,"chuyên viên pmc biết tiếng trung, người dẫn chương trình","vận hành sản xuất, sản xuất",22 tr - 25 tr vnd,22.0,25.0,vnd
nhân viên kế toán tổng hợp,nhân viên chính thức,nhân viên,hà nội,1 - 5 năm,"kế toán tổng hợp, nhân viên kế toán tổng hợp, general accountant, kế toán tổng hợp kiêm kế toán thuế","kế toán, kiểm toán",7 tr - 17 tr vnd,7.0,17.0,vnd
chuyên viên khách hàng doanh nghiệp phòng giao dịch hoàng diệu cn khánh hòa,nhân viên chính thức,nhân viên,khánh hòa,không yêu cầu,chuyên viên khách hàng doanh nghiệp phòng giao dịch hoàng diệu cn. khánh hòa cnlt.,"ngân hàng, đầu tư, kinh doanh, bán hàng, tài chính",10 tr - 35 tr vnd,10.0,35.0,vnd
kỹ sư bóc tách khối lượng và dự toán,nhân viên chính thức,nhân viên,hà nội,không yêu cầu,"chief surveyor, qs engineer, quantity surveyor, kỹ sư bóc tách khối lượng và dự toán","kiến trúc, xây dựng, qc), quản lý chất lượng (qa",14 tr - 20 tr vnd,14.0,20.0,vnd
nhân viên kế toán,nhân viên chính thức,nhân viên,hà nội,không yêu cầu,,"kinh doanh, kế toán, bán hàng, kiểm toán",8 tr - 10 tr vnd,8.0,10.0,vnd
chuyên viên ub phòng giao dịch hưng hà cn thái bình,nhân viên chính thức,nhân viên,thái bình,không yêu cầu,chuyên viên ub phòng giao dịch hưng hà cn. thái bình cnlt.,"bán sỉ, bảo hiểm, bán lẻ, ngân hàng",5 tr - 15 tr vnd,5.0,15.0,vnd
nhân viên thị trường,nhân viên chính thức,nhân viên,hà nội,1 - 10 năm,,"marketing, bán sỉ, bán lẻ, kinh doanh, tiếp thị, bán hàng",12 tr - 15 tr vnd,12.0,15.0,vnd
kế toán tổng hợp ecopark hưng yên,nhân viên chính thức,nhân viên,hưng yên,3 - 10 năm,"kế toán tổng hợp, kế toán tổng hợp general accountant ecopark hưng yên","kế toán, bất động sản, đầu tư, kiểm toán, tài chính",15 tr - 18 tr vnd,15.0,18.0,vnd
chuyên viên kinh doanh,nhân viên chính thức,nhân viên,hồ chí minh,trên 2 năm,"sales executive, chuyên viên kinh doanh lương cứng từ triệu, nhân viên kinh doanh, giám sát kinh doanh","marketing, bán sỉ, bán lẻ, kinh doanh, tiếp thị, bán hàng",trên 15 tr vnd,15.0,0.0,vnd
nhân viên phụ bếp,nhân viên chính thức,nhân viên,hồ chí minh,không yêu cầu,,"thực phẩm & đồ uống, khách sạn, nhà hàng",9 tr - 10 tr vnd,9.0,10.0,vnd
vận hành sàn tmđt,nhân viên chính thức,nhân viên,hà nội,lên đến 1 năm,,"tiếp thị trực tuyến, chăm sóc cá nhân, kinh doanh, bán hàng, hàng gia dụng",15 tr - 20 tr vnd,15.0,20.0,vnd
qc team leader,nhân viên chính thức,"trưởng nhóm , giám sát",hồ chí minh,2 - 3 năm,", qa team lead, qa, qc team leader, tổ trưởng kcs, trưởng nhóm quản lý chất lượng, trưởng nhóm kcs, qc leader, qa leader, tổ trưởng quản lý chất lượng","qc), quản lý chất lượng (qa",15 tr - 18 tr vnd,15.0,18.0,vnd
kế toán công nợ,nhân viên chính thức,nhân viên,hưng yên,trên 1 năm,"kế toán công nợ, và chi phí","thư ký, kế toán, đầu tư, hành chính, kiểm toán, tài chính",10 tr - 20 tr vnd,10.0,20.0,vnd
nhân viên kinh doanh biết tiếng anh hoặc tiếng trung,nhân viên chính thức,nhân viên,đà nẵng,2 - 3 năm,"sales executive, nhân viên kinh doanh biết tiếng anh, đại diện bán hàng, đại diện kinh doanh, nhân viên kinh doanh hàng tiêu dùng, sales dept, sale, telesales, salesman, sales engineer","marketing, bán sỉ, bán lẻ, kinh doanh, tiếp thị, bán hàng",15 tr - 20 tr vnd,15.0,20.0,vnd
business analyst đi làm ngay,nhân viên chính thức,nhân viên,hà nội,trên 2 năm,,"tư vấn, cntt - phần cứng, mạng, cntt - phần mềm",13 tr - 30 tr vnd,13.0,30.0,vnd
giám sát cảng supervisor,nhân viên chính thức,nhân viên,bà rịa  vũng tàu,1 - 2 năm,,hàng hải,10 tr - 18 tr vnd,10.0,18.0,vnd
trưởng nhóm sản xuất id25714,nhân viên chính thức,"trưởng nhóm , giám sát",hồ chí minh,trên 3 năm,,"điện, cơ khí, điện tử, điện lạnh, tự động hóa, điện công nghiệp, ô tô, vận hành sản xuất, sản xuất",15 tr - 18 tr vnd,15.0,18.0,vnd
trưởng phòng hành chính nhân sự,nhân viên chính thức,quản lý,hà nội,5 - 7 năm,"hành chính nhân sự, trưởng phòng hành chính nhân sự, trưởng phòng hcns","quản lý điều hành, thư ký, hành chính, nhân sự",22 tr - 30 tr vnd,22.0,30.0,vnd
nhân viên kinh doanh thương mại điện tử,nhân viên chính thức,nhân viên,hồ chí minh,1 - 2 năm,"thương mại điện tử, nhân viên kinh doanh thương mại điện tử, sales, ecommerce","marketing, kinh doanh, thương mại điện tử, tiếp thị, bán hàng",7 tr - 17 tr vnd,7.0,17.0,vnd
trưởng phòng thiết kế,nhân viên chính thức,quản lý,hồ chí minh,trên 5 năm,"head of office, trưởng phòng thiết kế","thiết kế, nghệ thuật, mỹ thuật",30 tr - 50 tr vnd,30.0,50.0,vnd
nhân viên media,nhân viên chính thức,nhân viên,hà nội,lên đến 1 năm,,"truyền hình, marketing, biên tập, truyền thông, đối ngoại, quảng cáo, tiếp thị, báo chí",9 tr - 13 tr vnd,9.0,13.0,vnd
nhân viên hành chính nhân sự,nhân viên chính thức,nhân viên,hải dương,1 - 5 năm,"admin assistant, thư ký hành chánh, admin officer, nhân viên hành chánh, recruitment officer, admin staff, nhân viên hành chánh nhân sự, admin executive, nhân viên hành chính, trợ lý hành chính","thư ký, hành chính, nhân sự",9 tr - 13 tr vnd,9.0,13.0,vnd
nhân viên xuất nhập khẩu,nhân viên chính thức,nhân viên,hà nội,3 - 6 năm,"export import executive, sea freight officer, export import officer, shipping officer, ocean freight officer, nhân viên xuất nhập khẩu, export import assistant, air freight officer, freight officer, chuyên viên xuất nhập khẩu, export import specialist","dệt may, xuất nhập khẩu, da giày, thời trang",15 tr - 21 tr vnd,15.0,21.0,vnd
chuyên viên tư vấn bảo hiểm liên kết ngân hàng acb,nhân viên chính thức,nhân viên,hà nội,không yêu cầu,"insurance counselor, insurance consultant, nhân viên tư vấn vay tiêu dùng, nhân viên tư vấn bảo hiểm, tư vấn viên bảo hiểm, chuyên viên tư vấn bảo hiểm ngân hàng acb hà nội & miền bắc","đầu tư, bảo hiểm, tài chính, ngân hàng",8 tr - 20 tr vnd,8.0,20.0,vnd
chuyên viên tuyển dụng và đào tạo,nhân viên chính thức,nhân viên,hà nội,1 - 2 năm,"executive recruitment, recruiter, nhân viên tuyển dụng đào tạo, chuyên viên tuyển dụng và đào tạo, nhân viên tuyển dụng",nhân sự,9 tr - 13 tr vnd,9.0,13.0,vnd
sales manager,nhân viên chính thức,quản lý,long an,2 - 10 năm,sales director,"marketing, bán sỉ, bán lẻ, kinh doanh, tiếp thị, bán hàng","1,000 - 2,000 usd",25.0,50.0,usd
trình dược viên otc bảo lộc,nhân viên chính thức,mới tốt nghiệp,khánh hòa,không yêu cầu,"medical representative, trình dược viên, trình dược viên kênh nhà thuốc, trình dược viên etc, trình dược viên kênh bệnh viện, trình dược viên otc bảo lộc","dược phẩm, hóa mỹ phẩm, kinh doanh, bán hàng, công nghệ sinh học",8 tr - 15 tr vnd,8.0,15.0,vnd
sales manager,nhân viên chính thức,quản lý,hồ chí minh,5 - 7 năm,"giám đốc kinh doanh khu vực, sales director, giám đốc kinh doanh, giám đốc kinh doanh vùng, dooh, sales manager ooh, sales force manager, sales section manager","truyền thông, đối ngoại, quảng cáo, kinh doanh, bán hàng",35 tr - 55 tr vnd,35.0,55.0,vnd
sales logistics,nhân viên chính thức,nhân viên,hà nội,1 - 2 năm,"nhân viên kinh doanh xuất nhập khẩu, overseas, air, nhân viên sales logistic, trucking, express, chuyên viên kinh doanh xuất nhập khẩu, sales logistics, aircargo, oversea, logistics, sales logistics sea","giao nhận, vận chuyển, xuất nhập khẩu, kinh doanh, bán hàng, kho vận",10 tr - 20 tr vnd,10.0,20.0,vnd
trưởng bưu cục giám đốc chi nhánh ngành chuyển phát nhanh,nhân viên chính thức,giám đốc,hưng yên,1 - 3 năm,"giám đốc chi nhánh ngành chuyển phát nhanh hải dương hưng yên, director","quản lý điều hành, bưu chính viễn thông, giao nhận, vận chuyển, kho vận",15 tr - 20 tr vnd,15.0,20.0,vnd
nhân viên quầy thu ngân cashier operator,nhân viên chính thức,nhân viên,quốc tế,1 - 2 năm,,"khách sạn, du lịch, nhà hàng",18 tr - 40 tr vnd,18.0,40.0,vnd
chuyên viên ub phòng giao dịch thuận thành cn kinh bắc,nhân viên chính thức,nhân viên,bắc ninh,không yêu cầu,chuyên viên ub phòng giao dịch thuận thành cn. kinh bắc cn.,"bán sỉ, bảo hiểm, bán lẻ, ngân hàng",5 tr - 15 tr vnd,5.0,15.0,vnd
quận 7 nhân viên hành chính kinh doanh biết tiếng trung,nhân viên chính thức,nhân viên,hồ chí minh,1 - 10 năm,"admin assistant, thư ký hành chánh, admin officer, nhân viên hành chánh, nhân viên hành chánh văn phòng, nhân viên hành chánh dự án, secretary admin, admin staff, admin executive, quận nhân viên hành chính kinh doanh biết tiếng trung, trợ lý hành chính","thư ký, kế toán, ngân hàng, hành chính, kiểm toán",14 tr - 18 tr vnd,14.0,18.0,vnd
chuyên viên kinh doanh kênh phân phối,nhân viên chính thức,quản lý,hà nội,trên 2 năm,"sales executive, chuyên viên kinh doanh, quản lý kinh doanh kênh phân phối, giám sát kinh doanh, sales supervisor, nhân viên kinh doanh, chuyên viên bán hàng, nhân viên bán hàng, sales manager","marketing, mạng, kinh doanh, tiếp thị, bán hàng, cntt - phần cứng",trên 8 tr vnd,8.0,0.0,vnd
chuyên viên content marketing,nhân viên chính thức,nhân viên,hà nội,1 - 2 năm,,"tiếp thị, marketing",11 tr - 17 tr vnd,11.0,17.0,vnd
giám đốc trưởng phòng vận hành f b,nhân viên chính thức,giám đốc,hồ chí minh,5 - 7 năm,head of office,"thực phẩm & đồ uống, nhà hàng, khách sạn, kinh doanh, bán hàng",30 tr - 60 tr vnd,30.0,60.0,vnd
kỹ thuật viên spa,nhân viên chính thức,nhân viên,hồ chí minh,1 - 2 năm,"y tá phòng khám, clinic nurse, spa nurse, y tá spa, nhân viên trị liệu spa","thẩm mỹ, y tế, chăm sóc sức khỏe, làm đẹp",9 tr - 12 tr vnd,9.0,12.0,vnd
graphic designer,nhân viên chính thức,nhân viên,hà nội,2 - 3 năm,"ui designer, họa viên, ux designer","giáo dục, đào tạo",13 tr - 18 tr vnd,13.0,18.0,vnd
nhân viên kinh doanh quận tân bình nhận việc ngay,nhân viên chính thức,nhân viên,hồ chí minh,lên đến 1 năm,"sales executive, nhân viên phòng kinh doanh, chuyên viên kinh doanh, đại diện bán hàng, đại diện kinh doanh, sales engineer, sales dept, nhân viên kinh doanh quận tân bình nhận việc ngay, telesales, salesman, nhân viên bán hàng","kinh doanh, bán hàng, tư vấn, dịch vụ khách hàng",8 tr - 12 tr vnd,8.0,12.0,vnd
trưởng phòng đấu thầu xây dựng,nhân viên chính thức,quản lý,hà nội,trên 5 năm,"trưởng phòng đấu thầu xây dựng, head of office","quản lý điều hành, bất động sản, xây dựng",30 tr - 40 tr vnd,30.0,40.0,vnd
tech leader,nhân viên chính thức,"trưởng nhóm , giám sát",hà nội,trên 2 năm,tech leader,"cntt - phần cứng, mạng, cntt - phần mềm",trên 50 tr vnd,50.0,0.0,vnd
trưởng nhóm quản lý kinh doanh,nhân viên chính thức,"trưởng nhóm , giám sát",hồ chí minh,3 - 5 năm,"sales executive, trưởng nhóm quản lý kinh doanh, chuyên viên kinh doanh, giám sát kinh doanh, nhân viên kinh doanh, chuyên viên bán hàng, nhân viên bán hàng","ngân hàng, đầu tư, giáo dục, tài chính, đào tạo",15 tr - 20 tr vnd,15.0,20.0,vnd
giáo viên công nghệ thông tin,nhân viên chính thức,nhân viên,bắc ninh,2 - 3 năm,"stem, giáo viên tin học, ict teacher, giáo viên tin, công nghệ thông tin, it teacher","giáo dục, đào tạo, cntt - phần mềm",10 tr - 20 tr vnd,10.0,20.0,vnd
purchasing executive,nhân viên chính thức,nhân viên,hồ chí minh,1 - 3 năm,,"vật tư, bán sỉ, thu mua, bán lẻ, xuất nhập khẩu",10 tr - 15 tr vnd,10.0,15.0,vnd
nhân viên thống kê hàng gia công,nhân viên chính thức,nhân viên,hưng yên,1 - 2 năm,"data specialist, chuyên viên thống kê, statistic specialist, chuyên viên phân tích và thống kê dữ liệu, statistician, nhân viên thống kê hàng gia công","kế toán, kiểm toán",7 tr - 9 tr vnd,7.0,9.0,vnd
115196 junior electrical engineer construction,nhân viên chính thức,nhân viên,hồ chí minh,6 - 8 năm,"kỹ sư m&e, kỹ sư giám sát điện, kỹ sư điện, junior electrical engineer construction, m&e engineer, kỹ sư cơ điện công trình","kiến trúc, xây dựng",20 tr - 25 tr vnd,20.0,25.0,vnd
thủ kho,nhân viên chính thức,"trưởng nhóm , giám sát",long an,1 - 5 năm,"store keeper, stockman, quản lý kho, storeman, thủ kho, warehouse keeper, warehouseman, tool keeper","dệt may, sản xuất, da giày, giao nhận, vận chuyển, vận hành sản xuất, kho vận, thời trang",12 tr - 14 tr vnd,12.0,14.0,vnd
thực tập sinh kinh doanh,thực tập,"sinh viên, thực tập sinh",hồ chí minh,không yêu cầu,,"bán sỉ, bán hàng, bán lẻ, kinh doanh","trên 3,5 tr vnd",3.5,0.0,vnd
kỹ sư biện pháp thi công,nhân viên chính thức,nhân viên,hồ chí minh,2 - 3 năm,,"kiến trúc, xây dựng",15 tr - 18 tr vnd,15.0,18.0,vnd
quản lý vùng ngành dược,nhân viên chính thức,quản lý,hồ chí minh,lên đến 1 năm,,"y tế, dược phẩm, thẩm mỹ, hóa mỹ phẩm, làm đẹp, kinh doanh, bán hàng, chăm sóc sức khỏe",12 tr - 25 tr vnd,12.0,25.0,vnd
nhân viên bảo trì cơ điện,nhân viên chính thức,nhân viên,bình dương,1 - 3 năm,,"điện, sửa chữa, cơ khí, bảo trì, điện tử, điện lạnh, tự động hóa, điện công nghiệp, ô tô",10 tr - 15 tr vnd,10.0,15.0,vnd
nhân viên văn phòng sản xuất,nhân viên chính thức,nhân viên,tiền giang,không yêu cầu,office staff,"ngành khác, mới tốt nghiệp, thực tập",7 tr - 10 tr vnd,7.0,10.0,vnd
trưởng nhóm kinh doanh tín dụng,nhân viên chính thức,"trưởng nhóm , giám sát",hà nội,2 - 3 năm,"sales team leader tín dụng, trưởng nhóm kinh doanh tín dụng, sale team leader, tư vấn tín dụng, kinh doanh tín dụng","ngân hàng, đầu tư, kinh doanh, bán hàng, tài chính",13 tr - 18 tr vnd,13.0,18.0,vnd
chuyên viên digital marketing,nhân viên chính thức,nhân viên,hồ chí minh,1 - 2 năm,"marketer, marketing executive, chuyên viên pr marketing, chuyên viên social media, chuyên viên marketing online, nhân viên marketing online, marketing operations officer, online marketing executive, chuyên viên digital marketing, nhân viên marketing, marketing specialist","thẩm mỹ, y tế, chăm sóc sức khỏe, làm đẹp",11 tr - 12 tr vnd,11.0,12.0,vnd
nhân viên kinh doanh sản phẩm phân bón thuốc bảo vệ thực vật,nhân viên chính thức,"sinh viên, thực tập sinh",đồng nai,không yêu cầu,"sales executive, nhân viên phòng kinh doanh, chuyên viên kinh doanh, đại diện bán hàng, đại diện kinh doanh, nhân viên kinh doanh sản phẩm phân bón thuốc bảo vệ thực vật đồng nai, sales engineer, sales dept, telesales, salesman, nhân viên bán hàng","kinh doanh, bán hàng, nông nghiệp, bán hàng kỹ thuật",9 tr - 15 tr vnd,9.0,15.0,vnd
nhân viên chứng từ xuất nhập khẩu,nhân viên chính thức,nhân viên,hồ chí minh,trên 2 năm,"nhân viên xuất nhập khẩu, nhân viên phòng chứng từ xuất nhập khẩu","kinh doanh, bán hàng, xuất nhập khẩu",trên 13 tr vnd,13.0,0.0,vnd
chuyên viên tư vấn giáo dục ocean edu khu vực tố hữu thu nhập từ 13tr tháng,nhân viên chính thức,nhân viên,hà nội,chưa có kinh nghiệm,"tuyển sinh, tư vấn, hà đông, tháng, giáo dục, chuyên viên tư vấn giáo dục ocean edu khu vực tố hữu thu nhập từ tr","kinh doanh, bán hàng, tư vấn, dịch vụ khách hàng",13 tr - 15 tr vnd,13.0,15.0,vnd
nhân viên xuất nhập khẩu,nhân viên chính thức,nhân viên,hồ chí minh,2 - 3 năm,,"ngành khác, xuất nhập khẩu",8 tr - 10 tr vnd,8.0,10.0,vnd
nhân viên kỹ thuật hiện trường,"nhân viên chính thức, bán thời gian",nhân viên,hải dương,4 - 5 năm,"nhân viên bảo trì, nhân viên kỹ thuật hiện trường, kỹ thuật viên bảo trì, kỹ sư bảo dưỡng, nhân viên bảo dưỡng, chuyên viên bảo trì, maintenance man, chuyên viên bảo dưỡng, nhân viên bảo trì xưởng, kỹ sư bảo trì, nhân viên sửa máy","kiến trúc, xây dựng",12 tr - 20 tr vnd,12.0,20.0,vnd
marketing specialist,nhân viên chính thức,nhân viên,hồ chí minh,2 - 3 năm,,"marketing, xuất nhập khẩu, kinh doanh, tiếp thị, bán hàng",18 tr - 20 tr vnd,18.0,20.0,vnd
kiến trúc sư,nhân viên chính thức,nhân viên,hà nội,2 - 5 năm,"cadddesigner, civil engineer, draftsman, họa viên kiến trúc, architect, architectural drafter, nhân viên thiết kế kiến trúc, kiến trúc sư, architectural, site engineer, structural drafter","nghệ thuật, thiết kế, kiến trúc, xây dựng, mỹ thuật",18 tr - 20 tr vnd,18.0,20.0,vnd
sbg trưởng nhóm bán hàng thiết bị nông nghiệp,nhân viên chính thức,"trưởng nhóm , giám sát",hồ chí minh,3 - 5 năm,"cán bộ phụ trách kế toán, kiêm hành chính, nhân viên kế toán lâu năm, chuyên viên kế toán, kế toán kiêm thư ký, acc staff, purchasing accountant, accoutant executive, sbg trưởng nhóm bán hàng thiết bị nông nghiệp, senior, kế toán dự án","kinh doanh, bán hàng",20 tr - 50 tr vnd,20.0,50.0,vnd
miền bắc chuyên viên tư vấn bảo hiểm kênh ngân hàng vietinbank,nhân viên chính thức,nhân viên,hà nội,1 - 5 năm,"miền bắc chuyên viên tư vấn bảo hiểm kênh ngân hàng vietinbank, insurance counselor, insurance consultant, nhân viên tư vấn vay tiêu dùng, tư vấn viên bảo hiểm, nhân viên tư vấn bảo hiểm","kinh doanh, bán hàng, bảo hiểm, ngân hàng",8 tr - 12 tr vnd,8.0,12.0,vnd
116428 accountant nhân viên kế toán trading,nhân viên chính thức,nhân viên,hồ chí minh,2 - 7 năm,"accountant, accountant nhân viên kế toán trading","kinh doanh, bán sỉ, bán hàng, bán lẻ",14 tr - 25 tr vnd,14.0,25.0,vnd
content editor,nhân viên chính thức,nhân viên,hà nội,1 - 2 năm,"content editor, nhân viên biên tập tin nội bộ, biên tập viên","truyền hình, biên tập, truyền thông, dược phẩm, đối ngoại, quảng cáo, hóa mỹ phẩm, báo chí",8 tr - 12 tr vnd,8.0,12.0,vnd
nhân viên bảo trì cơ sở vật chất,nhân viên chính thức,nhân viên,hồ chí minh,2 - 3 năm,,"giáo dục, bảo trì, đào tạo, sửa chữa",11 tr - 12 tr vnd,11.0,12.0,vnd
nhân viên lái xe nâng hải phòng,nhân viên chính thức,nhân viên,hải phòng,không yêu cầu,"nhân viên lái xe nâng hải phòng, forklift driver","cơ khí, giao nhận, vận chuyển, lao động phổ thông, tự động hóa, ô tô, kho vận",9 tr - 11 tr vnd,9.0,11.0,vnd
nhân viên vận hành máy,nhân viên chính thức,nhân viên,bến tre,không yêu cầu,"nhân viên vận hành máy, phay cnc, ép nhựa, kỹ thuật viên vận hành máy, machine programmer, industrial machine operator, nhân viên lập trình máy","dinh dưỡng, cơ khí, công nghệ thực phẩm, tự động hóa, ô tô",8 tr - 10 tr vnd,8.0,10.0,vnd
nhân viên cơ điện,nhân viên chính thức,nhân viên,hải phòng,trên 2 năm,"electrical worker, công nhân cơ điện, nhân viên cơ điện, công nhân điện, công nhân bảo trì cơ điện","điện, sửa chữa, cơ khí, bảo trì, điện tử, điện lạnh, tự động hóa, điện công nghiệp, ô tô",12 tr - 19 tr vnd,12.0,19.0,vnd
telesales thị trường 3 vị trí,nhân viên chính thức,nhân viên,hà nội,không yêu cầu,"nhân viên bán hàng qua điện thoại, telesales + thị trường vị trí, nhân viên kinh doanh qua điện thoại","marketing, bán sỉ, bán lẻ, kinh doanh, tiếp thị, bán hàng",7 tr - 15 tr vnd,7.0,15.0,vnd
chuyên viên đào tạo kiêm truyền thông nội bộ,nhân viên chính thức,nhân viên,hà nội,2 - 3 năm,"chuyên viên đào tạo kiêm truyền thông nội bộ, teacher, giáo viên, huấn luyện viên, chuyên viên huấn luyện","truyền thông, đối ngoại, quảng cáo, nhân sự, giáo dục, đào tạo",14 tr - 17 tr vnd,14.0,17.0,vnd
nhân viên kinh doanh nhôm,nhân viên chính thức,nhân viên,hà nội,2 - 5 năm,,"vận hành sản xuất, sản xuất",20 tr - 40 tr vnd,20.0,40.0,vnd
nhân viên bán hàng fulltime,nhân viên chính thức,"sinh viên, thực tập sinh",hồ chí minh,không yêu cầu,,"marketing, bán sỉ, bán lẻ, kinh doanh, tiếp thị, bán hàng","5,5 tr - 8 tr vnd",5.5,8.0,vnd
giao dịch viên tài chính tại cửa hàng pnj,nhân viên chính thức,nhân viên,hồ chí minh,lên đến 1 năm,"tư vấn, nhân viên kinh doanh, chăm sóc khách hàng, giao dịch viên, tư vấn tài chính, bán hàng, sales","kinh doanh, bán hàng, tư vấn, dịch vụ khách hàng",9 tr - 20 tr vnd,9.0,20.0,vnd
nhân viên kế toán thanh toán,nhân viên chính thức,nhân viên,attapeu,trên 2 năm,nhân viên kế toán thanh toán làm việc tại lào,"kế toán, kiểm toán",10 tr - 12 tr vnd,10.0,12.0,vnd
chuyên viên xử lý dữ liệu,nhân viên chính thức,nhân viên,hà nội,không yêu cầu,"nhân viên xử lý dữ liệu, data analyst, data processing specialist, data validation, chuyên viên xử lý dữ liệu, data processing executive, data processing officer, data processing, data analysis specialist, data mining, cộng tác viên xử lý dữ liệu","kế toán, kiểm toán",6 tr - 15 tr vnd,6.0,15.0,vnd
chuyên viên tư vấn giáo dục ocean edu hưng hà thu nhập từ 13 triệu trở lên phỏng vấn đi làm ngay,nhân viên chính thức,nhân viên,thái bình,không yêu cầu,chuyên viên tư vấn giáo dục ocean edu hưng hà thu nhập từ triệu trở lên phỏng vấn đi làm ngay,"kinh doanh, bán hàng, tư vấn, dịch vụ khách hàng",13 tr - 14 tr vnd,13.0,14.0,vnd
giao dịch viên tài chính tại pnj trảng bàng,nhân viên chính thức,nhân viên,tây ninh,lên đến 1 năm,"giao dịch, tư vấn, trang sức, sale, pnj, tài chính","kinh doanh, bán hàng, tư vấn, dịch vụ khách hàng",9 tr - 20 tr vnd,9.0,20.0,vnd
giám đốc kinh doanh bđs,nhân viên chính thức,giám đốc,hà nội,5 - 20 năm,"sales director, giám đốc kinh doanh bđs phụ trách về khai thác cho thuê","kinh doanh, bán hàng, bất động sản",30 tr - 35 tr vnd,30.0,35.0,vnd
nhân viên social media,nhân viên chính thức,nhân viên,hà nội,1 - 5 năm,"content, nhân viên social media teambrand combi đến từ nhật bản, nhân viên quản trị website, nhân viên content, digital marketing staff, service marketing specialist, digital marketing specialist, website administrator","truyền hình, marketing, biên tập, chăm sóc cá nhân, tiếp thị, báo chí, hàng gia dụng",8 tr - 11 tr vnd,8.0,11.0,vnd
chuyên viên tư vấn tài chính kênh liên doanh ngân hàng bidv,nhân viên chính thức,nhân viên,hồ chí minh,1 - 3 năm,"nhân viên tư vấn, bất động sản, ngân hàng, tư vấn viên, bảo hiểm, nhân viên kinh doanh, chăm sóc khách hàng, giao dịch viên, tư vấn tài chính","tư vấn, bảo hiểm, ngân hàng",8 tr - 20 tr vnd,8.0,20.0,vnd
chuyên viên khách hàng doanh nghiệp phòng giao dịch hưng hà cn thái bình,nhân viên chính thức,nhân viên,thái bình,không yêu cầu,chuyên viên khách hàng doanh nghiệp cn. thái bình cnlt.,"ngân hàng, đầu tư, kinh doanh, bán hàng, tài chính",10 tr - 35 tr vnd,10.0,35.0,vnd
nhân viên digital marketing,nhân viên chính thức,nhân viên,hồ chí minh,1 - 5 năm,,"marketing, chăm sóc cá nhân, kinh doanh, tiếp thị, bán hàng, hàng gia dụng",12 tr - 15 tr vnd,12.0,15.0,vnd
117980 sales manager manufacturing,nhân viên chính thức,quản lý,hồ chí minh,trên 5 năm,"giám đốc kinh doanh khu vực, sales director, sales manager manufacturing valve, giám đốc kinh doanh, giám đốc kinh doanh vùng, sales force manager, sales section manager","vận hành sản xuất, sản xuất",35 tr - 45 tr vnd,35.0,45.0,vnd
trưởng bộ phận pháp lý dự án,nhân viên chính thức,nhân viên,long an,1 - 2 năm,"chuyên viên pháp chế, chuyên viên pháp lý, kỹ sư dự án, nhân viên pháp chế","luật, pháp lý",10 tr - 20 tr vnd,10.0,20.0,vnd
kế toán doanh thu,nhân viên chính thức,nhân viên,hồ chí minh,1 - 2 năm,,"kế toán, khách sạn, kiểm toán, nhà hàng",10 tr - 14 tr vnd,10.0,14.0,vnd
nhân viên hành chánh nhân sự,nhân viên chính thức,nhân viên,hồ chí minh,1 - 2 năm,"admin assistant, thư ký hành chánh, admin officer, nhân viên hành chánh, administrator, admin staff, admin executive, nhân viên hành chính, trợ lý hành chính",nhân sự,"9,5 tr - 11,5 tr vnd",9.5,11.5,vnd
117492 sales staff nhân viên kinh doanh và hỗ trợ khách hàng it network,nhân viên chính thức,nhân viên,hồ chí minh,5 - 7 năm,"sales executive, nhân viên phòng kinh doanh, chuyên viên kinh doanh, đại diện bán hàng, đại diện kinh doanh, sales engineer, sales dept, telesales, salesman, sales staff nhân viên kinh doanh và hỗ trợ khách hàng it network, nhân viên bán hàng","cntt - phần cứng, mạng, cntt - phần mềm",25 tr - 30 tr vnd,25.0,30.0,vnd
marketing executive,nhân viên chính thức,nhân viên,hồ chí minh,2 - 3 năm,"marketing executive, offline, marketing specialist, nhân viên marketing, marketer","marketing, kinh doanh, thương mại điện tử, tiếp thị, bán hàng",12 tr - 15 tr vnd,12.0,15.0,vnd
nhân viên thu mua,nhân viên chính thức,nhân viên,đồng nai,1 - 2 năm,"manager, procurement officer, nhân viên thu mua, purchasing staff, supervisor, purchasing officer, executive, nhân viên phòng thu mua, purchasing","thư ký, điện, hành chính, biên phiên dịch, điện tử, điện lạnh, điện công nghiệp",13 tr - 18 tr vnd,13.0,18.0,vnd
bếp chính nhà hàng,nhân viên chính thức,nhân viên,hồ chí minh,1 - 2 năm,"chảo non, nhân viên phụ bếp","thực phẩm & đồ uống, khách sạn, nhà hàng","7,5 tr - 8,5 tr vnd",7.5,8.5,vnd
nhân viên tư vấn bán hàng tại gò vấp,nhân viên chính thức,nhân viên,hồ chí minh,1 - 2 năm,"tư vấn bán hàng, nhân viên tư vấn, sales, nhân viên bán hàng","kinh doanh, bán hàng, tư vấn, dịch vụ khách hàng",9 tr - 15 tr vnd,9.0,15.0,vnd
chuyên viên kinh doanh quốc tế,nhân viên chính thức,nhân viên,hà nội,1 - 3 năm,"sales export, international sales specialist, nhập khẩu, international sale staff, nhân viên kinh doanh quốc tế, chuyên viên kinh doanh quốc tế international sales, xuất khẩu, international salesperson","kinh doanh, bán hàng, xuất nhập khẩu",18 tr - 35 tr vnd,18.0,35.0,vnd
kiến trúc sư chủ trì,nhân viên chính thức,nhân viên,hà nội,trên 5 năm,,"kiến trúc, xây dựng",18 tr - 21 tr vnd,18.0,21.0,vnd
chuyên viên ub khu vực đà nẵng,nhân viên chính thức,nhân viên,đà nẵng,không yêu cầu,chuyên viên ub khu vực đà nẵng cnlt.,"ngân hàng, đầu tư, kinh doanh, bán hàng, tài chính",9 tr - 35 tr vnd,9.0,35.0,vnd
chuyên viên tập sự khách hàng cá nhân cn hòa lạc,nhân viên chính thức,"sinh viên, thực tập sinh",hà nội,không yêu cầu,chuyên viên tập sự khách hàng cá nhân cn. hòa lạc cnlt.,"bán sỉ, bảo hiểm, bán lẻ, ngân hàng",5 tr - 15 tr vnd,5.0,15.0,vnd
chuyên viên khách hàng doanh nghiệp hà nam,nhân viên chính thức,nhân viên,hà nam,không yêu cầu,"chuyên viên chăm sóc khách hàng, service coordinator, customer service operation, chuyên viên khách hàng doanh nghiệp hà nam","kế toán, ngân hàng, đầu tư, kiểm toán, tài chính",10 tr - 20 tr vnd,10.0,20.0,vnd
quản lý sản xuất,nhân viên chính thức,quản lý,long an,trên 1 năm,,"quản lý điều hành, vận hành sản xuất, sản xuất",20 tr - 60 tr vnd,20.0,60.0,vnd
nhân viên phòng kiểm soát nội bộ id25765,nhân viên chính thức,mới tốt nghiệp,hưng yên,không yêu cầu,"internal audit, nhân viên phòng kiểm soát nội bộ id, kiểm toán nội bộ","thư ký, kế toán, thống kê, hành chính, kiểm toán",9 tr - 12 tr vnd,9.0,12.0,vnd
nhân viên tư vấn trả góp,nhân viên chính thức,nhân viên,hồ chí minh,không yêu cầu,,"tư vấn, bán sỉ, bán lẻ, kinh doanh, bán hàng",8 tr - 15 tr vnd,8.0,15.0,vnd
trade marketing ngành thời trang,nhân viên chính thức,nhân viên,hà nội,2 - 3 năm,,"dệt may, marketing, da giày, bán sỉ, bán lẻ, tiếp thị, thời trang",15 tr - 20 tr vnd,15.0,20.0,vnd
kế toán thu chi,nhân viên chính thức,nhân viên,hồ chí minh,trên 1 năm,"accountant, kế toán tổng hợp, kế toán, misa, kế toán viên, general accountant, nhân viên kế toán","đầu tư, kế toán, kiểm toán, tài chính",9 tr - 11 tr vnd,9.0,11.0,vnd
pricing logistic executive,nhân viên chính thức,nhân viên,hồ chí minh,2 - 3 năm,"nhân viên giao nhận, logistic staff, pricing & logistic executive, logistic officer, nhân viên giao hàng, delivery man","vật tư, thu mua, xuất nhập khẩu, vận hành sản xuất, sản xuất",10 tr - 15 tr vnd,10.0,15.0,vnd
nhân viên mua hàng,nhân viên chính thức,nhân viên,hồ chí minh,không yêu cầu,"buyer, nhân viên thu mua, nhân viên mua hàng","thu mua, vật tư, vận hành sản xuất, sản xuất","7,5 tr - 8,5 tr vnd",7.5,8.5,vnd
nhân viên content marketing,nhân viên chính thức,nhân viên,hà nội,1 - 2 năm,,"truyền hình, marketing, biên tập, truyền thông, đối ngoại, quảng cáo, tiếp thị, báo chí",9 tr - 12 tr vnd,9.0,12.0,vnd
thu ngân,nhân viên chính thức,nhân viên,hà nội,không yêu cầu,,"kế toán, nhà hàng, kiểm toán, khách sạn, dịch vụ khách hàng",7 tr - 9 tr vnd,7.0,9.0,vnd
customer service,nhân viên chính thức,nhân viên,hồ chí minh,1 - 2 năm,,"marketing, kinh doanh, tiếp thị, bán hàng, dịch vụ khách hàng",11 tr - 13 tr vnd,11.0,13.0,vnd
trưởng nhóm thiết kế,nhân viên chính thức,"trưởng nhóm , giám sát",hồ chí minh,3 - 5 năm,"trưởng nhóm thiết kế, graphic design, thiết kế đồ họa, design team leader","marketing, nghệ thuật, thiết kế, bán sỉ, bán lẻ, mỹ thuật, tiếp thị",15 tr - 18 tr vnd,15.0,18.0,vnd
chuyên viên khách hàng cá nhân phòng giao dịch phú hộ cn việt trì,nhân viên chính thức,nhân viên,phú thọ,không yêu cầu,chuyên viên khách hàng cá nhân phòng giao dịch đền hùng cn. việt trì cnlt.,"ngân hàng, đầu tư, kinh doanh, bán hàng, tài chính",9 tr - 35 tr vnd,9.0,35.0,vnd
trưởng phòng tổ chức hành chính nhân sự và quản trị,nhân viên chính thức,quản lý,hà nội,3 - 5 năm,,"thư ký, hành chính, nhân sự",15 tr - 25 tr vnd,15.0,25.0,vnd
nhân viên kinh doanh,nhân viên chính thức,nhân viên,hồ chí minh,trên 1 năm,"sales executive, nhân viên phòng kinh doanh, chuyên viên kinh doanh, đại diện bán hàng, đại diện kinh doanh, sales engineer, sales dept, nhân viên kinh doanh, telesales, salesman, nhân viên bán hàng","kinh doanh, bán hàng, tư vấn",8 tr - 20 tr vnd,8.0,20.0,vnd
chuyên viên khách hàng cá nhân phòng giao dịch thượng lý cn bắc hải phòng,nhân viên chính thức,nhân viên,hải phòng,không yêu cầu,chuyên viên khách hàng cá nhân cn. bắc hải phòng cnlt.,"ngân hàng, đầu tư, kinh doanh, bán hàng, tài chính",9 tr - 35 tr vnd,9.0,35.0,vnd
trưởng nhóm quay dựng,nhân viên chính thức,"trưởng nhóm , giám sát",hồ chí minh,1 - 2 năm,"nhân viên chỉnh sửa video, quay dựng, video, trưởng nhóm quay dựng, editor","truyền hình, nghệ thuật, truyền thông, biên tập, thiết kế, đối ngoại, quảng cáo, mỹ thuật, báo chí",10 tr - 15 tr vnd,10.0,15.0,vnd
kỹ thuật thiết kế cửa nhôm,nhân viên chính thức,nhân viên,hồ chí minh,1 - 2 năm,,"cơ khí, kiến trúc, xây dựng, tự động hóa, ô tô",10 tr - 15 tr vnd,10.0,15.0,vnd
nhân viên y tế,nhân viên chính thức,nhân viên,hồ chí minh,trên 1 năm,,"dệt may, thư ký, y tế, da giày, thẩm mỹ, hành chính, làm đẹp, chăm sóc sức khỏe, thời trang",8 tr - 12 tr vnd,8.0,12.0,vnd
chuyên viên tư vấn giáo dục ocean edu khu vực hưng yên,nhân viên chính thức,nhân viên,hưng yên,chưa có kinh nghiệm,,"kinh doanh, bán hàng, tư vấn, dịch vụ khách hàng",13 tr - 14 tr vnd,13.0,14.0,vnd
giám sát vệ sinh công cộng,nhân viên chính thức,"trưởng nhóm , giám sát",hồ chí minh,1 - 2 năm," giám sát vệ sinh công cộng, security guard, bodyguard","hóa học, khách sạn, lao động phổ thông, nhà hàng",12 tr - 14 tr vnd,12.0,14.0,vnd
quản trị viên chất lượng,nhân viên chính thức,mới tốt nghiệp,tây ninh,không yêu cầu,"chất lượng, quản lý hệ thống chất lượng, hệ thống chất lượng, quản lý chất lượng, logistics chuổi cung ứng, quản lý sản xuất, quản lý văn kiện","mới tốt nghiệp, vật tư, hóa học, thực tập, thu mua","10,5 tr - 15 tr vnd",10.5,15.0,vnd
chuyên viên tuyển dụng khối công nghệ,nhân viên chính thức,nhân viên,hà nội,1 - 8 năm,"chuyên viên tuyển dụng, chuyên viên tuyển dụng khối công nghệ it kỹ thuật r&d, talent acquisition, it, headhunt, kỹ thuật, r&d, nghiên cứu, nhân viên tuyển dụng, sản xuất","thư ký, hành chính, nhân sự, vận hành sản xuất, sản xuất",12 tr - 18 tr vnd,12.0,18.0,vnd
nhân viên chăm sóc khách hàng tiếng nhật,nhân viên chính thức,nhân viên,hồ chí minh,không yêu cầu, nhân viên chăm sóc khách hàng tiếng nhật,dịch vụ khách hàng,9 tr - 10 tr vnd,9.0,10.0,vnd
kỹ sư kinh doanh,nhân viên chính thức,nhân viên,hà nội,không yêu cầu,"kỹ sư kinh doanh sales engineer, sales engineer, technical sales engineer","kinh doanh, bán hàng, dầu khí, môi trường",trên 20 tr vnd,20.0,0.0,vnd
community specialist,nhân viên chính thức,nhân viên,hà nội,1 - 2 năm,"manager, officier, coordinator, associates accountant, nhân viên mua hàng staff, purchasing staff, staff, supervisor, executive, purchasing, community specialist","tiếp thị, marketing",12 tr - 20 tr vnd,12.0,20.0,vnd
đại mỗ tuyển dụng tổng đài viên đối tác truyền hình vtv cab không yêu cầu kinh nghiệm làm fulltime hoặc part time,nhân viên chính thức,nhân viên,hà nội,không yêu cầu, đại mỗ tuyển dụng tổng đài viên đối tác truyền hình vtv cab không yêu cầu kinh nghiệm làm fulltime hoặc part time,"hóa mỹ phẩm, tư vấn, dược phẩm, an toàn lao động",6 tr - 8 tr vnd,6.0,8.0,vnd
sales engineer ebraco international hn,nhân viên chính thức,nhân viên,hà nội,2 - 3 năm,"sales engineer ebraco international hn, kỹ sư kinh doanh, kỹ sư bán hàng","kinh doanh, bán hàng",12 tr - 15 tr vnd,12.0,15.0,vnd
brand marketing supervisor,nhân viên chính thức,"trưởng nhóm , giám sát",hồ chí minh,1 - 2 năm,"brand supervisor, brand marketing, brand marketing supervisor, marketing","tiếp thị, marketing",19 tr - 25 tr vnd,19.0,25.0,vnd
chuyên viên kỹ thuật sản xuất mẫu,nhân viên chính thức,nhân viên,long an,trên 5 năm,"chuyên viên kỹ thuật sản xuất & mẫu, nhân viên kỹ thuật sản xuất","vận hành sản xuất, đồ gỗ, nội ngoại thất, sản xuất",15 tr - 22 tr vnd,15.0,22.0,vnd
kỹ thuật viên smt,nhân viên chính thức,nhân viên,hà nam,1 - 2 năm,"kỹ thuật viên smt（tiếng trung, tiếng anh）","vận hành sản xuất, sản xuất",12 tr - 18 tr vnd,12.0,18.0,vnd
kỹ thuật viên spa clinic lương từ 10 15tr tháng,nhân viên chính thức,nhân viên,hồ chí minh,1 - 2 năm,"clinic lương từ tr, y tá phòng khám, nhân viên trị liệu spa, clinic nurse, spa nurse, y tá spa, nhân viên spa, kỹ thuật viên spa, tháng quận","thẩm mỹ, y tế, chăm sóc sức khỏe, làm đẹp",9 tr - 15 tr vnd,9.0,15.0,vnd
nhân viên vận hành sàn thương mại điện tử quận 12,nhân viên chính thức,nhân viên,hồ chí minh,2 - 3 năm,,"bán sỉ, thương mại điện tử, bán lẻ, kinh doanh, bán hàng",13 tr - 15 tr vnd,13.0,15.0,vnd
content marketing,nhân viên chính thức,nhân viên,hồ chí minh,trên 1 năm,"content executive, website content writer, senior content executive","tiếp thị, marketing, tiếp thị trực tuyến",12 tr - 15 tr vnd,12.0,15.0,vnd
chuyên viên phân tích dữ liệu kinh doanh,nhân viên chính thức,nhân viên,hà nội,1 - 2 năm,"nhân viên xử lý dữ liệu, data analyst, data processing specialist, chuyên viên phân tích dữ liệu kinh doanh mạnh excel, data validation, data processing executive, data processing officer, data processing, data analysis specialist, data mining, cộng tác viên xử lý dữ liệu","kế toán, kiểm toán, thống kê, cntt - phần mềm",10 tr - 15 tr vnd,10.0,15.0,vnd
nhân viên kỹ thuật,nhân viên chính thức,nhân viên,hà nội,lên đến 1 năm,,"điện, cơ khí, điện tử, điện lạnh, tự động hóa, điện công nghiệp, ô tô",10 tr - 20 tr vnd,10.0,20.0,vnd
hse officer,nhân viên chính thức,nhân viên,bình dương,1 - 5 năm,,"môi trường, nhân sự, an toàn lao động",11 tr - 17 tr vnd,11.0,17.0,vnd
trưởng phòng logistic,nhân viên chính thức,nhân viên,hồ chí minh,1 - 5 năm,,"thư ký, điện, hành chính, điện tử, bán sỉ, bán lẻ, điện lạnh, điện công nghiệp",20 tr - 30 tr vnd,20.0,30.0,vnd
nhân viên qc,nhân viên chính thức,nhân viên,long an,1 - 2 năm,,"thủy sản, hải sản, dinh dưỡng, qc), công nghệ thực phẩm, quản lý chất lượng (qa",12 tr - 15 tr vnd,12.0,15.0,vnd
trưởng phòng thi công,nhân viên chính thức,"trưởng nhóm , giám sát",hà nội,trên 3 năm,"trưởng phòng thi công, head of office",xây dựng,lên đến 25 tr vnd,0.0,25.0,vnd
nhân viên bán hàng showroom,nhân viên chính thức,nhân viên,hồ chí minh,không yêu cầu,"tư vấn kinh doanh, đại diện bán hàng, đại diện kinh doanh, tư vấn bán hàng, sales representative, nhân viên bán hàng showroom, nvkd, nhân viên kinh doanh, salesman, bán hàng","thư ký, mới tốt nghiệp, thực tập, hành chính, kinh doanh, bán hàng",7 tr - 10 tr vnd,7.0,10.0,vnd
mechanical engineer kỹ sư chế tạo máy móc,nhân viên chính thức,nhân viên,long an,3 - 5 năm,"kỹ sư chế tạo máy, kỹ sư cơ khí chế tạo máy, kỹ sư cơ khí","sửa chữa, cơ khí, bảo trì, tự động hóa, ô tô",18 tr - 25 tr vnd,18.0,25.0,vnd
kế toán thuế,nhân viên chính thức,nhân viên,hồ chí minh,3 - 5 năm,"taxtation accountant, tax accountant, kế toán thuế","kế toán, bảo hiểm, kiểm toán",13 tr - 15 tr vnd,13.0,15.0,vnd
chăm sóc khách hàng,nhân viên chính thức,nhân viên,bà rịa  vũng tàu,trên 1 năm,,"tư vấn, giáo dục, dịch vụ khách hàng, đào tạo",6 tr - 8 tr vnd,6.0,8.0,vnd
trưởng phòng kế hoạch tổng hợp làm việc tại bệnh viện,nhân viên chính thức,quản lý,hồ chí minh,3 - 5 năm,,"thẩm mỹ, y tế, chăm sóc sức khỏe, làm đẹp",30 tr - 40 tr vnd,30.0,40.0,vnd
công nhân sản xuất,nhân viên chính thức,nhân viên,hồ chí minh,không yêu cầu,"công nhân sản xuất, việc làm khu công nghệ cao, công nhân may công đoạn, công nhân may gia công, worker, tìm việc quận 9, công nhân","điện, điện tử, điện lạnh, lao động phổ thông, điện công nghiệp, vận hành sản xuất, sản xuất",7 tr - 10 tr vnd,7.0,10.0,vnd
marketing director,nhân viên chính thức,giám đốc,hà nội,3 - 5 năm,"giám đốc marketing, head of marketing, trưởng phòng marketing, marketing manager, makerting manager, makerting director, marketing director tổng thu nhập – triệu năm, marketing supervisor, giám sát tiếp thị, giám đốc truyền thông & tiếp thị, giám đốc tiếp thị","quản lý điều hành, tiếp thị, marketing, tiếp thị trực tuyến",35 tr - 45 tr vnd,35.0,45.0,vnd
nhân viên kiểm hàng kcs,nhân viên chính thức,nhân viên,hồ chí minh,2 - 3 năm,,"dệt may, da giày, ngành khác, qc), quản lý chất lượng (qa, thời trang","5,5 tr - 6,5 tr vnd",5.5,6.5,vnd
game designer,nhân viên chính thức,nhân viên,hồ chí minh,trên 1 năm,"game designer, chuyên viên thiết kế, nhân viên thiết kế","thiết kế, nghệ thuật, mỹ thuật, cntt - phần mềm",12 tr - 40 tr vnd,12.0,40.0,vnd
chuyên viên tập sự khách hàng cá nhân cn gia lai,nhân viên chính thức,nhân viên,gia lai,không yêu cầu,chuyên viên tập sự khách hàng cá nhân cn. gia lai cnlt.,"bán sỉ, bảo hiểm, bán lẻ, ngân hàng",5 tr - 15 tr vnd,5.0,15.0,vnd
chuyên viên cao cấp qhkh cá nhân khu vực tp hcm,nhân viên chính thức,nhân viên,hồ chí minh,1 - 10 năm,"giám đốc quan hệ khách hàng, cá nhân, qhkh cá nhân, qhkh, tín dụng","đầu tư, dịch vụ khách hàng, tài chính, ngân hàng",10 tr - 20 tr vnd,10.0,20.0,vnd
nhân viên kinh doanh nội thất không yêu cầu kinh nghiệm,"nhân viên chính thức, thời vụ, nghề tự do",nhân viên,hồ chí minh,không yêu cầu,"sales executive, chuyên viên kinh doanh, đại diện bán hàng, đại diện kinh doanh, sales engineer, sales dept, nhân viên kinh doanh, telesales, salesman, nhân viên bán hàng","tư vấn, bán sỉ, bán lẻ, kinh doanh, bán hàng",8 tr - 15 tr vnd,8.0,15.0,vnd
kế toán nội bộ,nhân viên chính thức,nhân viên,hồ chí minh,2 - 10 năm,"thống kê, kế toán viên kiêm thủ quỹ, kế toán vận tải biển, kế toán nội bộ biết tiếng anh hoặc tiếng trung, nhân viên kế toán","kế toán, đầu tư, kiểm toán, nhân sự, tài chính",12 tr - 18 tr vnd,12.0,18.0,vnd
bác sĩ da liễu,nhân viên chính thức,nhân viên,hà nội,1 - 2 năm,"bác sĩ da liễu, dermatologist","y tế, dược phẩm, thẩm mỹ, hóa mỹ phẩm, làm đẹp, dịch vụ khách hàng, chăm sóc sức khỏe",15 tr - 30 tr vnd,15.0,30.0,vnd
chuyên viên tuyển dụng,nhân viên chính thức,nhân viên,hưng yên,2 - 5 năm,"recruiment, chuyên viên tuyển dụng nhà máy karofi hưng yên, tuyển dụng, hr, tuyển dụng nhân sự","cơ khí, nhân sự, tự động hóa, ô tô, vận hành sản xuất, sản xuất",14 tr - 17 tr vnd,14.0,17.0,vnd
nhân viên hành chính – lễ tân,nhân viên chính thức,nhân viên,hà nội,trên 1 năm,,"thực tập, thư ký, mới tốt nghiệp, hành chính",8 tr - 12 tr vnd,8.0,12.0,vnd
nhân viên thu mua,nhân viên chính thức,nhân viên,tây ninh,2 - 5 năm,,"thư ký, vật tư, hành chính, thu mua, giao nhận, vận chuyển, kho vận",10 tr - 12 tr vnd,10.0,12.0,vnd
dược sĩ bán thuốc chuỗi nhà thuốc,nhân viên chính thức,nhân viên,hà nội,lên đến 1 năm,,"y tế, dược phẩm, thẩm mỹ, hóa mỹ phẩm, làm đẹp, chăm sóc sức khỏe, công nghệ sinh học",8 tr - 12 tr vnd,8.0,12.0,vnd
digital marketing manager,nhân viên chính thức,quản lý,hà nội,1 - 2 năm,"online marketing manager, digital marketing manager","tiếp thị, marketing",25 tr - 35 tr vnd,25.0,35.0,vnd
kiến trúc sư,nhân viên chính thức,nhân viên,hà nội,trên 3 năm,"cadddesigner, civil engineer, draftsman, họa viên kiến trúc, architect, architectural drafter, nhân viên thiết kế kiến trúc, architectural, site engineer, kiến trúc sư tr tr, structural drafter","kiến trúc, nội ngoại thất, xây dựng",15 tr - 20 tr vnd,15.0,20.0,vnd
quality assurance nhân viên quản lý chất lượng,nhân viên chính thức,nhân viên,hồ chí minh,1 - 2 năm, quality assurance nhân viên quản lý chất lượng,"qc), kinh doanh, bán hàng, dịch vụ khách hàng, quản lý chất lượng (qa",13 tr - 14 tr vnd,13.0,14.0,vnd
chuyên viên tổ chức sự kiện,nhân viên chính thức,nhân viên,hà nội,2 - 3 năm,"chuyên viên tổ chức sự kiện, event assistant, event coordinator, event executive, nhân viên tổ chức hội thảo và sự kiện",tổ chức sự kiện,14 tr - 20 tr vnd,14.0,20.0,vnd
chuyên viên hợp đồng ab,nhân viên chính thức,nhân viên,hà nội,1 - 5 năm,"contract specialist, contract coordinator, contract assistant, contract officer, contracting officer, contract executive","luật, pháp lý",14 tr - 17 tr vnd,14.0,17.0,vnd
nhân viên tư vấn trả góp,nhân viên chính thức,nhân viên,lâm đồng,không yêu cầu,"consultant executive, chuyên viên tư vấn, tư vấn viên, consultant, nhân viên tư vấn trả góp, counsellor","kinh doanh, bán hàng, tư vấn, dịch vụ khách hàng",8 tr - 15 tr vnd,8.0,15.0,vnd
video editor,nhân viên chính thức,nhân viên,hồ chí minh,3 - 7 năm,"da vinci resolve, video editor, food content, adobe premier pro, leader, communication, long form video editing","giải trí, truyền hình, nghệ thuật, biên tập, thiết kế, mỹ thuật, báo chí","1,000 - 1,500 usd",25.0,37.5,usd
nhân viên tư vấn kinh doanh thời vụ,"nhân viên chính thức, thực tập","sinh viên, thực tập sinh",hà nội,không yêu cầu,"đại diện bán hàng, đại diện kinh doanh, tư vấn bán hàng, sales representative, nhân viên kinh doanh, salesman, nhân viên bán hàng","tư vấn, kinh doanh, giáo dục, bán hàng, đào tạo",7 tr - 12 tr vnd,7.0,12.0,vnd
hà nội tổng đài viên ngân hàng tiên phong không yêu cầu kinh nghiệm hỗ trợ dấu thực tập,nhân viên chính thức,mới tốt nghiệp,hà nội,không yêu cầu, hà nội tổng đài viên ngân hàng tiên phong không yêu cầu kinh nghiệm hỗ trợ dấu thực tập,"xuất bản, bảo vệ, in ấn, kinh doanh, bán hàng, an ninh",7 tr - 9 tr vnd,7.0,9.0,vnd
117296 nhân viên sales thương mại,nhân viên chính thức,nhân viên,hà nội,trên 1 năm,"sales staff, nhân viên kinh doanh, thức ăn chăn nuôi, kinh doanh, nhân viên sales thức ăn chăn nuôi thương mại, sales","kinh doanh, bán hàng",10 tr - 18 tr vnd,10.0,18.0,vnd
quản lý cửa hàng bánh và cafe,nhân viên chính thức,quản lý,hà nội,3 - 5 năm,,"bán sỉ, bán hàng, bán lẻ, kinh doanh",9 tr - 13 tr vnd,9.0,13.0,vnd
chuyên viên quản trị thương hiệu,nhân viên chính thức,nhân viên,hà nội,3 - 5 năm,"content, marketing, branding, campaign, chuyên viên quản trị thương hiệu branding executive, planning","marketing, truyền thông, đối ngoại, quảng cáo, tiếp thị",14 tr - 20 tr vnd,14.0,20.0,vnd
head bar,nhân viên chính thức,"trưởng nhóm , giám sát",hồ chí minh,2 - 10 năm,"quản lý bar, head bar","khách sạn, nhà hàng",12 tr - 16 tr vnd,12.0,16.0,vnd
kỹ sư xây dựng,nhân viên chính thức,"trưởng nhóm , giám sát",hà nội,1 - 3 năm,,"kiến trúc, nội ngoại thất, xây dựng",17 tr - 18 tr vnd,17.0,18.0,vnd
lighting design engineer,nhân viên chính thức,nhân viên,hồ chí minh,1 - 2 năm,"nhân viên phòng khai thác phát triển mẫu, nhân viên cad 3d, họa viên, web designer, lighting design engineer, formwork specialist, trợ lý chế tạo khuôn mẫu, designer, nhân viên thiết kế khuôn mẫu ngành nhựa, exterior, nhân viên thiết kế","điện, xây dựng, điện tử, điện lạnh, điện công nghiệp",7 tr - 10 tr vnd,7.0,10.0,vnd
nhân viên marketing,nhân viên chính thức,nhân viên,hà nội,không yêu cầu,"marketing executive, nhân viên phòng marketing xuất nhập khẩu, marketing training, chuyên viên marketing, nhân viên marketing, marketer","tiếp thị, marketing",trên 15 tr vnd,15.0,0.0,vnd
quản lý trung tâm ngoại ngữ,nhân viên chính thức,quản lý,hồ chí minh,1 - 2 năm,,"quản lý điều hành, kinh doanh, giáo dục, bán hàng, đào tạo",15 tr - 20 tr vnd,15.0,20.0,vnd
118186 general manager of hcm sales project management dept construction,nhân viên chính thức,quản lý,hồ chí minh,5 - 7 năm,"trưởng phòng tổng vụ, general affairs manager, general manager of hcm sales & project management dept construction, general affair director, giám đốc tổng vụ, general director",xây dựng,"37,5 tr - 50 tr vnd",37.5,50.0,vnd
chuyên viên kế toán kho giá thành,nhân viên chính thức,nhân viên,hồ chí minh,3 - 7 năm,"accountant, bom, kế toán viên, kế toán thanh toán, kế toán quản trị, kế toán kho, chuyên viên kế toán kho giá thành bom, junior accountant, kế toán giá thành, nhân viên kế toán","kế toán, khách sạn, kiểm toán, nhà hàng",13 tr - 18 tr vnd,13.0,18.0,vnd
kỹ sư điện tại công trường,nhân viên chính thức,nhân viên,bắc ninh,không yêu cầu,"nhân viên điện công trình, kỹ sư điện tại công trường, kỹ sư giám sát thiết kế điện, kỹ sư giám sát công trình chuyên ngành m e, kỹ sư điện, kỹ sư điện công nghiệp, technical specialist, giám sát m&e, kỹ sư công trình m e, electrical technician, electrical mechanical engineer","điện công nghiệp, điện lạnh, điện, điện tử",10 tr - 15 tr vnd,10.0,15.0,vnd
chuyên viên tư vấn tuyển sinh,nhân viên chính thức,nhân viên,đồng nai,1 - 2 năm,"chuyên viên tư vấn, tư vấn tuyển sinh, nhân viên kinh doanh, chăm sóc khách hàng, sales, nhân viên bán hàng","kinh doanh, giáo dục, bán hàng, dịch vụ khách hàng, đào tạo",8 tr - 10 tr vnd,8.0,10.0,vnd
kỹ sư trắc địa,nhân viên chính thức,nhân viên,hà nam,trên 3 năm,"nhân viên trắc địa, geodesist, chuyên viên trắc địa, geodesy engineer, geodetic specialist, kỹ sư trắc địa, geodetic engineer, geodesy specialist","địa chất, xây dựng, trắc địa",14 tr - 18 tr vnd,14.0,18.0,vnd
công nhân cơ điện điện lạnh,nhân viên chính thức,nhân viên,hà nội,1 - 2 năm,,"điện, cơ khí, xây dựng, điện tử, điện lạnh, tự động hóa, điện công nghiệp, ô tô",10 tr - 13 tr vnd,10.0,13.0,vnd
chuyên viên kinh doanh,nhân viên chính thức,nhân viên,hà nội,1 - 2 năm,"sales executive, chuyên viên kinh doanh, nhân viên kinh doanh, giám sát kinh doanh","mới tốt nghiệp, ngành khác, thực tập, kinh doanh, bán hàng",15 tr - 20 tr vnd,15.0,20.0,vnd
accountant,nhân viên chính thức,nhân viên,bắc ninh,2 - 3 năm,"accountant, kế toán tổng hợp, kế toán, accounting officer, kế toán viên, head of accounting, chief accountant","giáo dục, kế toán, kiểm toán, đào tạo",15 tr - 20 tr vnd,15.0,20.0,vnd
nhân viên kinh doanh gt mt,nhân viên chính thức,nhân viên,hồ chí minh,1 - 3 năm,"sales executive, nhân viên phòng kinh doanh, nhân viên kinh doanh miền nam, chuyên viên kinh doanh, nhân viên bán hàng, telesales, sales engineer","thực phẩm & đồ uống, dinh dưỡng, công nghệ thực phẩm, kinh doanh, bán hàng",10 tr - 25 tr vnd,10.0,25.0,vnd
nhân viên nhân sự tổng hợp,nhân viên chính thức,nhân viên,hà nội,trên 3 năm,"chuyên viên lương bổng và phúc lợi, hr cum payroll officer, nhân viên nhân sự, nhân viên nhân sự tổng hợp, hr cum payroll executive, c&b specialist, hr cum payroll assistant, chuyên viên kế hoạch tiền lương phòng sản xuất, chuyên viên cb, chuyên viên lao động tiền lương, nhân viên nhân sự tiền lương","thư ký, hành chính, nhân sự, luật, pháp lý",9 tr - 12 tr vnd,9.0,12.0,vnd
tuyển dụng sale kênh on tại đan phượng phúc thọ,nhân viên chính thức,nhân viên,hà nội,1 - 2 năm,"đại diện bán hàng, việc làm sale thị trường, nhân viên kinh doanh, sale rep, tuyển dụng sale","marketing, bán sỉ, bán lẻ, kinh doanh, tiếp thị, bán hàng",11 tr - 17 tr vnd,11.0,17.0,vnd
nhân viên kinh doanh kênh gt,nhân viên chính thức,nhân viên,hà nội,trên 1 năm,"sales executive, nhân viên phòng kinh doanh, chuyên viên kinh doanh, đại diện bán hàng, đại diện kinh doanh, sales engineer, sales dept, telesales, salesman, nhân viên kinh doanh kênh gt sale man, nhân viên bán hàng","thực phẩm & đồ uống, bán sỉ, bán lẻ, kinh doanh, bán hàng",8 tr - 20 tr vnd,8.0,20.0,vnd
kỹ sư cơ sở hạ tầng fac,nhân viên chính thức,nhân viên,hưng yên,trên 3 năm,,"điện công nghiệp, điện lạnh, điện, điện tử",15 tr - 20 tr vnd,15.0,20.0,vnd
nhân viên thẩm định,nhân viên chính thức,nhân viên,hà nội,lên đến 1 năm,"chuyên viên môi giới bất động sản, thẩm định giá, chuyên viên bộ phận tái thẩm định, chuyên viên thẩm định","bất động sản, đầu tư, kinh doanh, bán hàng, tài chính",7 tr - 10 tr vnd,7.0,10.0,vnd
nhân viên mua hàng nội thất,nhân viên chính thức,nhân viên,hà nội,trên 1 năm,"buyer, nhân viên thu mua, nhân viên mua hàng nội thất","thu mua, vật tư, xuất nhập khẩu",trên 10 tr vnd,10.0,0.0,vnd
chuyên viên ub cn bình thuận,nhân viên chính thức,nhân viên,bình thuận,không yêu cầu,chuyên viên ub cn. bình thuận cnlt.,"ngân hàng, đầu tư, kinh doanh, bán hàng, tài chính",9 tr - 35 tr vnd,9.0,35.0,vnd
chuyên viên tư vấn bảo hiểm nhân thọ kênh liên kết ngân hàng bidv,nhân viên chính thức,nhân viên,hà nội,trên 1 năm,"insurance counselor, insurance consultant, nhân viên tư vấn vay tiêu dùng, tư vấn viên bảo hiểm, nhân viên tư vấn bảo hiểm, chuyên viên tư vấn bảo hiểm nhân thọ kênh liên kết ngân hàng bidv","đầu tư, bảo hiểm, kinh doanh, bán hàng, tài chính",10 tr - 30 tr vnd,10.0,30.0,vnd
phó phòng kế toán tài chính làm việc đỗ xuân hợp quận 9,nhân viên chính thức,"trưởng nhóm , giám sát",hồ chí minh,2 - 5 năm,"kế toán quản trị nội bộ, kiêm kế toán tổng hợp, trưởng phòng kế toán tài chính, management accounting manager, kế toán trưởng, management accountant, phó phòng kế toán tài chính làm việc đỗ xuân hợp quận, kế toán tổng hợp trong lĩnh vực xuất nhập khẩu, nhân viên kế toán quản trị, chief accountant, kế toán tổng hợp kiêm kế toán trưởng","thư ký, kế toán, đầu tư, hành chính, kiểm toán, tài chính",15 tr - 20 tr vnd,15.0,20.0,vnd
chuyên viên kinh doanh,nhân viên chính thức,nhân viên,hà nội,1 - 3 năm,"sales executive, chuyên viên kinh doanh mảng bđs công nghiệp, nhân viên kinh doanh, giám sát kinh doanh","kinh doanh, ngành khác, bán hàng, bất động sản",15 tr - 20 tr vnd,15.0,20.0,vnd
nhân viên cơ điện,nhân viên chính thức,nhân viên,hưng yên,không yêu cầu,"nhân viên cơ điện làm việc tại văn giang hưng yên, electrical worker, nhân viên bảo trì thiết bị sản xuất, nhân viên kỹ thuật sửa chữa bảo trì điện, công nhân cơ điện, nhân viên bảo trì cơ điện, công nhân điện, công nhân bảo trì cơ điện","điện, sửa chữa, cơ khí, bảo trì, điện tử, điện lạnh, tự động hóa, điện công nghiệp, ô tô",8 tr - 10 tr vnd,8.0,10.0,vnd
nhân viên chăm sóc khách hàng,nhân viên chính thức,nhân viên,hà nội,1 - 2 năm,,"kinh doanh, bán hàng, tư vấn, dịch vụ khách hàng",8 tr - 9 tr vnd,8.0,9.0,vnd
graphic designer,nhân viên chính thức,nhân viên,hồ chí minh,1 - 2 năm,"ui designer, graphic designer tiếng nhật n, graphic design, họa viên, ux designer","thiết kế, nghệ thuật, mỹ thuật",12 tr - 16 tr vnd,12.0,16.0,vnd
trưởng phòng sales marketing,nhân viên chính thức,"trưởng nhóm , giám sát",hồ chí minh,5 - 6 năm,"trưởng phòng sales marketing tuyển nam nhận việc ngay, head of office","marketing, truyền thông, đối ngoại, quảng cáo, kinh doanh, tiếp thị, bán hàng",30 tr - 35 tr vnd,30.0,35.0,vnd
phó giám đốc phụ trách đào tạo,nhân viên chính thức,quản lý,hà nội,lên đến 5 năm,"phó giám đốc phụ trách đào tạo, director","quản lý điều hành, mạng, giáo dục, cntt - phần cứng, đào tạo",30 tr - 50 tr vnd,30.0,50.0,vnd
trưởng phòng kỹ thuật,nhân viên chính thức,quản lý,bắc ninh,2 - 5 năm,"trưởng phòng kỹ thuật, mechanic manager, chief mechanic","kiến trúc, nội ngoại thất, xây dựng",17 tr - 20 tr vnd,17.0,20.0,vnd
chuyên viên nội dung,nhân viên chính thức,nhân viên,hà nội,1 - 2 năm,,"truyền hình, marketing, truyền thông, biên tập, đối ngoại, quảng cáo, tiếp thị, báo chí",10 tr - 15 tr vnd,10.0,15.0,vnd
kế toán tổng hợp,nhân viên chính thức,nhân viên,bình dương,lên đến 1 năm,"kế toán tổng hợp, general accountant","kế toán, kiểm toán",10 tr - 14 tr vnd,10.0,14.0,vnd
trợ lý phó tổng giám đốc sử dụng tiếng nhật,nhân viên chính thức,"trưởng nhóm , giám sát",hồ chí minh,2 - 3 năm,"trưởng phòng đối ngoại sử dụng tiếng nhật, head of office","giáo dục, dịch vụ khách hàng, đào tạo, biên phiên dịch",25 tr - 30 tr vnd,25.0,30.0,vnd
nhân viên nghiệp vụ tiếng trung,nhân viên chính thức,nhân viên,hải phòng,không yêu cầu,,"dệt may, da giày, xuất nhập khẩu, vận hành sản xuất, sản xuất, thời trang",8 tr - 13 tr vnd,8.0,13.0,vnd
nhân viên tư vấn môi trường,nhân viên chính thức,nhân viên,hồ chí minh,1 - 2 năm,"an toan moi truong, kỹ sư quản lý môi trường, nhân viên môi trường, chuyên viên môi trường, quản lý môi trường, nhân viên quản lý môi trường, ky thuat moi truong, kỹ sư hóa môi trường, kỹ sư kỹ thuật môi trường, nhân viên tư vấn môi trường, kỹ sư môi trường","môi trường, tư vấn",6 tr - 7 tr vnd,6.0,7.0,vnd
nhân viên bán hàng livestream,nhân viên chính thức,nhân viên,hồ chí minh,1 - 5 năm,"tư vấn kinh doanh, đại diện bán hàng, đại diện kinh doanh, tư vấn bán hàng, sales representative, nvkd, nhân viên kinh doanh, salesman, bán hàng, nhân viên bán hàng livestream","tiếp thị, marketing, tiếp thị trực tuyến",9 tr - 12 tr vnd,9.0,12.0,vnd
nhân viên kế hoạch sản xuất,nhân viên chính thức,nhân viên,hồ chí minh,2 - 3 năm,"production planning staff, nhân viên phòng kế hoạch sản xuất, production planner, giám sát kế hoạch sản xuất, nhân viên kế hoạch sản xuất, production planning officer, production planning specialist, chuyên viên kế hoạch sản xuất","dệt may, da giày, thời trang",12 tr - 15 tr vnd,12.0,15.0,vnd
trưởng nhóm kỹ sư dịch vụ id25766,nhân viên chính thức,"trưởng nhóm , giám sát",hà nội,3 - 4 năm,"nhân viên it, it manager, it staff, service engineer, chuyên viên it, nhân viên hỗ trợ kỹ thuật, it support assistant, it support, technical assistant, it helpdesk, trưởng nhóm kỹ sư dịch vụ id","điện, sửa chữa, cơ khí, bảo trì, điện tử, điện lạnh, tự động hóa, điện công nghiệp, ô tô",15 tr - 20 tr vnd,15.0,20.0,vnd
senior employee engagement executive internal communication,nhân viên chính thức,nhân viên,hồ chí minh,3 - 4 năm,"nhân viên tư vấn, chuyên viên tư vấn, internal communication, tư vấn viên, consultant, senior consultant, senior employee engagement executive, counsellor","tổ chức sự kiện, truyền thông, đối ngoại, quảng cáo, nhân sự",lên đến 23 tr vnd,0.0,23.0,vnd
nhân viên kinh doanh b2b,nhân viên chính thức,nhân viên,hà nội,2 - 3 năm,"sales executive, nhân viên phòng kinh doanh, chuyên viên kinh doanh, đại diện bán hàng, đại diện kinh doanh, nhân viên kinh doanh bb, sales engineer, sales dept, telesales, salesman, nhân viên bán hàng","dệt may, da giày, thời trang",10 tr - 25 tr vnd,10.0,25.0,vnd
chuyên viên tư vấn bán hàng,nhân viên chính thức,nhân viên,hồ chí minh,1 - 3 năm,"consultant executive, nhân viên tư vấn, tư vấn viên, consultant, chuyên viên tư vấn bán hàng thiết bị làm đẹp công nghệ nhật bản, counsellor","kinh doanh, bán hàng, tư vấn",10 tr - 20 tr vnd,10.0,20.0,vnd
nhân viên tư vấn tuyển sinh,nhân viên chính thức,nhân viên,hồ chí minh,không yêu cầu,"nhân viên tư vấn tuyển sinh, admissions counselor, nhân viên tuyển sinh","tư vấn, kinh doanh, giáo dục, bán hàng, đào tạo",10 tr - 30 tr vnd,10.0,30.0,vnd
nhân viên thợ mộc,nhân viên chính thức,nhân viên,bình dương,1 - 2 năm,"nhân viên thợ mộc, thợ gỗ, carpenter","vận hành sản xuất, sản xuất",10 tr - 16 tr vnd,10.0,16.0,vnd
giám sát bán hàng kênh gt,nhân viên chính thức,"trưởng nhóm , giám sát",hồ chí minh,trên 3 năm,"giám sát bán hàng, giám sát bán ngành đồ uống, giám sát bán hàng khu vực miền nam, sales supervisor, channel sales, salesman, giám sát bán hàng kênh gt ngành hàng thực phầm fmcg, sales thực phẩm","kinh doanh, thực phẩm & đồ uống, bán hàng",13 tr - 17 tr vnd,13.0,17.0,vnd
web designer,nhân viên chính thức,nhân viên,hồ chí minh,1 - 5 năm,"software designer, thiết kế web, graphic design, chuyên viên thiết kế web, ui, nhân viên thiết kế web, ux designer","thiết kế, nghệ thuật, mỹ thuật, cntt - phần mềm",10 tr - 15 tr vnd,10.0,15.0,vnd
nhân viên hỗ trợ kinh doanh tiếng trung,nhân viên chính thức,nhân viên,hà nội,không yêu cầu,"nhân viên hỗ trợ kinh doanh tiếng trung, trợ lý kinh doanh, sales support, nhân viên hành chánh kinh doanh, sales assistant, sales & marketing admin, sale coodinator, sales admin","kinh doanh, bán hàng, biên phiên dịch",10 tr - 15 tr vnd,10.0,15.0,vnd
chuyên viên vận hành sàn thương mại điện tử,nhân viên chính thức,nhân viên,hà nội,1 - 5 năm,"sale online, kinh doanh online, kinh doanh trực tuyến, b2c, chuyên viên vận hành sàn thương mại điện tử, b2b, c2c, bán hàng online, tiếp thị online, shop online, mua bán online","thương mại điện tử, tiếp thị, marketing, tiếp thị trực tuyến",8 tr - 10 tr vnd,8.0,10.0,vnd
nhân viên thiết kế chi tiết,nhân viên chính thức,nhân viên,hà nội,1 - 5 năm,"thiết kế chi tiết, kiến trúc sư, auto cad","cơ khí, kiến trúc, xây dựng, tự động hóa, ô tô",13 tr - 15 tr vnd,13.0,15.0,vnd
chuyên viên quay dựng video,nhân viên chính thức,nhân viên,hà nội,trên 2 năm,"accountant and administrative staff, chuyên viên kế toán chuyên quản, chuyên viên quay dựng video, credit accountant, accounting executive, accountant cum office admin, nhân viên kế toán vật tư, nhân viên kế toán nhà máy, nhân viên phòng kế toán, kế toán kho vận, cán bộ tài chính kế toán","truyền hình, marketing, biên tập, truyền thông, đối ngoại, quảng cáo, tiếp thị, báo chí",12 tr - 15 tr vnd,12.0,15.0,vnd
general accountant,nhân viên chính thức,nhân viên,hồ chí minh,2 - 3 năm,,"đầu tư, kế toán, kiểm toán, tài chính",20 tr - 25 tr vnd,20.0,25.0,vnd
trưởng phòng kinh doanh thương mại điện tử,nhân viên chính thức,quản lý,hồ chí minh,2 - 5 năm,,"kinh doanh, bán hàng, thương mại điện tử, dịch vụ khách hàng",15 tr - 20 tr vnd,15.0,20.0,vnd
nhân viên chăm sóc khách hàng xử lý khiếu nại dự án du lịch,nhân viên chính thức,nhân viên,hồ chí minh,lên đến 1 năm,"customer service representative, trực tổng đài, customer care staff, customer service executive, nhân viên chăm sóc khách hàng, customer service staff, nhân viên hỗ trợ khách hàng, customer services, nhân viên dịch vụ khách hàng, xử lý khiếu nại dự án du lịch line tiếng việt","hàng không, du lịch, dịch vụ khách hàng",7 tr - 9 tr vnd,7.0,9.0,vnd
nhân viên cskh đối tác viettel money,nhân viên chính thức,mới tốt nghiệp,hà nội,không yêu cầu, nhân viên cskh đối tác viettel money,"lâm nghiệp, dược phẩm, sửa chữa, bảo trì, hóa mỹ phẩm",7 tr - 9 tr vnd,7.0,9.0,vnd
trưởng phòng kinh doanh,nhân viên chính thức,quản lý,hà nội,3 - 5 năm,"trưởng phòng kinh doanh, giám sát tiếp thị kênh bán lẻ, quản lý kinh doanh bán lẻ, trưởng phòng kinh doanh lương cứng m tổng thu nhập up to m, head of sales, telesales manager, trưởng nhóm kinh doanh, sales online manager","bán sỉ, tiếp thị trực tuyến, bán lẻ, kinh doanh, bán hàng",35 tr - 60 tr vnd,35.0,60.0,vnd
retail marketing manager,nhân viên chính thức,quản lý,hồ chí minh,2 - 3 năm,"giám đốc marketing, head of marketing, marketing director, trưởng phòng marketing, makerting manager, makerting director, marketing supervisor, giám sát tiếp thị, retail marketing manager, giám đốc truyền thông & tiếp thị, giám đốc tiếp thị","tiếp thị, marketing, thực phẩm & đồ uống",20 tr - 25 tr vnd,20.0,25.0,vnd
chuyên viên digital marketing,nhân viên chính thức,nhân viên,hà nội,1 - 2 năm,"marketer, marketing executive, chuyên viên pr marketing, chuyên viên social media, chuyên viên marketing online, nhân viên marketing online, marketing operations officer, online marketing executive, chuyên viên digital marketing, nhân viên marketing, marketing specialist","tiếp thị, marketing, tiếp thị trực tuyến",13 tr - 15 tr vnd,13.0,15.0,vnd
trợ lý nghiên cứu,nhân viên chính thức,nhân viên,hồ chí minh,không yêu cầu,"trợ lý nghiên cứu, assistant","tư vấn, ngành khác, giáo dục, đào tạo",12 tr - 15 tr vnd,12.0,15.0,vnd
phó phòng chất lượng,nhân viên chính thức,quản lý,bắc ninh,3 - 7 năm,deputy head of office,"vận hành sản xuất, sản xuất, qc), quản lý chất lượng (qa",16 tr - 25 tr vnd,16.0,25.0,vnd
chuyên viên nghiệp vụ kpi,nhân viên chính thức,nhân viên,hồ chí minh,3 - 5 năm,,"quản lý điều hành, nhân sự, bảo hiểm",16 tr - 18 tr vnd,16.0,18.0,vnd
chuyên viên khách hàng cá nhân cn cao bằng,nhân viên chính thức,nhân viên,cao bằng,không yêu cầu,chuyên viên khách hàng cá nhân cn. cao bằng cn.,"ngân hàng, đầu tư, kinh doanh, bán hàng, tài chính",9 tr - 35 tr vnd,9.0,35.0,vnd
chuyên viên vận hành sàn thương mại điện tử,nhân viên chính thức,nhân viên,hà nội,2 - 3 năm,"sale online, kinh doanh online, kinh doanh trực tuyến, b2c, chuyên viên vận hành sàn thương mại điện tử, b2b, c2c, bán hàng online, tiếp thị online, shop online, mua bán online","marketing, tiếp thị trực tuyến, kinh doanh, tiếp thị, bán hàng",10 tr - 15 tr vnd,10.0,15.0,vnd
chuyên viên kinh doanh nội địa,nhân viên chính thức,nhân viên,hồ chí minh,3 - 20 năm,"taical, filler, bao bì, nhựa, hạt màu, masterbatch, plastic, phụ gia nhựa, hạt nhựa, pvc","bán sỉ, bán hàng, bán lẻ, kinh doanh",15 tr - 35 tr vnd,15.0,35.0,vnd
nhân viên kinh doanh hầ nam,nhân viên chính thức,nhân viên,hà nam,không yêu cầu,"sales executive, nhân viên phòng kinh doanh, chuyên viên kinh doanh, đại diện bán hàng, đại diện kinh doanh, sales engineer, sales dept, nhân viên kinh doanh hầ nam, telesales, salesman, nhân viên bán hàng","marketing, mới tốt nghiệp, thực tập, kinh doanh, tiếp thị, bán hàng",8 tr - 15 tr vnd,8.0,15.0,vnd
trưởng nhóm marketing,nhân viên chính thức,"trưởng nhóm , giám sát",hà nội,2 - 3 năm,"marketing director, trưởng phòng marketing, marketing manager, makerting manager, makerting director, marketing supervisor, giám sát tiếp thị","thương mại điện tử, tiếp thị, marketing",15 tr - 20 tr vnd,15.0,20.0,vnd
dịch vụ khách hàng,nhân viên chính thức,nhân viên,hà nội,trên 1 năm,"dịch vụ khách hàng, chăm sóc khách hàng","tư vấn, bán sỉ, bán lẻ, kinh doanh, bán hàng",9 tr - 15 tr vnd,9.0,15.0,vnd
kỹ sư thiết kế điện nước dân dụng,nhân viên chính thức,nhân viên,hà nội,trên 1 năm,"chứng chỉ cấp thoát nước, kỹ sư cấp thoát nước, chứng chỉ thiết kế cơ điện, bim, kỹ sư thiết kế cơ điện, điện dân dụng, điện nước, cấp thoát nước, thiết kế cơ điện","điện, kiến trúc, xây dựng, điện tử, điện lạnh, điện công nghiệp",16 tr - 20 tr vnd,16.0,20.0,vnd
kinh tế xây dựng,nhân viên chính thức,nhân viên,hà nội,1 - 3 năm,"kinh tế xây dựng, kỹ sư kinh tế xây dựng","kinh doanh, bán hàng, xây dựng",12 tr - 17 tr vnd,12.0,17.0,vnd
senior 2d artist chuyên viên vẽ minh họa,nhân viên chính thức,nhân viên,hồ chí minh,3 - 5 năm,"accountant and administrative staff, senior d artist, chuyên viên kế toán chuyên quản, credit accountant, accounting executive, accountant cum office admin, nhân viên kế toán vật tư, nhân viên kế toán nhà máy, nhân viên phòng kế toán, kế toán kho vận, chuyên viên vẽ minh họa, cán bộ tài chính kế toán","nghệ thuật, thiết kế, bán sỉ, bán lẻ, mỹ thuật, kinh doanh, bán hàng",lên đến 25 tr vnd,0.0,25.0,vnd
chuyên viên phân tích nghiệp vụ,nhân viên chính thức,nhân viên,hà nội,3 - 4 năm,"financial analyst, chuyên viên phân tích nghiệp vụ","bán sỉ, bán lẻ, kinh doanh, bán hàng, cntt - phần mềm",20 tr - 30 tr vnd,20.0,30.0,vnd
sales specialist supervisor,nhân viên chính thức,"trưởng nhóm , giám sát",hà nội,1 - 3 năm,"manager, officier, coordinator, associates accountant, nhân viên mua hàng staff, sales specialist, purchasing staff, supervisor, staff, executive, purchasing","giao nhận, vận chuyển, kho vận",15 tr - 25 tr vnd,15.0,25.0,vnd
nhân viên y tế,nhân viên chính thức,nhân viên,hồ chí minh,trên 1 năm,,"dệt may, thư ký, y tế, da giày, thẩm mỹ, hành chính, làm đẹp, chăm sóc sức khỏe, thời trang",8 tr - 12 tr vnd,8.0,12.0,vnd
117160 sales staff machinery,nhân viên chính thức,nhân viên,hồ chí minh,trên 3 năm," sales staff machinery, nhân viên phòng kinh doanh, sales executive, chuyên viên kinh doanh, đại diện kinh doanh, đại diện bán hàng, sales engineer, nhân viên kinh doanh, telesales, salesman, nhân viên bán hàng","vận hành sản xuất, sản xuất",25 tr - 35 tr vnd,25.0,35.0,vnd
sales executive,nhân viên chính thức,nhân viên,hồ chí minh,trên 2 năm,,"dệt may, da giày, bán sỉ, bán lẻ, kinh doanh, bán hàng, thời trang",10 tr - 20 tr vnd,10.0,20.0,vnd
nhân viên sinh quản,nhân viên chính thức,nhân viên,tây ninh,1 - 5 năm,"nhân viên kế toán kiêm hành chánh văn phòng, sales admin, nhân viên qa ngành may mặc, nhân viên quản lý sản xuất","dệt may, da giày, ngành khác, vận hành sản xuất, sản xuất, thời trang",9 tr - 14 tr vnd,9.0,14.0,vnd
chăm sóc khách hàng thương mại điện tử tiếng nhật quận 11,nhân viên chính thức,nhân viên,hồ chí minh,không yêu cầu,,"tư vấn, dịch vụ khách hàng, biên phiên dịch","22 tr - 23,2 tr vnd",22.0,23.2,vnd
chuyên viên thiết kế 2d,nhân viên chính thức,nhân viên,hà nội,trên 3 năm,chuyên viên thiết kế d,"thiết kế, nghệ thuật, mỹ thuật",16 tr - 18 tr vnd,16.0,18.0,vnd
event photographer retouch nhân viên chụp ảnh,nhân viên chính thức,nhân viên,hồ chí minh,1 - 2 năm,,"giải trí, nghệ thuật, nhà hàng, thiết kế, mỹ thuật, khách sạn",10 tr - 12 tr vnd,10.0,12.0,vnd
kỹ sư qs,nhân viên chính thức,nhân viên,hồ chí minh,trên 2 năm,"assistant quantity surveyor, kỹ sư qs, kỹ sư bóc tách khối lượng, trợ lý kỹ sư khối lượng, kỹ sư định giá, qs engineer, quantity surveyor, kỹ sư khối lượng, chief surveyor, nhân viên định mức, cán bộ kỹ thuật hiện trường khối lượng","điện công nghiệp, điện lạnh, điện, điện tử",trên 10 tr vnd,10.0,0.0,vnd
chuyên viên kế hoạch sản xuất,nhân viên chính thức,nhân viên,hưng yên,1 - 2 năm,chuyên viên kế hoạch nhà máy karofi hưng yên,"kế toán, kiểm toán, giao nhận, vận chuyển, xuất nhập khẩu, kho vận",10 tr - 15 tr vnd,10.0,15.0,vnd
thiết kế chế bản,nhân viên chính thức,"trưởng nhóm , giám sát",đồng nai,3 - 10 năm,,"nghệ thuật, xuất bản, thiết kế, in ấn, mỹ thuật, vận hành sản xuất, sản xuất",20 tr - 35 tr vnd,20.0,35.0,vnd
kế toán tổng hợp long an,nhân viên chính thức,nhân viên,long an,2 - 3 năm,"general accountant, kế toán tổng hợp long an","kế toán, kiểm toán",12 tr - 15 tr vnd,12.0,15.0,vnd
chuyên viên kỹ thuật,nhân viên chính thức,nhân viên,hồ chí minh,lên đến 1 năm,,"sửa chữa, cơ khí, bảo trì, tự động hóa, ô tô, hàng hải",10 tr - 15 tr vnd,10.0,15.0,vnd
nhân viên bảo trì,nhân viên chính thức,nhân viên,hà nội,1 - 2 năm,"kỹ thuật viên bảo trì, kỹ sư bảo dưỡng, nhân viên bảo dưỡng, chuyên viên bảo trì, kỹ thuật bảo trì, nhân viên bảo trì hệ thống nhà hàng, maintenance man, chuyên viên bảo dưỡng, nhân viên kỹ thuật bảo trì, kỹ sư bảo trì, nhân viên sửa máy","điện, xây dựng, điện tử, điện lạnh, điện công nghiệp",11 tr - 13 tr vnd,11.0,13.0,vnd
nhân viên hiện trường ops,nhân viên chính thức,nhân viên,hồ chí minh,1 - 2 năm,,"giao nhận, vận chuyển, xuất nhập khẩu, kho vận",8 tr - 10 tr vnd,8.0,10.0,vnd
nhân viên tư vấn sản phẩm,nhân viên chính thức,nhân viên,hồ chí minh,không yêu cầu,"tư vấn viên bán hàng, nhân viên tư vấn sản phẩm nữ, tư vấn viên kinh doanh","bán sỉ, tiếp thị trực tuyến, bán lẻ, kinh doanh, bán hàng",8 tr - 15 tr vnd,8.0,15.0,vnd
trưởng phòng kinh doanh dự án 40 60 triệu tháng,nhân viên chính thức,quản lý,hà nội,3 - 4 năm,"tháng, trưởng phòng kinh doanh dự án triệu, head of sales","bán sỉ, bán lẻ",40 tr - 60 tr vnd,40.0,60.0,vnd
sales admin,nhân viên chính thức,nhân viên,hà nội,trên 1 năm,"sales admin, nhân viên hành chánh kinh doanh","thư ký, hành chính, kinh doanh, bán hàng, dịch vụ khách hàng",10 tr - 20 tr vnd,10.0,20.0,vnd
116249 sales executive machinery nv kinh doanh máy móc,nhân viên chính thức,nhân viên,hà nội,3 - 5 năm,"sales executive, sales executive machinery nv kinh doanh máy móc, chuyên viên kinh doanh, sales supervisor, machinery, nhân viên kinh doanh, chuyên viên bán hàng, sales, quản lý kinh doanh, nhân viên bán hàng","kinh doanh, bán hàng",18 tr - 20 tr vnd,18.0,20.0,vnd
nhân viên nhảy size giác sơ đồ,nhân viên chính thức,nhân viên,hà nội,trên 3 năm,"nhân viên ra mẫu, nhân viên phụ kẻ, nhân viên may mẫu, nhân viên cắt rập","dệt may, nghệ thuật, da giày, thiết kế, bán sỉ, bán lẻ, mỹ thuật, thời trang",13 tr - 17 tr vnd,13.0,17.0,vnd
chuyên viên kế hoạch,nhân viên chính thức,nhân viên,hồ chí minh,3 - 5 năm,"planning staff, strategic planning staff, chuyên viên kế hoạch, planning specialist, strategic planning executive, nhân viên kế hoạch thư ký, nhân viên kế hoạch","in ấn, xuất bản",12 tr - 15 tr vnd,12.0,15.0,vnd
content marketing specialist,nhân viên chính thức,nhân viên,hồ chí minh,1 - 2 năm,"marketing executive, chuyên viên pr marketing, marketing coordinator, offline marketing executive, online marketing executive, content marketing specialist, nhân viên marketing, marketer","thương mại điện tử, tiếp thị, marketing, tiếp thị trực tuyến",7 tr - 9 tr vnd,7.0,9.0,vnd
nhân viên hồ sơ thầu,nhân viên chính thức,nhân viên,hồ chí minh,1 - 3 năm,nhân viên thầu,"thẩm mỹ, y tế, chăm sóc sức khỏe, làm đẹp",10 tr - 17 tr vnd,10.0,17.0,vnd
trưởng nhóm tuyển sinh,nhân viên chính thức,"trưởng nhóm , giám sát",ninh bình,1 - 2 năm,"tuyển sinh, ninh bình, tư vấn, trưởng nhóm tuyển sinh ocean edu nho quan, giáo dục","tư vấn, giáo dục, dịch vụ khách hàng, đào tạo",15 tr - 17 tr vnd,15.0,17.0,vnd
quản lý kinh doanh kênh etc dịch vụ miền bắc,nhân viên chính thức,"trưởng nhóm , giám sát",hà tĩnh,1 - 3 năm,"sales executive, chuyên viên kinh doanh, giám sát kinh doanh, nhân viên kinh doanh, chuyên viên bán hàng, quản lý kinh doanh kênh etc dịch vụ miền bắc ninh bình hà tĩnh, nhân viên bán hàng","y tế, dược phẩm, thẩm mỹ, hóa mỹ phẩm, làm đẹp, kinh doanh, bán hàng, chăm sóc sức khỏe",30 tr - 50 tr vnd,30.0,50.0,vnd
nhân viên lễ tân hành chính làm việc tại tập đoàn viễn thông quân đội viettel cơ sở ba đình hà nội,nhân viên chính thức,nhân viên,hà nội,không yêu cầu,"hà nội, lương cao, nhân viên lễ tân hành chính làm việc tại tập đoàn viễn thông quân đội viettel cơ sở ba đình, lễ tân, ba đình, cskh","tiếp thị, marketing, du lịch, dịch vụ khách hàng","10,3 tr - 13 tr vnd",10.3,13.0,vnd
